/*******************************************************************************
 * Size: 32 px
 * Bpp: 1
 * Opts: --bpp 1 --size 32 --font C:/Users/doubl/SquareLine/assets/NotoSerifJP-ExtraBold.ttf -o C:/Users/doubl/SquareLine/assets\ui_font_NotoSerifJPEB32.c --format lvgl -r 0x20-0x7f --symbols ね朝!上ピぃ暗洋ッ煙載留輸起2描4限絡花忘夫党働洗腕市賃ケ府御ガ転押種熱式緩多0雨菜絵過間士注二重千降郵亡デ障機ェ世信牛ゴ顔下9要安部側司ほ休ご歌定ぺ族咲酒則背よお初ペ反政妹伝元明校し災刊疲近績ニ響遠模電従株室肩象く線１シ企利能厳週づ薬曜遅辛房並脱使意湖グ思女酔火帳き以無ヒギ友算談類記冷拭悪リ呼逮壊ビス飛各う彼易業暖読必具契?寄も紙採寺葉少材号秘ゆ職説店守計7資港挙的百コい済ド独帰ュ柿簡万駄静令病「第入帯木和り冬求渡景支写長懸村塩終髪ゃ宅ン様果織荷昨マ夕仮急始テ歯認処3２案局日謝め伸へ経主台ぴ食他答離ヶタ影番天費声頃英財民態走光皆形宙涼高が録自犬貧ノ横告配味カ犯点違ネ派成銀最束通飲麗学ト米こぁぇ産渉画春修庫チ子沈兄交検ヤ菓方鳥選才買科だ8移製野ア欲換車策三管故立介真。律猿節都困ル売げ球温出死セ優航,商験特危今ツ勤午量土桃頼晴夏際補努西と緑L新全理目常魚坊界東八ろ候往余5打五失捨進忙聞行符返革密念授びク届先皿減表禁陽雲加隣不輪在小蔵格ダょパ息付改泣メ非予晩薄っな状ナ割オ基む切盗頭提公制毎金例宇弟取ち靴書嫌体州寒甘水型色当森でウす務探治性構射名キ得正来判ど路服化料そ文等砂座礼仕揺任暑歩触末ム続ザ冊普首中ラ直力習波ひ発ざモ残婚毛鼻ズの備辺価邪何参事販話教報代設退育内猫就願北イ遊エ漢申九ィー生強置悲ぐ締広断借短然閉や館込引白値ば結外現対幸田ん低次席町階O社昇億ゼ般知海震騒紀因辞島誌差図旅条ま奇幅らサ濃情鉛ジ消四誰列一レ徒笑規破肉机妻運円決腰ヨ雪六払太プ担風未由ャ分招訳待て根示バ昼札慣喉戻姉携越繰糖に屋査林音を勉石夜ボ履替祖怒乏」ぎ良法娘個青員曲母趣祭工国合杯浅停膝復足供空農投山動耳造着関貿貸船医調止痛祝じ秀6鉄組紹程茶住増手れ若質件準積建試平る月約心歳品ョ便気勝課役右負渇ぬ時酸命追練ァ議争複ゲ季寝ぞぽ流窓研功相映たか軽会地単左丈早久存黒七受字期送氏語楽泊神落害ぼ言可道古除ぶ汚宿、ベ責父ふ原感同係数況凍施詳筆比回深ミ人浴富前客去有秋用家後敗戦身男赤給せ接変緒半は泳解拡逃ず迫親術院星確卒嬉問駅評フ柱ゅ券ロ開胸究けさ川ポ指異わ橋口細者持ぜ活愛別更角似大僕乗向覚暇飯片狭十訪苦完考曇園周技連ハ難厚1ソ実諸協ぷ孫みぱ年えブ雑弱削池作凝べ速誕私美物京油氷々誘両達題ホ捕所面黄掛段好布営本討導つ位眠見南刻裏あ昔度械混ワ場集 --no-compress --no-prefilter
 ******************************************************************************/

#include "../ui.h"

#ifndef UI_FONT_NOTOSERIFJPEB32
#define UI_FONT_NOTOSERIFJPEB32 1
#endif

#if UI_FONT_NOTOSERIFJPEB32

/*-----------------
 *    BITMAPS
 *----------------*/

/*Store the image of the glyphs*/
static LV_ATTRIBUTE_LARGE_CONST const uint8_t glyph_bitmap[] = {
    /* U+0020 " " */
    0x0,

    /* U+0021 "!" */
    0x1, 0xef, 0xff, 0xff, 0xff, 0xde, 0x79, 0xe7,
    0x9e, 0x30, 0xc3, 0xc, 0x30, 0x0, 0x0, 0x1,
    0xef, 0xff, 0x78, 0x0,

    /* U+0022 "\"" */
    0x70, 0xef, 0x9f, 0xf9, 0xff, 0x9f, 0xf9, 0xff,
    0x9f, 0x70, 0xe7, 0xe, 0x70, 0xe7, 0xe, 0x20,
    0x42, 0x4,

    /* U+0023 "#" */
    0x3, 0x2, 0x0, 0xc0, 0x80, 0x20, 0x20, 0x8,
    0x18, 0x2, 0x6, 0x1, 0x81, 0x80, 0x60, 0x41,
    0xff, 0xff, 0x7f, 0xff, 0xdf, 0xff, 0xf0, 0x40,
    0xc0, 0x10, 0x30, 0xc, 0xc, 0x3, 0x2, 0x0,
    0xc0, 0x83, 0xff, 0xfe, 0xff, 0xff, 0xbf, 0xff,
    0xe0, 0x81, 0x80, 0x60, 0x60, 0x18, 0x10, 0x6,
    0x4, 0x1, 0x1, 0x0, 0x40, 0x40,

    /* U+0024 "$" */
    0x1, 0x0, 0x2, 0x0, 0x4, 0x0, 0x7f, 0x1,
    0xd3, 0x8f, 0x27, 0x9c, 0x4f, 0x78, 0x9e, 0xf1,
    0x1d, 0xe2, 0x13, 0xe4, 0x7, 0xe8, 0x7, 0xf0,
    0xf, 0xf8, 0xf, 0xfc, 0xf, 0xfc, 0x7, 0xfc,
    0x3, 0xf8, 0x5, 0xf8, 0x9, 0xf0, 0x11, 0xfc,
    0x23, 0xfc, 0x47, 0xf8, 0x8e, 0xf1, 0x3c, 0xe2,
    0x70, 0xff, 0x80, 0x18, 0x0, 0x10, 0x0, 0x20,
    0x0, 0x40, 0x0,

    /* U+0025 "%" */
    0x4, 0x0, 0x0, 0x0, 0xf8, 0x0, 0x10, 0xc,
    0x60, 0x1, 0x80, 0xc3, 0x80, 0x18, 0xe, 0xc,
    0x0, 0x80, 0x70, 0x70, 0xc, 0x3, 0x83, 0x80,
    0xc0, 0x1c, 0x1c, 0x4, 0x0, 0xe0, 0xe0, 0x60,
    0x7, 0x7, 0x6, 0x0, 0x38, 0x38, 0x20, 0x1,
    0xc1, 0xc3, 0xf, 0x86, 0xc, 0x30, 0xc6, 0x38,
    0xe1, 0xe, 0x38, 0xc6, 0x18, 0x60, 0xc3, 0xe1,
    0x87, 0x7, 0x0, 0x8, 0x38, 0x38, 0x0, 0x81,
    0xc1, 0xc0, 0xc, 0xe, 0xe, 0x0, 0x40, 0x70,
    0x70, 0x4, 0x3, 0x83, 0x80, 0x60, 0x1c, 0x1c,
    0x2, 0x0, 0x60, 0xc0, 0x20, 0x3, 0x8e, 0x3,
    0x0, 0xf, 0xe0, 0x10, 0x0, 0x8, 0x0,

    /* U+0026 "&" */
    0x0, 0x40, 0x0, 0x7, 0xf8, 0x0, 0xf, 0x1c,
    0x0, 0xe, 0xe, 0x0, 0x1e, 0xe, 0x0, 0x1e,
    0xe, 0x0, 0x1e, 0xe, 0x0, 0x1f, 0x1c, 0x0,
    0x1f, 0x1c, 0x0, 0xf, 0xb8, 0xff, 0xf, 0xe0,
    0x7e, 0x7, 0xe0, 0x18, 0x7, 0xf0, 0x18, 0xd,
    0xf8, 0x10, 0x38, 0xf8, 0x30, 0x70, 0xfc, 0x30,
    0x70, 0x7e, 0x20, 0xf0, 0x3f, 0x60, 0xf0, 0x1f,
    0xc0, 0xf0, 0xf, 0xc0, 0xf8, 0x7, 0xe0, 0xf8,
    0x7, 0xf0, 0x7c, 0x7, 0xf8, 0x3f, 0xf9, 0xf8,
    0x1f, 0xe0, 0x7f, 0x3, 0x0, 0x8,

    /* U+0027 "'" */
    0x77, 0xff, 0xff, 0xfd, 0xce, 0x73, 0x88, 0x40,

    /* U+0028 "(" */
    0x0, 0x0, 0xc0, 0xc0, 0xe0, 0xe0, 0x60, 0x70,
    0x78, 0x38, 0x3c, 0x1e, 0xe, 0xf, 0x7, 0x83,
    0xc1, 0xe0, 0xf0, 0x78, 0x3c, 0x1e, 0xf, 0x7,
    0x81, 0xc0, 0xf0, 0x78, 0x1c, 0x7, 0x3, 0x80,
    0xe0, 0x30, 0xc, 0x3, 0x0, 0x80,

    /* U+0029 ")" */
    0x0, 0x60, 0x18, 0xe, 0x3, 0x1, 0xc0, 0x70,
    0x3c, 0xe, 0x7, 0x83, 0xc0, 0xe0, 0x78, 0x3c,
    0x1e, 0xf, 0x7, 0x83, 0xc1, 0xe0, 0xf0, 0x78,
    0x3c, 0x1c, 0x1e, 0xf, 0x7, 0x7, 0x3, 0x83,
    0x81, 0x81, 0x81, 0x80, 0x80, 0x0,

    /* U+002A "*" */
    0x3, 0x80, 0x7, 0x0, 0xe, 0x0, 0x1c, 0xf,
    0x11, 0xff, 0xaf, 0xdf, 0xff, 0x1, 0x80, 0x6,
    0x80, 0x39, 0x80, 0xf3, 0x81, 0xc3, 0x83, 0x87,
    0x0, 0x4, 0x0,

    /* U+002B "+" */
    0x0, 0xc0, 0x0, 0x30, 0x0, 0xc, 0x0, 0x3,
    0x0, 0x0, 0xc0, 0x0, 0x30, 0x0, 0xc, 0x0,
    0x3, 0x0, 0x0, 0xc0, 0x3f, 0xff, 0xf0, 0xc,
    0x0, 0x3, 0x0, 0x0, 0xc0, 0x0, 0x30, 0x0,
    0xc, 0x0, 0x3, 0x0, 0x0, 0xc0, 0x0, 0x30,
    0x0,

    /* U+002C "," */
    0x39, 0xf7, 0xdf, 0x3c, 0x70, 0x86, 0x31, 0x8c,
    0x0,

    /* U+002D "-" */
    0xff, 0xff, 0xc0,

    /* U+002E "." */
    0x23, 0xbf, 0xff, 0x90,

    /* U+002F "/" */
    0x0, 0x60, 0xc, 0x1, 0x80, 0x70, 0xc, 0x1,
    0x80, 0x30, 0xc, 0x1, 0x80, 0x30, 0xc, 0x1,
    0x80, 0x30, 0xe, 0x1, 0x80, 0x30, 0xe, 0x1,
    0x80, 0x30, 0x6, 0x1, 0x80, 0x30, 0x6, 0x1,
    0x80, 0x30, 0x6, 0x1, 0xc0, 0x30, 0x6, 0x1,
    0xc0, 0x30, 0x6, 0x0,

    /* U+0030 "0" */
    0x0, 0x80, 0x3, 0xf8, 0x7, 0x8f, 0x3, 0x83,
    0x83, 0xc1, 0xe3, 0xe0, 0xf9, 0xe0, 0x3c, 0xf0,
    0x1e, 0xf8, 0xf, 0xfc, 0x7, 0xfe, 0x3, 0xff,
    0x1, 0xff, 0x80, 0xff, 0xc0, 0x7f, 0xe0, 0x3f,
    0xf0, 0x1f, 0xf8, 0xf, 0xfc, 0x7, 0xde, 0x3,
    0xcf, 0x1, 0xe7, 0xc1, 0xf1, 0xe0, 0xf0, 0x70,
    0x70, 0x3c, 0x78, 0x7, 0xf0, 0x0, 0x40, 0x0,

    /* U+0031 "1" */
    0x1, 0x81, 0xf8, 0xff, 0x80, 0xf8, 0xf, 0x80,
    0xf8, 0xf, 0x80, 0xf8, 0xf, 0x80, 0xf8, 0xf,
    0x80, 0xf8, 0xf, 0x80, 0xf8, 0xf, 0x80, 0xf8,
    0xf, 0x80, 0xf8, 0xf, 0x80, 0xf8, 0xf, 0x80,
    0xf8, 0xf, 0x8f, 0xff,

    /* U+0032 "2" */
    0x0, 0x0, 0x1f, 0xf0, 0x38, 0x78, 0x70, 0x7c,
    0xf0, 0x3e, 0xf0, 0x3e, 0xf0, 0x3e, 0x60, 0x3e,
    0x0, 0x3e, 0x0, 0x3e, 0x0, 0x7c, 0x0, 0x78,
    0x0, 0xf8, 0x0, 0xf0, 0x1, 0xe0, 0x3, 0x80,
    0x7, 0x0, 0xe, 0x0, 0xc, 0x0, 0x18, 0x0,
    0x30, 0x0, 0x60, 0x0, 0xff, 0xff, 0xff, 0xff,
    0xff, 0xff,

    /* U+0033 "3" */
    0x0, 0x0, 0xf, 0xf8, 0x1c, 0x3e, 0x3c, 0x3e,
    0x38, 0x1f, 0x78, 0x1f, 0x30, 0x1f, 0x0, 0x1f,
    0x0, 0x1f, 0x0, 0x3e, 0x0, 0x3c, 0x0, 0xf8,
    0x7, 0x80, 0x0, 0x78, 0x0, 0x3c, 0x0, 0x3e,
    0x0, 0x1f, 0x0, 0x1f, 0x0, 0x1f, 0x70, 0x1f,
    0x70, 0x1f, 0x78, 0x1e, 0x78, 0x3e, 0x38, 0x7c,
    0x1f, 0xf8, 0x1, 0x0,

    /* U+0034 "4" */
    0x0, 0x1c, 0x0, 0xf, 0x0, 0x7, 0xc0, 0x1,
    0xf0, 0x0, 0xbc, 0x0, 0x6f, 0x0, 0x13, 0xc0,
    0x8, 0xf0, 0x2, 0x3c, 0x1, 0xf, 0x0, 0xc3,
    0xc0, 0x20, 0xf0, 0x10, 0x3c, 0xc, 0xf, 0x2,
    0x3, 0xc1, 0x0, 0xf0, 0x7f, 0xff, 0xff, 0xff,
    0xff, 0xff, 0xfc, 0x0, 0xf0, 0x0, 0x3c, 0x0,
    0xf, 0x0, 0x3, 0xc0, 0x0, 0xf0, 0x0, 0x3c,
    0x0,

    /* U+0035 "5" */
    0x1f, 0xff, 0xf, 0xff, 0x87, 0xff, 0xc2, 0x0,
    0x1, 0x0, 0x0, 0x80, 0x0, 0x40, 0x0, 0x20,
    0x0, 0x10, 0x0, 0x8, 0x0, 0x7, 0xfc, 0x2,
    0xf, 0x80, 0x1, 0xe0, 0x0, 0xf8, 0x0, 0x3e,
    0x0, 0x1f, 0x0, 0xf, 0x80, 0x7, 0xdc, 0x3,
    0xee, 0x1, 0xf7, 0x1, 0xf3, 0x80, 0xf8, 0xe0,
    0xf8, 0x3f, 0xf0, 0x1, 0x0, 0x0,

    /* U+0036 "6" */
    0x0, 0x7, 0x0, 0x1e, 0x0, 0x3c, 0x0, 0x78,
    0x0, 0x78, 0x0, 0x78, 0x0, 0x78, 0x0, 0x7c,
    0x0, 0x3c, 0x0, 0x3e, 0x0, 0x1f, 0x3e, 0xf,
    0x7f, 0xcf, 0xc3, 0xf7, 0xc0, 0xfb, 0xe0, 0x3f,
    0xf0, 0x1f, 0xf8, 0xf, 0xfc, 0x7, 0xfe, 0x3,
    0xef, 0x1, 0xf7, 0xc0, 0xf3, 0xe0, 0x78, 0xf0,
    0x78, 0x3c, 0x38, 0xf, 0xf8, 0x0, 0x40, 0x0,

    /* U+0037 "7" */
    0xff, 0xff, 0xff, 0xff, 0xff, 0xf8, 0x0, 0x20,
    0x0, 0xc0, 0x1, 0x80, 0x6, 0x0, 0xc, 0x0,
    0x38, 0x0, 0x60, 0x1, 0xc0, 0x3, 0x0, 0xe,
    0x0, 0x1c, 0x0, 0x70, 0x0, 0xe0, 0x3, 0xc0,
    0x7, 0x0, 0x1e, 0x0, 0x38, 0x0, 0xf0, 0x1,
    0xe0, 0x7, 0x80, 0xf, 0x0,

    /* U+0038 "8" */
    0x0, 0x0, 0x1f, 0xf0, 0x38, 0x3c, 0x70, 0x1c,
    0xf0, 0x1e, 0xf0, 0x1e, 0xf0, 0x1e, 0xf8, 0x1e,
    0xf8, 0x1c, 0xfc, 0x38, 0x7f, 0x30, 0x3f, 0xc0,
    0x1f, 0xf0, 0xf, 0xf8, 0xf, 0xfc, 0x38, 0xfe,
    0x70, 0x3f, 0xf0, 0x1f, 0xf0, 0xf, 0xf0, 0xf,
    0xf0, 0xf, 0xf0, 0xe, 0x78, 0xe, 0x78, 0x1c,
    0x1f, 0xf0, 0x1, 0x0,

    /* U+0039 "9" */
    0x0, 0x80, 0x7, 0xfc, 0xf, 0xf, 0xf, 0x83,
    0xc7, 0x81, 0xf7, 0xc0, 0x7b, 0xe0, 0x3d, 0xf0,
    0x1f, 0xf8, 0xf, 0xfc, 0x7, 0xfe, 0x3, 0xef,
    0x81, 0xf7, 0xc0, 0xf9, 0xf0, 0xfc, 0x3f, 0xbc,
    0x0, 0x3e, 0x0, 0x1f, 0x0, 0xf, 0x0, 0xf,
    0x0, 0x7, 0x80, 0x7, 0x80, 0x7, 0x80, 0x7,
    0x0, 0xe, 0x0, 0x1c, 0x0, 0x10, 0x0, 0x0,

    /* U+003A ":" */
    0x77, 0xff, 0xf7, 0x0, 0x0, 0x0, 0x0, 0x2,
    0x3b, 0xff, 0xf9, 0x0,

    /* U+003B ";" */
    0x39, 0xf7, 0xdf, 0x38, 0x0, 0x0, 0x0, 0x0,
    0x0, 0x39, 0xf7, 0xdf, 0x3c, 0x70, 0x86, 0x31,
    0x8c, 0x0,

    /* U+003C "<" */
    0x0, 0x0, 0x0, 0x7, 0x0, 0x1e, 0x0, 0x78,
    0x1, 0xe0, 0x3, 0x80, 0xe, 0x0, 0x38, 0x0,
    0xe0, 0x0, 0xe0, 0x0, 0x78, 0x0, 0x1e, 0x0,
    0x7, 0x80, 0x1, 0xc0, 0x0, 0x70, 0x0, 0x1c,
    0x0, 0xf, 0x0, 0x2,

    /* U+003D "=" */
    0xff, 0xff, 0x80, 0x0, 0x0, 0x0, 0x0, 0x0,
    0x0, 0x0, 0x0, 0x0, 0x0, 0x0, 0x0, 0x0,
    0x0, 0xff, 0xff, 0x80,

    /* U+003E ">" */
    0x0, 0x0, 0xe0, 0x0, 0x78, 0x0, 0x1e, 0x0,
    0x7, 0x80, 0x1, 0xc0, 0x0, 0x70, 0x0, 0x1c,
    0x0, 0x7, 0x0, 0x7, 0x0, 0x1e, 0x0, 0x38,
    0x0, 0xe0, 0x3, 0x80, 0xe, 0x0, 0x38, 0x0,
    0xf0, 0x0, 0x40, 0x0,

    /* U+003F "?" */
    0x60, 0x1f, 0x83, 0xf8, 0x7f, 0xc3, 0xfc, 0x0,
    0x80, 0x18, 0x3, 0x0, 0xe0, 0x7c, 0x7f, 0x9f,
    0xe7, 0xf8, 0xf8, 0xc, 0x1, 0x80, 0x20, 0x0,
    0x0, 0x0, 0x0, 0x0, 0x0, 0xf0, 0x3f, 0x7,
    0xe0, 0x78, 0x0, 0x0,

    /* U+0040 "@" */
    0x0, 0xf, 0xf0, 0x0, 0x7, 0x80, 0xc0, 0x1,
    0xc0, 0x3, 0x0, 0x30, 0x0, 0x18, 0x6, 0x0,
    0x0, 0xc0, 0xc0, 0x0, 0x4, 0x18, 0x0, 0x0,
    0x23, 0x80, 0x78, 0xc2, 0x30, 0x1c, 0x58, 0x16,
    0x3, 0x83, 0x81, 0x60, 0x78, 0x38, 0x16, 0x7,
    0x7, 0x81, 0xc0, 0xf0, 0x78, 0x1c, 0xe, 0x7,
    0x81, 0xc1, 0xe0, 0x70, 0x1c, 0x1e, 0x7, 0x2,
    0xc1, 0xe0, 0xf0, 0x2c, 0x1e, 0xf, 0x2, 0xc1,
    0xe0, 0xf0, 0x4c, 0x1f, 0x1f, 0x8, 0xe0, 0xfe,
    0x71, 0x6, 0x7, 0xc3, 0xe0, 0x60, 0x0, 0x0,
    0x3, 0x0, 0x0, 0x0, 0x38, 0x0, 0x0, 0x1,
    0xc0, 0x0, 0x0, 0xe, 0x0, 0x8, 0x0, 0x3c,
    0x7, 0x0, 0x0, 0x7f, 0x80, 0x0,

    /* U+0041 "A" */
    0x0, 0x38, 0x0, 0x0, 0xf0, 0x0, 0x1, 0xe0,
    0x0, 0x3, 0xe0, 0x0, 0xb, 0xc0, 0x0, 0x17,
    0xc0, 0x0, 0x2f, 0x80, 0x0, 0xcf, 0x0, 0x1,
    0x1f, 0x0, 0x2, 0x3e, 0x0, 0xc, 0x3c, 0x0,
    0x10, 0x7c, 0x0, 0x20, 0xf8, 0x0, 0xc1, 0xf0,
    0x1, 0x1, 0xf0, 0x3, 0xff, 0xe0, 0xc, 0x7,
    0xc0, 0x18, 0x7, 0xc0, 0x20, 0xf, 0x80, 0x40,
    0x1f, 0x1, 0x80, 0x1f, 0x2, 0x0, 0x3e, 0x4,
    0x0, 0x7c, 0x7f, 0x7, 0xff,

    /* U+0042 "B" */
    0xff, 0xfe, 0x0, 0xf8, 0x7c, 0x7, 0xc1, 0xf0,
    0x3e, 0x7, 0xc1, 0xf0, 0x3e, 0xf, 0x81, 0xf0,
    0x7c, 0xf, 0x83, 0xe0, 0x7c, 0x1f, 0x7, 0xc0,
    0xf8, 0x3c, 0x7, 0xc3, 0xc0, 0x3f, 0xf8, 0x1,
    0xf0, 0x7c, 0xf, 0x80, 0xf0, 0x7c, 0x7, 0xc3,
    0xe0, 0x1f, 0x1f, 0x0, 0xf8, 0xf8, 0x7, 0xc7,
    0xc0, 0x3e, 0x3e, 0x1, 0xf1, 0xf0, 0x1f, 0xf,
    0x80, 0xf0, 0x7c, 0x1f, 0x1f, 0xff, 0xc0,

    /* U+0043 "C" */
    0x0, 0x0, 0x0, 0x1f, 0xfc, 0x7, 0xc0, 0xf0,
    0xf0, 0x7, 0x1e, 0x0, 0x73, 0xe0, 0x7, 0x3c,
    0x0, 0x77, 0xc0, 0x3, 0x78, 0x0, 0xf, 0x80,
    0x0, 0xf8, 0x0, 0xf, 0x80, 0x0, 0xf8, 0x0,
    0xf, 0x80, 0x0, 0xf8, 0x0, 0xf, 0x80, 0x0,
    0xf8, 0x0, 0x7, 0x80, 0x0, 0x7c, 0x0, 0x37,
    0xc0, 0x3, 0x3e, 0x0, 0x71, 0xe0, 0x7, 0xf,
    0x0, 0x70, 0x78, 0x7, 0x1, 0xff, 0xc0, 0x1,
    0x80,

    /* U+0044 "D" */
    0xff, 0xfe, 0x0, 0x3e, 0xf, 0x0, 0x7c, 0x7,
    0x80, 0xf8, 0x7, 0x81, 0xf0, 0xf, 0x83, 0xe0,
    0xf, 0x7, 0xc0, 0x1f, 0xf, 0x80, 0x1e, 0x1f,
    0x0, 0x3e, 0x3e, 0x0, 0x7c, 0x7c, 0x0, 0xf8,
    0xf8, 0x1, 0xf1, 0xf0, 0x3, 0xe3, 0xe0, 0x7,
    0xc7, 0xc0, 0xf, 0x8f, 0x80, 0x1f, 0x1f, 0x0,
    0x7c, 0x3e, 0x0, 0xf8, 0x7c, 0x1, 0xe0, 0xf8,
    0x7, 0xc1, 0xf0, 0xf, 0x3, 0xe0, 0x3c, 0x7,
    0xc1, 0xe0, 0x7f, 0xfe, 0x0,

    /* U+0045 "E" */
    0xff, 0xff, 0xc3, 0xe0, 0x18, 0x7c, 0x3, 0xf,
    0x80, 0x61, 0xf0, 0xc, 0x3e, 0x1, 0x87, 0xc0,
    0x0, 0xf8, 0x0, 0x1f, 0x6, 0x3, 0xe0, 0xc0,
    0x7c, 0x18, 0xf, 0xff, 0x1, 0xf0, 0x60, 0x3e,
    0xc, 0x7, 0xc1, 0x80, 0xf8, 0x10, 0x1f, 0x0,
    0x3, 0xe0, 0x0, 0x7c, 0x1, 0x8f, 0x80, 0x31,
    0xf0, 0xe, 0x3e, 0x1, 0xc7, 0xc0, 0x3f, 0xff,
    0xff,

    /* U+0046 "F" */
    0xff, 0xff, 0xe3, 0xe0, 0x1c, 0x7c, 0x3, 0x8f,
    0x80, 0x71, 0xf0, 0xe, 0x3e, 0x0, 0xc7, 0xc0,
    0x0, 0xf8, 0x0, 0x1f, 0x6, 0x3, 0xe0, 0xc0,
    0x7c, 0x18, 0xf, 0xff, 0x1, 0xf0, 0x60, 0x3e,
    0xc, 0x7, 0xc1, 0x80, 0xf8, 0x30, 0x1f, 0x0,
    0x3, 0xe0, 0x0, 0x7c, 0x0, 0xf, 0x80, 0x1,
    0xf0, 0x0, 0x3e, 0x0, 0x7, 0xc0, 0x7, 0xff,
    0x80,

    /* U+0047 "G" */
    0x0, 0x8, 0x0, 0x7, 0xff, 0x0, 0x78, 0xe,
    0x3, 0xc0, 0x38, 0x1e, 0x0, 0xe0, 0xf8, 0x1,
    0x87, 0xc0, 0x6, 0x1f, 0x0, 0x18, 0x78, 0x0,
    0x3, 0xe0, 0x0, 0xf, 0x80, 0x0, 0x3e, 0x0,
    0x0, 0xf8, 0x0, 0x3, 0xe0, 0x3f, 0xff, 0x80,
    0x1f, 0x3e, 0x0, 0x7c, 0xf8, 0x1, 0xf1, 0xe0,
    0x7, 0xc7, 0xc0, 0x1f, 0x1f, 0x0, 0x7c, 0x3e,
    0x1, 0xf0, 0x78, 0x7, 0xc0, 0xf0, 0x1f, 0x1,
    0xe0, 0x7c, 0x1, 0xff, 0xc0, 0x0, 0x60, 0x0,

    /* U+0048 "H" */
    0xff, 0xe3, 0xff, 0x8f, 0x80, 0x3e, 0x7, 0xc0,
    0x1f, 0x3, 0xe0, 0xf, 0x81, 0xf0, 0x7, 0xc0,
    0xf8, 0x3, 0xe0, 0x7c, 0x1, 0xf0, 0x3e, 0x0,
    0xf8, 0x1f, 0x0, 0x7c, 0xf, 0x80, 0x3e, 0x7,
    0xc0, 0x1f, 0x3, 0xff, 0xff, 0x81, 0xf0, 0x7,
    0xc0, 0xf8, 0x3, 0xe0, 0x7c, 0x1, 0xf0, 0x3e,
    0x0, 0xf8, 0x1f, 0x0, 0x7c, 0xf, 0x80, 0x3e,
    0x7, 0xc0, 0x1f, 0x3, 0xe0, 0xf, 0x81, 0xf0,
    0x7, 0xc0, 0xf8, 0x3, 0xe0, 0x7c, 0x1, 0xf1,
    0xff, 0xc7, 0xff,

    /* U+0049 "I" */
    0xff, 0xe3, 0xe0, 0x7c, 0xf, 0x81, 0xf0, 0x3e,
    0x7, 0xc0, 0xf8, 0x1f, 0x3, 0xe0, 0x7c, 0xf,
    0x81, 0xf0, 0x3e, 0x7, 0xc0, 0xf8, 0x1f, 0x3,
    0xe0, 0x7c, 0xf, 0x81, 0xf0, 0x3e, 0x7, 0xc7,
    0xff,

    /* U+004A "J" */
    0x3f, 0xfc, 0xf, 0x80, 0x3e, 0x0, 0xf8, 0x3,
    0xe0, 0xf, 0x80, 0x3e, 0x0, 0xf8, 0x3, 0xe0,
    0xf, 0x80, 0x3e, 0x0, 0xf8, 0x3, 0xe0, 0xf,
    0x80, 0x3e, 0x0, 0xf8, 0x3, 0xe0, 0xf, 0x80,
    0x3e, 0x0, 0xf8, 0x3, 0xe0, 0xf, 0x80, 0x3e,
    0x0, 0xf0, 0x3, 0xc3, 0xce, 0xf, 0xb8, 0x3e,
    0xc0, 0x7c, 0x0,

    /* U+004B "K" */
    0xff, 0xe3, 0xfc, 0x3e, 0x0, 0xc0, 0x7c, 0x3,
    0x0, 0xf8, 0x4, 0x1, 0xf0, 0x10, 0x3, 0xe0,
    0x60, 0x7, 0xc1, 0x80, 0xf, 0x86, 0x0, 0x1f,
    0x8, 0x0, 0x3e, 0x38, 0x0, 0x7c, 0xf0, 0x0,
    0xfb, 0xf0, 0x1, 0xf7, 0xe0, 0x3, 0xf3, 0xe0,
    0x7, 0xc3, 0xe0, 0xf, 0x87, 0xc0, 0x1f, 0x7,
    0xc0, 0x3e, 0xf, 0x80, 0x7c, 0xf, 0x80, 0xf8,
    0x1f, 0x1, 0xf0, 0x1f, 0x3, 0xe0, 0x3e, 0x7,
    0xc0, 0x3e, 0x7f, 0xe3, 0xff,

    /* U+004C "L" */
    0xff, 0xe0, 0x3, 0xe0, 0x0, 0x7c, 0x0, 0xf,
    0x80, 0x1, 0xf0, 0x0, 0x3e, 0x0, 0x7, 0xc0,
    0x0, 0xf8, 0x0, 0x1f, 0x0, 0x3, 0xe0, 0x0,
    0x7c, 0x0, 0xf, 0x80, 0x1, 0xf0, 0x0, 0x3e,
    0x0, 0x7, 0xc0, 0x0, 0xf8, 0x0, 0x1f, 0x0,
    0x3, 0xe0, 0xc, 0x7c, 0x3, 0x8f, 0x80, 0x71,
    0xf0, 0xe, 0x3e, 0x1, 0xc7, 0xc0, 0x7f, 0xff,
    0xff,

    /* U+004D "M" */
    0x7f, 0x80, 0x1, 0xfe, 0x1f, 0x80, 0x7, 0xe0,
    0x3f, 0x0, 0xf, 0xc0, 0x7e, 0x0, 0x1f, 0x80,
    0xbe, 0x0, 0x5f, 0x1, 0x7c, 0x0, 0xbe, 0x2,
    0x7c, 0x3, 0x7c, 0x4, 0xf8, 0x4, 0xf8, 0x9,
    0xf0, 0x9, 0xf0, 0x11, 0xf0, 0x33, 0xe0, 0x23,
    0xe0, 0x47, 0xc0, 0x47, 0xc1, 0x8f, 0x80, 0x87,
    0xc2, 0x1f, 0x1, 0xf, 0x84, 0x3e, 0x2, 0xf,
    0x98, 0x7c, 0x4, 0x1f, 0x20, 0xf8, 0x8, 0x3e,
    0xc1, 0xf0, 0x10, 0x3f, 0x3, 0xe0, 0x20, 0x7e,
    0x7, 0xc0, 0x40, 0x7c, 0xf, 0x80, 0x80, 0xf0,
    0x1f, 0x1, 0x1, 0xe0, 0x3e, 0x2, 0x1, 0xc0,
    0x7c, 0x7f, 0xc3, 0x7, 0xff,

    /* U+004E "N" */
    0xff, 0x1, 0xff, 0x1f, 0x0, 0x8, 0x1f, 0x80,
    0x8, 0x1f, 0xc0, 0x8, 0x17, 0xe0, 0x8, 0x13,
    0xe0, 0x8, 0x13, 0xf0, 0x8, 0x11, 0xf8, 0x8,
    0x10, 0xf8, 0x8, 0x10, 0x7c, 0x8, 0x10, 0x7e,
    0x8, 0x10, 0x3e, 0x8, 0x10, 0x1f, 0x8, 0x10,
    0x1f, 0x88, 0x10, 0xf, 0xc8, 0x10, 0x7, 0xc8,
    0x10, 0x7, 0xe8, 0x10, 0x3, 0xf8, 0x10, 0x1,
    0xf8, 0x10, 0x0, 0xf8, 0x10, 0x0, 0xf8, 0x10,
    0x0, 0x78, 0x10, 0x0, 0x38, 0xff, 0x80, 0x38,

    /* U+004F "O" */
    0x0, 0x0, 0x0, 0xf, 0xfc, 0x0, 0x70, 0x38,
    0x7, 0x80, 0x78, 0x1e, 0x1, 0xe0, 0xf0, 0x3,
    0xc7, 0xc0, 0xf, 0x9f, 0x0, 0x3e, 0x78, 0x0,
    0x7b, 0xe0, 0x1, 0xff, 0x80, 0x7, 0xfe, 0x0,
    0x1f, 0xf8, 0x0, 0x7f, 0xe0, 0x1, 0xff, 0x80,
    0x7, 0xfe, 0x0, 0x1f, 0xf8, 0x0, 0x7d, 0xe0,
    0x1, 0xe7, 0xc0, 0xf, 0x9f, 0x0, 0x3e, 0x3c,
    0x0, 0xf0, 0x78, 0x7, 0x81, 0xe0, 0x1e, 0x1,
    0xc0, 0xe0, 0x3, 0xff, 0x0, 0x0, 0xc0, 0x0,

    /* U+0050 "P" */
    0xff, 0xfe, 0x1, 0xf0, 0xf8, 0x1f, 0x3, 0xc1,
    0xf0, 0x3e, 0x1f, 0x1, 0xf1, 0xf0, 0x1f, 0x1f,
    0x1, 0xf1, 0xf0, 0x1f, 0x1f, 0x1, 0xf1, 0xf0,
    0x1e, 0x1f, 0x3, 0xe1, 0xf0, 0x7c, 0x1f, 0xf,
    0x81, 0xff, 0xc0, 0x1f, 0x0, 0x1, 0xf0, 0x0,
    0x1f, 0x0, 0x1, 0xf0, 0x0, 0x1f, 0x0, 0x1,
    0xf0, 0x0, 0x1f, 0x0, 0x1, 0xf0, 0x0, 0x1f,
    0x0, 0xf, 0xff, 0x0,

    /* U+0051 "Q" */
    0x0, 0x0, 0x0, 0xf, 0xfc, 0x0, 0x70, 0x38,
    0x7, 0x80, 0x78, 0x1e, 0x1, 0xe0, 0xf0, 0x3,
    0xc7, 0xc0, 0xf, 0x9f, 0x0, 0x3e, 0x78, 0x0,
    0x7b, 0xe0, 0x1, 0xff, 0x80, 0x7, 0xfe, 0x0,
    0x1f, 0xf8, 0x0, 0x7f, 0xe0, 0x1, 0xff, 0x80,
    0x7, 0xfe, 0x0, 0x1f, 0xf8, 0x0, 0x7d, 0xe0,
    0x1, 0xe7, 0xc0, 0xf, 0x9f, 0x0, 0x3e, 0x3c,
    0x0, 0xf0, 0x78, 0x7, 0x81, 0xf0, 0x3e, 0x1,
    0xe1, 0xe0, 0x3, 0xff, 0x0, 0x1, 0xe0, 0x0,
    0x7, 0x80, 0x0, 0x1e, 0x0, 0x0, 0x7c, 0x0,
    0x0, 0xf0, 0x0, 0x1, 0xf0, 0x0, 0x1, 0xfc,

    /* U+0052 "R" */
    0xff, 0xfe, 0x0, 0x3e, 0x1f, 0x0, 0x7c, 0xf,
    0x80, 0xf8, 0x1f, 0x1, 0xf0, 0x1f, 0x3, 0xe0,
    0x3e, 0x7, 0xc0, 0x7c, 0xf, 0x80, 0xf8, 0x1f,
    0x1, 0xf0, 0x3e, 0x7, 0xc0, 0x7c, 0xf, 0x0,
    0xf8, 0x7c, 0x1, 0xff, 0xe0, 0x3, 0xe1, 0xf0,
    0x7, 0xc1, 0xf0, 0xf, 0x83, 0xe0, 0x1f, 0x7,
    0xe0, 0x3e, 0x7, 0xc0, 0x7c, 0xf, 0x80, 0xf8,
    0x1f, 0x1, 0xf0, 0x3f, 0x3, 0xe0, 0x3e, 0x7,
    0xc0, 0x7c, 0x3f, 0xf0, 0x7f, 0x0, 0x0, 0x10,

    /* U+0053 "S" */
    0x0, 0x0, 0x7, 0xfe, 0xf, 0x3, 0xcf, 0x81,
    0xe7, 0x80, 0x77, 0xc0, 0x3b, 0xe0, 0x1d, 0xf0,
    0x0, 0xfc, 0x0, 0x7f, 0x80, 0x1f, 0xf0, 0xf,
    0xfe, 0x3, 0xff, 0xc0, 0x7f, 0xf0, 0x1f, 0xfc,
    0x1, 0xfe, 0x0, 0x3f, 0x80, 0xf, 0xf0, 0x3,
    0xf8, 0x1, 0xfe, 0x0, 0xff, 0x0, 0x7b, 0x80,
    0x7d, 0xe0, 0x3c, 0x7f, 0xf8, 0x0, 0x80, 0x0,

    /* U+0054 "T" */
    0xff, 0xff, 0xff, 0x7, 0xc1, 0xf8, 0x3e, 0xf,
    0xc1, 0xf0, 0x7c, 0xf, 0x81, 0xe0, 0x7c, 0xf,
    0x3, 0xe0, 0x60, 0x1f, 0x0, 0x0, 0xf8, 0x0,
    0x7, 0xc0, 0x0, 0x3e, 0x0, 0x1, 0xf0, 0x0,
    0xf, 0x80, 0x0, 0x7c, 0x0, 0x3, 0xe0, 0x0,
    0x1f, 0x0, 0x0, 0xf8, 0x0, 0x7, 0xc0, 0x0,
    0x3e, 0x0, 0x1, 0xf0, 0x0, 0xf, 0x80, 0x0,
    0x7c, 0x0, 0x3, 0xe0, 0x0, 0xff, 0xe0,

    /* U+0055 "U" */
    0xff, 0xe0, 0xff, 0x1f, 0x0, 0x8, 0x1f, 0x0,
    0x8, 0x1f, 0x0, 0x8, 0x1f, 0x0, 0x8, 0x1f,
    0x0, 0x8, 0x1f, 0x0, 0x8, 0x1f, 0x0, 0x8,
    0x1f, 0x0, 0x8, 0x1f, 0x0, 0x8, 0x1f, 0x0,
    0x8, 0x1f, 0x0, 0x8, 0x1f, 0x0, 0x8, 0x1f,
    0x0, 0x8, 0x1f, 0x0, 0x8, 0x1f, 0x0, 0x8,
    0x1f, 0x0, 0x8, 0x1f, 0x0, 0x8, 0x1f, 0x0,
    0x10, 0xf, 0x80, 0x10, 0xf, 0x80, 0x30, 0x7,
    0xc0, 0x60, 0x3, 0xff, 0xc0, 0x1, 0xff, 0x80,
    0x0, 0x18, 0x0,

    /* U+0056 "V" */
    0xff, 0xe1, 0xfe, 0x7e, 0x0, 0x20, 0x7c, 0x0,
    0xc0, 0xf8, 0x1, 0x81, 0xf8, 0x2, 0x1, 0xf0,
    0xc, 0x3, 0xe0, 0x18, 0x7, 0xc0, 0x20, 0x7,
    0xc0, 0xc0, 0xf, 0x81, 0x80, 0x1f, 0x2, 0x0,
    0x1f, 0xc, 0x0, 0x3e, 0x18, 0x0, 0x7c, 0x20,
    0x0, 0x7c, 0xc0, 0x0, 0xf9, 0x80, 0x0, 0xf2,
    0x0, 0x1, 0xf4, 0x0, 0x3, 0xf8, 0x0, 0x3,
    0xe0, 0x0, 0x7, 0xc0, 0x0, 0xf, 0x80, 0x0,
    0xe, 0x0, 0x0, 0x1c, 0x0,

    /* U+0057 "W" */
    0xff, 0xe3, 0xff, 0x1f, 0xe7, 0xe0, 0xf, 0x0,
    0x60, 0x7c, 0x1, 0xe0, 0xc, 0xf, 0x80, 0x7c,
    0x1, 0x1, 0xf8, 0xf, 0xc0, 0x60, 0x1f, 0x1,
    0xf8, 0xc, 0x3, 0xe0, 0x3f, 0x1, 0x0, 0x7c,
    0xd, 0xe0, 0x60, 0x7, 0xc1, 0x3e, 0xc, 0x0,
    0xf8, 0x27, 0xc1, 0x80, 0x1f, 0xc, 0x78, 0x20,
    0x3, 0xe1, 0xf, 0xc, 0x0, 0x3e, 0x21, 0xf1,
    0x80, 0x7, 0xc4, 0x3e, 0x20, 0x0, 0xf9, 0x83,
    0xcc, 0x0, 0xf, 0xa0, 0x7d, 0x80, 0x1, 0xf4,
    0xf, 0xa0, 0x0, 0x3e, 0x80, 0xf4, 0x0, 0x3,
    0xf0, 0x1f, 0x80, 0x0, 0x7c, 0x3, 0xf0, 0x0,
    0xf, 0x80, 0x7c, 0x0, 0x1, 0xf0, 0x7, 0x80,
    0x0, 0x1c, 0x0, 0xf0, 0x0, 0x3, 0x80, 0x1c,
    0x0,

    /* U+0058 "X" */
    0xff, 0xe3, 0xfc, 0x7e, 0x0, 0xc0, 0x7e, 0x1,
    0x0, 0x7c, 0x6, 0x0, 0xfc, 0x18, 0x0, 0xfc,
    0x20, 0x1, 0xf8, 0xc0, 0x1, 0xf9, 0x0, 0x3,
    0xf4, 0x0, 0x3, 0xf8, 0x0, 0x3, 0xe0, 0x0,
    0x7, 0xe0, 0x0, 0x7, 0xe0, 0x0, 0xf, 0xc0,
    0x0, 0x2f, 0xc0, 0x0, 0xcf, 0x80, 0x1, 0x1f,
    0x80, 0x6, 0x1f, 0x80, 0x18, 0x3f, 0x0, 0x20,
    0x3f, 0x0, 0xc0, 0x3e, 0x3, 0x0, 0x7e, 0x6,
    0x0, 0x7c, 0x7f, 0x87, 0xff,

    /* U+0059 "Y" */
    0xff, 0xe3, 0xfc, 0xf8, 0x1, 0x83, 0xf0, 0x6,
    0x7, 0xc0, 0x10, 0x1f, 0x80, 0xc0, 0x3e, 0x2,
    0x0, 0xfc, 0x18, 0x1, 0xf0, 0x40, 0x7, 0xc3,
    0x0, 0xf, 0x88, 0x0, 0x3e, 0x20, 0x0, 0x7d,
    0x80, 0x1, 0xf4, 0x0, 0x7, 0xf0, 0x0, 0xf,
    0x80, 0x0, 0x3e, 0x0, 0x0, 0xf8, 0x0, 0x3,
    0xe0, 0x0, 0xf, 0x80, 0x0, 0x3e, 0x0, 0x0,
    0xf8, 0x0, 0x3, 0xe0, 0x0, 0xf, 0x80, 0x1,
    0xff, 0xc0,

    /* U+005A "Z" */
    0xff, 0xff, 0xfc, 0x3, 0xfe, 0x0, 0xfb, 0x80,
    0x7e, 0xe0, 0x1f, 0x38, 0xf, 0xcc, 0x3, 0xe0,
    0x1, 0xf0, 0x0, 0xfc, 0x0, 0x3e, 0x0, 0x1f,
    0x80, 0x7, 0xc0, 0x3, 0xe0, 0x1, 0xf8, 0x0,
    0x7c, 0x0, 0x3f, 0x0, 0xf, 0x80, 0x7, 0xc0,
    0x33, 0xf0, 0xc, 0xf8, 0x3, 0x7e, 0x0, 0xdf,
    0x0, 0x7f, 0xc0, 0x1f, 0xff, 0xff,

    /* U+005B "[" */
    0xff, 0xf0, 0xf0, 0xf0, 0xf0, 0xf0, 0xf0, 0xf0,
    0xf0, 0xf0, 0xf0, 0xf0, 0xf0, 0xf0, 0xf0, 0xf0,
    0xf0, 0xf0, 0xf0, 0xf0, 0xf0, 0xf0, 0xf0, 0xf0,
    0xf0, 0xf0, 0xf0, 0xf0, 0xf0, 0xf0, 0xff,

    /* U+005C "\\" */
    0xc0, 0x18, 0x3, 0x0, 0x30, 0x6, 0x0, 0xc0,
    0xc, 0x1, 0x80, 0x30, 0x7, 0x0, 0x60, 0xc,
    0x1, 0x80, 0x18, 0x3, 0x0, 0x60, 0x6, 0x0,
    0xc0, 0x18, 0x1, 0x80, 0x30, 0x6, 0x0, 0xe0,
    0xc, 0x1, 0x80, 0x30, 0x3, 0x0, 0x60, 0xc,
    0x0, 0xc0, 0x18, 0x3,

    /* U+005D "]" */
    0xff, 0xf, 0xf, 0xf, 0xf, 0xf, 0xf, 0xf,
    0xf, 0xf, 0xf, 0xf, 0xf, 0xf, 0xf, 0xf,
    0xf, 0xf, 0xf, 0xf, 0xf, 0xf, 0xf, 0xf,
    0xf, 0xf, 0xf, 0xf, 0xf, 0xf, 0xff,

    /* U+005E "^" */
    0x3, 0x0, 0x1c, 0x0, 0xd8, 0x3, 0x30, 0x18,
    0xc0, 0x61, 0x83, 0x3, 0x18, 0xc, 0x60, 0x1b,
    0x0, 0x38, 0x0, 0x80,

    /* U+005F "_" */
    0xff, 0xff, 0xff, 0xff, 0xff,

    /* U+0060 "`" */
    0xe1, 0xe3, 0xc3, 0xc3, 0xc1, 0x81, 0x80,

    /* U+0061 "a" */
    0x0, 0x0, 0x3, 0xfe, 0x3, 0xc7, 0xc0, 0xe0,
    0xf0, 0x78, 0x3e, 0x1e, 0xf, 0x81, 0x3, 0xe0,
    0x0, 0xf8, 0x1, 0xfe, 0x3, 0xcf, 0x83, 0xc3,
    0xe1, 0xe0, 0xf8, 0xf8, 0x3e, 0x3e, 0xf, 0x8f,
    0x83, 0xe3, 0xe1, 0xf8, 0x7f, 0xbe, 0x5f, 0xc7,
    0xe0, 0x80, 0x40,

    /* U+0062 "b" */
    0xe, 0x0, 0x1f, 0xc0, 0x0, 0xf8, 0x0, 0x1f,
    0x0, 0x3, 0xe0, 0x0, 0x7c, 0x0, 0xf, 0x80,
    0x1, 0xf0, 0x0, 0x3e, 0x0, 0x7, 0xcf, 0xe0,
    0xff, 0xfe, 0x1f, 0x7, 0xe3, 0xe0, 0x7c, 0x7c,
    0x7, 0x8f, 0x80, 0xf9, 0xf0, 0x1f, 0x3e, 0x3,
    0xe7, 0xc0, 0x7c, 0xf8, 0xf, 0x9f, 0x1, 0xf3,
    0xe0, 0x3e, 0x7c, 0xf, 0x8f, 0x81, 0xf1, 0xf0,
    0x7c, 0x3f, 0xff, 0x1f, 0xdf, 0xc0, 0x0, 0x40,
    0x0,

    /* U+0063 "c" */
    0x0, 0x40, 0x7, 0xf8, 0x1e, 0x1c, 0x3c, 0x1e,
    0x7c, 0xf, 0x78, 0xf, 0xf8, 0xe, 0xf8, 0x0,
    0xf8, 0x0, 0xf8, 0x0, 0xf8, 0x0, 0xf8, 0x0,
    0xf8, 0x0, 0x7c, 0x0, 0x7e, 0x1, 0x3f, 0x2,
    0x1f, 0xfc, 0xf, 0xf8, 0x0, 0x80,

    /* U+0064 "d" */
    0x0, 0x7, 0x80, 0x3, 0xf8, 0x0, 0xf, 0x80,
    0x0, 0xf8, 0x0, 0xf, 0x80, 0x0, 0xf8, 0x0,
    0xf, 0x80, 0x0, 0xf8, 0x0, 0xf, 0x80, 0xfe,
    0xf8, 0x1f, 0xff, 0x83, 0xe0, 0xf8, 0x7c, 0xf,
    0x87, 0xc0, 0xf8, 0xf8, 0xf, 0x8f, 0x80, 0xf8,
    0xf8, 0xf, 0x8f, 0x80, 0xf8, 0xf8, 0xf, 0x8f,
    0x80, 0xf8, 0xf8, 0xf, 0x87, 0xc0, 0xf8, 0x7c,
    0xf, 0x83, 0xe0, 0xf8, 0x3f, 0xff, 0x80, 0xfe,
    0xff, 0x1, 0x0, 0x0,

    /* U+0065 "e" */
    0x0, 0x0, 0x7, 0xf8, 0x1c, 0x3c, 0x3c, 0x1e,
    0x78, 0x1e, 0x78, 0x1f, 0xf8, 0x1f, 0xf8, 0x1f,
    0xff, 0xff, 0xf8, 0x0, 0xf8, 0x0, 0xf8, 0x0,
    0xf8, 0x0, 0x7c, 0x0, 0x7c, 0x1, 0x3e, 0x2,
    0x1f, 0xfc, 0xf, 0xf8, 0x0, 0x80,

    /* U+0066 "f" */
    0x0, 0x7c, 0x1, 0xfe, 0x3, 0x9f, 0x7, 0x8e,
    0xf, 0x0, 0xf, 0x0, 0xf, 0x0, 0x1f, 0x0,
    0x1f, 0x0, 0x1f, 0x0, 0xff, 0xf0, 0x1f, 0x0,
    0x1f, 0x0, 0x1f, 0x0, 0x1f, 0x0, 0x1f, 0x0,
    0x1f, 0x0, 0x1f, 0x0, 0x1f, 0x0, 0x1f, 0x0,
    0x1f, 0x0, 0x1f, 0x0, 0x1f, 0x0, 0x1f, 0x0,
    0x1f, 0x0, 0x1f, 0x0, 0x7f, 0xe0,

    /* U+0067 "g" */
    0x0, 0x0, 0x7, 0xfe, 0x73, 0xc3, 0xfc, 0xe0,
    0x70, 0x78, 0x1e, 0x1e, 0x7, 0x87, 0x81, 0xe1,
    0xe0, 0x78, 0x3c, 0x3c, 0x7, 0xe, 0x1, 0x7e,
    0x0, 0xc0, 0x0, 0x70, 0x0, 0x1c, 0x0, 0x7,
    0xff, 0xe1, 0xff, 0xfc, 0x3f, 0xff, 0x87, 0xff,
    0xf3, 0x0, 0x7d, 0x80, 0xf, 0xe0, 0x3, 0xf8,
    0x0, 0xee, 0x0, 0x3b, 0xc0, 0x1c, 0x78, 0x1c,
    0x7, 0xfc, 0x0,

    /* U+0068 "h" */
    0xf, 0x0, 0x7, 0xf8, 0x0, 0x7, 0xc0, 0x0,
    0x3e, 0x0, 0x1, 0xf0, 0x0, 0xf, 0x80, 0x0,
    0x7c, 0x0, 0x3, 0xe0, 0x0, 0x1f, 0x0, 0x0,
    0xf9, 0xfc, 0x7, 0xdf, 0xf0, 0x3f, 0xf, 0xc1,
    0xf0, 0x3e, 0xf, 0x81, 0xf0, 0x7c, 0xf, 0x83,
    0xe0, 0x7c, 0x1f, 0x3, 0xe0, 0xf8, 0x1f, 0x7,
    0xc0, 0xf8, 0x3e, 0x7, 0xc1, 0xf0, 0x3e, 0xf,
    0x81, 0xf0, 0x7c, 0xf, 0x83, 0xe0, 0x7c, 0x1f,
    0x3, 0xe3, 0xfe, 0x7f, 0xc0,

    /* U+0069 "i" */
    0x1c, 0x1f, 0xf, 0x87, 0xc1, 0xc0, 0x0, 0x0,
    0x0, 0x2, 0x1f, 0x3f, 0x87, 0xc3, 0xe1, 0xf0,
    0xf8, 0x7c, 0x3e, 0x1f, 0xf, 0x87, 0xc3, 0xe1,
    0xf0, 0xf8, 0x7c, 0x3e, 0x7f, 0xc0,

    /* U+006A "j" */
    0x1, 0xc0, 0x7c, 0xf, 0x81, 0xf0, 0x1c, 0x0,
    0x0, 0x0, 0x0, 0x0, 0x60, 0xfc, 0x3f, 0x81,
    0xf0, 0x3e, 0x7, 0xc0, 0xf8, 0x1f, 0x3, 0xe0,
    0x7c, 0xf, 0x81, 0xf0, 0x3e, 0x7, 0xc0, 0xf8,
    0x1f, 0x3, 0xe0, 0x7c, 0xf, 0x81, 0xf0, 0x3e,
    0x7, 0x9c, 0xf7, 0xdc, 0xff, 0xf, 0x80,

    /* U+006B "k" */
    0xf, 0x0, 0x7, 0xf8, 0x0, 0x7, 0xc0, 0x0,
    0x3e, 0x0, 0x1, 0xf0, 0x0, 0xf, 0x80, 0x0,
    0x7c, 0x0, 0x3, 0xe0, 0x0, 0x1f, 0x0, 0x0,
    0xf8, 0x7f, 0x87, 0xc0, 0x60, 0x3e, 0x6, 0x1,
    0xf0, 0x40, 0xf, 0x84, 0x0, 0x7c, 0x60, 0x3,
    0xe7, 0x80, 0x1f, 0x7c, 0x0, 0xfd, 0xf0, 0x7,
    0xc7, 0xc0, 0x3e, 0x3e, 0x1, 0xf0, 0xf8, 0xf,
    0x87, 0xc0, 0x7c, 0x1f, 0x3, 0xe0, 0xf8, 0x1f,
    0x3, 0xe3, 0xfe, 0x1f, 0xc0,

    /* U+006C "l" */
    0xf, 0x3f, 0xc1, 0xf0, 0x7c, 0x1f, 0x7, 0xc1,
    0xf0, 0x7c, 0x1f, 0x7, 0xc1, 0xf0, 0x7c, 0x1f,
    0x7, 0xc1, 0xf0, 0x7c, 0x1f, 0x7, 0xc1, 0xf0,
    0x7c, 0x1f, 0x7, 0xc1, 0xf0, 0x7c, 0x1f, 0x1f,
    0xf0,

    /* U+006D "m" */
    0x0, 0x0, 0x0, 0x0, 0x3e, 0x7f, 0xf, 0xc3,
    0xfd, 0xff, 0x7f, 0xc0, 0xfc, 0x1f, 0x87, 0xc1,
    0xf0, 0x3e, 0xf, 0x83, 0xe0, 0x7c, 0x1f, 0x7,
    0xc0, 0xf8, 0x3e, 0xf, 0x81, 0xf0, 0x7c, 0x1f,
    0x3, 0xe0, 0xf8, 0x3e, 0x7, 0xc1, 0xf0, 0x7c,
    0xf, 0x83, 0xe0, 0xf8, 0x1f, 0x7, 0xc1, 0xf0,
    0x3e, 0xf, 0x83, 0xe0, 0x7c, 0x1f, 0x7, 0xc0,
    0xf8, 0x3e, 0xf, 0x81, 0xf0, 0x7c, 0x1f, 0x3,
    0xe0, 0xf8, 0xff, 0x9f, 0xf7, 0xfc,

    /* U+006E "n" */
    0x0, 0x0, 0x0, 0xf9, 0xfc, 0x3f, 0xdf, 0xf0,
    0x3f, 0x7, 0xc1, 0xf0, 0x3e, 0xf, 0x81, 0xf0,
    0x7c, 0xf, 0x83, 0xe0, 0x7c, 0x1f, 0x3, 0xe0,
    0xf8, 0x1f, 0x7, 0xc0, 0xf8, 0x3e, 0x7, 0xc1,
    0xf0, 0x3e, 0xf, 0x81, 0xf0, 0x7c, 0xf, 0x83,
    0xe0, 0x7c, 0x1f, 0x3, 0xe3, 0xfe, 0x7f, 0xc0,

    /* U+006F "o" */
    0x0, 0x0, 0x1, 0xfe, 0x1, 0xe1, 0xe0, 0xf0,
    0x3c, 0x7c, 0xf, 0x9e, 0x1, 0xef, 0x80, 0x7f,
    0xe0, 0x1f, 0xf8, 0x7, 0xfe, 0x1, 0xff, 0x80,
    0x7f, 0xe0, 0x1f, 0xf8, 0x7, 0xde, 0x1, 0xe7,
    0xc0, 0xf8, 0xf0, 0x3c, 0x1e, 0x1e, 0x3, 0xfe,
    0x0, 0x8, 0x0,

    /* U+0070 "p" */
    0x0, 0x0, 0x0, 0xf7, 0xf8, 0xff, 0xff, 0xc1,
    0xf0, 0x7e, 0x1f, 0x3, 0xe1, 0xf0, 0x1e, 0x1f,
    0x1, 0xf1, 0xf0, 0x1f, 0x1f, 0x1, 0xf1, 0xf0,
    0x1f, 0x1f, 0x1, 0xf1, 0xf0, 0x1f, 0x1f, 0x1,
    0xf1, 0xf0, 0x3e, 0x1f, 0x3, 0xe1, 0xf0, 0x7c,
    0x1f, 0xff, 0x81, 0xf7, 0xf0, 0x1f, 0x8, 0x1,
    0xf0, 0x0, 0x1f, 0x0, 0x1, 0xf0, 0x0, 0x1f,
    0x0, 0x1, 0xf0, 0x0, 0x1f, 0x0, 0x7, 0xfc,
    0x0,

    /* U+0071 "q" */
    0x0, 0x0, 0x1, 0xfc, 0x30, 0x7f, 0xde, 0x1f,
    0x7, 0xc7, 0xc0, 0xf8, 0xf8, 0x1f, 0x3e, 0x3,
    0xe7, 0xc0, 0x7c, 0xf8, 0xf, 0x9f, 0x1, 0xf3,
    0xe0, 0x3e, 0x7c, 0x7, 0xcf, 0x80, 0xf8, 0xf8,
    0x1f, 0x1f, 0x3, 0xe1, 0xf0, 0x7c, 0x3f, 0xff,
    0x81, 0xfd, 0xf0, 0x0, 0x3e, 0x0, 0x7, 0xc0,
    0x0, 0xf8, 0x0, 0x1f, 0x0, 0x3, 0xe0, 0x0,
    0x7c, 0x0, 0xf, 0x80, 0xf, 0xfc,

    /* U+0072 "r" */
    0x0, 0x0, 0xf, 0x1e, 0xff, 0x3f, 0x3f, 0x7f,
    0x1f, 0xcf, 0x1f, 0x80, 0x1f, 0x80, 0x1f, 0x0,
    0x1f, 0x0, 0x1f, 0x0, 0x1f, 0x0, 0x1f, 0x0,
    0x1f, 0x0, 0x1f, 0x0, 0x1f, 0x0, 0x1f, 0x0,
    0x1f, 0x0, 0x7f, 0xe0,

    /* U+0073 "s" */
    0x1, 0x0, 0x7f, 0xc7, 0x83, 0x9c, 0xe, 0xf0,
    0x1b, 0xc0, 0x6f, 0xc0, 0x3f, 0xe0, 0x7f, 0xe1,
    0xff, 0xe1, 0xff, 0x80, 0xff, 0x0, 0x7f, 0x0,
    0xfc, 0x3, 0xf8, 0xe, 0xe0, 0x79, 0xff, 0x80,
    0x60, 0x0,

    /* U+0074 "t" */
    0x7, 0x0, 0x38, 0x3, 0xc0, 0x1e, 0x0, 0xf0,
    0xf, 0x83, 0xff, 0xc3, 0xe0, 0x1f, 0x0, 0xf8,
    0x7, 0xc0, 0x3e, 0x1, 0xf0, 0xf, 0x80, 0x7c,
    0x3, 0xe0, 0x1f, 0x0, 0xf8, 0x7, 0xc0, 0x3e,
    0x1, 0xf0, 0x7, 0xf8, 0x3f, 0x80, 0x20,

    /* U+0075 "u" */
    0x1e, 0x1, 0xcf, 0xe1, 0xfc, 0x3e, 0x7, 0xc3,
    0xe0, 0x7c, 0x3e, 0x7, 0xc3, 0xe0, 0x7c, 0x3e,
    0x7, 0xc3, 0xe0, 0x7c, 0x3e, 0x7, 0xc3, 0xe0,
    0x7c, 0x3e, 0x7, 0xc3, 0xe0, 0x7c, 0x3e, 0x7,
    0xc3, 0xe0, 0x7c, 0x3e, 0x7, 0xc3, 0xf0, 0xfc,
    0x1f, 0xf7, 0xc0, 0xfc, 0x7f, 0x2, 0x0, 0x0,

    /* U+0076 "v" */
    0xff, 0xc7, 0xe7, 0xc0, 0x30, 0xfc, 0x4, 0xf,
    0x80, 0x81, 0xf8, 0x30, 0x1f, 0x4, 0x3, 0xe0,
    0x80, 0x3e, 0x20, 0x7, 0xc4, 0x0, 0x7c, 0x80,
    0xf, 0xa0, 0x1, 0xf4, 0x0, 0x1f, 0x80, 0x3,
    0xe0, 0x0, 0x3c, 0x0, 0x7, 0x0, 0x0, 0x60,
    0x0,

    /* U+0077 "w" */
    0xff, 0x8f, 0xf3, 0xf9, 0xf0, 0x1e, 0x2, 0xf,
    0x80, 0xf0, 0x10, 0x7c, 0xf, 0x81, 0x81, 0xf0,
    0x5e, 0x8, 0xf, 0x82, 0xf0, 0x40, 0x3c, 0x27,
    0x86, 0x1, 0xf1, 0x1e, 0x20, 0xf, 0x88, 0xf1,
    0x0, 0x3c, 0x87, 0x90, 0x1, 0xf4, 0x1e, 0x80,
    0xf, 0xa0, 0xf4, 0x0, 0x3e, 0x7, 0xc0, 0x1,
    0xf0, 0x1e, 0x0, 0xf, 0x0, 0xf0, 0x0, 0x38,
    0x7, 0x0, 0x1, 0xc0, 0x18, 0x0,

    /* U+0078 "x" */
    0xff, 0xcf, 0xc7, 0xc0, 0x60, 0x7c, 0x8, 0xf,
    0x82, 0x0, 0xf8, 0xc0, 0xf, 0x90, 0x1, 0xfc,
    0x0, 0x1f, 0x80, 0x1, 0xf0, 0x0, 0x3f, 0x0,
    0xb, 0xe0, 0x3, 0x3e, 0x0, 0x47, 0xe0, 0x10,
    0x7c, 0x6, 0x7, 0xc1, 0x80, 0xfc, 0xfc, 0x7f,
    0xe0,

    /* U+0079 "y" */
    0xff, 0x8f, 0xe7, 0xc0, 0x30, 0xf8, 0x4, 0xf,
    0x0, 0x81, 0xf0, 0x20, 0x3e, 0x4, 0x3, 0xc0,
    0x80, 0x7c, 0x20, 0x7, 0x84, 0x0, 0xf9, 0x80,
    0x1f, 0x20, 0x1, 0xe4, 0x0, 0x3f, 0x0, 0x3,
    0xe0, 0x0, 0x7c, 0x0, 0x7, 0x0, 0x0, 0xe0,
    0x0, 0x18, 0x0, 0x1, 0x0, 0x0, 0x60, 0x0,
    0x8, 0x0, 0xe3, 0x0, 0x3e, 0xc0, 0x7, 0xf0,
    0x0, 0x7c, 0x0, 0x0,

    /* U+007A "z" */
    0xff, 0xff, 0xc0, 0xfb, 0x81, 0xf6, 0x7, 0xcc,
    0xf, 0x0, 0x3e, 0x0, 0xf8, 0x1, 0xf0, 0x7,
    0xc0, 0x1f, 0x0, 0x3e, 0x0, 0xf8, 0x33, 0xe0,
    0x67, 0xc0, 0xdf, 0x3, 0xfc, 0x7, 0xff, 0xfe,

    /* U+007B "{" */
    0x7, 0xc7, 0xc3, 0xc0, 0xf0, 0x3c, 0xf, 0x3,
    0xc0, 0x70, 0x1e, 0x3, 0x80, 0xe0, 0x38, 0xe,
    0x7, 0x8f, 0xc3, 0xc0, 0xfc, 0x7, 0x0, 0xe0,
    0x38, 0xe, 0x3, 0x81, 0xe0, 0x70, 0x3c, 0xf,
    0x3, 0xc0, 0xf0, 0x3c, 0x7, 0x80, 0xfc, 0x3,

    /* U+007C "|" */
    0xff, 0xff, 0xff, 0xff, 0xff, 0xff, 0xff, 0xff,
    0xff, 0xc0,

    /* U+007D "}" */
    0xf8, 0xf, 0x80, 0xf0, 0x3c, 0xf, 0x3, 0xc0,
    0xf0, 0x38, 0x1e, 0x7, 0x1, 0xc0, 0x70, 0x1c,
    0x7, 0x80, 0xfc, 0xf, 0xf, 0xc3, 0x81, 0xc0,
    0x70, 0x1c, 0x7, 0x1, 0xe0, 0x38, 0xf, 0x3,
    0xc0, 0xf0, 0x3c, 0xf, 0x7, 0x8f, 0xc3, 0x0,

    /* U+007E "~" */
    0x3c, 0x1, 0x31, 0x80, 0xb0, 0x60, 0xd8, 0xc,
    0x6c, 0x3, 0xc0,

    /* U+3001 "、" */
    0xf0, 0x1e, 0xf, 0x83, 0xe0, 0xf8, 0x7c, 0x3e,
    0xe,

    /* U+3002 "。" */
    0x3e, 0x31, 0xb0, 0x70, 0x18, 0xc, 0x7, 0x6,
    0xc6, 0x1e, 0x0,

    /* U+3005 "々" */
    0x0, 0xf8, 0x0, 0x0, 0x3c, 0x0, 0x0, 0x3e,
    0x0, 0x0, 0x3f, 0x0, 0x0, 0x3e, 0x0, 0x0,
    0x7c, 0x0, 0x0, 0x78, 0x18, 0x0, 0xf8, 0x7c,
    0x0, 0xff, 0xfe, 0x1, 0xfe, 0x3f, 0x3, 0xc0,
    0x3f, 0x3, 0x80, 0x7c, 0x7, 0x80, 0x78, 0xf,
    0x0, 0xf0, 0xe, 0xc1, 0xe0, 0x1c, 0x79, 0xc0,
    0x30, 0x3f, 0x80, 0x60, 0x1f, 0x0, 0xc0, 0xf,
    0x80, 0x0, 0x7, 0xc0, 0x0, 0x7, 0xe0, 0x0,
    0x3, 0xe0, 0x0, 0x1, 0xe0, 0x0, 0x1, 0xe0,
    0x0, 0x0, 0x0,

    /* U+300C "「" */
    0xff, 0xe0, 0x8, 0x2, 0x0, 0x80, 0x20, 0x8,
    0x2, 0x0, 0x80, 0x20, 0x8, 0x2, 0x0, 0x80,
    0x20, 0x8, 0x2, 0x0, 0x80, 0x20, 0x8, 0x2,
    0x0,

    /* U+300D "」" */
    0x0, 0x40, 0x10, 0x4, 0x1, 0x0, 0x40, 0x10,
    0x4, 0x1, 0x0, 0x40, 0x10, 0x4, 0x1, 0x0,
    0x40, 0x10, 0x4, 0x1, 0x0, 0x40, 0x10, 0x7,
    0xff,

    /* U+3041 "ぁ" */
    0x7, 0xe0, 0x0, 0x1e, 0x0, 0x1, 0xcf, 0x6,
    0x1f, 0xf0, 0x3f, 0xfc, 0x3, 0xfc, 0x0, 0x3,
    0x8c, 0x0, 0x30, 0xc0, 0x3, 0x7f, 0x0, 0x3d,
    0xdc, 0xf, 0x18, 0xe1, 0xf3, 0x6, 0x3b, 0xf0,
    0x77, 0x3e, 0x7, 0x63, 0xc0, 0x7e, 0x7c, 0x7,
    0xff, 0xe0, 0xff, 0xe8, 0x1e, 0x78, 0x3, 0xc0,
    0x0, 0x78, 0x0, 0x3e, 0x0, 0x8, 0x0,

    /* U+3042 "あ" */
    0x0, 0xe0, 0x0, 0x0, 0x7e, 0x0, 0x0, 0x7,
    0xc0, 0x0, 0x1, 0xe1, 0xc0, 0x40, 0x7b, 0xf8,
    0x1c, 0x1f, 0xfc, 0x3, 0xff, 0xfe, 0x0, 0xff,
    0xfc, 0x0, 0x1f, 0xf0, 0x0, 0x0, 0x1c, 0x70,
    0x0, 0xe, 0xff, 0x0, 0x3, 0xe3, 0x70, 0x1,
    0xe1, 0xce, 0x0, 0xf8, 0x61, 0xc0, 0xee, 0x30,
    0x38, 0x73, 0x9c, 0xf, 0x38, 0xee, 0x3, 0xdc,
    0x3f, 0x0, 0xf7, 0xf, 0xc0, 0x3f, 0x83, 0xe0,
    0x1f, 0xe0, 0xf8, 0x7, 0xf8, 0xfe, 0x3, 0xef,
    0xfb, 0x81, 0xfb, 0xfc, 0x0, 0xfc, 0x78, 0x0,
    0x7e, 0x0, 0x0, 0x7e, 0x0, 0x1, 0xfc, 0x0,

    /* U+3043 "ぃ" */
    0xc0, 0x0, 0x1, 0xe0, 0x0, 0x3, 0xc0, 0x0,
    0xf, 0x0, 0xf0, 0x3e, 0x0, 0xe0, 0xf0, 0x1,
    0xc3, 0xc0, 0x7, 0x8e, 0x0, 0x1f, 0x38, 0x20,
    0x3c, 0xe1, 0x0, 0xf3, 0x84, 0x3, 0xce, 0x30,
    0xf, 0x1c, 0xc0, 0x38, 0x7f, 0x0, 0x0, 0xfc,
    0x0, 0x3, 0xf0, 0x0, 0x3, 0xc0, 0x0, 0x2,
    0x0, 0x0,

    /* U+3044 "い" */
    0x78, 0x0, 0x0, 0x1, 0xe0, 0x0, 0x0, 0x7,
    0x80, 0x0, 0x0, 0x3e, 0x0, 0x3c, 0x1, 0xf0,
    0x0, 0xf8, 0xf, 0x80, 0x3, 0xe0, 0x78, 0x0,
    0xf, 0x83, 0xc0, 0x0, 0x3c, 0x1c, 0x0, 0x1,
    0xf0, 0xe0, 0x0, 0x7, 0x87, 0x1, 0x0, 0x3e,
    0x38, 0x18, 0x1, 0xf1, 0xc0, 0x80, 0xf, 0x8e,
    0xc, 0x0, 0x7c, 0x78, 0x60, 0x3, 0xc3, 0xe7,
    0x0, 0xe, 0xf, 0xf0, 0x0, 0x0, 0x7f, 0x80,
    0x0, 0x1, 0xfe, 0x0, 0x0, 0x7, 0xf0, 0x0,
    0x0, 0x1f, 0x80, 0x0, 0x0, 0x38, 0x0, 0x0,

    /* U+3046 "う" */
    0x10, 0x0, 0x7, 0xff, 0x0, 0xff, 0xe0, 0xf,
    0xfc, 0x1, 0xfe, 0x0, 0xe0, 0x0, 0xc0, 0x0,
    0x0, 0x0, 0x0, 0x0, 0x20, 0x7f, 0x8c, 0x7f,
    0xf3, 0xfc, 0x1e, 0xfe, 0x7, 0x9f, 0x0, 0xf3,
    0x0, 0x3c, 0x0, 0xf, 0x0, 0x3, 0xc0, 0x0,
    0xf0, 0x0, 0x3c, 0x0, 0x1f, 0x0, 0x7, 0x80,
    0x1, 0xe0, 0x0, 0xf0, 0x0, 0x7c, 0x0, 0x3e,
    0x0, 0x1e, 0x0, 0x1f, 0x0, 0x3e, 0x0, 0x3c,
    0x0, 0x0,

    /* U+3047 "ぇ" */
    0x4, 0x0, 0x0, 0x7f, 0x80, 0x1, 0xfc, 0x0,
    0x1f, 0xc0, 0x2, 0x0, 0x0, 0x0, 0x0, 0x0,
    0x7c, 0x3, 0xff, 0xe0, 0x3f, 0x3e, 0x3, 0xe7,
    0x80, 0x8, 0xe0, 0x0, 0x1c, 0x0, 0x3, 0x80,
    0x0, 0x7f, 0x0, 0xf, 0x30, 0x3, 0xc3, 0x80,
    0x7c, 0x38, 0x4f, 0x83, 0xff, 0xf0, 0x3f, 0xfe,
    0x1, 0xfe,

    /* U+3048 "え" */
    0x2, 0x0, 0x0, 0x0, 0xe0, 0x0, 0x0, 0x1f,
    0xf8, 0x0, 0x3, 0xff, 0x0, 0x0, 0x1f, 0xc0,
    0x0, 0xf, 0xf0, 0x0, 0xc, 0x0, 0x0, 0x0,
    0x0, 0x0, 0x0, 0x1, 0x0, 0x8, 0x3, 0xf0,
    0x3, 0xf, 0xfe, 0x0, 0xff, 0xef, 0x80, 0x1f,
    0xc7, 0xe0, 0x7, 0xe3, 0xe0, 0x0, 0xe1, 0xe0,
    0x0, 0x0, 0xf0, 0x0, 0x0, 0x78, 0x0, 0x0,
    0x38, 0x0, 0x0, 0x1f, 0xe0, 0x0, 0xf, 0xb8,
    0x0, 0x7, 0x87, 0x0, 0x3, 0xc1, 0xc0, 0x1,
    0xe0, 0x70, 0x1, 0xf0, 0x1e, 0xc, 0xfc, 0x7,
    0xff, 0xfe, 0x0, 0xff, 0xff, 0x0, 0x3f, 0xfd,
    0x80, 0x3, 0xfe,

    /* U+304A "お" */
    0x1, 0xe0, 0x0, 0x0, 0xf, 0xe0, 0x0, 0x0,
    0x7, 0xc0, 0x0, 0x0, 0x1e, 0x0, 0x0, 0x0,
    0x78, 0xf, 0xc0, 0x1, 0xe4, 0x1f, 0xc0, 0x7,
    0x7c, 0xf, 0x90, 0x1f, 0xf0, 0x3e, 0x73, 0xff,
    0x80, 0xf8, 0xff, 0xf8, 0x7, 0xf1, 0xff, 0x0,
    0x23, 0x81, 0x9c, 0x0, 0x0, 0x0, 0x70, 0x0,
    0x0, 0x1, 0xc7, 0xf8, 0x0, 0x7, 0xfd, 0xf8,
    0x0, 0x1f, 0x0, 0xf0, 0x0, 0xf8, 0x1, 0xc0,
    0x7, 0xc0, 0x7, 0x80, 0x7f, 0x0, 0x1e, 0x3,
    0xdc, 0x0, 0x78, 0x7e, 0x70, 0x1, 0xe3, 0xf1,
    0xc8, 0xf, 0x8f, 0xc7, 0x30, 0x7c, 0x1d, 0xfe,
    0x7f, 0xf0, 0x23, 0xf8, 0xff, 0x80, 0x7, 0xc1,
    0xf8, 0x0, 0xf, 0x0, 0x0, 0x0, 0x18, 0x0,
    0x0,

    /* U+304B "か" */
    0x0, 0xf0, 0x0, 0x0, 0xf, 0xe0, 0x0, 0x0,
    0xf, 0x80, 0x0, 0x0, 0x7c, 0x0, 0x0, 0x3,
    0xc0, 0x0, 0x0, 0x1c, 0x0, 0x0, 0x1, 0xe0,
    0x0, 0x0, 0xf, 0xf1, 0xc0, 0xc3, 0xff, 0xc3,
    0x87, 0xff, 0x8f, 0xf, 0x1f, 0xf8, 0x38, 0x3c,
    0xff, 0xc1, 0xc1, 0xe1, 0x1c, 0xe, 0x7, 0x81,
    0xe0, 0x70, 0x3c, 0xe, 0x3, 0x81, 0xe0, 0xf0,
    0x3c, 0x1f, 0x7, 0x81, 0xe7, 0xf8, 0x78, 0xf,
    0x7, 0xc3, 0xc0, 0x78, 0xc, 0x3c, 0x7, 0x80,
    0x3, 0xe0, 0x3c, 0x0, 0x1e, 0xc3, 0xc0, 0x1,
    0xf3, 0xfe, 0x0, 0x1f, 0xf, 0xe0, 0x0, 0xf8,
    0x7e, 0x0, 0x3, 0x81, 0xe0, 0x0, 0x0,

    /* U+304C "が" */
    0x0, 0xf0, 0x0, 0x70, 0x7, 0xf0, 0x0, 0xf0,
    0x3, 0xe0, 0x31, 0xc0, 0xf, 0x80, 0x73, 0x0,
    0x3c, 0x0, 0xe0, 0x1, 0xe0, 0x3, 0x80, 0x7,
    0x80, 0x6, 0x0, 0x1f, 0xc3, 0x80, 0xc3, 0xff,
    0xc3, 0x83, 0xff, 0xc7, 0x7, 0x87, 0xfe, 0xe,
    0xe, 0x1f, 0xf8, 0x38, 0x3c, 0x11, 0xc0, 0xe0,
    0x78, 0xf, 0x3, 0x81, 0xe0, 0x38, 0xe, 0x7,
    0x81, 0xe0, 0x38, 0x3e, 0x7, 0x81, 0xe7, 0xf8,
    0x3c, 0x7, 0x83, 0xe0, 0xf0, 0x1c, 0x7, 0x7,
    0x80, 0xf0, 0x0, 0x3e, 0x3, 0xc0, 0x0, 0xf6,
    0x1e, 0x0, 0x7, 0xcf, 0xf8, 0x0, 0x3e, 0x1f,
    0xc0, 0x0, 0xf8, 0x7e, 0x0, 0x1, 0xc0, 0xf0,
    0x0, 0x0,

    /* U+304D "き" */
    0x0, 0xe0, 0x0, 0x7, 0xf0, 0x0, 0x3, 0xe0,
    0x0, 0x1, 0xc7, 0x80, 0x3, 0xff, 0xc, 0x7,
    0xfc, 0x1f, 0xff, 0xf0, 0x1f, 0xff, 0x0, 0x1f,
    0xec, 0x0, 0x0, 0x1c, 0x18, 0x40, 0x18, 0xf9,
    0x80, 0x3f, 0xf3, 0x1, 0xff, 0xc7, 0xff, 0xfe,
    0xf, 0xff, 0xf0, 0x7, 0xf8, 0xe0, 0x0, 0x0,
    0xe0, 0x0, 0x0, 0xe0, 0x7, 0xff, 0xe0, 0x30,
    0x3f, 0xe1, 0xc0, 0x1f, 0xc3, 0x0, 0xf, 0xe,
    0x0, 0xe, 0x1c, 0x0, 0x0, 0x3c, 0x0, 0x0,
    0x7c, 0x2, 0x0, 0x7f, 0xff, 0x0, 0x3f, 0xfe,
    0x0, 0x1f, 0xf8, 0x0,

    /* U+304E "ぎ" */
    0x0, 0x0, 0x3, 0x0, 0xe, 0x0, 0x1c, 0x3,
    0xf8, 0x18, 0xe0, 0xf, 0x80, 0xe7, 0x0, 0x78,
    0xf7, 0x30, 0x3, 0xff, 0x38, 0x60, 0x3f, 0xe3,
    0x87, 0xff, 0xfc, 0x0, 0x3f, 0xfe, 0x0, 0x1,
    0xfe, 0xc0, 0x0, 0x0, 0xe, 0x1c, 0x1, 0x0,
    0xe7, 0xe0, 0x30, 0x7, 0xfe, 0x3, 0x1, 0xff,
    0xc0, 0x3f, 0xff, 0xf0, 0x3, 0xff, 0xfc, 0x0,
    0xf, 0xf1, 0xc0, 0x0, 0x0, 0xe, 0x0, 0x0,
    0x0, 0xf0, 0x0, 0x1f, 0xf7, 0x80, 0x6, 0x7,
    0xfc, 0x1, 0xc0, 0x1f, 0xc0, 0x18, 0x0, 0x78,
    0x3, 0x80, 0x3, 0x80, 0x38, 0x0, 0x0, 0x3,
    0xc0, 0x0, 0x0, 0x3e, 0x0, 0x0, 0x1, 0xff,
    0xfc, 0x0, 0x7, 0xff, 0xc0, 0x0, 0x1f, 0xf8,
    0x0,

    /* U+304F "く" */
    0x0, 0xe0, 0x0, 0xe0, 0x1, 0xe0, 0x3, 0xe0,
    0xf, 0xc0, 0x3f, 0x80, 0xfc, 0x3, 0xe0, 0xf,
    0x80, 0x3e, 0x0, 0x70, 0x1, 0xc0, 0x7, 0x0,
    0x1c, 0x0, 0x38, 0x0, 0x78, 0x0, 0x7c, 0x0,
    0x7c, 0x0, 0x7e, 0x0, 0x7e, 0x0, 0x7e, 0x0,
    0x7e, 0x0, 0x7e, 0x0, 0x7e, 0x0, 0x7c, 0x0,
    0xfc, 0x0, 0xf8, 0x1, 0xe0,

    /* U+3050 "ぐ" */
    0x1, 0x80, 0x0, 0x3, 0xc0, 0x0, 0x7, 0x80,
    0x0, 0x1f, 0x0, 0x0, 0xfc, 0x0, 0x3, 0xf3,
    0x0, 0x1f, 0x87, 0x0, 0xf8, 0xf, 0x7, 0xc3,
    0x1c, 0x3e, 0x7, 0x31, 0xe0, 0x1e, 0xf, 0x0,
    0x38, 0x78, 0x0, 0x61, 0xc0, 0x0, 0xe, 0x0,
    0x0, 0x38, 0x0, 0x0, 0xf8, 0x0, 0x1, 0xf0,
    0x0, 0x3, 0xf0, 0x0, 0x3, 0xe0, 0x0, 0x7,
    0xe0, 0x0, 0xf, 0xc0, 0x0, 0x1f, 0x80, 0x0,
    0x7f, 0x0, 0x0, 0xfc, 0x0, 0x1, 0xf0, 0x0,
    0x7, 0xe0, 0x0, 0xf, 0x0, 0x0, 0x1c, 0x0,

    /* U+3051 "け" */
    0x80, 0x0, 0xe0, 0x1c, 0x0, 0xfe, 0x3, 0x80,
    0x1f, 0x80, 0xf0, 0x1, 0xe0, 0x3c, 0x0, 0x78,
    0xf, 0x0, 0x1e, 0x43, 0xc0, 0x7, 0xfc, 0xf1,
    0x81, 0xff, 0x78, 0x3f, 0xff, 0xde, 0xf, 0xff,
    0x87, 0x0, 0xff, 0x81, 0xc0, 0x1, 0xe0, 0xf2,
    0x0, 0x78, 0x38, 0x80, 0x1e, 0xe, 0x20, 0x7,
    0x83, 0x98, 0x1, 0xe0, 0xe4, 0x0, 0x78, 0x3b,
    0x0, 0x1e, 0xf, 0xc0, 0x7, 0x83, 0xf0, 0x3,
    0xe0, 0xfc, 0x0, 0xf0, 0x1f, 0x0, 0x3c, 0x7,
    0xc0, 0x1e, 0x0, 0xf0, 0x7, 0x80, 0x3c, 0x3,
    0xc0, 0x7, 0x1, 0xc0, 0x0, 0x0, 0xc0, 0x0,
    0x0, 0x40, 0x0,

    /* U+3052 "げ" */
    0x0, 0x0, 0x0, 0xc0, 0x0, 0x0, 0xe, 0xc0,
    0x0, 0xe6, 0x77, 0x0, 0x3f, 0xbb, 0x38, 0x1,
    0xf9, 0x83, 0xc0, 0x7, 0x9c, 0x3c, 0x0, 0x78,
    0x83, 0xc0, 0x7, 0x90, 0x3c, 0x0, 0x7f, 0xc3,
    0xc6, 0x7, 0xfc, 0x78, 0x3f, 0xff, 0xc7, 0x83,
    0xff, 0xf0, 0x70, 0xf, 0xf8, 0x7, 0x0, 0x7,
    0x80, 0xe2, 0x0, 0x78, 0xe, 0x20, 0x7, 0x80,
    0xe2, 0x0, 0x78, 0xe, 0x60, 0x7, 0x80, 0xe4,
    0x0, 0x78, 0xe, 0xc0, 0x7, 0x80, 0xfc, 0x0,
    0x78, 0xf, 0xc0, 0xf, 0x80, 0xfc, 0x0, 0xf0,
    0x7, 0xc0, 0xf, 0x0, 0x7c, 0x1, 0xe0, 0x3,
    0xc0, 0x1e, 0x0, 0x3c, 0x3, 0xc0, 0x1, 0x80,
    0x70, 0x0, 0x0, 0x1c, 0x0, 0x0, 0x2, 0x0,
    0x0,

    /* U+3053 "こ" */
    0x0, 0x0, 0x3, 0x0, 0x78, 0xf, 0xff, 0xf0,
    0x3f, 0xff, 0x80, 0x7f, 0xfc, 0x0, 0x7f, 0x0,
    0x7, 0x80, 0x0, 0x60, 0x0, 0x4, 0x0, 0x0,
    0x0, 0x0, 0x0, 0x0, 0x0, 0x0, 0x0, 0x0,
    0x0, 0x0, 0x0, 0x0, 0x2, 0x0, 0x0, 0x10,
    0x0, 0x0, 0xc0, 0x0, 0x6, 0x0, 0x0, 0x30,
    0x0, 0x1, 0xc0, 0x0, 0xf, 0x80, 0x3f, 0x3f,
    0xff, 0xfc, 0xff, 0xff, 0xe3, 0xff, 0xfe, 0x7,
    0xff, 0x80,

    /* U+3054 "ご" */
    0x0, 0x0, 0x7, 0x0, 0x0, 0x0, 0xe0, 0x0,
    0x3, 0x1c, 0x0, 0x0, 0x73, 0x30, 0xf, 0x1e,
    0xf, 0xff, 0xf3, 0x81, 0xff, 0xfe, 0x40, 0x1f,
    0xff, 0x0, 0x0, 0x7f, 0x0, 0x0, 0x7c, 0x0,
    0x0, 0x38, 0x0, 0x0, 0x10, 0x0, 0x0, 0x0,
    0x0, 0x0, 0x0, 0x0, 0x0, 0x0, 0x0, 0x0,
    0x0, 0x0, 0x0, 0x0, 0x40, 0x0, 0x0, 0x10,
    0x0, 0x0, 0xc, 0x0, 0x0, 0x3, 0x0, 0x0,
    0x0, 0xe0, 0x0, 0x0, 0x3c, 0x0, 0x0, 0x7,
    0x80, 0x3f, 0x1, 0xff, 0xff, 0xe0, 0x3f, 0xff,
    0xf8, 0x7, 0xff, 0xfc, 0x0, 0x3f, 0xf8, 0x0,

    /* U+3055 "さ" */
    0x1, 0xf0, 0x0, 0x7, 0xf0, 0x0, 0x1, 0xf0,
    0xe0, 0x1, 0xe3, 0xe0, 0x1, 0xdf, 0xd0, 0x3,
    0xff, 0x18, 0xf, 0xf8, 0x3f, 0xff, 0xc0, 0x3f,
    0xff, 0x0, 0x3f, 0xc7, 0x0, 0x0, 0xf, 0x0,
    0x0, 0xf, 0x0, 0x0, 0xf, 0x0, 0x0, 0xf,
    0x0, 0x3f, 0xcf, 0x3, 0x81, 0xff, 0xc, 0x0,
    0xfe, 0x30, 0x0, 0x78, 0xe0, 0x0, 0x71, 0xc0,
    0x0, 0x3, 0x80, 0x0, 0x7, 0x80, 0x0, 0xf,
    0xc0, 0x0, 0xf, 0xff, 0xf0, 0xf, 0xff, 0xe0,
    0xf, 0xff, 0xc0, 0x3, 0xfe, 0x0,

    /* U+3056 "ざ" */
    0x0, 0x0, 0x1, 0xc0, 0x0, 0x0, 0x7, 0x80,
    0x7c, 0x3, 0x9c, 0x7, 0xf0, 0xe, 0x70, 0x7,
    0xc3, 0xb8, 0x0, 0x1e, 0x3e, 0xe0, 0x0, 0x77,
    0xf2, 0x10, 0x3, 0xff, 0x0, 0x60, 0x3f, 0xe0,
    0x3, 0xff, 0xfc, 0x0, 0xf, 0xff, 0xc0, 0x0,
    0x3f, 0xc7, 0x0, 0x0, 0x0, 0x3c, 0x0, 0x0,
    0x0, 0xf0, 0x0, 0x0, 0x3, 0xc0, 0x0, 0x0,
    0xf, 0x0, 0x0, 0xff, 0x3c, 0x0, 0x38, 0x1f,
    0xf0, 0x3, 0x0, 0x3f, 0x80, 0x30, 0x0, 0x78,
    0x3, 0x80, 0x1, 0xc0, 0x1c, 0x0, 0x0, 0x0,
    0xe0, 0x0, 0x0, 0x7, 0x80, 0x0, 0x0, 0x3f,
    0x0, 0x0, 0x0, 0xff, 0xff, 0x0, 0x3, 0xff,
    0xf8, 0x0, 0xf, 0xff, 0xc0, 0x0, 0xf, 0xf8,
    0x0, 0x0,

    /* U+3057 "し" */
    0x70, 0x0, 0x1, 0xf8, 0x0, 0x0, 0xf8, 0x0,
    0x1, 0xf8, 0x0, 0x3, 0xf0, 0x0, 0x7, 0xc0,
    0x0, 0xf, 0x80, 0x0, 0x1e, 0x0, 0x0, 0x3c,
    0x0, 0x0, 0x78, 0x0, 0x0, 0xf0, 0x0, 0x1,
    0xe0, 0x0, 0x3, 0x80, 0x0, 0x7, 0x0, 0x0,
    0xe, 0x0, 0x0, 0x1c, 0x0, 0x0, 0x38, 0x0,
    0x0, 0x70, 0x0, 0xc, 0xe0, 0x0, 0x31, 0xc0,
    0x0, 0xe3, 0x80, 0x3, 0x87, 0x80, 0x1e, 0x7,
    0x81, 0xf8, 0xf, 0xff, 0xe0, 0xf, 0xff, 0x80,
    0x1f, 0xfc, 0x0, 0xf, 0xe0, 0x0,

    /* U+3058 "じ" */
    0x78, 0x0, 0x0, 0x7e, 0x0, 0x0, 0x3f, 0x0,
    0x0, 0x1f, 0x81, 0xc0, 0x1f, 0x80, 0xf0, 0x1f,
    0x0, 0x78, 0x1f, 0xe, 0x38, 0x1e, 0x7, 0x18,
    0x1e, 0x3, 0x80, 0x1e, 0x1, 0xc0, 0x1e, 0x1,
    0xc0, 0x1e, 0x0, 0x0, 0x1c, 0x0, 0x0, 0x1c,
    0x0, 0x0, 0x1c, 0x0, 0x0, 0x1c, 0x0, 0x0,
    0x1c, 0x0, 0x0, 0x1c, 0x0, 0x3, 0x1c, 0x0,
    0x6, 0x1c, 0x0, 0xe, 0x1c, 0x0, 0x1c, 0x1e,
    0x0, 0x78, 0xf, 0x3, 0xf0, 0xf, 0xff, 0xe0,
    0x7, 0xff, 0xc0, 0x7, 0xff, 0x0, 0x1, 0xfc,
    0x0,

    /* U+3059 "す" */
    0x0, 0xf, 0xc0, 0x0, 0x0, 0x7f, 0x0, 0x0,
    0x0, 0xf8, 0x0, 0x0, 0x3, 0x80, 0x0, 0x0,
    0x1c, 0xc, 0x40, 0x0, 0xff, 0xfb, 0x3, 0xff,
    0xff, 0xef, 0xff, 0xff, 0xff, 0x7f, 0xf1, 0xc0,
    0x1, 0xf8, 0xe, 0x0, 0x7, 0x0, 0x70, 0x0,
    0x0, 0x1f, 0x80, 0x0, 0x3, 0xfc, 0x0, 0x0,
    0x18, 0xe0, 0x0, 0x1, 0x87, 0x80, 0x0, 0xc,
    0x3c, 0x0, 0x0, 0x61, 0xe0, 0x0, 0x3, 0x8f,
    0x0, 0x0, 0x1f, 0xf8, 0x0, 0x0, 0x7f, 0xc0,
    0x0, 0x1, 0xfe, 0x0, 0x0, 0x3, 0xe0, 0x0,
    0x0, 0xf, 0x0, 0x0, 0x0, 0x70, 0x0, 0x0,
    0xf, 0x0, 0x0, 0x0, 0xf0, 0x0, 0x0, 0x1e,
    0x0, 0x0, 0x3, 0xc0, 0x0, 0x0,

    /* U+305A "ず" */
    0x0, 0x0, 0x0, 0xe0, 0x0, 0x0, 0x73, 0x80,
    0x3, 0xf1, 0xce, 0x0, 0x1f, 0xc7, 0x30, 0x0,
    0x3e, 0x38, 0x0, 0x0, 0xe0, 0x0, 0x0, 0x7,
    0x3, 0x10, 0x0, 0x3f, 0xfe, 0xc0, 0xff, 0xff,
    0xfb, 0xff, 0xff, 0xff, 0xdf, 0xfe, 0x70, 0x0,
    0x7e, 0x3, 0x80, 0x1, 0x80, 0x1c, 0x0, 0x0,
    0x7, 0xe0, 0x0, 0x0, 0xff, 0x0, 0x0, 0x6,
    0x38, 0x0, 0x0, 0x61, 0xe0, 0x0, 0x3, 0xf,
    0x0, 0x0, 0x18, 0x78, 0x0, 0x0, 0xe3, 0xc0,
    0x0, 0x7, 0xbe, 0x0, 0x0, 0x1f, 0xf0, 0x0,
    0x0, 0x7f, 0x80, 0x0, 0x1, 0xf8, 0x0, 0x0,
    0x3, 0xc0, 0x0, 0x0, 0x1c, 0x0, 0x0, 0x1,
    0xc0, 0x0, 0x0, 0x3c, 0x0, 0x0, 0x7, 0x80,
    0x0, 0x0, 0xf0, 0x0, 0x0,

    /* U+305B "せ" */
    0x0, 0x0, 0x3c, 0x0, 0x0, 0x0, 0xfc, 0x0,
    0x0, 0x0, 0x3c, 0x0, 0x1f, 0x0, 0x78, 0x0,
    0x3f, 0x0, 0xf0, 0x0, 0x1f, 0x1, 0xc0, 0x0,
    0x3e, 0x3, 0x80, 0x0, 0x78, 0x7, 0xfc, 0x0,
    0xf0, 0x1f, 0xfc, 0x1, 0xe3, 0xff, 0xfc, 0x3,
    0xff, 0xff, 0xf4, 0xf, 0xfe, 0x70, 0xf, 0xff,
    0x80, 0xe0, 0x1f, 0xfe, 0x1, 0xc0, 0x3f, 0xfc,
    0x3, 0x80, 0x3e, 0x79, 0xf, 0x0, 0x0, 0xf1,
    0xfe, 0x0, 0x1, 0xe1, 0xf8, 0x0, 0x3, 0xc1,
    0xf0, 0x0, 0x7, 0x81, 0xc0, 0x0, 0xf, 0x0,
    0x0, 0x0, 0x1e, 0x0, 0x0, 0x0, 0x3c, 0x0,
    0x0, 0x0, 0x3c, 0x7, 0xe0, 0x0, 0x7f, 0xff,
    0xc0, 0x0, 0x7f, 0xff, 0x80, 0x0, 0x3f, 0xfc,
    0x0,

    /* U+305C "ぜ" */
    0x0, 0x0, 0x0, 0x30, 0x0, 0x0, 0xf0, 0x38,
    0x0, 0x3, 0xf6, 0x70, 0x0, 0x0, 0xf7, 0x70,
    0x3c, 0x1, 0xe7, 0x40, 0x7e, 0x3, 0xce, 0x0,
    0x3c, 0x7, 0xc, 0x0, 0x78, 0xe, 0x0, 0x0,
    0xe0, 0x1d, 0xf0, 0x1, 0xc0, 0x7f, 0xf0, 0x3,
    0x8f, 0xff, 0xf0, 0x7, 0xff, 0xff, 0xc0, 0x3f,
    0xf9, 0xc0, 0x1f, 0xff, 0x3, 0x80, 0x3f, 0xf8,
    0x7, 0x0, 0x7f, 0xf0, 0xe, 0x0, 0x78, 0xe4,
    0x3c, 0x0, 0x1, 0xc7, 0xf8, 0x0, 0x3, 0x87,
    0xe0, 0x0, 0x7, 0x7, 0xc0, 0x0, 0xe, 0x7,
    0x0, 0x0, 0x1c, 0x0, 0x0, 0x0, 0x38, 0x0,
    0x0, 0x0, 0x78, 0x7, 0xc0, 0x0, 0x7f, 0xff,
    0x80, 0x0, 0xff, 0xff, 0x0, 0x0, 0x3f, 0xfc,
    0x0,

    /* U+305D "そ" */
    0x0, 0x1, 0x0, 0x6, 0x3, 0xe0, 0x3, 0x9f,
    0xf8, 0x1, 0xff, 0x3e, 0x0, 0x7f, 0x3f, 0x0,
    0x1e, 0x3e, 0x0, 0x4, 0x3e, 0x0, 0x0, 0x3c,
    0x0, 0x0, 0x3c, 0x0, 0x0, 0x38, 0x0, 0x0,
    0x38, 0xf, 0x80, 0x38, 0x3f, 0xe0, 0x30, 0xff,
    0xf8, 0x37, 0xff, 0xf8, 0x7f, 0xf8, 0x0, 0xff,
    0xb0, 0x0, 0xff, 0x20, 0x0, 0x7e, 0x30, 0x0,
    0x3c, 0x10, 0x0, 0xc, 0x18, 0x0, 0x0, 0xc,
    0x0, 0x0, 0x6, 0x0, 0x0, 0x3, 0x80, 0x0,
    0x1, 0xf0, 0x0, 0x0, 0x7f, 0xe0, 0x0, 0x1f,
    0xf8, 0x0, 0x7, 0xfc, 0x0, 0x0, 0xfe, 0x0,

    /* U+305E "ぞ" */
    0x0, 0x1, 0x0, 0x0, 0x60, 0x3e, 0x0, 0x3,
    0x9f, 0xf8, 0x0, 0x1f, 0xf3, 0xe1, 0x80, 0x7f,
    0x3f, 0x7, 0x1, 0xe3, 0xe3, 0x38, 0x4, 0x3e,
    0xc, 0xe0, 0x3, 0xc0, 0x72, 0x0, 0x3c, 0x1,
    0xc0, 0x3, 0x80, 0xc, 0x0, 0x38, 0xf, 0x80,
    0x3, 0x83, 0xfe, 0x0, 0x30, 0xff, 0xf8, 0x3,
    0x7f, 0xff, 0x80, 0x7f, 0xf8, 0x0, 0xf, 0xfb,
    0x0, 0x0, 0xff, 0x20, 0x0, 0x7, 0xe3, 0x0,
    0x0, 0x3c, 0x10, 0x0, 0x0, 0xc1, 0x80, 0x0,
    0x0, 0xc, 0x0, 0x0, 0x0, 0x60, 0x0, 0x0,
    0x3, 0x80, 0x0, 0x0, 0x1f, 0x0, 0x0, 0x0,
    0x7f, 0xe0, 0x0, 0x1, 0xff, 0x80, 0x0, 0x7,
    0xfc, 0x0, 0x0, 0xf, 0xe0, 0x0,

    /* U+305F "た" */
    0x0, 0x80, 0x0, 0x0, 0x7f, 0x0, 0x0, 0x3,
    0xe0, 0x0, 0x0, 0x3c, 0x0, 0x0, 0x7, 0x80,
    0x0, 0x0, 0xe3, 0xc0, 0x20, 0x3f, 0xf8, 0x6,
    0x7, 0xfe, 0x0, 0x7f, 0xff, 0x80, 0xf, 0xff,
    0x80, 0x0, 0x7f, 0x80, 0x20, 0x0, 0xe0, 0x7f,
    0xc0, 0x1c, 0x3f, 0xfc, 0x3, 0x80, 0xf, 0x80,
    0xf0, 0x3, 0xf0, 0x1c, 0x1, 0xc0, 0x3, 0x80,
    0x0, 0x0, 0xf0, 0x0, 0x0, 0x1c, 0x0, 0x0,
    0x7, 0x84, 0x0, 0x0, 0xf0, 0x80, 0x0, 0x3c,
    0x18, 0x0, 0xf, 0x83, 0x80, 0x1, 0xe0, 0x78,
    0xc, 0x7c, 0x7, 0xff, 0xef, 0x80, 0xff, 0xfd,
    0xe0, 0xf, 0xff, 0x98, 0x0, 0x7f, 0xc0,

    /* U+3060 "だ" */
    0x0, 0x80, 0x0, 0x0, 0x1f, 0xc0, 0x6, 0x0,
    0x3e, 0x0, 0x1c, 0x0, 0xf0, 0xc, 0x70, 0x7,
    0x80, 0x39, 0x80, 0x38, 0xf0, 0xe2, 0x3, 0xff,
    0x87, 0x18, 0x1f, 0xf8, 0x18, 0x7f, 0xff, 0x80,
    0x3, 0xff, 0xe0, 0x0, 0x7, 0xf8, 0x3, 0x80,
    0x3, 0xc1, 0xff, 0x0, 0x1c, 0x3f, 0xfc, 0x0,
    0xe0, 0x3, 0xe0, 0xf, 0x0, 0x3f, 0x0, 0x70,
    0x7, 0x0, 0x3, 0x80, 0x0, 0x0, 0x3c, 0x0,
    0x0, 0x1, 0xc0, 0x0, 0x0, 0x1e, 0x10, 0x0,
    0x0, 0xf0, 0x80, 0x0, 0xf, 0x6, 0x0, 0x0,
    0xf8, 0x38, 0x0, 0x7, 0xc1, 0xe0, 0x30, 0x7c,
    0x7, 0xff, 0xe3, 0xe0, 0x3f, 0xff, 0x1e, 0x0,
    0xff, 0xf8, 0x70, 0x1, 0xff, 0x0,

    /* U+3061 "ち" */
    0x3, 0xc0, 0x0, 0x1, 0xf8, 0x0, 0x0, 0x3c,
    0x0, 0x0, 0x1e, 0x0, 0x0, 0xe, 0x1e, 0x4,
    0x7, 0x3f, 0x83, 0x87, 0xff, 0xc0, 0xff, 0xff,
    0x80, 0x7f, 0xfe, 0x0, 0x1f, 0xf0, 0x0, 0x0,
    0x70, 0x0, 0x0, 0x70, 0x0, 0x0, 0x38, 0x0,
    0x0, 0x1c, 0x1f, 0xc0, 0xe, 0x38, 0x78, 0xe,
    0x70, 0x1e, 0x7, 0xf0, 0x7, 0x3, 0xf0, 0x3,
    0xc3, 0xf0, 0x1, 0xe1, 0xf0, 0x0, 0xf0, 0xf0,
    0x0, 0xf8, 0x70, 0x0, 0x7c, 0x18, 0x0, 0x7c,
    0x0, 0x0, 0x7e, 0x0, 0x0, 0xfc, 0x0, 0x3,
    0xfc, 0x0, 0x3f, 0xf8, 0x0,

    /* U+3063 "っ" */
    0x0, 0x1f, 0x80, 0x3, 0xc3, 0x80, 0x7c, 0x7,
    0x3f, 0xe0, 0xe, 0xff, 0x0, 0x3d, 0xf0, 0x0,
    0xf3, 0x80, 0x3, 0xc0, 0x0, 0xf, 0x0, 0x0,
    0x7c, 0x0, 0x3, 0xe0, 0x0, 0x1f, 0x0, 0x1,
    0xf8, 0x0, 0x3f, 0x80, 0xf, 0xf8, 0x0,

    /* U+3064 "つ" */
    0x0, 0x1, 0xfc, 0x0, 0x0, 0xff, 0xf0, 0x0,
    0x3f, 0x7, 0x80, 0xf, 0xc0, 0x3c, 0x83, 0xf0,
    0x1, 0xef, 0xfe, 0x0, 0x1e, 0xff, 0x80, 0x0,
    0xf7, 0xf0, 0x0, 0xf, 0x7e, 0x0, 0x0, 0xf3,
    0xc0, 0x0, 0xf, 0x0, 0x0, 0x0, 0xf0, 0x0,
    0x0, 0x1f, 0x0, 0x0, 0x3, 0xe0, 0x0, 0x0,
    0x3e, 0x0, 0x0, 0xf, 0xc0, 0x0, 0x1, 0xf8,
    0x0, 0x0, 0x7f, 0x0, 0x0, 0x7f, 0xc0, 0x0,
    0xff, 0xe0, 0x0,

    /* U+3065 "づ" */
    0x0, 0x0, 0x0, 0xf0, 0x0, 0x0, 0x0, 0xe0,
    0x0, 0x0, 0x71, 0xc0, 0x0, 0x0, 0x77, 0x0,
    0x0, 0x1, 0xe0, 0x0, 0x0, 0x3, 0x80, 0x0,
    0x1f, 0xc6, 0x0, 0x3, 0xff, 0xc0, 0x0, 0x3f,
    0x7, 0x80, 0x3, 0xf0, 0xf, 0x8, 0x7f, 0x0,
    0x1e, 0x3f, 0xf8, 0x0, 0x38, 0xff, 0x80, 0x0,
    0xf1, 0xfc, 0x0, 0x3, 0xc7, 0xe0, 0x0, 0xf,
    0x7, 0x0, 0x0, 0x3c, 0x0, 0x0, 0x0, 0xf0,
    0x0, 0x0, 0x7, 0xc0, 0x0, 0x0, 0x3e, 0x0,
    0x0, 0x1, 0xf8, 0x0, 0x0, 0xf, 0xc0, 0x0,
    0x0, 0x7e, 0x0, 0x0, 0x7, 0xf0, 0x0, 0x1,
    0xff, 0x0, 0x0, 0xff, 0xe0, 0x0,

    /* U+3066 "て" */
    0x0, 0x0, 0x1f, 0xc0, 0x0, 0x3f, 0xfc, 0x0,
    0x7f, 0xff, 0xa0, 0xff, 0x3f, 0xff, 0xff, 0xe,
    0x0, 0xff, 0x3, 0x0, 0xf, 0x80, 0xc0, 0x0,
    0xe0, 0x38, 0x0, 0x0, 0xe, 0x0, 0x0, 0x1,
    0xc0, 0x0, 0x0, 0x30, 0x0, 0x0, 0xe, 0x0,
    0x0, 0x1, 0xc0, 0x0, 0x0, 0x38, 0x0, 0x0,
    0x7, 0x0, 0x0, 0x0, 0xe0, 0x0, 0x0, 0x1c,
    0x0, 0x0, 0x3, 0xc0, 0x0, 0x0, 0x3c, 0x0,
    0x0, 0x7, 0xc0, 0x0, 0x0, 0x7f, 0xe0, 0x0,
    0xf, 0xfe, 0x0, 0x0, 0x7f, 0xc0, 0x0, 0x3,
    0xf8,

    /* U+3067 "で" */
    0x0, 0x0, 0x1f, 0xc0, 0x0, 0xf, 0xff, 0x0,
    0x7, 0xff, 0xf8, 0x83, 0xfe, 0xff, 0xcf, 0xff,
    0xe, 0x0, 0x3f, 0xc0, 0xc0, 0x60, 0xf8, 0xc,
    0x1, 0xc3, 0x80, 0xe0, 0xc7, 0x0, 0xe, 0x3,
    0x98, 0x0, 0x70, 0xe, 0x0, 0x3, 0x0, 0x70,
    0x0, 0x38, 0x1, 0x80, 0x1, 0xc0, 0x0, 0x0,
    0xe, 0x0, 0x0, 0x0, 0x70, 0x0, 0x0, 0x3,
    0x80, 0x0, 0x0, 0x1c, 0x0, 0x0, 0x0, 0xf0,
    0x0, 0x0, 0x3, 0xc0, 0x0, 0x0, 0x1f, 0x0,
    0x0, 0x0, 0x7f, 0xe0, 0x0, 0x3, 0xff, 0x80,
    0x0, 0x7, 0xfe, 0x0, 0x0, 0xf, 0xe0,

    /* U+3068 "と" */
    0xf0, 0x0, 0x1f, 0x80, 0x0, 0xf0, 0x0, 0x1e,
    0x0, 0x3, 0xc0, 0x0, 0x38, 0xe, 0x7, 0x1,
    0xe0, 0xe0, 0x3e, 0x1e, 0x1f, 0xc3, 0xc7, 0xf8,
    0x3f, 0xf8, 0x7, 0xf8, 0x0, 0x7c, 0x0, 0x1e,
    0x0, 0x7, 0x0, 0x1, 0xc0, 0x0, 0x30, 0x0,
    0xc, 0x0, 0x3, 0x0, 0x0, 0x60, 0x0, 0xc,
    0x0, 0x1, 0x80, 0x0, 0x3c, 0x3, 0xf3, 0xff,
    0xff, 0x7f, 0xff, 0xe3, 0xff, 0xf8, 0x1f, 0xfc,
    0x0,

    /* U+3069 "ど" */
    0x0, 0x0, 0x18, 0xf0, 0x0, 0xe, 0xfc, 0x0,
    0x87, 0x3c, 0x0, 0x67, 0x3c, 0x0, 0x7b, 0x3c,
    0x0, 0x38, 0x1c, 0x7, 0x18, 0x1c, 0x7, 0x80,
    0x1c, 0x7, 0xc0, 0x1e, 0x1f, 0xc0, 0x1e, 0x3f,
    0xc0, 0xf, 0xfe, 0x0, 0xf, 0xf8, 0x0, 0x7,
    0xc0, 0x0, 0xf, 0x0, 0x0, 0x1e, 0x0, 0x0,
    0x38, 0x0, 0x0, 0x30, 0x0, 0x0, 0x60, 0x0,
    0x0, 0xc0, 0x0, 0x0, 0xc0, 0x0, 0x0, 0xc0,
    0x0, 0x0, 0xc0, 0x0, 0x0, 0xf0, 0x7, 0xc0,
    0x7f, 0xff, 0xe0, 0x7f, 0xff, 0xe0, 0x1f, 0xff,
    0xc0, 0x7, 0xff, 0x0,

    /* U+306A "な" */
    0x0, 0xc0, 0x0, 0x0, 0x7e, 0x0, 0x0, 0x7,
    0xc0, 0x0, 0x0, 0x78, 0x0, 0x0, 0xf, 0x70,
    0x1, 0x1, 0xfe, 0x0, 0x3f, 0xff, 0xcf, 0xc3,
    0xff, 0xe0, 0x7e, 0x7f, 0xe0, 0x7, 0xc0, 0x38,
    0x1, 0xfc, 0xe, 0x0, 0xff, 0x81, 0xc0, 0x30,
    0xf0, 0x78, 0x6, 0x0, 0xe, 0x1, 0x80, 0x3,
    0xc0, 0x30, 0x0, 0x78, 0x7, 0x0, 0x1e, 0x0,
    0xe0, 0x7, 0xc0, 0x1c, 0x0, 0xf0, 0x3, 0x80,
    0x3e, 0x7, 0xf8, 0xf, 0x83, 0xff, 0xe1, 0xf0,
    0xc1, 0xff, 0x1c, 0x30, 0x3f, 0xf0, 0x6, 0x7,
    0xbf, 0x0, 0xe1, 0xf1, 0xe0, 0x1f, 0xfe, 0x1c,
    0x1, 0xff, 0x81, 0x0, 0xf, 0xc0, 0x0,

    /* U+306B "に" */
    0x60, 0x0, 0x0, 0x7, 0x0, 0x0, 0x0, 0xf0,
    0x0, 0x0, 0x1e, 0x0, 0xff, 0x83, 0xe0, 0x7f,
    0xf8, 0x7c, 0x1f, 0xff, 0x8f, 0x0, 0xf, 0xe1,
    0xe0, 0x3, 0x80, 0x78, 0x0, 0xc0, 0xf, 0x0,
    0x20, 0x1, 0xc0, 0x0, 0x0, 0x38, 0x0, 0x0,
    0xf, 0x10, 0x0, 0x1, 0xc2, 0x0, 0x0, 0x38,
    0x80, 0x0, 0x7, 0x31, 0x0, 0x0, 0xe6, 0x30,
    0x0, 0x1d, 0x86, 0x0, 0x3, 0xf0, 0x60, 0x0,
    0x7e, 0xf, 0x0, 0x8f, 0xc1, 0xff, 0xfe, 0xf8,
    0x1f, 0xff, 0xdf, 0x1, 0xff, 0xf1, 0xe0, 0xf,
    0xfc, 0x3c, 0x0, 0x0, 0x1, 0x0, 0x0, 0x0,

    /* U+306C "ぬ" */
    0x0, 0x1f, 0x0, 0x0, 0x0, 0x7c, 0x0, 0x0,
    0x1, 0xe0, 0x0, 0x0, 0x7, 0x0, 0x7, 0x0,
    0x78, 0x0, 0x1c, 0x3, 0xfc, 0x0, 0x70, 0xfe,
    0x78, 0x3, 0xd8, 0xe0, 0xe0, 0xf, 0x7, 0x7,
    0x80, 0x70, 0x38, 0x1e, 0x3, 0x83, 0x80, 0x70,
    0x1e, 0x1c, 0x3, 0xc1, 0xf0, 0xe0, 0x1e, 0x1b,
    0xcf, 0x0, 0xf0, 0xce, 0x70, 0x7, 0x8e, 0x7f,
    0x80, 0x3c, 0x63, 0xf8, 0x1, 0xe7, 0xf, 0xc0,
    0xf, 0x38, 0x3e, 0x1f, 0xf9, 0xc1, 0xf3, 0xff,
    0x8e, 0x1f, 0xb0, 0xfc, 0x7f, 0xe9, 0x3, 0xf3,
    0xfe, 0x8, 0x7f, 0xcf, 0xe0, 0x7f, 0xff, 0x7e,
    0x1, 0xfe, 0x78, 0x80, 0x7, 0xe1, 0x80,

    /* U+306D "ね" */
    0x3, 0xc0, 0x0, 0x0, 0x7, 0xc0, 0x0, 0x0,
    0x7, 0x80, 0x0, 0x0, 0x1e, 0x0, 0x0, 0x0,
    0x78, 0x0, 0x0, 0x3, 0xc0, 0xf8, 0x0, 0xf,
    0xf, 0xf0, 0x0, 0x7e, 0xe1, 0xe0, 0x67, 0xfe,
    0x3, 0xc1, 0xff, 0xf0, 0xf, 0x3, 0xff, 0x80,
    0x1e, 0x7, 0x3c, 0x0, 0x78, 0x0, 0xe0, 0x1,
    0xe0, 0x7, 0x0, 0x7, 0x80, 0x3c, 0x0, 0x1e,
    0x1, 0xf0, 0x0, 0x78, 0x7, 0xc0, 0x1, 0xe0,
    0x3b, 0x0, 0x7, 0x81, 0xec, 0xf, 0xfe, 0xf,
    0x30, 0x7f, 0xf0, 0x78, 0xc3, 0x7, 0xe1, 0xf3,
    0x8, 0x1f, 0xcf, 0x7e, 0x20, 0xff, 0x98, 0xf8,
    0xff, 0xde, 0x3, 0xe3, 0xfe, 0x3c, 0xf, 0x83,
    0xf0, 0x60, 0x1c, 0x0, 0x0, 0x0, 0x70, 0x0,
    0x0,

    /* U+306E "の" */
    0x0, 0x3f, 0xc0, 0x0, 0x1f, 0xf, 0x0, 0xe,
    0x30, 0x70, 0x3, 0x6, 0x7, 0x1, 0xc0, 0xe0,
    0x70, 0x30, 0x1c, 0x7, 0xe, 0x3, 0x80, 0xf3,
    0x80, 0x70, 0xe, 0x70, 0x1e, 0x1, 0xec, 0x3,
    0x80, 0x3f, 0x80, 0x70, 0x7, 0xf0, 0x1e, 0x0,
    0xfe, 0x3, 0x80, 0x1f, 0xc0, 0xf0, 0x3, 0xf8,
    0x3c, 0x0, 0xff, 0x8f, 0x80, 0x1e, 0x73, 0xe0,
    0x3, 0xcf, 0xfc, 0x0, 0xf0, 0xff, 0x0, 0x3e,
    0x1f, 0xc0, 0xf, 0x81, 0xe0, 0x7, 0xc0, 0x0,
    0x3, 0xf0, 0x0, 0x3, 0xf0, 0x0,

    /* U+306F "は" */
    0x0, 0x0, 0x0, 0x7, 0x0, 0x1f, 0x80, 0x38,
    0x0, 0xfc, 0x3, 0xc0, 0x3, 0xc0, 0x3c, 0x0,
    0x38, 0x3, 0xe0, 0x3, 0x80, 0x3e, 0x0, 0x3b,
    0xe3, 0xc3, 0x3, 0xfe, 0x3c, 0x1f, 0xff, 0xc7,
    0x81, 0xff, 0xf0, 0x78, 0xf, 0xf8, 0x7, 0x0,
    0x3, 0x80, 0x70, 0x0, 0x38, 0x7, 0x0, 0x3,
    0x80, 0xe1, 0x0, 0x38, 0xe, 0x30, 0x3, 0x80,
    0xe2, 0x0, 0x38, 0xe, 0x60, 0x3, 0x80, 0xe6,
    0x3, 0xfc, 0xe, 0xc0, 0xff, 0xf0, 0xfc, 0x18,
    0x3f, 0xcf, 0xc3, 0x3, 0xfe, 0xfc, 0x30, 0x3d,
    0xf7, 0xc3, 0x87, 0x8f, 0x7c, 0x3f, 0xf8, 0x73,
    0xe1, 0xff, 0x0, 0x3c, 0x7, 0xe0, 0x0, 0xc0,
    0x0, 0x0,

    /* U+3070 "ば" */
    0x0, 0x0, 0x0, 0x70, 0x0, 0x0, 0x0, 0xe0,
    0x0, 0x2, 0x39, 0xdc, 0x0, 0x7e, 0x73, 0x38,
    0x0, 0xfc, 0xe0, 0xf0, 0x0, 0xf3, 0x83, 0xc0,
    0x3, 0x84, 0xf, 0x80, 0xe, 0x0, 0x3e, 0x0,
    0x3b, 0xe0, 0xf0, 0xc0, 0xff, 0x83, 0xc1, 0xff,
    0xfc, 0x1e, 0x7, 0xff, 0xc0, 0x78, 0x7, 0xf8,
    0x1, 0xc0, 0x0, 0xe0, 0x7, 0x0, 0x3, 0x80,
    0x3c, 0x0, 0xe, 0x0, 0xe1, 0x0, 0x38, 0x3,
    0x8c, 0x0, 0xe0, 0xe, 0x20, 0x3, 0x80, 0x39,
    0x80, 0xe, 0x0, 0xe6, 0x7, 0xfc, 0x3, 0xb0,
    0x7f, 0xfe, 0xf, 0xc3, 0x83, 0xfe, 0x3f, 0xc,
    0xf, 0xfc, 0x7c, 0x30, 0x7d, 0xf1, 0xf0, 0xff,
    0xe1, 0xc3, 0xe1, 0xff, 0x80, 0xf, 0x1, 0xf8,
    0x0, 0x8, 0x0, 0x0, 0x0,

    /* U+3071 "ぱ" */
    0x0, 0x0, 0x0, 0x70, 0x0, 0x0, 0x6, 0x30,
    0x0, 0x6, 0x10, 0x5c, 0x0, 0x7f, 0x41, 0x38,
    0x0, 0x7d, 0x8c, 0xf0, 0x0, 0xf1, 0xc3, 0xe0,
    0x3, 0xc0, 0xf, 0x80, 0xe, 0x70, 0x3e, 0x0,
    0x3f, 0xe0, 0xf0, 0xc0, 0xff, 0x83, 0xc1, 0xff,
    0xfc, 0x1e, 0x7, 0xff, 0xc0, 0x78, 0x7, 0xf8,
    0x1, 0xc0, 0x0, 0xe0, 0x7, 0x0, 0x3, 0x80,
    0x3c, 0x0, 0xe, 0x0, 0xe1, 0x0, 0x38, 0x3,
    0x8c, 0x0, 0xe0, 0xe, 0x20, 0x3, 0x80, 0x39,
    0x80, 0xe, 0x0, 0xe6, 0x7, 0xfc, 0x3, 0xb0,
    0x7f, 0xfe, 0xf, 0xc3, 0x83, 0xfe, 0x3f, 0xc,
    0xf, 0xfc, 0x7c, 0x30, 0x7c, 0xf1, 0xf0, 0xff,
    0xe1, 0xc3, 0xe1, 0xff, 0x80, 0xf, 0x1, 0xf8,
    0x0, 0x8, 0x0, 0x0, 0x0,

    /* U+3072 "ひ" */
    0x0, 0xc0, 0xe0, 0x20, 0xf8, 0x3c, 0xf, 0xff,
    0xf, 0x1, 0xff, 0xc3, 0xc0, 0x3f, 0xc0, 0xf0,
    0x1, 0xc0, 0x1c, 0x0, 0xe0, 0x7, 0x0, 0x30,
    0x1, 0xc0, 0x1c, 0x0, 0x70, 0xe, 0x0, 0x1e,
    0x3, 0x0, 0x7, 0xc1, 0xc0, 0x1, 0x70, 0x70,
    0x0, 0x5e, 0x18, 0x0, 0x13, 0xee, 0x0, 0x4,
    0xfb, 0x80, 0x3, 0x1f, 0xe0, 0x0, 0xc7, 0xf8,
    0x0, 0x30, 0xee, 0x0, 0x1c, 0x3, 0xc0, 0xe,
    0x0, 0xf8, 0x7, 0x80, 0x1f, 0x3, 0xe0, 0x7,
    0xff, 0xf0, 0x0, 0xff, 0xf8, 0x0, 0x1f, 0xfc,
    0x0, 0x1, 0xfc, 0x0, 0x0,

    /* U+3073 "び" */
    0x0, 0x0, 0x3, 0x80, 0x0, 0x0, 0xe, 0x0,
    0x0, 0xc, 0xf0, 0xc, 0xe, 0x77, 0x83, 0xe0,
    0xf7, 0xf, 0xff, 0xf, 0x30, 0x7f, 0xf0, 0xf0,
    0x3, 0xfc, 0xf, 0x0, 0x7, 0x0, 0x70, 0x0,
    0xe0, 0x7, 0x0, 0xc, 0x0, 0x70, 0x1, 0xc0,
    0x7, 0x0, 0x38, 0x0, 0x78, 0x3, 0x0, 0x7,
    0xc0, 0x70, 0x0, 0x5c, 0x7, 0x0, 0x5, 0xe0,
    0x60, 0x0, 0x4f, 0x8e, 0x0, 0x4, 0xf8, 0xe0,
    0x0, 0xc7, 0xce, 0x0, 0xc, 0x7c, 0xe0, 0x0,
    0xc3, 0x8e, 0x0, 0x1c, 0x0, 0xf0, 0x3, 0x80,
    0xf, 0x80, 0x78, 0x0, 0x7c, 0xf, 0x80, 0x7,
    0xff, 0xf0, 0x0, 0x3f, 0xfe, 0x0, 0x1, 0xff,
    0xc0, 0x0, 0x7, 0xf0, 0x0, 0x0,

    /* U+3074 "ぴ" */
    0x0, 0x0, 0x1, 0xc0, 0x0, 0x0, 0x63, 0x0,
    0x0, 0x4, 0x10, 0xc, 0xe, 0x41, 0xc7, 0xe0,
    0xf6, 0x3f, 0xff, 0xf, 0x1c, 0x7f, 0xf0, 0xf0,
    0x1, 0xfc, 0xf, 0x0, 0x7, 0x0, 0x70, 0x0,
    0xe0, 0x7, 0x0, 0x1c, 0x0, 0x70, 0x1, 0xc0,
    0x7, 0x80, 0x38, 0x0, 0x78, 0x3, 0x0, 0x5,
    0xc0, 0x70, 0x0, 0x5e, 0x7, 0x0, 0x4, 0xf0,
    0xe0, 0x0, 0x4f, 0x8e, 0x0, 0x4, 0xf8, 0xe0,
    0x0, 0xc7, 0xce, 0x0, 0xc, 0x38, 0xe0, 0x0,
    0xc1, 0x8e, 0x0, 0x18, 0x0, 0xf0, 0x3, 0x80,
    0xf, 0x0, 0x78, 0x0, 0x7c, 0xf, 0x0, 0x7,
    0xff, 0xf0, 0x0, 0x3f, 0xfe, 0x0, 0x1, 0xff,
    0xc0, 0x0, 0x7, 0xf0, 0x0, 0x0,

    /* U+3075 "ふ" */
    0x0, 0x1e, 0x0, 0x0, 0x0, 0x3c, 0x0, 0x0,
    0x0, 0xf8, 0x0, 0x0, 0x3, 0xc0, 0x0, 0x0,
    0x1f, 0x0, 0x0, 0x0, 0xf8, 0x0, 0x0, 0xf,
    0xc0, 0x0, 0x0, 0xfe, 0x0, 0x0, 0x8, 0x0,
    0x0, 0x0, 0x80, 0x0, 0x0, 0x4, 0x0, 0x0,
    0x0, 0x30, 0x0, 0x0, 0x0, 0xc0, 0x0, 0x0,
    0x3, 0x0, 0x0, 0x0, 0x1f, 0xf8, 0x0, 0x0,
    0xf0, 0xf8, 0x0, 0x1d, 0xc3, 0xe0, 0x3, 0x8f,
    0xf, 0x80, 0x78, 0x3c, 0x3f, 0x7, 0x81, 0xe1,
    0xfc, 0xf8, 0xf, 0x7, 0xff, 0xe0, 0xf8, 0x3f,
    0xfb, 0xff, 0xc0, 0xef, 0x83, 0xfc, 0x0, 0x38,
    0x3, 0xc0, 0x0,

    /* U+3076 "ぶ" */
    0x0, 0x1e, 0x0, 0x60, 0x0, 0x1e, 0x0, 0xe0,
    0x0, 0x3e, 0x41, 0xc0, 0x0, 0x78, 0xe7, 0x0,
    0x1, 0xf1, 0xcc, 0x0, 0x7, 0xc3, 0x80, 0x0,
    0x3f, 0xe, 0x0, 0x1, 0xfc, 0x0, 0x0, 0x8,
    0x0, 0x0, 0x0, 0x40, 0x0, 0x0, 0x1, 0x0,
    0x0, 0x0, 0x6, 0x0, 0x0, 0x0, 0xc, 0x0,
    0x0, 0x0, 0x18, 0x0, 0x0, 0x0, 0x7f, 0xe0,
    0x0, 0x1, 0xe1, 0xf0, 0x0, 0x1d, 0xc1, 0xe0,
    0x1, 0xc7, 0x87, 0xc0, 0x1e, 0xf, 0xf, 0xa0,
    0xf0, 0x3c, 0x3e, 0xcf, 0x80, 0xf0, 0x7b, 0xff,
    0x7, 0xc1, 0xef, 0xef, 0xff, 0x3, 0x9f, 0x7,
    0xf8, 0x0, 0x38, 0x7, 0xc0, 0x0,

    /* U+3077 "ぷ" */
    0x0, 0x10, 0x0, 0x0, 0x0, 0x7c, 0x7, 0x0,
    0x1, 0xf0, 0x44, 0x0, 0x3, 0xc4, 0x10, 0x0,
    0x1f, 0x20, 0x80, 0x0, 0xf9, 0x4, 0x0, 0xf,
    0xc4, 0x40, 0x0, 0xfe, 0x1c, 0x0, 0xc, 0x0,
    0x0, 0x0, 0x80, 0x0, 0x0, 0x4, 0x0, 0x0,
    0x0, 0x30, 0x0, 0x0, 0x0, 0xc0, 0x0, 0x0,
    0x7, 0x0, 0x0, 0x0, 0x1c, 0x0, 0x0, 0x0,
    0x7f, 0xc0, 0x0, 0x7, 0xc7, 0x80, 0x0, 0xcf,
    0x1f, 0x0, 0x1c, 0x38, 0x7c, 0x3, 0xc1, 0xe1,
    0xe8, 0x38, 0xf, 0xf, 0xe7, 0x80, 0x78, 0x3f,
    0xfe, 0x7, 0xc1, 0xff, 0x8f, 0xfe, 0x6, 0x7c,
    0xf, 0xe0, 0x1, 0xc0, 0x0, 0x0, 0x0,

    /* U+3078 "へ" */
    0x0, 0x1c, 0x0, 0x0, 0x1, 0xfc, 0x0, 0x0,
    0xf, 0xf8, 0x0, 0x0, 0x7d, 0xf0, 0x0, 0x1,
    0xe3, 0xe0, 0x0, 0x1f, 0x7, 0x80, 0x0, 0xf8,
    0xf, 0x0, 0x27, 0xe0, 0x1f, 0x0, 0xff, 0x0,
    0x3e, 0x3, 0xf8, 0x0, 0xfc, 0x7, 0xe0, 0x1,
    0xf8, 0xf, 0x0, 0x3, 0xf8, 0x0, 0x0, 0x7,
    0xf0, 0x0, 0x0, 0xf, 0xe0, 0x0, 0x0, 0x1f,
    0xc0, 0x0, 0x0, 0x3f, 0x0, 0x0, 0x0, 0x7c,
    0x0, 0x0, 0x0, 0x0,

    /* U+3079 "べ" */
    0x0, 0x0, 0x3, 0x0, 0x0, 0x0, 0x7, 0x0,
    0x0, 0x0, 0xf, 0x0, 0x0, 0x6, 0x1c, 0x0,
    0x0, 0xe, 0x30, 0x0, 0x70, 0x1c, 0x0, 0x7,
    0xf0, 0x38, 0x0, 0x3f, 0xe0, 0xe0, 0x0, 0xe7,
    0xc0, 0x0, 0xf, 0x8f, 0x80, 0x0, 0x7c, 0x1e,
    0x0, 0x3, 0xe0, 0x3c, 0x0, 0x9f, 0x80, 0x78,
    0x3, 0xfc, 0x0, 0xf8, 0xf, 0xe0, 0x3, 0xf0,
    0x1f, 0x80, 0x7, 0xe0, 0x3c, 0x0, 0xf, 0xe0,
    0x0, 0x0, 0x1f, 0xc0, 0x0, 0x0, 0x3f, 0x80,
    0x0, 0x0, 0x7f, 0x0, 0x0, 0x0, 0xfc, 0x0,
    0x0, 0x1, 0xf0,

    /* U+307A "ぺ" */
    0x0, 0x0, 0x3, 0x80, 0x0, 0x0, 0x11, 0x0,
    0x0, 0x0, 0x82, 0x0, 0x0, 0x2, 0x8, 0x0,
    0x8, 0x8, 0x20, 0x0, 0xf8, 0x20, 0x80, 0x7,
    0xf0, 0x44, 0x0, 0x3f, 0xe0, 0xe0, 0x1, 0xe3,
    0xc0, 0x0, 0xf, 0x87, 0x80, 0x0, 0x7c, 0xf,
    0x0, 0x3, 0xe0, 0x3e, 0x0, 0xdf, 0x80, 0x7c,
    0x3, 0xfc, 0x0, 0xf8, 0x7, 0xe0, 0x1, 0xf0,
    0xf, 0x80, 0x7, 0xf0, 0x1c, 0x0, 0xf, 0xe0,
    0x0, 0x0, 0x1f, 0xe0, 0x0, 0x0, 0x3f, 0x80,
    0x0, 0x0, 0x7f, 0x0, 0x0, 0x0, 0xfc, 0x0,
    0x0, 0x0, 0xe0,

    /* U+307B "ほ" */
    0x40, 0x0, 0x0, 0x7, 0x0, 0x0, 0x38, 0x38,
    0x8, 0xf, 0xc3, 0xc0, 0xff, 0xf8, 0x3e, 0x3,
    0xfc, 0x3, 0xe0, 0x3, 0x80, 0x3e, 0x0, 0x38,
    0x3, 0xc0, 0x3, 0x80, 0x38, 0x20, 0x3b, 0xe7,
    0x81, 0x3, 0xfe, 0x78, 0x1f, 0xff, 0xe7, 0x0,
    0xff, 0xf8, 0x70, 0x7, 0xf8, 0xf, 0x10, 0x3,
    0x80, 0xe1, 0x0, 0x38, 0xe, 0x20, 0x3, 0x80,
    0xe2, 0x0, 0x38, 0xe, 0x60, 0x3, 0x80, 0xe4,
    0x7, 0xf8, 0xf, 0xc1, 0xff, 0xf0, 0xfc, 0x38,
    0x3f, 0xcf, 0xc3, 0x3, 0xff, 0x7c, 0x38, 0x7d,
    0xf7, 0xc3, 0xff, 0x8f, 0x3c, 0x1f, 0xf0, 0x33,
    0xc0, 0x7e, 0x0, 0x8, 0x0, 0x0, 0x0,

    /* U+307C "ぼ" */
    0x0, 0x0, 0x0, 0x60, 0x0, 0x0, 0x0, 0xe0,
    0x0, 0x0, 0x19, 0xdc, 0x0, 0x0, 0x33, 0x38,
    0x10, 0xf, 0xe0, 0xf0, 0x3f, 0xfd, 0x83, 0xe0,
    0x7f, 0xf0, 0xf, 0x80, 0xfe, 0x0, 0x3e, 0x0,
    0x38, 0x0, 0xf0, 0x0, 0xe0, 0x3, 0x80, 0x3,
    0x9c, 0x1e, 0xc, 0xf, 0xf8, 0x78, 0x1f, 0xff,
    0xe1, 0xc0, 0x3f, 0xfe, 0x7, 0x0, 0x7f, 0x80,
    0x3c, 0x40, 0xe, 0x0, 0xe1, 0x0, 0x38, 0x3,
    0x88, 0x0, 0xe0, 0xe, 0x20, 0x3, 0x80, 0x39,
    0x80, 0xe, 0x0, 0xe6, 0x3, 0xf8, 0x3, 0xf0,
    0x3f, 0xfc, 0xf, 0xc1, 0x83, 0xfc, 0x3f, 0xc,
    0xf, 0xf8, 0xfc, 0x30, 0x3d, 0xf1, 0xf0, 0xe1,
    0xf3, 0xc7, 0xc3, 0xff, 0x87, 0xf, 0x7, 0xfc,
    0xc, 0x3c, 0x7, 0xe0, 0x0, 0x20, 0x0, 0x0,
    0x0,

    /* U+307D "ぽ" */
    0x0, 0x0, 0x0, 0x70, 0x0, 0x0, 0x2, 0x24,
    0x0, 0x0, 0x10, 0x5c, 0x0, 0x0, 0x41, 0x38,
    0x8, 0xf, 0x84, 0xf0, 0x3f, 0xff, 0x23, 0xe0,
    0x7f, 0xff, 0x8f, 0x80, 0xfe, 0x0, 0x3e, 0x0,
    0x38, 0x0, 0xf0, 0x0, 0xe0, 0x3, 0x80, 0x3,
    0x9c, 0x1e, 0xc, 0xf, 0xf8, 0x78, 0x1f, 0xff,
    0xe1, 0xc0, 0x3f, 0xfe, 0x7, 0x0, 0x7f, 0x80,
    0x3c, 0x40, 0xe, 0x0, 0xe1, 0x0, 0x38, 0x3,
    0x88, 0x0, 0xe0, 0xe, 0x20, 0x3, 0x80, 0x39,
    0x80, 0xe, 0x0, 0xe6, 0x3, 0xf8, 0x3, 0xf0,
    0x3f, 0xfc, 0xf, 0xc1, 0x83, 0xfc, 0x3f, 0xc,
    0xf, 0xf8, 0xfc, 0x30, 0x3d, 0xf1, 0xf0, 0xe1,
    0xf3, 0xc7, 0xc3, 0xff, 0x87, 0xf, 0x7, 0xfc,
    0x0, 0x3c, 0x7, 0xe0, 0x0, 0x20, 0x0, 0x0,
    0x0,

    /* U+307E "ま" */
    0x0, 0xfc, 0x0, 0x0, 0x7c, 0x0, 0x0, 0x78,
    0x0, 0x0, 0xf3, 0xe6, 0x1, 0xff, 0xcf, 0xff,
    0xff, 0x8f, 0xff, 0xfc, 0x7, 0xfe, 0x0, 0x0,
    0x1c, 0x0, 0x10, 0x38, 0x0, 0x60, 0x71, 0xf0,
    0xc0, 0xff, 0xe1, 0xff, 0xff, 0x81, 0xff, 0xfc,
    0x1, 0xff, 0x0, 0x0, 0xe, 0x0, 0x0, 0x1c,
    0x0, 0x0, 0x38, 0x0, 0xf, 0xf8, 0x0, 0x7f,
    0xfe, 0x1, 0xc1, 0xff, 0x6, 0x3, 0xff, 0x8c,
    0x7, 0x9f, 0x9c, 0x3f, 0x1f, 0x3f, 0xfc, 0x1e,
    0x3f, 0xf0, 0x1c, 0x1f, 0xc0, 0x0,

    /* U+307F "み" */
    0x4, 0x7, 0x80, 0x0, 0x31, 0xfe, 0x0, 0x1,
    0xfe, 0xf8, 0x0, 0x7, 0xc7, 0xc0, 0x0, 0x1c,
    0x7c, 0x0, 0x0, 0x7, 0x80, 0x0, 0x0, 0x38,
    0x0, 0x0, 0x3, 0xc0, 0x40, 0x0, 0x1c, 0xf,
    0x80, 0x1, 0xc0, 0x1e, 0x0, 0x1c, 0x0, 0xf0,
    0x3, 0xff, 0x7, 0x80, 0x7f, 0xff, 0xbc, 0xe,
    0x70, 0xff, 0xc1, 0xc7, 0x0, 0xfe, 0xc, 0x78,
    0x1, 0xfc, 0xc3, 0x80, 0x7, 0xf6, 0x3c, 0x0,
    0x7f, 0xf3, 0xc0, 0x3, 0xff, 0xfe, 0x0, 0x3c,
    0xff, 0xe0, 0x3, 0xe3, 0xbe, 0x0, 0x3e, 0x0,
    0xe0, 0x3, 0xe0, 0x0, 0x0, 0x3c, 0x0, 0x0,
    0x7, 0x80, 0x0, 0x0, 0xe0, 0x0, 0x0,

    /* U+3080 "む" */
    0x3, 0xc0, 0x0, 0x0, 0xf, 0x80, 0x0, 0x0,
    0x78, 0x0, 0x0, 0x3, 0xcc, 0x0, 0x0, 0x1f,
    0xf8, 0x0, 0x20, 0xff, 0x80, 0x1, 0xff, 0xf8,
    0x0, 0xf, 0xff, 0x0, 0xf8, 0x3f, 0xc0, 0x5,
    0xe0, 0xe, 0x0, 0x47, 0x80, 0x70, 0x2, 0x1e,
    0xf, 0x80, 0x10, 0xf0, 0x9c, 0x0, 0x8f, 0x88,
    0xf0, 0x4, 0xfc, 0xc7, 0x80, 0x20, 0xe6, 0x3c,
    0x1, 0x0, 0x31, 0xc0, 0xc, 0x1, 0xce, 0x0,
    0x60, 0xf, 0xf0, 0x3, 0x0, 0x3f, 0x0, 0x18,
    0x0, 0xf0, 0x0, 0xe0, 0x1, 0x80, 0x7, 0x0,
    0xc, 0x0, 0x3c, 0x0, 0x60, 0x3, 0xe0, 0x3,
    0x80, 0x7e, 0x0, 0x1f, 0xff, 0xf0, 0x0, 0x7f,
    0xff, 0x0, 0x0, 0xff, 0xc0, 0x0,

    /* U+3081 "め" */
    0x0, 0x7, 0x0, 0x0, 0x3, 0xf8, 0x0, 0x0,
    0xf, 0x80, 0x0, 0x1, 0xf0, 0x3, 0x80, 0x3c,
    0x0, 0x38, 0x7, 0x80, 0x7, 0x87, 0xf8, 0x0,
    0x7b, 0x3d, 0xe0, 0xf, 0x87, 0x8e, 0x0, 0xe0,
    0xf0, 0xf0, 0x3c, 0x3c, 0xe, 0xf, 0xc7, 0x81,
    0xe3, 0xb9, 0xe0, 0x1c, 0x67, 0xbc, 0x3, 0xdc,
    0xff, 0x0, 0x7b, 0xf, 0xe0, 0xf, 0xe0, 0xfc,
    0x1, 0xfc, 0x1f, 0xc0, 0x3f, 0x87, 0xf8, 0xf,
    0xf9, 0xf6, 0x1, 0xef, 0xfc, 0x0, 0x7d, 0xff,
    0x0, 0x1f, 0x1f, 0xc0, 0xf, 0xc1, 0xe0, 0x3,
    0xf0, 0x0, 0x3, 0xf8, 0x0, 0x7, 0xf0, 0x0,

    /* U+3082 "も" */
    0x3, 0xc0, 0x0, 0x7, 0xc0, 0x0, 0xf, 0x80,
    0x0, 0x3e, 0x0, 0x80, 0xf8, 0x3, 0x3, 0xc0,
    0xe, 0x1e, 0x0, 0x1f, 0xf8, 0x0, 0x3f, 0xf8,
    0x0, 0x3f, 0xe0, 0x3, 0xff, 0x80, 0x1c, 0xe1,
    0x0, 0xc3, 0x83, 0x3, 0xc, 0x7, 0xf, 0x30,
    0xe, 0x3f, 0xfc, 0x1c, 0x7f, 0xf8, 0x78, 0xff,
    0xe0, 0xe0, 0x7f, 0x3, 0xc1, 0x80, 0xf, 0x6,
    0x0, 0x3c, 0x18, 0x0, 0xf0, 0x60, 0x7, 0xc1,
    0xc0, 0x3e, 0x3, 0x81, 0xf8, 0xf, 0xff, 0xc0,
    0x1f, 0xfe, 0x0, 0x1f, 0xc0,

    /* U+3083 "ゃ" */
    0x0, 0xe0, 0x0, 0x0, 0x78, 0x0, 0x0, 0x70,
    0x0, 0x3f, 0xf0, 0x0, 0xe1, 0xc0, 0x1, 0xc0,
    0x7e, 0x3, 0xc7, 0x87, 0x3, 0xfc, 0x6, 0x3,
    0xe0, 0xe, 0xf, 0x80, 0x1f, 0xff, 0xa0, 0x3f,
    0xf7, 0x20, 0xf7, 0x87, 0x3f, 0xc0, 0xe, 0x3e,
    0x0, 0x1e, 0x0, 0x0, 0x1c, 0x0, 0x0, 0x3c,
    0x0, 0x0, 0x78, 0x0, 0x0, 0xf0, 0x0, 0x0,
    0xf0, 0x0, 0x1, 0xc0, 0x0, 0x1, 0x80, 0x0,

    /* U+3084 "や" */
    0x0, 0x3e, 0x0, 0x0, 0x0, 0x7c, 0x0, 0x0,
    0x1, 0xf0, 0x0, 0x0, 0x1f, 0x80, 0x0, 0x3f,
    0xfc, 0x0, 0x3, 0x80, 0xe0, 0x0, 0x1c, 0x0,
    0xfe, 0x0, 0xf0, 0x3c, 0x1c, 0x3, 0xc7, 0x80,
    0x70, 0xf, 0xf0, 0x1, 0x80, 0x3e, 0x0, 0xe,
    0x7, 0xe0, 0x0, 0x78, 0xff, 0x0, 0x3, 0xff,
    0xdc, 0xc0, 0x3f, 0xfc, 0xf3, 0x83, 0xcf, 0xc3,
    0x8f, 0xfe, 0x3c, 0x1e, 0x3f, 0xe0, 0x0, 0xf0,
    0x7c, 0x0, 0x3, 0xc0, 0x0, 0x0, 0x1e, 0x0,
    0x0, 0x0, 0xf0, 0x0, 0x0, 0x3, 0xc0, 0x0,
    0x0, 0x1e, 0x0, 0x0, 0x0, 0xf8, 0x0, 0x0,
    0x7, 0xc0, 0x0, 0x0, 0x3e, 0x0, 0x0, 0x0,
    0xf0, 0x0, 0x0, 0x7, 0x0, 0x0,

    /* U+3085 "ゅ" */
    0x0, 0x38, 0x6, 0x6, 0xe0, 0x1c, 0x23, 0x0,
    0xe2, 0x3f, 0x7, 0x96, 0xee, 0x38, 0xc7, 0x39,
    0xcc, 0x38, 0xdc, 0xe1, 0xc7, 0xcd, 0xe, 0x3e,
    0x48, 0x71, 0xf6, 0x43, 0x8f, 0xa3, 0x1c, 0x7f,
    0x18, 0xe7, 0xf8, 0x7e, 0x79, 0xe3, 0xff, 0x8f,
    0xf, 0xf8, 0x30, 0x3f, 0x80, 0x3, 0x80, 0x0,
    0x38, 0x0, 0x3, 0x0, 0x0, 0x20, 0x0, 0x0,

    /* U+3086 "ゆ" */
    0x0, 0xf, 0x0, 0x10, 0x2, 0x30, 0x1, 0x80,
    0x87, 0x0, 0x38, 0x10, 0xe0, 0x7, 0x84, 0xc,
    0x0, 0xf0, 0x83, 0xf0, 0x1e, 0x33, 0xb9, 0x83,
    0xc7, 0x87, 0x1c, 0x70, 0xc0, 0xe1, 0xcc, 0x38,
    0x1c, 0x1b, 0x8f, 0x3, 0x83, 0xe1, 0x60, 0x70,
    0x7c, 0x6c, 0xe, 0xf, 0x99, 0x81, 0xc1, 0xf7,
    0x38, 0x38, 0x3e, 0xc7, 0x7, 0xf, 0xf8, 0x70,
    0xe1, 0xff, 0xe, 0x38, 0x7b, 0xe1, 0xf7, 0x3f,
    0x3c, 0x1f, 0xff, 0xc7, 0x81, 0xff, 0xf0, 0x70,
    0x1f, 0xfc, 0x0, 0x1, 0xfe, 0x0, 0x0, 0x70,
    0x0, 0x0, 0x1c, 0x0, 0x0, 0xe, 0x0, 0x0,
    0x6, 0x0, 0x0, 0x0,

    /* U+3087 "ょ" */
    0x7, 0x80, 0x3, 0xe0, 0x0, 0x78, 0x0, 0x38,
    0x0, 0x1c, 0x60, 0xe, 0xf8, 0x7, 0xfc, 0x3,
    0xfc, 0x1, 0xc0, 0x0, 0xe0, 0x0, 0x70, 0x0,
    0x38, 0x0, 0x1c, 0x0, 0xfe, 0x1, 0xff, 0xe1,
    0x83, 0xf8, 0x81, 0xff, 0x40, 0xef, 0xb0, 0xf3,
    0xef, 0xf0, 0xf3, 0xf0, 0x0,

    /* U+3088 "よ" */
    0x3, 0xf0, 0x0, 0x7, 0xe0, 0x0, 0xf, 0xc0,
    0x0, 0x1e, 0x0, 0x0, 0x78, 0x0, 0x1, 0xc0,
    0x80, 0x7, 0xf, 0xc0, 0x1f, 0xff, 0x0, 0x7f,
    0xf8, 0x1, 0xdf, 0x80, 0x7, 0x0, 0x0, 0x1c,
    0x0, 0x0, 0x70, 0x0, 0x1, 0xc0, 0x0, 0x7,
    0x0, 0x0, 0x1c, 0x0, 0x0, 0x70, 0x0, 0x1f,
    0xe0, 0x3, 0xff, 0xf0, 0x1c, 0x1f, 0xf0, 0xe0,
    0x7f, 0xf3, 0x1, 0xe7, 0xec, 0xf, 0x8f, 0xf8,
    0x7e, 0x1f, 0x7f, 0xf0, 0x3d, 0xff, 0x80, 0x71,
    0xfc, 0x0, 0x0,

    /* U+3089 "ら" */
    0xf, 0x0, 0x0, 0x1f, 0x80, 0x0, 0x1f, 0x0,
    0x0, 0x3e, 0x0, 0x1, 0xf8, 0x0, 0x3f, 0xe0,
    0x7, 0xff, 0x80, 0x18, 0x0, 0x0, 0x70, 0x0,
    0x1, 0xc0, 0x0, 0x7, 0x0, 0x0, 0x1c, 0x0,
    0x0, 0x70, 0x1f, 0x81, 0xc3, 0xc3, 0x8f, 0x3c,
    0x7, 0x39, 0xe0, 0xe, 0xff, 0x0, 0x3f, 0xf8,
    0x0, 0xff, 0xc0, 0x3, 0xfe, 0x0, 0xf, 0xf0,
    0x0, 0x7d, 0xc0, 0x3, 0xe0, 0x0, 0x1f, 0x80,
    0x1, 0xfc, 0x0, 0x1f, 0xe0, 0x7, 0xfe, 0x0,
    0x7f, 0x80, 0x0,

    /* U+308A "り" */
    0x60, 0x0, 0x3c, 0x0, 0xf, 0x0, 0x7, 0x80,
    0x3, 0xc7, 0x81, 0xe7, 0xe0, 0xf6, 0x78, 0x76,
    0x1e, 0x3a, 0xf, 0x1e, 0x3, 0x8f, 0x1, 0xef,
    0x80, 0xf7, 0x80, 0x7b, 0xc0, 0x3d, 0xe0, 0x1e,
    0xf0, 0xf, 0x78, 0x7, 0xbc, 0x3, 0xde, 0x1,
    0xe7, 0x1, 0xe3, 0x80, 0xf0, 0x0, 0x78, 0x0,
    0x78, 0x0, 0x7c, 0x0, 0x3c, 0x0, 0x3c, 0x0,
    0x78, 0x0, 0x78, 0x0, 0xe0, 0x0,

    /* U+308B "る" */
    0x0, 0x7, 0x0, 0x20, 0x1f, 0x0, 0x61, 0xff,
    0x0, 0xff, 0xff, 0x1, 0xfe, 0x7e, 0x1, 0xf1,
    0xf0, 0x1, 0xc7, 0x80, 0x0, 0x1e, 0x0, 0x0,
    0x78, 0x0, 0x1, 0xe0, 0x0, 0x7, 0x0, 0x0,
    0x1c, 0xfe, 0x0, 0x7e, 0xf, 0x1, 0xf0, 0x7,
    0x7, 0x80, 0xf, 0x1e, 0x0, 0xe, 0x78, 0x0,
    0x1f, 0xf0, 0x0, 0x3f, 0xc0, 0x0, 0x7f, 0xf,
    0x80, 0xfc, 0x31, 0xc3, 0xe0, 0xc3, 0xc7, 0xc1,
    0x83, 0x9f, 0x3, 0x87, 0xfc, 0x3, 0xff, 0xf0,
    0x7, 0xff, 0xc0, 0x3, 0xfc, 0x0,

    /* U+308C "れ" */
    0x3, 0xc0, 0x0, 0x0, 0x7, 0xe0, 0x0, 0x0,
    0x3, 0xc0, 0x0, 0x0, 0x7, 0xc0, 0x0, 0x0,
    0xf, 0x0, 0x0, 0x0, 0x1e, 0xf, 0x80, 0x0,
    0x3c, 0x7f, 0x80, 0x0, 0xfb, 0x7, 0x80, 0x87,
    0xfc, 0xf, 0x1, 0xff, 0xf0, 0x1e, 0x3, 0xff,
    0xc0, 0x3c, 0x3, 0xef, 0x0, 0x78, 0x3, 0x9c,
    0x0, 0xf0, 0x0, 0x38, 0x1, 0xe0, 0x0, 0xf0,
    0x3, 0xc0, 0x3, 0xe0, 0x7, 0x0, 0xf, 0xc0,
    0x1e, 0x0, 0x3f, 0x80, 0x3c, 0x0, 0xf7, 0x0,
    0x78, 0x3, 0xee, 0x0, 0xf0, 0xf, 0x9c, 0x1,
    0xe0, 0x5f, 0xb8, 0x3, 0xe7, 0xbd, 0xf0, 0x7,
    0xfe, 0x73, 0xf0, 0x7, 0xf8, 0x3, 0xe0, 0x7,
    0xc0, 0x7, 0xc0, 0x0, 0x0, 0xf, 0x0, 0x0,
    0x0, 0xc, 0x0, 0x0, 0x0,

    /* U+308D "ろ" */
    0x8, 0x3, 0x80, 0xc, 0x3f, 0xc0, 0xf, 0xff,
    0xe0, 0xf, 0xf3, 0xf0, 0xf, 0xc7, 0xe0, 0x3,
    0xf, 0x80, 0x0, 0x1f, 0x0, 0x0, 0x3e, 0x0,
    0x0, 0x38, 0x0, 0x0, 0x70, 0x0, 0x0, 0xe0,
    0x0, 0x1, 0xcf, 0xe0, 0x3, 0xf0, 0x38, 0x7,
    0xc0, 0x1c, 0x1f, 0x80, 0xe, 0x3f, 0x0, 0xf,
    0x7e, 0x0, 0xf, 0xfc, 0x0, 0xf, 0xf8, 0x0,
    0xf, 0xf0, 0x0, 0x1f, 0x60, 0x0, 0x3f, 0x0,
    0x0, 0x3e, 0x0, 0x0, 0xfc, 0x0, 0x1, 0xf8,
    0x0, 0xf, 0xf0, 0x1, 0xff, 0x0,

    /* U+308F "わ" */
    0x3, 0x80, 0x0, 0x0, 0x7c, 0x0, 0x0, 0x7,
    0x80, 0x0, 0x0, 0x78, 0x0, 0x0, 0xe, 0x0,
    0x0, 0x1, 0xc0, 0x0, 0x0, 0x30, 0x0, 0x0,
    0xf, 0x80, 0x0, 0x87, 0xf0, 0x0, 0x1f, 0xfc,
    0xff, 0xc3, 0xff, 0x70, 0x3c, 0x3e, 0xf8, 0x1,
    0xc3, 0x9e, 0x0, 0x3c, 0x7, 0x0, 0x3, 0x81,
    0xe0, 0x0, 0x78, 0x3c, 0x0, 0xf, 0xf, 0x80,
    0x1, 0xe3, 0xb0, 0x0, 0x3c, 0xf6, 0x0, 0xf,
    0xbc, 0xc0, 0x1, 0xff, 0x18, 0x0, 0x3d, 0xfb,
    0x0, 0xf, 0xb9, 0xf0, 0x3, 0xe7, 0x3e, 0x0,
    0xf8, 0x47, 0xc0, 0x3c, 0x0, 0x78, 0x1f, 0x0,
    0xe, 0xf, 0x0, 0x1, 0xc0, 0x0, 0x0,

    /* U+3092 "を" */
    0x1, 0xe0, 0x0, 0x0, 0xfc, 0x0, 0x0, 0x1c,
    0x0, 0x0, 0xe, 0x30, 0x0, 0xe, 0xfc, 0x6,
    0x7, 0xfe, 0x1, 0xff, 0xfc, 0x0, 0xff, 0xf0,
    0x0, 0x3f, 0x80, 0x1c, 0x1, 0xc0, 0x7, 0x81,
    0xc0, 0x1, 0xe0, 0xcf, 0x3, 0xf0, 0xf9, 0xc7,
    0xf8, 0xf0, 0xef, 0xf8, 0xf0, 0x7f, 0xe0, 0xf0,
    0x3f, 0x80, 0xf8, 0x3e, 0x0, 0x78, 0x3f, 0x0,
    0x38, 0x3f, 0x80, 0x8, 0x33, 0xc0, 0x0, 0x31,
    0xe0, 0x0, 0x30, 0xf0, 0x0, 0x18, 0x78, 0x0,
    0xc, 0x0, 0x0, 0x7, 0x0, 0xf8, 0x1, 0xff,
    0xfe, 0x0, 0x7f, 0xff, 0x0, 0xf, 0xfc, 0x0,

    /* U+3093 "ん" */
    0x0, 0x7e, 0x0, 0x0, 0x1, 0xf0, 0x0, 0x0,
    0xf, 0x80, 0x0, 0x1, 0xf8, 0x0, 0x0, 0x1f,
    0x0, 0x0, 0x3, 0xe0, 0x0, 0x0, 0x3c, 0x0,
    0x0, 0x7, 0x80, 0x0, 0x0, 0xf0, 0x0, 0x0,
    0xe, 0x0, 0x0, 0x1, 0xe0, 0x0, 0x0, 0x1c,
    0x0, 0x0, 0x3, 0xbf, 0x0, 0x0, 0x7c, 0x38,
    0x0, 0x7, 0x83, 0xc0, 0x0, 0xf0, 0x3c, 0x1,
    0xe, 0x3, 0xc0, 0x11, 0xe0, 0x3c, 0x3, 0x3c,
    0x3, 0xc0, 0x33, 0xc0, 0x3c, 0x6, 0x7c, 0x3,
    0xc0, 0xe7, 0x80, 0x3e, 0x3c, 0xf8, 0x3, 0xff,
    0xcf, 0x80, 0x3f, 0xf8, 0xf0, 0x1, 0xff, 0x6,
    0x0, 0xf, 0xc0,

    /* U+30A1 "ァ" */
    0x0, 0x0, 0x80, 0x1, 0xff, 0x3f, 0xff, 0xfc,
    0xff, 0xe3, 0xe7, 0xf0, 0x1f, 0x1c, 0x1, 0xf0,
    0x3, 0x9e, 0x0, 0xf, 0x80, 0x0, 0x7c, 0x0,
    0x3, 0xc0, 0x0, 0x1e, 0x0, 0x1, 0xe0, 0x0,
    0xe, 0x0, 0x0, 0xf0, 0x0, 0x7, 0x0, 0x0,
    0x70, 0x0, 0x7, 0x0, 0x0, 0x70, 0x0, 0x6,
    0x0, 0x0, 0x60, 0x0, 0x0,

    /* U+30A2 "ア" */
    0x0, 0x0, 0x1c, 0x40, 0xf, 0xff, 0xbf, 0xff,
    0xff, 0xff, 0xff, 0x3, 0xf7, 0xf0, 0x3, 0xf9,
    0xc0, 0x1, 0xf8, 0x0, 0x1, 0xe0, 0x0, 0xff,
    0xc0, 0x0, 0x1f, 0x80, 0x0, 0xf, 0x80, 0x0,
    0x7, 0xc0, 0x0, 0x3, 0xc0, 0x0, 0x1, 0xe0,
    0x0, 0x1, 0xe0, 0x0, 0x0, 0xf0, 0x0, 0x0,
    0xf0, 0x0, 0x0, 0xf0, 0x0, 0x0, 0x78, 0x0,
    0x0, 0x78, 0x0, 0x0, 0x78, 0x0, 0x0, 0x78,
    0x0, 0x0, 0x78, 0x0, 0x0, 0x70, 0x0, 0x0,
    0x60, 0x0, 0x0, 0x60, 0x0, 0x0, 0x0,

    /* U+30A3 "ィ" */
    0x0, 0x1e, 0x0, 0x7, 0x80, 0x3, 0xe0, 0x1,
    0xf0, 0x1, 0xf0, 0x1, 0xf0, 0x0, 0xf0, 0x0,
    0xf0, 0x0, 0xf8, 0x0, 0xfe, 0x0, 0xef, 0x1,
    0xe7, 0x81, 0xc3, 0xc1, 0x81, 0xe3, 0x0, 0xf0,
    0x0, 0x78, 0x0, 0x7c, 0x0, 0x3e, 0x0, 0x1f,
    0x0, 0x7, 0x80, 0x3, 0x80,

    /* U+30A4 "イ" */
    0x0, 0x3, 0xc0, 0x0, 0x3, 0xc0, 0x0, 0xf,
    0x80, 0x0, 0x3f, 0x0, 0x1, 0xf8, 0x0, 0x7,
    0xc0, 0x0, 0x3e, 0x0, 0x1, 0xf0, 0x0, 0xf,
    0x80, 0x0, 0x7c, 0x0, 0x3, 0xf0, 0x0, 0x1f,
    0xe0, 0x0, 0xff, 0x80, 0x7, 0x9e, 0x0, 0x3c,
    0x78, 0x1, 0xe1, 0xe0, 0x1e, 0x7, 0x80, 0xe0,
    0x1e, 0xe, 0x0, 0x78, 0x0, 0x1, 0xe0, 0x0,
    0x7, 0x80, 0x0, 0x1e, 0x0, 0x0, 0x78, 0x0,
    0x3, 0xe0, 0x0, 0xf, 0x80, 0x0, 0x1e, 0x0,
    0x0, 0x30, 0x0,

    /* U+30A6 "ウ" */
    0x0, 0x3c, 0x0, 0x0, 0x1f, 0xc0, 0x0, 0x1,
    0xf0, 0x0, 0x0, 0x7c, 0x0, 0x0, 0x1e, 0x0,
    0x18, 0x7, 0x83, 0x87, 0x81, 0xff, 0xf0, 0xff,
    0xff, 0xfe, 0x3f, 0xff, 0x8f, 0xc7, 0x80, 0x3,
    0xe1, 0xe0, 0x1, 0xf8, 0x78, 0x0, 0x7c, 0x1e,
    0x0, 0x1f, 0x7, 0x80, 0xf, 0x81, 0xe0, 0x3,
    0xe0, 0x78, 0x0, 0xf0, 0x1e, 0x0, 0x78, 0x3,
    0x80, 0x3e, 0x0, 0xe0, 0xf, 0x0, 0x0, 0x7,
    0x80, 0x0, 0x3, 0xc0, 0x0, 0x1, 0xf0, 0x0,
    0x0, 0x70, 0x0, 0x0, 0x78, 0x0, 0x0, 0x3c,
    0x0, 0x0, 0x1c, 0x0, 0x0, 0xc, 0x0, 0x0,
    0xc, 0x0, 0x0,

    /* U+30A7 "ェ" */
    0x0, 0x1, 0x80, 0x10, 0x1f, 0xc0, 0x3f, 0xff,
    0xc0, 0x7f, 0xff, 0x0, 0x7f, 0x80, 0x0, 0x7,
    0x80, 0x0, 0xf, 0x0, 0x0, 0x1e, 0x0, 0x0,
    0x38, 0x0, 0x0, 0x70, 0x0, 0x0, 0xe0, 0xc4,
    0x1, 0xff, 0xe7, 0xff, 0xff, 0xef, 0xfc, 0x1f,
    0xcf, 0x0, 0x0, 0x0,

    /* U+30A8 "エ" */
    0x0, 0x0, 0x7c, 0x0, 0x80, 0x7f, 0xe0, 0xf,
    0xff, 0xff, 0x0, 0x7f, 0xff, 0xc0, 0x3, 0xfe,
    0x0, 0x0, 0x0, 0xf0, 0x0, 0x0, 0xf, 0x0,
    0x0, 0x0, 0xf0, 0x0, 0x0, 0xf, 0x0, 0x0,
    0x0, 0xf0, 0x0, 0x0, 0xe, 0x0, 0x0, 0x0,
    0xe0, 0x0, 0x0, 0xe, 0x0, 0x0, 0x0, 0xe0,
    0x78, 0x80, 0xf, 0xff, 0xef, 0xff, 0xff, 0xff,
    0xff, 0xff, 0xff, 0xf7, 0xf8, 0x0, 0x1f, 0x3c,
    0x0, 0x0, 0x0,

    /* U+30AA "オ" */
    0x0, 0x0, 0x80, 0x0, 0x0, 0x7f, 0x0, 0x0,
    0x1, 0xf8, 0x0, 0x0, 0xf, 0x80, 0x0, 0x0,
    0xf0, 0x0, 0x0, 0xf, 0x0, 0x0, 0x0, 0xf0,
    0x80, 0x0, 0xf, 0xfe, 0x30, 0x1f, 0xff, 0xf1,
    0xff, 0xff, 0xff, 0x1f, 0xff, 0xf0, 0x30, 0xfe,
    0x3f, 0x0, 0x6, 0x7, 0xf0, 0x0, 0x0, 0xff,
    0x0, 0x0, 0xf, 0xf0, 0x0, 0x1, 0xff, 0x0,
    0x0, 0x3e, 0xf0, 0x0, 0x7, 0xcf, 0x0, 0x0,
    0xf8, 0xf0, 0x0, 0x1e, 0xf, 0x0, 0x3, 0xc0,
    0xf0, 0x0, 0x78, 0xf, 0x0, 0xe, 0x1f, 0xf0,
    0x3, 0x80, 0x7f, 0x0, 0x60, 0x3, 0xf0, 0x0,
    0x0, 0x1e, 0x0, 0x0, 0x0, 0xc0, 0x0,

    /* U+30AB "カ" */
    0x0, 0xc, 0x0, 0x0, 0x7, 0xe0, 0x0, 0x0,
    0xfc, 0x0, 0x0, 0x1f, 0x0, 0x0, 0x7, 0x80,
    0x0, 0x1, 0xe0, 0x0, 0x0, 0x78, 0x0, 0x80,
    0x3c, 0x7c, 0x30, 0x1f, 0xff, 0x8f, 0xff, 0xff,
    0xf1, 0xff, 0xf8, 0x7c, 0x7f, 0xf8, 0x1e, 0xe,
    0x1e, 0x7, 0x0, 0xf, 0x1, 0xc0, 0x3, 0xc0,
    0xf0, 0x0, 0xf0, 0x3c, 0x0, 0x78, 0xf, 0x0,
    0x1e, 0x3, 0x80, 0xf, 0x1, 0xe0, 0x7, 0x80,
    0x78, 0x1, 0xc0, 0x1c, 0x0, 0xf3, 0xf, 0x0,
    0x78, 0x7f, 0xc0, 0x38, 0xf, 0xe0, 0x1c, 0x1,
    0xf0, 0xe, 0x0, 0x78, 0x6, 0x0, 0x0, 0x2,
    0x0, 0x0, 0x0,

    /* U+30AC "ガ" */
    0x0, 0x0, 0x0, 0x0, 0x0, 0x38, 0x1, 0xc0,
    0x1, 0xf8, 0x3, 0xc0, 0x3, 0xf0, 0xc7, 0x0,
    0x7, 0xc1, 0xcc, 0x0, 0x1e, 0x3, 0x80, 0x0,
    0x78, 0xe, 0x0, 0x1, 0xe1, 0x0, 0x20, 0xf,
    0x1f, 0x0, 0xc0, 0x7f, 0xfe, 0x3, 0xff, 0xff,
    0xfc, 0x7, 0xff, 0xc1, 0xf0, 0x1f, 0xfe, 0x7,
    0x80, 0x38, 0x78, 0x1e, 0x0, 0x3, 0xc0, 0x70,
    0x0, 0xf, 0x3, 0xc0, 0x0, 0x3c, 0xf, 0x0,
    0x1, 0xe0, 0x3c, 0x0, 0x7, 0x80, 0xf0, 0x0,
    0x3c, 0x3, 0x80, 0x1, 0xe0, 0x1e, 0x0, 0x7,
    0x0, 0x78, 0x0, 0x3c, 0x1, 0xc0, 0x1, 0xe3,
    0xf, 0x0, 0xe, 0x7, 0xf8, 0x0, 0x70, 0xf,
    0xe0, 0x3, 0x80, 0x1f, 0x0, 0x18, 0x0, 0x78,
    0x0, 0x80, 0x0, 0x0, 0x0,

    /* U+30AD "キ" */
    0x0, 0xe0, 0x0, 0x0, 0x7f, 0x0, 0x0, 0x7,
    0xe0, 0x0, 0x0, 0x3c, 0x0, 0x0, 0x7, 0x80,
    0x0, 0x0, 0xf0, 0xf0, 0x0, 0xe, 0xff, 0x0,
    0x1, 0xff, 0xe0, 0x43, 0xff, 0xe0, 0xf, 0xff,
    0x80, 0x0, 0xff, 0x70, 0x0, 0xf, 0xe, 0x0,
    0x0, 0x1, 0xe0, 0xfc, 0x0, 0x3c, 0xff, 0xc0,
    0x7, 0xff, 0xf0, 0x1, 0xff, 0xf0, 0x3, 0xff,
    0x80, 0x1f, 0xff, 0xe0, 0x3, 0xff, 0x3c, 0x0,
    0x3f, 0x3, 0x80, 0x3, 0x80, 0x70, 0x0, 0x0,
    0xf, 0x0, 0x0, 0x1, 0xe0, 0x0, 0x0, 0x3c,
    0x0, 0x0, 0x7, 0xc0, 0x0, 0x0, 0xf8, 0x0,
    0x0, 0xf, 0x0, 0x0, 0x0, 0xc0, 0x0,

    /* U+30AE "ギ" */
    0x0, 0x60, 0x0, 0xe0, 0xf, 0xc0, 0x3, 0x80,
    0x3f, 0x1, 0x8e, 0x0, 0xf8, 0x7, 0x30, 0x3,
    0xc0, 0x3c, 0x0, 0x1e, 0x3e, 0xe0, 0x0, 0xff,
    0xf2, 0x0, 0x7, 0xff, 0x80, 0x1, 0xff, 0xf0,
    0x1, 0xff, 0xf0, 0x0, 0x7, 0xff, 0x80, 0x0,
    0x1e, 0x3c, 0x0, 0x0, 0x0, 0xe0, 0x7e, 0x0,
    0x7, 0x1f, 0xf0, 0x0, 0x3f, 0xff, 0x80, 0x7,
    0xff, 0xc0, 0x1, 0xff, 0x80, 0x7, 0xff, 0xf8,
    0x0, 0x1f, 0xf1, 0xe0, 0x0, 0xfe, 0xf, 0x0,
    0x1, 0xc0, 0x78, 0x0, 0x0, 0x1, 0xc0, 0x0,
    0x0, 0xf, 0x0, 0x0, 0x0, 0x78, 0x0, 0x0,
    0x3, 0xc0, 0x0, 0x0, 0x1e, 0x0, 0x0, 0x0,
    0x70, 0x0, 0x0, 0x1, 0x80, 0x0,

    /* U+30AF "ク" */
    0x1, 0xf0, 0x0, 0x0, 0x7e, 0x0, 0x0, 0x1f,
    0x80, 0x0, 0xf, 0xc0, 0x0, 0x7, 0xc1, 0xc0,
    0x7, 0xc7, 0xf8, 0x3, 0xff, 0xfe, 0x3, 0xfc,
    0x3f, 0x3, 0xe0, 0x3f, 0x3, 0xe0, 0x1f, 0x1,
    0xe0, 0x1f, 0x1, 0xe0, 0xf, 0x81, 0xc0, 0xf,
    0x81, 0xc0, 0xf, 0x81, 0xc0, 0x7, 0xc1, 0x80,
    0x7, 0xc0, 0x0, 0x7, 0xc0, 0x0, 0x7, 0xc0,
    0x0, 0x7, 0xc0, 0x0, 0x7, 0xc0, 0x0, 0x7,
    0xc0, 0x0, 0x7, 0x80, 0x0, 0x7, 0x80, 0x0,
    0x7, 0x80, 0x0, 0xf, 0x0, 0x0, 0xe, 0x0,
    0x0, 0x18, 0x0, 0x0, 0x0, 0x0, 0x0, 0x0,

    /* U+30B0 "グ" */
    0x0, 0x0, 0x1, 0xc0, 0x0, 0x0, 0x3, 0x80,
    0x7c, 0x1, 0x1e, 0x1, 0xf8, 0x7, 0x70, 0x7,
    0xe0, 0x3d, 0x0, 0x3f, 0x0, 0xe0, 0x1, 0xf0,
    0x73, 0x0, 0x1f, 0x1f, 0xe0, 0x0, 0xff, 0xff,
    0x80, 0xf, 0xf0, 0xfc, 0x0, 0xf8, 0xf, 0xc0,
    0x7, 0x80, 0x7c, 0x0, 0x78, 0x7, 0xc0, 0x7,
    0x0, 0x3e, 0x0, 0x70, 0x3, 0xe0, 0x7, 0x0,
    0x3e, 0x0, 0x70, 0x1, 0xe0, 0x6, 0x0, 0x1f,
    0x0, 0x0, 0x1, 0xf0, 0x0, 0x0, 0x1f, 0x0,
    0x0, 0x1, 0xf0, 0x0, 0x0, 0x1f, 0x0, 0x0,
    0x1, 0xf0, 0x0, 0x0, 0x1e, 0x0, 0x0, 0x1,
    0xe0, 0x0, 0x0, 0x1e, 0x0, 0x0, 0x3, 0xc0,
    0x0, 0x0, 0x38, 0x0, 0x0, 0x6, 0x0, 0x0,
    0x0, 0x0, 0x0, 0x0, 0x0,

    /* U+30B1 "ケ" */
    0x0, 0xe0, 0x0, 0x0, 0xf, 0x0, 0x0, 0x1,
    0xf0, 0x0, 0x0, 0x3e, 0x0, 0x0, 0x7, 0x80,
    0x0, 0x1, 0xf0, 0x0, 0x0, 0x3c, 0x1, 0xf0,
    0xf, 0x7, 0xff, 0x1, 0xff, 0xff, 0xe0, 0x7f,
    0xff, 0xf8, 0x1e, 0xff, 0x0, 0x3, 0x80, 0xf0,
    0x0, 0xe0, 0x1f, 0x0, 0x38, 0x3, 0xc0, 0xe,
    0x0, 0xf8, 0x3, 0x0, 0x1e, 0x0, 0x80, 0x7,
    0xc0, 0x0, 0x0, 0xf0, 0x0, 0x0, 0x3c, 0x0,
    0x0, 0x7, 0x80, 0x0, 0x1, 0xe0, 0x0, 0x0,
    0x78, 0x0, 0x0, 0x1e, 0x0, 0x0, 0x7, 0x0,
    0x0, 0x1, 0xc0, 0x0, 0x0, 0x60, 0x0, 0x0,
    0x30, 0x0, 0x0, 0x0,

    /* U+30B2 "ゲ" */
    0x0, 0x0, 0x0, 0x70, 0x3, 0x80, 0x10, 0xe0,
    0x7, 0x80, 0x31, 0xc0, 0x1f, 0x0, 0xf7, 0x0,
    0x7c, 0x1, 0xc0, 0x1, 0xe0, 0x3, 0x0, 0xf,
    0x80, 0x0, 0x0, 0x3c, 0x1, 0xf0, 0x1, 0xe0,
    0xff, 0xe0, 0x7, 0xff, 0xff, 0x80, 0x3f, 0xff,
    0xfc, 0x1, 0xef, 0x70, 0x0, 0x7, 0x1, 0xe0,
    0x0, 0x38, 0x7, 0xc0, 0x1, 0xc0, 0x1f, 0x0,
    0xc, 0x0, 0xf8, 0x0, 0x60, 0x3, 0xc0, 0x2,
    0x0, 0xf, 0x0, 0x0, 0x0, 0x78, 0x0, 0x0,
    0x3, 0xc0, 0x0, 0x0, 0xf, 0x0, 0x0, 0x0,
    0x78, 0x0, 0x0, 0x3, 0xc0, 0x0, 0x0, 0x1e,
    0x0, 0x0, 0x0, 0xe0, 0x0, 0x0, 0x7, 0x0,
    0x0, 0x0, 0x30, 0x0, 0x0, 0x3, 0x0, 0x0,
    0x0,

    /* U+30B3 "コ" */
    0x0, 0x0, 0x78, 0x60, 0x1f, 0xfc, 0x3f, 0xff,
    0xfe, 0x3f, 0xff, 0xff, 0x1f, 0xe0, 0x3e, 0xe,
    0x0, 0x3e, 0x0, 0x0, 0x3c, 0x0, 0x0, 0x7c,
    0x0, 0x0, 0x7c, 0x0, 0x0, 0x78, 0x0, 0x0,
    0x78, 0x0, 0x0, 0x78, 0x0, 0x0, 0x78, 0x0,
    0x0, 0xf0, 0xc0, 0x3f, 0xfc, 0x7f, 0xff, 0xfe,
    0x7f, 0xff, 0xfe, 0x3f, 0xe0, 0xc, 0x1e, 0x0,
    0x0,

    /* U+30B4 "ゴ" */
    0x0, 0x0, 0x0, 0x0, 0x0, 0x0, 0x70, 0x0,
    0x0, 0x7, 0x80, 0x0, 0xc, 0x70, 0x0, 0x0,
    0xe6, 0x0, 0x0, 0xe, 0x0, 0x0, 0x1, 0xc0,
    0x0, 0x7, 0x98, 0x40, 0x7f, 0xfc, 0xf, 0xff,
    0xff, 0xc1, 0xff, 0xff, 0xf8, 0x1f, 0xe0, 0x3f,
    0x1, 0xc0, 0x7, 0xc0, 0x0, 0x0, 0xf0, 0x0,
    0x0, 0x1e, 0x0, 0x0, 0x3, 0xc0, 0x0, 0x0,
    0xf8, 0x0, 0x0, 0x1e, 0x0, 0x0, 0x3, 0xc0,
    0x0, 0x0, 0x78, 0x0, 0x0, 0xf, 0x1, 0x81,
    0xff, 0xf0, 0x3f, 0xff, 0xff, 0x7, 0xff, 0xff,
    0xe0, 0x7f, 0xc0, 0x8, 0x7, 0x80, 0x0, 0x0,

    /* U+30B5 "サ" */
    0x0, 0x0, 0xe0, 0x0, 0x0, 0x1f, 0xc0, 0x0,
    0x0, 0x3f, 0x0, 0xf, 0xc0, 0xf8, 0x0, 0x1f,
    0x7, 0x80, 0x0, 0x78, 0x3c, 0x0, 0x3, 0x81,
    0xe0, 0x0, 0x1c, 0xf, 0x0, 0x0, 0xe0, 0x7f,
    0xf4, 0x7, 0xff, 0xff, 0xff, 0xff, 0xff, 0xff,
    0xff, 0xf8, 0xf0, 0x67, 0xee, 0x7, 0x80, 0x18,
    0x70, 0x3c, 0x0, 0x3, 0x81, 0xe0, 0x0, 0x1c,
    0xf, 0x0, 0x1, 0xe0, 0x78, 0x0, 0x7, 0x7,
    0x80, 0x0, 0x38, 0x3c, 0x0, 0x1, 0xc1, 0xe0,
    0x0, 0x0, 0x1e, 0x0, 0x0, 0x0, 0xf0, 0x0,
    0x0, 0xf, 0x0, 0x0, 0x0, 0xf0, 0x0, 0x0,
    0xf, 0x0, 0x0, 0x0, 0xe0, 0x0, 0x0, 0x1c,
    0x0, 0x0, 0x1, 0x0, 0x0, 0x0,

    /* U+30B6 "ザ" */
    0x0, 0x0, 0x0, 0x60, 0x0, 0x3, 0x80, 0xe0,
    0x0, 0x3f, 0xa1, 0xc0, 0x60, 0x3f, 0x67, 0x7,
    0xe0, 0x7c, 0xc0, 0x7, 0xc1, 0xe3, 0x80, 0xf,
    0x7, 0x86, 0x0, 0x38, 0x1e, 0x0, 0x0, 0xe0,
    0x78, 0x0, 0x3, 0x81, 0xff, 0xc8, 0xf, 0xff,
    0xff, 0xbf, 0xff, 0xff, 0xfe, 0xff, 0xe0, 0x78,
    0x1, 0xe3, 0x81, 0xe0, 0x0, 0xe, 0x7, 0x80,
    0x0, 0x38, 0x1e, 0x0, 0x0, 0xe0, 0x78, 0x0,
    0x7, 0x81, 0xe0, 0x0, 0xe, 0xf, 0x0, 0x0,
    0x38, 0x3c, 0x0, 0x0, 0x0, 0xf0, 0x0, 0x0,
    0x7, 0x80, 0x0, 0x0, 0x1e, 0x0, 0x0, 0x0,
    0xf0, 0x0, 0x0, 0x7, 0x80, 0x0, 0x0, 0x3c,
    0x0, 0x0, 0x1, 0xc0, 0x0, 0x0, 0x1c, 0x0,
    0x0, 0x0, 0x80, 0x0, 0x0,

    /* U+30B7 "シ" */
    0xf, 0x80, 0x0, 0x0, 0xfe, 0x0, 0x0, 0x7,
    0xe0, 0x0, 0x0, 0x7c, 0x0, 0x0, 0x7, 0x80,
    0x0, 0x0, 0x60, 0x0, 0x80, 0x0, 0x0, 0x17,
    0xe0, 0x0, 0x4, 0x3f, 0x0, 0x3, 0x83, 0xf0,
    0x0, 0xe0, 0x3e, 0x0, 0x38, 0x3, 0xc0, 0xe,
    0x0, 0x38, 0x3, 0xc0, 0x0, 0x1, 0xf0, 0x0,
    0x0, 0x7c, 0x0, 0x0, 0x3f, 0x0, 0x0, 0xf,
    0xc0, 0x0, 0x7, 0xe0, 0x1, 0x3, 0xf8, 0x0,
    0x31, 0xfe, 0x0, 0x7, 0xff, 0x80, 0x0, 0x7f,
    0xc0, 0x0, 0x7, 0xf0, 0x0, 0x0, 0x78, 0x0,
    0x0,

    /* U+30B8 "ジ" */
    0x0, 0x0, 0xc, 0x0, 0x0, 0x1, 0xc0, 0x0,
    0x0, 0x38, 0x3f, 0x1, 0xc7, 0x7, 0xf0, 0x39,
    0xc0, 0x7e, 0x7, 0x0, 0xf, 0x80, 0xe0, 0x1,
    0xe0, 0x30, 0x0, 0x30, 0x0, 0x40, 0x0, 0x0,
    0x3f, 0xc0, 0x0, 0x18, 0xfc, 0x0, 0xe, 0x1f,
    0x80, 0x7, 0x3, 0xe0, 0x3, 0x80, 0x78, 0x1,
    0xc0, 0xe, 0x0, 0xe0, 0x0, 0x0, 0xf8, 0x0,
    0x0, 0x7c, 0x0, 0x0, 0x7e, 0x0, 0x0, 0x3e,
    0x0, 0x0, 0x3f, 0x0, 0x10, 0x3f, 0x80, 0x6,
    0x3f, 0xc0, 0x1, 0xff, 0xc0, 0x0, 0x3f, 0xe0,
    0x0, 0xf, 0xe0, 0x0, 0x0, 0xf0, 0x0, 0x0,

    /* U+30B9 "ス" */
    0x0, 0x0, 0x10, 0x1, 0x0, 0xf, 0x80, 0x30,
    0x3f, 0xf8, 0x3, 0xff, 0xff, 0x80, 0x7f, 0xe3,
    0xf0, 0x7, 0xc0, 0xfc, 0x0, 0x60, 0x1f, 0x0,
    0x0, 0x7, 0xc0, 0x0, 0x1, 0xf0, 0x0, 0x0,
    0x3e, 0x0, 0x0, 0xf, 0x80, 0x0, 0x3, 0xe0,
    0x0, 0x0, 0xf8, 0x0, 0x0, 0x1f, 0xe0, 0x0,
    0x7, 0x9f, 0x0, 0x1, 0xe1, 0xf0, 0x0, 0x78,
    0x1f, 0x80, 0x3e, 0x1, 0xf8, 0xf, 0x80, 0x3f,
    0x3, 0xc0, 0x3, 0xf0, 0xe0, 0x0, 0x7e, 0x70,
    0x0, 0x7, 0xf8, 0x0, 0x0, 0x70, 0x0, 0x0,
    0x0,

    /* U+30BA "ズ" */
    0x0, 0x0, 0x0, 0x60, 0x0, 0x0, 0x0, 0xe0,
    0x0, 0x0, 0x21, 0xc0, 0x0, 0x0, 0x77, 0x0,
    0x0, 0x11, 0xe0, 0x10, 0x0, 0xf3, 0x80, 0x60,
    0x7f, 0xe6, 0x1, 0xff, 0xff, 0xc0, 0x7, 0xfe,
    0x3f, 0x0, 0xf, 0xc1, 0xf8, 0x0, 0x1c, 0x7,
    0xc0, 0x0, 0x0, 0x3e, 0x0, 0x0, 0x0, 0xf0,
    0x0, 0x0, 0x7, 0xc0, 0x0, 0x0, 0x3e, 0x0,
    0x0, 0x0, 0xf0, 0x0, 0x0, 0x7, 0xc0, 0x0,
    0x0, 0x3f, 0xc0, 0x0, 0x1, 0xf3, 0xc0, 0x0,
    0xf, 0x87, 0xc0, 0x0, 0x78, 0x1f, 0x80, 0x3,
    0xc0, 0x3f, 0x0, 0x1e, 0x0, 0x7c, 0x1, 0xe0,
    0x1, 0xf8, 0xf, 0x0, 0x3, 0xe0, 0xf0, 0x0,
    0xf, 0x87, 0x0, 0x0, 0x1c, 0x20, 0x0, 0x0,
    0x0,

    /* U+30BB "セ" */
    0x1, 0xf8, 0x0, 0x0, 0xf, 0x80, 0x0, 0x0,
    0xf8, 0x0, 0x0, 0x1e, 0x0, 0x0, 0x3, 0xc0,
    0x0, 0x0, 0x78, 0x6, 0x0, 0xe, 0x3, 0xe0,
    0x1, 0xc3, 0xfe, 0x0, 0x3f, 0xff, 0xe0, 0x7,
    0xf8, 0xff, 0xf, 0xf8, 0x1f, 0x7f, 0xfc, 0x7,
    0xc7, 0xff, 0x80, 0xe0, 0x7e, 0x70, 0x38, 0x7,
    0xe, 0xe, 0x0, 0x1, 0xc3, 0x0, 0x0, 0x38,
    0x0, 0x0, 0x7, 0x0, 0x0, 0x0, 0xe0, 0x0,
    0x0, 0x1c, 0x0, 0x0, 0x3, 0xc0, 0x78, 0x0,
    0x7f, 0xff, 0x80, 0x7, 0xff, 0xf0, 0x0, 0x3f,
    0xf8,

    /* U+30BC "ゼ" */
    0x0, 0x0, 0x0, 0x60, 0x0, 0x0, 0x0, 0xe0,
    0x1f, 0x80, 0x61, 0xc0, 0x1f, 0x80, 0xe7, 0x0,
    0x3e, 0x1, 0xc0, 0x0, 0xf0, 0x3, 0x80, 0x3,
    0xc0, 0x6, 0x0, 0xf, 0x0, 0x40, 0x0, 0x3c,
    0xf, 0x80, 0x0, 0xf1, 0xff, 0x80, 0x3, 0xff,
    0xfe, 0x0, 0xf, 0xf1, 0xfc, 0xc3, 0xfe, 0x7,
    0xc3, 0xff, 0xe0, 0x3e, 0x7, 0xff, 0x80, 0xf0,
    0xf, 0xce, 0x7, 0x0, 0x1c, 0x38, 0x38, 0x0,
    0x0, 0xe0, 0x80, 0x0, 0x3, 0x80, 0x0, 0x0,
    0xe, 0x0, 0x0, 0x0, 0x38, 0x0, 0x0, 0x0,
    0xe0, 0x0, 0x0, 0x3, 0xc0, 0x78, 0x0, 0xf,
    0xff, 0xf0, 0x0, 0x1f, 0xff, 0xc0, 0x0, 0x1f,
    0xfc, 0x0,

    /* U+30BD "ソ" */
    0x0, 0x0, 0xf0, 0x0, 0x0, 0xfc, 0xc0, 0x0,
    0x3e, 0x70, 0x0, 0x3f, 0x7c, 0x0, 0x3f, 0x3e,
    0x0, 0x3e, 0x1f, 0x0, 0x7c, 0x1f, 0x0, 0x7c,
    0xf, 0x80, 0xf8, 0xf, 0x80, 0xf8, 0x7, 0x1,
    0xf0, 0x0, 0x1, 0xe0, 0x0, 0x3, 0xe0, 0x0,
    0x7, 0xc0, 0x0, 0x7, 0x80, 0x0, 0xf, 0x0,
    0x0, 0x1f, 0x0, 0x0, 0x3e, 0x0, 0x0, 0x78,
    0x0, 0x0, 0xf0, 0x0, 0x1, 0xe0, 0x0, 0x3,
    0xc0, 0x0, 0xf, 0x0, 0x0, 0x1c, 0x0, 0x0,
    0x70, 0x0, 0x0,

    /* U+30BF "タ" */
    0x0, 0xfc, 0x0, 0x0, 0x1f, 0xc0, 0x0, 0x3,
    0xf0, 0x0, 0x0, 0xf8, 0x18, 0x0, 0x7e, 0x3f,
    0x80, 0x1f, 0xff, 0xf0, 0xf, 0xfe, 0xfc, 0x3,
    0xd8, 0x3e, 0x1, 0xe0, 0x1f, 0x0, 0xf0, 0x7,
    0xc0, 0x38, 0x3, 0xe0, 0x1f, 0x80, 0xf0, 0xe,
    0x3c, 0x7c, 0x7, 0x3, 0xfe, 0x3, 0x80, 0x7f,
    0x1, 0x80, 0xf, 0xc0, 0x80, 0x3, 0xf8, 0x0,
    0x1, 0xff, 0x0, 0x0, 0xff, 0xc0, 0x0, 0x7d,
    0xf0, 0x0, 0x3c, 0x3c, 0x0, 0x1e, 0x7, 0x0,
    0xf, 0x0, 0x0, 0xf, 0x0, 0x0, 0x7, 0x80,
    0x0, 0x7, 0x80, 0x0, 0x3, 0x0, 0x0, 0x1,
    0x0, 0x0, 0x0,

    /* U+30C0 "ダ" */
    0x0, 0x0, 0x0, 0x40, 0x0, 0x0, 0x1, 0xe0,
    0x0, 0x0, 0x23, 0xc0, 0x3f, 0x0, 0xe7, 0x0,
    0x7f, 0x1, 0xec, 0x0, 0xfc, 0x3, 0x80, 0x3,
    0xe0, 0x66, 0x0, 0x1f, 0x8f, 0xe0, 0x0, 0x7f,
    0xff, 0xc0, 0x3, 0xff, 0xbf, 0x0, 0xf, 0x60,
    0xf8, 0x0, 0x78, 0x7, 0xc0, 0x3, 0xc0, 0x1f,
    0x0, 0xe, 0x0, 0xf8, 0x0, 0x7e, 0x3, 0xc0,
    0x3, 0x8f, 0x1f, 0x0, 0x1c, 0xf, 0xf8, 0x0,
    0xe0, 0x1f, 0xc0, 0x6, 0x0, 0x3f, 0x0, 0x20,
    0x0, 0xfe, 0x0, 0x0, 0x7, 0xfc, 0x0, 0x0,
    0x3f, 0xf0, 0x0, 0x1, 0xf7, 0xc0, 0x0, 0xf,
    0x8f, 0x0, 0x0, 0x78, 0x1c, 0x0, 0x3, 0xc0,
    0x0, 0x0, 0x3c, 0x0, 0x0, 0x1, 0xe0, 0x0,
    0x0, 0x1e, 0x0, 0x0, 0x0, 0xc0, 0x0, 0x0,
    0x4, 0x0, 0x0, 0x0, 0x0,

    /* U+30C1 "チ" */
    0x0, 0x0, 0xe0, 0x0, 0x0, 0x7, 0x80, 0x0,
    0x0, 0xfc, 0x0, 0x0, 0x3f, 0xc0, 0x0, 0x1f,
    0xfc, 0x0, 0xf, 0xfc, 0x0, 0xf, 0xff, 0x0,
    0x1, 0x0, 0xf8, 0x0, 0x0, 0x7, 0xc0, 0x0,
    0x0, 0x78, 0x0, 0x0, 0x7, 0xbf, 0xec, 0x7,
    0xff, 0xfe, 0x7f, 0xff, 0xff, 0xe7, 0xfe, 0x78,
    0x0, 0x1c, 0x7, 0x80, 0x0, 0x0, 0x78, 0x0,
    0x0, 0xf, 0x0, 0x0, 0x0, 0xf0, 0x0, 0x0,
    0xf, 0x0, 0x0, 0x1, 0xe0, 0x0, 0x0, 0x1e,
    0x0, 0x0, 0x3, 0xc0, 0x0, 0x0, 0x38, 0x0,
    0x0, 0x7, 0x0, 0x0, 0x0, 0xe0, 0x0, 0x0,
    0x1c, 0x0, 0x0, 0x7, 0x0, 0x0, 0x0, 0x80,
    0x0, 0x0,

    /* U+30C3 "ッ" */
    0x6, 0x3, 0x80, 0x70, 0x3b, 0xf, 0x7, 0xf8,
    0xf0, 0xf7, 0x9e, 0x3c, 0xf3, 0xc7, 0x8e, 0x31,
    0xe1, 0xc0, 0x3c, 0x18, 0xf, 0x0, 0x3, 0xc0,
    0x0, 0xf8, 0x0, 0x1e, 0x0, 0x7, 0x80, 0x1,
    0xe0, 0x0, 0x70, 0x0, 0x3c, 0x0, 0xe, 0x0,
    0x7, 0x0, 0x1, 0x0, 0x0, 0x0,

    /* U+30C4 "ツ" */
    0x1, 0x80, 0x3c, 0x0, 0x70, 0xf, 0x0, 0x3c,
    0x3, 0xd8, 0xf, 0x1, 0xf7, 0x7, 0xc0, 0xfb,
    0xc1, 0xe0, 0xf8, 0xf0, 0xf0, 0x78, 0x7c, 0x78,
    0x7c, 0x1e, 0x18, 0x3c, 0xf, 0x0, 0x3e, 0x7,
    0x80, 0x3e, 0x0, 0x0, 0x1f, 0x0, 0x0, 0x1f,
    0x0, 0x0, 0x1f, 0x0, 0x0, 0x1f, 0x0, 0x0,
    0x1f, 0x0, 0x0, 0x1f, 0x0, 0x0, 0x1f, 0x0,
    0x0, 0x1f, 0x0, 0x0, 0x1f, 0x0, 0x0, 0x1e,
    0x0, 0x0, 0x1c, 0x0, 0x0, 0x38, 0x0, 0x0,
    0x70, 0x0, 0x0,

    /* U+30C6 "テ" */
    0x0, 0x0, 0xe0, 0x2, 0x3, 0xfc, 0x0, 0x7f,
    0xff, 0x0, 0xf, 0xff, 0x80, 0x1, 0xfc, 0x0,
    0x0, 0x0, 0x0, 0x0, 0x0, 0x0, 0x0, 0x0,
    0x3, 0xfe, 0x80, 0xff, 0xff, 0xff, 0xff, 0xff,
    0xff, 0xff, 0xe0, 0x1, 0xfc, 0x3c, 0x0, 0x38,
    0xf, 0x80, 0x0, 0x3, 0xe0, 0x0, 0x1, 0xf0,
    0x0, 0x0, 0x78, 0x0, 0x0, 0x1e, 0x0, 0x0,
    0xf, 0x0, 0x0, 0x3, 0xc0, 0x0, 0x1, 0xe0,
    0x0, 0x0, 0xf0, 0x0, 0x0, 0x38, 0x0, 0x0,
    0x1c, 0x0, 0x0, 0xe, 0x0, 0x0, 0x7, 0x0,
    0x0, 0x3, 0x0, 0x0, 0x1, 0x0, 0x0, 0x0,

    /* U+30C7 "デ" */
    0x0, 0x0, 0x0, 0xc0, 0x0, 0xe, 0x7, 0x8,
    0xf, 0xf4, 0x30, 0x7f, 0xff, 0x33, 0x3, 0xff,
    0xe1, 0xc0, 0x1f, 0xc0, 0x1c, 0x0, 0x0, 0x0,
    0xc0, 0x0, 0x0, 0x0, 0x0, 0x0, 0xf, 0x0,
    0x0, 0x3f, 0xf8, 0x81, 0xff, 0xff, 0xcf, 0xff,
    0xff, 0xfc, 0xff, 0xfe, 0x0, 0x7, 0xf0, 0xf0,
    0x0, 0x38, 0xf, 0x80, 0x0, 0x0, 0xf8, 0x0,
    0x0, 0x1f, 0x0, 0x0, 0x1, 0xe0, 0x0, 0x0,
    0x1e, 0x0, 0x0, 0x3, 0xc0, 0x0, 0x0, 0x3c,
    0x0, 0x0, 0x7, 0x80, 0x0, 0x0, 0xf0, 0x0,
    0x0, 0xe, 0x0, 0x0, 0x1, 0xc0, 0x0, 0x0,
    0x38, 0x0, 0x0, 0x6, 0x0, 0x0, 0x0, 0xc0,
    0x0, 0x0, 0x10, 0x0, 0x0, 0x0,

    /* U+30C8 "ト" */
    0x78, 0x0, 0x7f, 0x0, 0x7, 0xc0, 0x3, 0xe0,
    0x1, 0xf0, 0x0, 0xf0, 0x0, 0x78, 0x0, 0x3c,
    0x0, 0x1e, 0x0, 0xf, 0x0, 0x7, 0xf8, 0x3,
    0xff, 0x81, 0xe7, 0xf0, 0xf1, 0xfc, 0x78, 0x7e,
    0x3c, 0x1f, 0x1e, 0x7, 0x8f, 0x1, 0xc7, 0x80,
    0x3, 0xc0, 0x1, 0xe0, 0x0, 0xf0, 0x0, 0xf8,
    0x0, 0x7c, 0x0, 0x1e, 0x0, 0xf, 0x0, 0x3,
    0x80, 0x0,

    /* U+30C9 "ド" */
    0x78, 0x0, 0xf, 0xe0, 0x38, 0x3f, 0x1, 0xe1,
    0xf1, 0xe, 0x1f, 0xe, 0x71, 0xe0, 0x70, 0x1e,
    0x7, 0x81, 0xe0, 0x30, 0x1e, 0x0, 0x1, 0xe0,
    0x0, 0x1f, 0xe0, 0x1, 0xff, 0xc0, 0x1e, 0x7f,
    0x1, 0xe3, 0xf8, 0x1e, 0x1f, 0x81, 0xe0, 0xf8,
    0x1e, 0x7, 0x81, 0xe0, 0x38, 0x1e, 0x0, 0x1,
    0xe0, 0x0, 0x1e, 0x0, 0x1, 0xe0, 0x0, 0x3e,
    0x0, 0x3, 0xe0, 0x0, 0x1e, 0x0, 0x1, 0xe0,
    0x0, 0xe, 0x0, 0x0,

    /* U+30CA "ナ" */
    0x0, 0x0, 0x0, 0x0, 0x1, 0xf8, 0x0, 0x0,
    0x1f, 0xc0, 0x0, 0x0, 0x7c, 0x0, 0x0, 0x7,
    0xc0, 0x0, 0x0, 0x78, 0x0, 0x0, 0x7, 0x80,
    0x0, 0x0, 0x78, 0x10, 0x0, 0x7, 0x9f, 0xe8,
    0x1, 0xff, 0xff, 0x7f, 0xff, 0xff, 0xf7, 0xff,
    0xff, 0x7e, 0x3f, 0xc7, 0x80, 0x1, 0xe0, 0x78,
    0x0, 0x0, 0x7, 0x80, 0x0, 0x0, 0xf0, 0x0,
    0x0, 0xf, 0x0, 0x0, 0x0, 0xf0, 0x0, 0x0,
    0x1e, 0x0, 0x0, 0x1, 0xe0, 0x0, 0x0, 0x1c,
    0x0, 0x0, 0x3, 0xc0, 0x0, 0x0, 0x78, 0x0,
    0x0, 0xf, 0x0, 0x0, 0x0, 0xe0, 0x0, 0x0,
    0x1c, 0x0, 0x0, 0x7, 0x0, 0x0, 0x0, 0xc0,
    0x0, 0x0,

    /* U+30CB "ニ" */
    0x0, 0x0, 0x78, 0x0, 0x60, 0x3f, 0xe0, 0x7,
    0xff, 0xfe, 0x0, 0x3f, 0xff, 0xe0, 0x1, 0xfc,
    0x0, 0x0, 0x0, 0x0, 0x0, 0x0, 0x0, 0x0,
    0x0, 0x0, 0x0, 0x0, 0x0, 0x0, 0x0, 0x0,
    0x0, 0x0, 0x0, 0x0, 0x0, 0x0, 0x0, 0x0,
    0x0, 0xf8, 0xc0, 0x3f, 0xff, 0xef, 0xff, 0xff,
    0xff, 0x7f, 0xff, 0xff, 0xf3, 0xfe, 0x0, 0x1f,
    0x1c, 0x0, 0x0, 0x0,

    /* U+30CD "ネ" */
    0x0, 0x3f, 0x0, 0x0, 0x0, 0xf8, 0x0, 0x0,
    0x7, 0xc0, 0x0, 0x0, 0x7c, 0x0, 0x0, 0x3,
    0x80, 0x0, 0x0, 0x0, 0x0, 0x0, 0x0, 0x78,
    0x0, 0xc1, 0xff, 0xe0, 0xf, 0xff, 0xfe, 0x0,
    0xff, 0xcf, 0xc0, 0x7, 0xc0, 0xf8, 0x0, 0x38,
    0x1f, 0x0, 0x0, 0x3, 0xe0, 0x0, 0x0, 0x7c,
    0x0, 0x0, 0xf, 0x80, 0x0, 0x1, 0xf3, 0xe0,
    0x0, 0x3f, 0x8f, 0x80, 0x7, 0xf8, 0x7e, 0x1,
    0xf7, 0x83, 0xe0, 0x3c, 0x78, 0x1e, 0x7, 0x7,
    0x81, 0xf1, 0xe0, 0x78, 0xe, 0x78, 0x7, 0x80,
    0xc, 0x0, 0xf8, 0x0, 0x0, 0xf, 0x80, 0x0,
    0x0, 0xf8, 0x0, 0x0, 0x7, 0x80, 0x0, 0x0,
    0x70, 0x0,

    /* U+30CE "ノ" */
    0x0, 0x3, 0x80, 0x0, 0x7, 0xc0, 0x0, 0xf,
    0x80, 0x0, 0x3f, 0x0, 0x0, 0xfc, 0x0, 0x3,
    0xf0, 0x0, 0x1f, 0x80, 0x0, 0x7c, 0x0, 0x3,
    0xe0, 0x0, 0xf, 0x80, 0x0, 0x7c, 0x0, 0x3,
    0xf0, 0x0, 0xf, 0x80, 0x0, 0x7c, 0x0, 0x3,
    0xe0, 0x0, 0xf, 0x0, 0x0, 0x7c, 0x0, 0x3,
    0xe0, 0x0, 0x1f, 0x0, 0x0, 0xf0, 0x0, 0x7,
    0x80, 0x0, 0x3c, 0x0, 0x1, 0xc0, 0x0, 0xe,
    0x0, 0x0, 0xe0, 0x0, 0x0, 0x0, 0x0, 0x0,

    /* U+30CF "ハ" */
    0x0, 0xf8, 0x20, 0x0, 0x3, 0xe0, 0xc0, 0x0,
    0xf, 0x83, 0x80, 0x0, 0x7c, 0x1e, 0x0, 0x3,
    0xe0, 0x78, 0x0, 0x3f, 0x1, 0xe0, 0x3, 0xf0,
    0xf, 0x80, 0x1f, 0x0, 0x3e, 0x1, 0xf0, 0x1,
    0xf8, 0x1f, 0x0, 0x7, 0xc0, 0xf0, 0x0, 0x3e,
    0xe, 0x0, 0x1, 0xf0, 0xe0, 0x0, 0x7, 0x8e,
    0x0, 0x0, 0x3c, 0xc0, 0x0, 0x0, 0xd8, 0x0,
    0x0, 0x0, 0x0, 0x0, 0x0, 0x0,

    /* U+30D0 "バ" */
    0x0, 0x0, 0x0, 0x70, 0x0, 0x0, 0x0, 0xe0,
    0x0, 0x0, 0x71, 0xc0, 0x0, 0x0, 0xf7, 0x0,
    0x0, 0x1, 0xc0, 0x0, 0x0, 0x3, 0x80, 0x7,
    0xc3, 0x84, 0x0, 0xf, 0x83, 0x80, 0x0, 0x1e,
    0x7, 0x0, 0x0, 0xfc, 0x1e, 0x0, 0x3, 0xf0,
    0x3c, 0x0, 0xf, 0x80, 0x78, 0x0, 0x7c, 0x1,
    0xf0, 0x3, 0xe0, 0x3, 0xe0, 0x1f, 0x0, 0xf,
    0x80, 0x78, 0x0, 0x3f, 0x3, 0xc0, 0x0, 0x7c,
    0x1e, 0x0, 0x1, 0xf0, 0xe0, 0x0, 0x7, 0xc7,
    0x0, 0x0, 0xe, 0x30, 0x0, 0x0, 0x11, 0x0,
    0x0, 0x0, 0x0,

    /* U+30D1 "パ" */
    0x0, 0x0, 0x0, 0xe0, 0x0, 0x0, 0x8, 0x80,
    0x0, 0x0, 0x82, 0x0, 0x0, 0x4, 0x10, 0x0,
    0x0, 0x20, 0x80, 0x0, 0x0, 0x88, 0x3, 0xc1,
    0x83, 0x80, 0xf, 0x83, 0x0, 0x0, 0x3c, 0x1e,
    0x0, 0x1, 0xf0, 0x78, 0x0, 0xf, 0x81, 0xe0,
    0x0, 0xfc, 0x7, 0x80, 0xf, 0xc0, 0x3e, 0x0,
    0x7c, 0x0, 0xf8, 0x7, 0xc0, 0x7, 0xc0, 0x7c,
    0x0, 0x3f, 0x3, 0xc0, 0x0, 0xf8, 0x38, 0x0,
    0x7, 0xc3, 0x80, 0x0, 0x3e, 0x38, 0x0, 0x0,
    0xf3, 0x0, 0x0, 0x2, 0x60, 0x0, 0x0, 0x0,
    0x0, 0x0, 0x0, 0x0,

    /* U+30D2 "ヒ" */
    0x38, 0x0, 0x3, 0xf0, 0x0, 0x3, 0xe0, 0x0,
    0x7, 0xc0, 0x0, 0x1e, 0x1, 0x80, 0x78, 0x7,
    0x81, 0xc0, 0x1f, 0x7, 0x0, 0x7c, 0x1c, 0x7,
    0xf8, 0x70, 0x3f, 0x81, 0xc3, 0xf8, 0x7, 0x3f,
    0x80, 0x1f, 0xf0, 0x0, 0x7e, 0x0, 0x1, 0xc0,
    0x0, 0x7, 0x0, 0x0, 0x1c, 0x0, 0x0, 0x70,
    0x0, 0x1, 0xc0, 0x0, 0x7, 0x0, 0x0, 0x1e,
    0x1, 0xf8, 0x7f, 0xff, 0xf1, 0xff, 0xff, 0xc3,
    0xff, 0xfe, 0x3, 0xff, 0xe0,

    /* U+30D3 "ビ" */
    0x0, 0x0, 0xc, 0x0, 0x0, 0x1, 0xc3, 0x0,
    0x0, 0x3f, 0xf0, 0x0, 0xe7, 0x3e, 0x0, 0x1c,
    0xcf, 0x80, 0x3, 0x83, 0xe0, 0x18, 0xe0, 0xf0,
    0x7, 0x80, 0x3c, 0x1, 0xf0, 0xf, 0x0, 0xfc,
    0x3, 0xc0, 0x7f, 0x0, 0xf0, 0x3f, 0x80, 0x3c,
    0x3f, 0x80, 0xf, 0x3f, 0x0, 0x3, 0xfe, 0x0,
    0x0, 0xfc, 0x0, 0x0, 0x3c, 0x0, 0x0, 0xf,
    0x0, 0x0, 0x3, 0xc0, 0x0, 0x0, 0xf0, 0x0,
    0x0, 0x3c, 0x0, 0x0, 0xf, 0x0, 0x0, 0x1,
    0xc0, 0x1f, 0x80, 0x7f, 0xff, 0xf0, 0x1f, 0xff,
    0xfc, 0x3, 0xff, 0xfe, 0x0, 0x7f, 0xfe, 0x0,

    /* U+30D4 "ピ" */
    0x0, 0x0, 0x7, 0x0, 0x0, 0x2, 0x27, 0xc0,
    0x1, 0x5, 0xf8, 0x0, 0x41, 0x1e, 0x0, 0x10,
    0x47, 0x80, 0x2, 0x21, 0xe0, 0x1c, 0x70, 0x70,
    0x3, 0x80, 0x1c, 0x0, 0xf0, 0x7, 0x0, 0x7c,
    0x1, 0xc0, 0x7f, 0x0, 0x70, 0x3f, 0x80, 0x1c,
    0x3f, 0x80, 0x7, 0x3f, 0x0, 0x1, 0xfe, 0x0,
    0x0, 0x7c, 0x0, 0x0, 0x1c, 0x0, 0x0, 0x7,
    0x0, 0x0, 0x1, 0xc0, 0x0, 0x0, 0x70, 0x0,
    0x0, 0x1c, 0x0, 0x0, 0x7, 0x0, 0x0, 0x1,
    0xe0, 0x1f, 0x80, 0x7f, 0xff, 0xf0, 0x1f, 0xff,
    0xfc, 0x3, 0xff, 0xff, 0x0, 0x3f, 0xfe, 0x0,

    /* U+30D5 "フ" */
    0x80, 0x0, 0xf1, 0x80, 0x3f, 0xfb, 0xff, 0xff,
    0xff, 0xff, 0xe3, 0xf7, 0xf8, 0x7, 0xe7, 0x0,
    0xf, 0xc0, 0x0, 0x3f, 0x0, 0x0, 0x7c, 0x0,
    0x1, 0xf0, 0x0, 0x3, 0xe0, 0x0, 0xf, 0x80,
    0x0, 0x1f, 0x0, 0x0, 0x7c, 0x0, 0x1, 0xf0,
    0x0, 0x7, 0xc0, 0x0, 0xf, 0x0, 0x0, 0x3c,
    0x0, 0x0, 0xf0, 0x0, 0x7, 0xc0, 0x0, 0x1e,
    0x0, 0x0, 0x78, 0x0, 0x1, 0xc0, 0x0, 0xe,
    0x0, 0x0, 0x20, 0x0, 0x0,

    /* U+30D6 "ブ" */
    0x0, 0x0, 0x3, 0x0, 0x0, 0x0, 0x1c, 0x0,
    0x0, 0x0, 0xe0, 0x0, 0x0, 0xe7, 0x0, 0x0,
    0x7, 0x38, 0x0, 0x6, 0x38, 0xc0, 0x1f, 0xf9,
    0x8f, 0xff, 0xff, 0xc0, 0xff, 0xfe, 0x7e, 0x7,
    0xf8, 0x7, 0xe0, 0x38, 0x0, 0x7e, 0x0, 0x0,
    0xf, 0xc0, 0x0, 0x0, 0xf8, 0x0, 0x0, 0x1f,
    0x0, 0x0, 0x1, 0xf0, 0x0, 0x0, 0x3e, 0x0,
    0x0, 0x3, 0xe0, 0x0, 0x0, 0x7c, 0x0, 0x0,
    0xf, 0x80, 0x0, 0x1, 0xf0, 0x0, 0x0, 0x1e,
    0x0, 0x0, 0x3, 0xc0, 0x0, 0x0, 0x78, 0x0,
    0x0, 0x1f, 0x0, 0x0, 0x3, 0xc0, 0x0, 0x0,
    0x78, 0x0, 0x0, 0xe, 0x0, 0x0, 0x3, 0x80,
    0x0, 0x0, 0x40, 0x0, 0x0, 0x0,

    /* U+30D7 "プ" */
    0x0, 0x0, 0x1, 0xc0, 0x0, 0x0, 0x22, 0x0,
    0x0, 0x4, 0x10, 0x0, 0x0, 0x41, 0x0, 0x0,
    0x4, 0x18, 0x0, 0xf, 0x22, 0xc0, 0x1f, 0xfb,
    0xef, 0xff, 0xff, 0xc0, 0x7f, 0xff, 0x7e, 0x3,
    0xfc, 0x7, 0xe0, 0x1c, 0x0, 0x7e, 0x0, 0x0,
    0xf, 0xc0, 0x0, 0x0, 0xf8, 0x0, 0x0, 0xf,
    0x80, 0x0, 0x1, 0xf0, 0x0, 0x0, 0x1e, 0x0,
    0x0, 0x3, 0xe0, 0x0, 0x0, 0x7c, 0x0, 0x0,
    0xf, 0x80, 0x0, 0x0, 0xf0, 0x0, 0x0, 0x1f,
    0x0, 0x0, 0x3, 0xc0, 0x0, 0x0, 0x78, 0x0,
    0x0, 0xf, 0x0, 0x0, 0x1, 0xe0, 0x0, 0x0,
    0x78, 0x0, 0x0, 0xe, 0x0, 0x0, 0x3, 0x80,
    0x0, 0x0, 0x60, 0x0, 0x0, 0x0,

    /* U+30D9 "ベ" */
    0x0, 0x0, 0x3, 0x0, 0x0, 0x0, 0x7, 0x0,
    0x0, 0x0, 0xe, 0x0, 0x0, 0x6, 0x1c, 0x0,
    0x0, 0xe, 0x30, 0x0, 0x70, 0x1c, 0x0, 0x3,
    0xf0, 0x38, 0x0, 0x1f, 0xe0, 0xe0, 0x0, 0xf3,
    0xc0, 0x0, 0x7, 0x8f, 0x80, 0x0, 0x3c, 0x1f,
    0x0, 0x1, 0xf0, 0x3e, 0x0, 0x8f, 0x80, 0x7c,
    0x3, 0xfc, 0x0, 0xfc, 0x7, 0xf0, 0x1, 0xf8,
    0x1f, 0x80, 0x3, 0xf0, 0x1c, 0x0, 0x7, 0xf0,
    0x0, 0x0, 0xf, 0xe0, 0x0, 0x0, 0x1f, 0x80,
    0x0, 0x0, 0x3f, 0x0, 0x0, 0x0, 0x7c, 0x0,
    0x0, 0x0, 0xe0,

    /* U+30DA "ペ" */
    0x0, 0x0, 0x7, 0x0, 0x0, 0x0, 0x88, 0x0,
    0x0, 0x10, 0x40, 0x0, 0x1, 0x4, 0x0, 0x18,
    0x10, 0x40, 0x7, 0xc1, 0x4, 0x0, 0xfe, 0x8,
    0x80, 0x1f, 0xf0, 0x70, 0x1, 0xe7, 0xc0, 0x0,
    0x3c, 0x3e, 0x0, 0x7, 0x81, 0xf0, 0x0, 0xf8,
    0xf, 0x80, 0xff, 0x0, 0x7c, 0xf, 0xf0, 0x3,
    0xe0, 0xfe, 0x0, 0x3f, 0x7, 0xc0, 0x1, 0xfc,
    0x18, 0x0, 0xf, 0xe0, 0x0, 0x0, 0x7f, 0x0,
    0x0, 0x3, 0xf0, 0x0, 0x0, 0x1f, 0x0, 0x0,
    0x0, 0xf0, 0x0, 0x0, 0x7,

    /* U+30DB "ホ" */
    0x0, 0x7c, 0x0, 0x0, 0x3f, 0x80, 0x0, 0x3,
    0xf0, 0x0, 0x0, 0x7c, 0x0, 0x0, 0x1e, 0x0,
    0x0, 0x7, 0x80, 0x0, 0x1, 0xe7, 0xfa, 0x1,
    0xff, 0xff, 0xff, 0xff, 0xff, 0xff, 0xff, 0xe0,
    0xe7, 0xf1, 0xe0, 0x0, 0xe0, 0x78, 0x0, 0x0,
    0x1e, 0x0, 0x1, 0x7, 0x8c, 0x0, 0x41, 0xe1,
    0xc0, 0x30, 0x78, 0x3c, 0xc, 0x1e, 0xf, 0x8f,
    0x7, 0x81, 0xf7, 0x81, 0xe0, 0x7f, 0xe0, 0x78,
    0xf, 0xf8, 0x1e, 0x3, 0xfc, 0x47, 0x80, 0x7e,
    0xf, 0xe0, 0x0, 0x1, 0xf8, 0x0, 0x0, 0x3c,
    0x0, 0x0, 0xe, 0x0, 0x0,

    /* U+30DC "ボ" */
    0x0, 0x0, 0x3, 0x80, 0x0, 0x0, 0xe, 0x0,
    0x3c, 0x18, 0x70, 0x7, 0xf0, 0xe7, 0x0, 0x1f,
    0x7, 0x0, 0x0, 0xf0, 0x38, 0x0, 0xf, 0x1,
    0x0, 0x0, 0xf0, 0x20, 0x0, 0xf, 0x7f, 0xcc,
    0x7, 0xff, 0xfc, 0xff, 0xff, 0xff, 0xc7, 0xff,
    0xf0, 0x0, 0x3e, 0xf, 0x0, 0x1, 0x80, 0xf0,
    0x0, 0x0, 0xf, 0x0, 0x0, 0x20, 0xf1, 0xc0,
    0x2, 0xf, 0xf, 0x0, 0x60, 0xf0, 0x78, 0xe,
    0xf, 0x7, 0xc1, 0xc0, 0xf0, 0x3e, 0x7c, 0xf,
    0x3, 0xe7, 0xc0, 0xf0, 0x1e, 0xf8, 0xf, 0x1,
    0xe7, 0xf, 0xf0, 0x4, 0x0, 0x7e, 0x0, 0x0,
    0x3, 0xe0, 0x0, 0x0, 0x3e, 0x0, 0x0, 0x1,
    0xc0, 0x0,

    /* U+30DD "ポ" */
    0x0, 0x0, 0x3, 0x80, 0x0, 0x0, 0x88, 0x0,
    0x0, 0x20, 0x80, 0x1e, 0x4, 0x10, 0x7, 0xe0,
    0x82, 0x0, 0x3e, 0x18, 0xc0, 0x7, 0xc1, 0xf0,
    0x0, 0xf0, 0x0, 0x0, 0x1e, 0x6, 0x10, 0x3,
    0xdf, 0xf3, 0x7, 0xff, 0xff, 0x7f, 0xff, 0xff,
    0xe7, 0xff, 0xe0, 0x0, 0x7c, 0x3c, 0x0, 0x4,
    0x7, 0x80, 0x0, 0x0, 0xf0, 0x0, 0x2, 0x1e,
    0x38, 0x0, 0xc3, 0xc3, 0xc0, 0x18, 0x78, 0x3e,
    0x6, 0xf, 0x3, 0xe1, 0xc1, 0xe0, 0x7c, 0xf8,
    0x3c, 0x7, 0xbf, 0x7, 0x80, 0xff, 0xc0, 0xf0,
    0xe, 0x70, 0xfe, 0x0, 0x80, 0xf, 0xc0, 0x0,
    0x0, 0xf8, 0x0, 0x0, 0x1e, 0x0, 0x0, 0x1,
    0x80, 0x0,

    /* U+30DE "マ" */
    0x0, 0x0, 0x2, 0x0, 0x0, 0x0, 0xf8, 0xc0,
    0x7, 0xff, 0xcf, 0xff, 0xff, 0xfe, 0x7f, 0xfc,
    0x7, 0xf3, 0xf0, 0x0, 0xfe, 0x1c, 0x0, 0x1f,
    0x80, 0x0, 0x1, 0xe0, 0x1, 0x0, 0x3c, 0x0,
    0xe, 0x7, 0x80, 0x0, 0x7c, 0xe0, 0x0, 0x3,
    0xfc, 0x0, 0x0, 0x1f, 0x80, 0x0, 0x0, 0xfc,
    0x0, 0x0, 0x7, 0xc0, 0x0, 0x0, 0x7e, 0x0,
    0x0, 0x3, 0xe0, 0x0, 0x0, 0x1e, 0x0, 0x0,
    0x1, 0xe0, 0x0, 0x0, 0xc, 0x0,

    /* U+30DF "ミ" */
    0x1f, 0x80, 0x7, 0xfc, 0x1, 0xfe, 0x0, 0x7f,
    0x0, 0x3f, 0x0, 0xf, 0x0, 0x7, 0x0, 0x0,
    0x7f, 0x0, 0x1f, 0xe0, 0x7, 0xf8, 0x1, 0xf8,
    0x0, 0xf8, 0x0, 0x78, 0x0, 0x0, 0x0, 0x0,
    0x0, 0x0, 0xfe, 0x0, 0x3f, 0xe0, 0x7, 0xf8,
    0x3, 0xfe, 0x0, 0xff, 0x0, 0x7f, 0x0, 0x1f,
    0x0, 0xf,

    /* U+30E0 "ム" */
    0x0, 0x20, 0x0, 0x0, 0xf, 0x0, 0x0, 0x1,
    0xe0, 0x0, 0x0, 0x7c, 0x0, 0x0, 0x1f, 0x80,
    0x0, 0x7, 0xc0, 0x0, 0x3, 0xe0, 0x0, 0x0,
    0xf8, 0x0, 0x0, 0x3c, 0x0, 0x0, 0x1e, 0x0,
    0x0, 0x7, 0x80, 0x0, 0x3, 0xc2, 0x0, 0x0,
    0xf0, 0x60, 0x0, 0x38, 0xe, 0x0, 0x1e, 0x3,
    0xc0, 0x7, 0x0, 0x78, 0x3, 0x80, 0x1f, 0x0,
    0xe0, 0xf, 0xec, 0x7f, 0xff, 0xfb, 0xff, 0xff,
    0xdf, 0xff, 0xfe, 0x7, 0xdf, 0xf8, 0x1, 0xf3,
    0xe0, 0x0, 0x3c, 0x60, 0x0, 0xe,

    /* U+30E1 "メ" */
    0x0, 0x0, 0xc0, 0x0, 0x0, 0x78, 0x0, 0x0,
    0x3e, 0x0, 0x0, 0x3e, 0x0, 0x0, 0x3f, 0x0,
    0x0, 0x3e, 0x0, 0x0, 0x7c, 0x3, 0x0, 0x7c,
    0x1, 0xe0, 0xf8, 0x0, 0xf8, 0xf0, 0x0, 0x3f,
    0xf0, 0x0, 0x1f, 0xe0, 0x0, 0xf, 0xe0, 0x0,
    0x7, 0xf0, 0x0, 0xf, 0xf8, 0x0, 0x1f, 0xfc,
    0x0, 0x3e, 0xfe, 0x0, 0x3c, 0x7e, 0x0, 0x78,
    0x3e, 0x0, 0xf0, 0x1e, 0x3, 0xe0, 0xe, 0x7,
    0x80, 0x0, 0xf, 0x0, 0x0, 0x1c, 0x0, 0x0,
    0x70, 0x0, 0x0, 0xc0, 0x0, 0x0,

    /* U+30E2 "モ" */
    0x0, 0x0, 0xfc, 0x1, 0x1, 0xff, 0xc0, 0x3f,
    0xff, 0xf0, 0x3, 0xff, 0xf0, 0x0, 0x3f, 0x80,
    0x0, 0x0, 0x3c, 0x0, 0x0, 0x7, 0x80, 0x0,
    0x0, 0xf0, 0x0, 0x0, 0x1c, 0xf, 0xc0, 0x3,
    0xff, 0xfe, 0x3, 0xff, 0xff, 0xff, 0xff, 0xff,
    0xff, 0xff, 0xc0, 0x0, 0xfe, 0x38, 0x0, 0xe,
    0x7, 0x0, 0x0, 0x0, 0xe0, 0x0, 0x0, 0x1c,
    0x0, 0x0, 0x3, 0x80, 0x0, 0x0, 0x70, 0x18,
    0x0, 0xf, 0xff, 0xc0, 0x1, 0xff, 0xf8, 0x0,
    0x1f, 0xff, 0x0, 0x1, 0xff, 0x80,

    /* U+30E3 "ャ" */
    0xf, 0x80, 0x0, 0x3e, 0x0, 0x0, 0xf0, 0x0,
    0x7, 0x81, 0xc0, 0x3c, 0xff, 0x0, 0xff, 0x7c,
    0x1f, 0x87, 0xff, 0xf8, 0x3c, 0xf8, 0xe3, 0x83,
    0x87, 0x18, 0x0, 0x39, 0x80, 0x1, 0xc0, 0x0,
    0xf, 0x0, 0x0, 0x38, 0x0, 0x1, 0xc0, 0x0,
    0xe, 0x0, 0x0, 0x78, 0x0, 0x3, 0xc0, 0x0,
    0x1e, 0x0, 0x0, 0x70, 0x0,

    /* U+30E4 "ヤ" */
    0x0, 0x80, 0x0, 0x0, 0x7f, 0x80, 0x0, 0x1,
    0xf8, 0x0, 0x0, 0xf, 0x80, 0x0, 0x0, 0x78,
    0x0, 0x0, 0x7, 0x80, 0x7c, 0x0, 0x78, 0x3f,
    0xe0, 0x3, 0xbf, 0xff, 0x0, 0x3f, 0xf3, 0xfc,
    0x3f, 0xf0, 0x7e, 0xff, 0xfc, 0x7, 0x87, 0xfd,
    0xc0, 0xf0, 0x7e, 0x1e, 0xe, 0x1, 0x81, 0xe1,
    0xc0, 0x0, 0x1e, 0x18, 0x0, 0x0, 0xe2, 0x0,
    0x0, 0xf, 0x0, 0x0, 0x0, 0xf0, 0x0, 0x0,
    0xf, 0x0, 0x0, 0x0, 0xf8, 0x0, 0x0, 0x7,
    0x80, 0x0, 0x0, 0x78, 0x0, 0x0, 0x7, 0x80,
    0x0, 0x0, 0x7c, 0x0, 0x0, 0x7, 0xc0, 0x0,
    0x0, 0x3c, 0x0, 0x0, 0x3, 0xc0, 0x0,

    /* U+30E5 "ュ" */
    0x0, 0x0, 0x0, 0x20, 0x3e, 0x0, 0xff, 0xfc,
    0x3, 0xff, 0xf0, 0x7, 0x87, 0x80, 0x0, 0x1e,
    0x0, 0x0, 0xf0, 0x0, 0x3, 0xc0, 0x0, 0xf,
    0x0, 0x0, 0x38, 0x0, 0x0, 0xe0, 0x20, 0x7,
    0xfe, 0xff, 0xff, 0xfd, 0xff, 0xff, 0xf3, 0xc0,
    0x0, 0x0,

    /* U+30E7 "ョ" */
    0x0, 0xf, 0x10, 0x1f, 0xe7, 0xff, 0xfd, 0xff,
    0xff, 0x38, 0x7, 0x80, 0x1, 0xe4, 0x3, 0xf1,
    0xff, 0xfc, 0x3f, 0xff, 0x7, 0x3, 0xc0, 0x0,
    0xf0, 0x0, 0x3c, 0x0, 0xe, 0x20, 0x3f, 0xcf,
    0xff, 0xf9, 0xff, 0xfe, 0x3c, 0x0, 0x0,

    /* U+30E8 "ヨ" */
    0x0, 0x0, 0xe1, 0x80, 0x1f, 0xf3, 0xff, 0xff,
    0xf3, 0xff, 0xff, 0xf7, 0xfc, 0x7, 0xe7, 0x0,
    0xf, 0x80, 0x0, 0x1e, 0x0, 0x0, 0x7c, 0x0,
    0x0, 0xf8, 0x80, 0x7f, 0xf1, 0xff, 0xff, 0xc1,
    0xff, 0xff, 0x83, 0xfe, 0xf, 0x3, 0x80, 0x1e,
    0x0, 0x0, 0x3c, 0x0, 0x0, 0x70, 0x0, 0x0,
    0xe1, 0x0, 0x3f, 0xe3, 0xff, 0xff, 0xe7, 0xff,
    0xff, 0xc7, 0xfe, 0x7, 0x87, 0x80, 0x0, 0x0,

    /* U+30E9 "ラ" */
    0x0, 0x3, 0x80, 0x20, 0x3f, 0xc0, 0x7f, 0xff,
    0x80, 0x7f, 0xfe, 0x0, 0x7f, 0x80, 0x0, 0x0,
    0x0, 0x0, 0x0, 0x0, 0x0, 0x0, 0x78, 0xc0,
    0x7f, 0xfd, 0xff, 0xff, 0xf9, 0xff, 0xe3, 0xfb,
    0xf8, 0x7, 0xe3, 0x80, 0xf, 0x80, 0x0, 0x3e,
    0x0, 0x0, 0x7c, 0x0, 0x1, 0xf0, 0x0, 0x7,
    0xc0, 0x0, 0xf, 0x0, 0x0, 0x3e, 0x0, 0x0,
    0xf8, 0x0, 0x3, 0xe0, 0x0, 0xf, 0x0, 0x0,
    0x3c, 0x0, 0x1, 0xe0, 0x0, 0x7, 0x80, 0x0,
    0x38, 0x0, 0x0, 0x80, 0x0, 0x0,

    /* U+30EA "リ" */
    0x0, 0xf, 0x1c, 0xf, 0xef, 0xc0, 0xfc, 0xf8,
    0x1f, 0x3e, 0x7, 0x8f, 0x81, 0xe3, 0xc0, 0x78,
    0xf0, 0x1e, 0x3c, 0x7, 0x8f, 0x1, 0xe3, 0xc0,
    0x78, 0xf0, 0x1e, 0x3c, 0x7, 0x8f, 0x1, 0xe3,
    0xc0, 0x78, 0xf0, 0x1c, 0x3c, 0xf, 0x7, 0x3,
    0xc0, 0x80, 0xf0, 0x0, 0x78, 0x0, 0x3e, 0x0,
    0xf, 0x0, 0x7, 0x80, 0x3, 0xc0, 0x1, 0xc0,
    0x1, 0xc0, 0x0, 0xc0, 0x0,

    /* U+30EB "ル" */
    0x0, 0x7, 0x80, 0x0, 0x0, 0x7, 0xc0, 0x0,
    0x0, 0x7, 0x80, 0x0, 0x0, 0xf, 0x0, 0x0,
    0x3e, 0x1c, 0x0, 0x0, 0x3e, 0x38, 0x0, 0x0,
    0x3e, 0x70, 0x0, 0x0, 0x7c, 0xe0, 0x0, 0x0,
    0xf1, 0xc0, 0x0, 0x1, 0xe3, 0x80, 0x8, 0x3,
    0xc7, 0x0, 0x70, 0xf, 0xe, 0x1, 0xc0, 0x1e,
    0x1c, 0x7, 0x0, 0x3c, 0x38, 0x3c, 0x0, 0xf0,
    0x70, 0xf0, 0x1, 0xe0, 0xe7, 0xc0, 0x7, 0x81,
    0xff, 0x0, 0xe, 0x7, 0xfc, 0x0, 0x38, 0xf,
    0xf0, 0x0, 0xe0, 0xf, 0xc0, 0x1, 0x80, 0xf,
    0x0, 0x6, 0x0, 0xc, 0x0, 0x18, 0x0, 0x0,
    0x0, 0x40, 0x0, 0x0, 0x0,

    /* U+30EC "レ" */
    0x78, 0x0, 0x0, 0x7f, 0x0, 0x0, 0xf, 0x80,
    0x0, 0x3, 0xe0, 0x0, 0x1, 0xe0, 0x0, 0x0,
    0xe0, 0x0, 0x0, 0x70, 0x0, 0x0, 0x38, 0x0,
    0x1, 0x1c, 0x0, 0x3, 0xe, 0x0, 0x3, 0x7,
    0x0, 0x3, 0x83, 0x80, 0x7, 0x81, 0xc0, 0x7,
    0x80, 0xe0, 0xf, 0x80, 0x70, 0xf, 0x80, 0x38,
    0x1f, 0x0, 0x1c, 0x3f, 0x0, 0xe, 0xff, 0x0,
    0xf, 0xff, 0x0, 0x7, 0xfe, 0x0, 0x1, 0xfe,
    0x0, 0x0, 0xfc, 0x0, 0x0, 0x3c, 0x0, 0x0,

    /* U+30ED "ロ" */
    0x0, 0x0, 0x30, 0x78, 0x0, 0x7c, 0x3e, 0xf,
    0xfe, 0x3f, 0xff, 0xff, 0x3f, 0xf8, 0x3f, 0x1e,
    0x0, 0x3e, 0x1e, 0x0, 0x3e, 0x1e, 0x0, 0x3c,
    0x1e, 0x0, 0x3c, 0x1e, 0x0, 0x7c, 0x1e, 0x0,
    0x7c, 0x1e, 0x0, 0x78, 0x1e, 0x0, 0x78, 0x1e,
    0x0, 0x78, 0x1e, 0x1f, 0xfc, 0x1f, 0xff, 0xfe,
    0x1f, 0xff, 0xfe, 0x1f, 0x0, 0x0, 0x1e, 0x0,
    0x0, 0xe, 0x0, 0x0,

    /* U+30EF "ワ" */
    0x0, 0x0, 0x0, 0x38, 0x0, 0xf, 0xf, 0x3,
    0xff, 0xc7, 0xff, 0xff, 0xf1, 0xff, 0xf1, 0xf8,
    0xf0, 0x0, 0xfc, 0x78, 0x0, 0x7c, 0x3c, 0x0,
    0x3c, 0x1e, 0x0, 0x3e, 0xf, 0x0, 0x1f, 0x7,
    0x80, 0xf, 0x3, 0xc0, 0xf, 0x81, 0xe0, 0x7,
    0x80, 0xf0, 0x7, 0xc0, 0x38, 0x3, 0xc0, 0x0,
    0x3, 0xc0, 0x0, 0x3, 0xe0, 0x0, 0x1, 0xe0,
    0x0, 0x1, 0xe0, 0x0, 0x1, 0xe0, 0x0, 0x1,
    0xe0, 0x0, 0x1, 0xe0, 0x0, 0x1, 0xc0, 0x0,
    0x1, 0xc0, 0x0, 0x3, 0x80, 0x0, 0x0, 0x0,
    0x0, 0x0,

    /* U+30F3 "ン" */
    0x40, 0x0, 0x0, 0x1f, 0x0, 0x0, 0x3, 0xf0,
    0x0, 0x0, 0x7f, 0x0, 0x0, 0xf, 0xc0, 0x0,
    0x81, 0xf8, 0x0, 0x60, 0x3e, 0x0, 0x30, 0xf,
    0x0, 0x18, 0x0, 0x0, 0xe, 0x0, 0x0, 0x7,
    0x0, 0x0, 0x3, 0x80, 0x0, 0x3, 0xc0, 0x0,
    0x1, 0xe0, 0x0, 0x0, 0xf8, 0x0, 0x0, 0xfc,
    0x0, 0x0, 0xfc, 0x0, 0x0, 0x7e, 0x0, 0x30,
    0x7f, 0x0, 0x7, 0xff, 0x80, 0x1, 0xff, 0x80,
    0x0, 0x3f, 0xc0, 0x0, 0x7, 0xc0, 0x0, 0x0,
    0xe0, 0x0, 0x0,

    /* U+30F6 "ヶ" */
    0x3, 0x80, 0x0, 0xe, 0x0, 0x0, 0x78, 0x0,
    0x3, 0xc0, 0x0, 0x3c, 0x6, 0x1, 0xc3, 0xfc,
    0x1f, 0xff, 0xe0, 0xff, 0x0, 0xe, 0x1e, 0x0,
    0xe0, 0xf8, 0xe, 0x7, 0x80, 0x40, 0x38, 0x4,
    0x3, 0xc0, 0x0, 0x1c, 0x0, 0x1, 0xc0, 0x0,
    0x1c, 0x0, 0x1, 0xc0, 0x0, 0x1c, 0x0, 0x1,
    0xc0, 0x0, 0x18, 0x0, 0x0,

    /* U+30FC "ー" */
    0x0, 0x0, 0x0, 0xe, 0x0, 0x1, 0xfc, 0x7f,
    0xff, 0xff, 0xe7, 0xff, 0xff, 0xff, 0x3f, 0xff,
    0xff, 0xe1, 0xf0, 0x0, 0x0, 0x8, 0x0, 0x0,
    0x0,

    /* U+4E00 "一" */
    0x0, 0x0, 0x0, 0x40, 0x0, 0x0, 0x3, 0x80,
    0x0, 0x0, 0x1f, 0x0, 0x0, 0x0, 0x7e, 0xff,
    0xff, 0xff, 0xfc,

    /* U+4E03 "七" */
    0x0, 0x3c, 0x0, 0x0, 0x0, 0x7c, 0x0, 0x0,
    0x0, 0xf0, 0x0, 0x0, 0x1, 0xe0, 0x0, 0x0,
    0x3, 0xc0, 0x0, 0x0, 0x7, 0x80, 0x0, 0x0,
    0xf, 0x0, 0x18, 0x0, 0x1e, 0x0, 0x7c, 0x0,
    0x3c, 0x0, 0xfe, 0x0, 0x78, 0x3, 0xe0, 0x0,
    0xf0, 0xf8, 0x0, 0x1, 0xfe, 0x0, 0x0, 0xf,
    0xc0, 0x0, 0x7, 0xe7, 0x80, 0x0, 0x10, 0xf,
    0x0, 0x0, 0x0, 0x1e, 0x0, 0x0, 0x0, 0x3c,
    0x0, 0x0, 0x0, 0x78, 0x0, 0x0, 0x0, 0xf0,
    0x0, 0x80, 0x1, 0xe0, 0x1, 0x0, 0x3, 0xc0,
    0x2, 0x0, 0x7, 0x80, 0xc, 0x0, 0xf, 0x0,
    0x18, 0x0, 0x1e, 0x0, 0x70, 0x0, 0x3f, 0xff,
    0xf8, 0x0, 0x7f, 0xff, 0xf0, 0x0, 0x7f, 0xff,
    0xc0, 0x0, 0x7f, 0xfe, 0x0,

    /* U+4E07 "万" */
    0x0, 0x0, 0x0, 0x60, 0x0, 0x0, 0x3, 0xc0,
    0x0, 0x0, 0xf, 0x9f, 0xff, 0xff, 0xff, 0x0,
    0x3e, 0x0, 0x0, 0x0, 0xf8, 0x0, 0x0, 0x3,
    0xe0, 0x0, 0x0, 0xf, 0x80, 0x0, 0x0, 0x3e,
    0x0, 0x0, 0x0, 0xf8, 0xc, 0x0, 0x3, 0xff,
    0xf8, 0x0, 0xf, 0xff, 0xf0, 0x0, 0x3c, 0x7,
    0xc0, 0x0, 0xf0, 0x1e, 0x0, 0x7, 0xc0, 0x78,
    0x0, 0x1e, 0x1, 0xe0, 0x0, 0x78, 0x7, 0x80,
    0x3, 0xe0, 0x1e, 0x0, 0xf, 0x0, 0xf8, 0x0,
    0x3c, 0x3, 0xe0, 0x1, 0xe0, 0xf, 0x0, 0xf,
    0x0, 0x3c, 0x0, 0x38, 0x1, 0xf0, 0x1, 0xc0,
    0x7, 0xc0, 0xe, 0x7, 0xfe, 0x0, 0x70, 0x3,
    0xf8, 0x3, 0x80, 0x7, 0xc0, 0x18, 0x0, 0x1c,
    0x0, 0x0, 0x0, 0x0, 0x0,

    /* U+4E08 "丈" */
    0x0, 0x0, 0xf8, 0x0, 0x0, 0x7, 0x80, 0x0,
    0x0, 0x3c, 0x0, 0x0, 0x1, 0xe0, 0x0, 0x0,
    0xf, 0xc, 0x0, 0x0, 0x78, 0x70, 0x0, 0x3,
    0xc7, 0xdf, 0xff, 0xff, 0xff, 0x0, 0x0, 0xf0,
    0x0, 0x0, 0x7, 0x80, 0x1, 0x0, 0x3c, 0x0,
    0x8, 0x1, 0xe0, 0x0, 0x20, 0xf, 0x0, 0x1,
    0x0, 0x78, 0x0, 0x4, 0x7, 0x80, 0x0, 0x30,
    0x3c, 0x0, 0x1, 0x81, 0xe0, 0x0, 0x6, 0xf,
    0x0, 0x0, 0x38, 0xf0, 0x0, 0x0, 0xe7, 0x80,
    0x0, 0x3, 0xf8, 0x0, 0x0, 0xf, 0xc0, 0x0,
    0x0, 0x7e, 0x0, 0x0, 0x7, 0xfe, 0x0, 0x0,
    0x7f, 0xff, 0x0, 0x7, 0x8f, 0xff, 0xc0, 0xf0,
    0x1f, 0xfc, 0x1e, 0x0, 0x3f, 0xc3, 0x80, 0x0,
    0x7c, 0x60, 0x0, 0x0, 0x40,

    /* U+4E09 "三" */
    0x0, 0x0, 0x0, 0x80, 0x0, 0x0, 0x7, 0x0,
    0x0, 0x0, 0x3f, 0xf, 0xff, 0xff, 0xfe, 0x0,
    0x0, 0x0, 0x0, 0x0, 0x0, 0x0, 0x0, 0x0,
    0x0, 0x0, 0x0, 0x0, 0x0, 0x0, 0x0, 0x0,
    0x0, 0x0, 0x0, 0x0, 0x0, 0x0, 0x0, 0x0,
    0x60, 0x0, 0x0, 0x1, 0xc0, 0x0, 0x0, 0xf,
    0x80, 0x3f, 0xff, 0xff, 0x0, 0x0, 0x0, 0x0,
    0x0, 0x0, 0x0, 0x0, 0x0, 0x0, 0x0, 0x0,
    0x0, 0x0, 0x0, 0x0, 0x0, 0x0, 0x0, 0x0,
    0x0, 0x0, 0x0, 0x0, 0x0, 0x0, 0x0, 0x0,
    0x0, 0x0, 0x0, 0x0, 0x0, 0x6, 0x0, 0x0,
    0x0, 0x1c, 0x0, 0x0, 0x0, 0xfb, 0xff, 0xff,
    0xff, 0xf0,

    /* U+4E0A "上" */
    0x0, 0x1f, 0x80, 0x0, 0x0, 0x7c, 0x0, 0x0,
    0x1, 0xf0, 0x0, 0x0, 0x7, 0xc0, 0x0, 0x0,
    0x1f, 0x0, 0x0, 0x0, 0x7c, 0x0, 0x0, 0x1,
    0xf0, 0x0, 0x0, 0x7, 0xc0, 0x0, 0x0, 0x1f,
    0x0, 0x0, 0x0, 0x7c, 0x4, 0x0, 0x1, 0xf0,
    0x38, 0x0, 0x7, 0xc1, 0xf0, 0x0, 0x1f, 0xff,
    0xf0, 0x0, 0x7c, 0x0, 0x0, 0x1, 0xf0, 0x0,
    0x0, 0x7, 0xc0, 0x0, 0x0, 0x1f, 0x0, 0x0,
    0x0, 0x7c, 0x0, 0x0, 0x1, 0xf0, 0x0, 0x0,
    0x7, 0xc0, 0x0, 0x0, 0x1f, 0x0, 0x0, 0x0,
    0x7c, 0x0, 0x0, 0x1, 0xf0, 0x0, 0x0, 0x7,
    0xc0, 0x0, 0x0, 0x1f, 0x0, 0x40, 0x0, 0x7c,
    0x3, 0x80, 0x1, 0xf0, 0x1f, 0xbf, 0xff, 0xff,
    0xff,

    /* U+4E0B "下" */
    0x0, 0x0, 0x0, 0x40, 0x0, 0x0, 0x3, 0x80,
    0x0, 0x0, 0x1f, 0xbf, 0xff, 0xff, 0xff, 0x0,
    0xf, 0x0, 0x0, 0x0, 0x3c, 0x0, 0x0, 0x0,
    0xf0, 0x0, 0x0, 0x3, 0xc0, 0x0, 0x0, 0xf,
    0x0, 0x0, 0x0, 0x3c, 0x0, 0x0, 0x0, 0xff,
    0x0, 0x0, 0x3, 0xdf, 0x80, 0x0, 0xf, 0x3f,
    0x0, 0x0, 0x3c, 0x7f, 0x0, 0x0, 0xf0, 0xfe,
    0x0, 0x3, 0xc1, 0xf8, 0x0, 0xf, 0x3, 0xf0,
    0x0, 0x3c, 0x7, 0xc0, 0x0, 0xf0, 0xf, 0x0,
    0x3, 0xc0, 0x38, 0x0, 0xf, 0x0, 0x0, 0x0,
    0x3c, 0x0, 0x0, 0x0, 0xf0, 0x0, 0x0, 0x3,
    0xc0, 0x0, 0x0, 0xf, 0x0, 0x0, 0x0, 0x3c,
    0x0, 0x0, 0x0, 0xf0, 0x0, 0x0, 0x3, 0xc0,
    0x0, 0x0, 0xf, 0x0, 0x0, 0x0, 0x38, 0x0,
    0x0,

    /* U+4E0D "不" */
    0x0, 0x0, 0x0, 0x40, 0x0, 0x0, 0x3, 0xc0,
    0x0, 0x0, 0x1f, 0xbf, 0xff, 0xff, 0xff, 0x0,
    0x3, 0xf0, 0x0, 0x0, 0xf, 0x80, 0x0, 0x0,
    0x7c, 0x0, 0x0, 0x3, 0xf0, 0x0, 0x0, 0xf,
    0x80, 0x0, 0x0, 0x7f, 0x0, 0x0, 0x3, 0xf8,
    0x0, 0x0, 0xf, 0xef, 0x0, 0x0, 0x7f, 0x8f,
    0x80, 0x3, 0xde, 0x1f, 0x0, 0x1e, 0x78, 0x3f,
    0x0, 0xe1, 0xe0, 0x7e, 0x7, 0x7, 0x80, 0xf8,
    0x30, 0x1e, 0x1, 0xe3, 0x80, 0x78, 0x7, 0x98,
    0x1, 0xe0, 0xc, 0x0, 0x7, 0x80, 0x0, 0x0,
    0x1e, 0x0, 0x0, 0x0, 0x78, 0x0, 0x0, 0x1,
    0xe0, 0x0, 0x0, 0x7, 0x80, 0x0, 0x0, 0x1e,
    0x0, 0x0, 0x0, 0x78, 0x0, 0x0, 0x1, 0xe0,
    0x0, 0x0, 0x7, 0x80, 0x0, 0x0, 0x1c, 0x0,
    0x0,

    /* U+4E16 "世" */
    0x0, 0x7, 0xc4, 0x0, 0xf, 0x8f, 0xf, 0x80,
    0x1e, 0x1e, 0x1e, 0x0, 0x3c, 0x3c, 0x3c, 0x0,
    0x78, 0x78, 0x78, 0x0, 0xf0, 0xf0, 0xf0, 0x1,
    0xe1, 0xe1, 0xe4, 0x3, 0xc3, 0xc3, 0xcc, 0x7,
    0x87, 0x87, 0xbd, 0xff, 0xff, 0xff, 0xfc, 0x1e,
    0x1e, 0x1e, 0x0, 0x3c, 0x3c, 0x3c, 0x0, 0x78,
    0x78, 0x78, 0x0, 0xf0, 0xf0, 0xf0, 0x1, 0xe1,
    0xe1, 0xe0, 0x3, 0xc3, 0xc3, 0xc0, 0x7, 0x87,
    0x87, 0x80, 0xf, 0xf, 0xf, 0x0, 0x1e, 0x1f,
    0xfe, 0x0, 0x3c, 0x3c, 0x3c, 0x0, 0x78, 0x78,
    0x78, 0x0, 0xf0, 0xf0, 0x80, 0x1, 0xe0, 0x0,
    0x0, 0x3, 0xc0, 0x0, 0x10, 0x7, 0x80, 0x0,
    0x70, 0xf, 0x0, 0x1, 0xf0, 0x1f, 0xff, 0xff,
    0xf0, 0x3c, 0x0, 0x0, 0x0, 0x78, 0x0, 0x0,
    0x0, 0xe0, 0x0, 0x0, 0x0,

    /* U+4E21 "両" */
    0x0, 0x0, 0x0, 0x40, 0x0, 0x0, 0x1, 0xc0,
    0x0, 0x0, 0xf, 0xbf, 0xff, 0xff, 0xff, 0x0,
    0x7, 0x80, 0x0, 0x0, 0x1e, 0x0, 0x0, 0x0,
    0x78, 0x0, 0xc, 0x1, 0xe0, 0x10, 0x3f, 0xff,
    0xff, 0xe0, 0xff, 0xff, 0xff, 0xe3, 0xc0, 0x78,
    0xf, 0xf, 0x1, 0xe0, 0x3c, 0x3c, 0x7, 0x80,
    0xf0, 0xf3, 0xde, 0x7b, 0xc3, 0xce, 0x79, 0xcf,
    0xf, 0x39, 0xe7, 0x3c, 0x3c, 0xe7, 0x9c, 0xf0,
    0xf3, 0x9e, 0x73, 0xc3, 0xce, 0x79, 0xcf, 0xf,
    0x39, 0xe7, 0x3c, 0x3c, 0xe7, 0x9c, 0xf0, 0xf3,
    0x9e, 0x73, 0xc3, 0xcf, 0xff, 0xcf, 0xf, 0x38,
    0x7, 0x3c, 0x3c, 0xe0, 0x1c, 0xf0, 0xf3, 0x0,
    0x3, 0xc3, 0xc0, 0x0, 0xf, 0xf, 0x0, 0x3,
    0xfc, 0x3c, 0x0, 0x3, 0xe0, 0xf0, 0x0, 0x7,
    0x83, 0x80, 0x0, 0x18, 0x0,

    /* U+4E26 "並" */
    0x1, 0x0, 0x8, 0x0, 0x1, 0xc0, 0x3e, 0x0,
    0x3, 0xc0, 0x7e, 0x0, 0x3, 0xc0, 0xf0, 0x0,
    0x7, 0xc1, 0xc0, 0x0, 0xf, 0x87, 0x8, 0x0,
    0xe, 0xc, 0x38, 0x0, 0x8, 0x10, 0x7c, 0x3f,
    0xff, 0xff, 0xfc, 0x0, 0x78, 0xf0, 0x0, 0x0,
    0xf1, 0xe0, 0x0, 0x1, 0xe3, 0xc0, 0x0, 0x83,
    0xc7, 0x8e, 0x1, 0x87, 0x8f, 0x1f, 0x3, 0x8f,
    0x1e, 0x7c, 0x7, 0x9e, 0x3c, 0xf0, 0x7, 0x3c,
    0x79, 0xe0, 0xf, 0x78, 0xf3, 0x80, 0x1e, 0xf1,
    0xe7, 0x0, 0x3d, 0xe3, 0xdc, 0x0, 0x7b, 0xc7,
    0xb0, 0x0, 0xf7, 0x8f, 0x60, 0x1, 0xef, 0x1e,
    0x80, 0x0, 0x1e, 0x3c, 0x0, 0x0, 0x3c, 0x78,
    0x0, 0x0, 0x78, 0xf0, 0x40, 0x0, 0xf1, 0xe1,
    0xc0, 0x1, 0xe3, 0xc7, 0xcf, 0xff, 0xff, 0xff,
    0xcf, 0xff, 0xff, 0xff, 0x80,

    /* U+4E2D "中" */
    0x0, 0x1f, 0x0, 0x0, 0x1, 0xe0, 0x0, 0x0,
    0x1e, 0x0, 0x0, 0x1, 0xe0, 0x0, 0x0, 0x1e,
    0x0, 0x8, 0x1, 0xe0, 0x10, 0xe0, 0x1e, 0x1,
    0x8f, 0xff, 0xff, 0xfc, 0xff, 0xff, 0xff, 0xef,
    0x1, 0xe0, 0x3e, 0xf0, 0x1e, 0x3, 0xcf, 0x1,
    0xe0, 0x3c, 0xf0, 0x1e, 0x3, 0xcf, 0x1, 0xe0,
    0x3c, 0xf0, 0x1e, 0x3, 0xcf, 0x1, 0xe0, 0x3c,
    0xf0, 0x1e, 0x3, 0xcf, 0xff, 0xff, 0xfc, 0xf0,
    0x1e, 0x3, 0xcf, 0x1, 0xe0, 0x3c, 0xe0, 0x1e,
    0x3, 0x0, 0x1, 0xe0, 0x0, 0x0, 0x1e, 0x0,
    0x0, 0x1, 0xe0, 0x0, 0x0, 0x1e, 0x0, 0x0,
    0x1, 0xe0, 0x0, 0x0, 0x1e, 0x0, 0x0, 0x1,
    0xe0, 0x0, 0x0, 0x1e, 0x0, 0x0, 0x1, 0xe0,
    0x0, 0x0, 0x1c, 0x0, 0x0,

    /* U+4E3B "主" */
    0x0, 0x3c, 0x0, 0x0, 0x0, 0x3e, 0x0, 0x0,
    0x0, 0x3f, 0x0, 0x0, 0x0, 0x3e, 0x0, 0x0,
    0x0, 0x3c, 0x0, 0x0, 0x0, 0x78, 0x8, 0x0,
    0x0, 0x70, 0x38, 0x0, 0x0, 0x0, 0xfc, 0x1f,
    0xff, 0xff, 0xfc, 0x0, 0xf, 0x80, 0x0, 0x0,
    0x1f, 0x0, 0x0, 0x0, 0x3e, 0x0, 0x0, 0x0,
    0x7c, 0x0, 0x0, 0x0, 0xf8, 0x0, 0x0, 0x1,
    0xf0, 0x20, 0x0, 0x3, 0xe0, 0xe0, 0x0, 0x7,
    0xc3, 0xe0, 0x1f, 0xff, 0xff, 0xe0, 0x0, 0x1f,
    0x0, 0x0, 0x0, 0x3e, 0x0, 0x0, 0x0, 0x7c,
    0x0, 0x0, 0x0, 0xf8, 0x0, 0x0, 0x1, 0xf0,
    0x0, 0x0, 0x3, 0xe0, 0x0, 0x0, 0x7, 0xc0,
    0x20, 0x0, 0xf, 0x80, 0xe0, 0x0, 0x1f, 0x3,
    0xe7, 0xff, 0xff, 0xff, 0xe7, 0xff, 0xff, 0xff,
    0xe0,

    /* U+4E45 "久" */
    0x0, 0xc0, 0x0, 0x0, 0x1, 0xf0, 0x0, 0x0,
    0x3, 0xf0, 0x0, 0x0, 0xf, 0x80, 0x0, 0x0,
    0x1f, 0x6, 0x0, 0x0, 0x3f, 0xff, 0x0, 0x0,
    0x7f, 0xff, 0x0, 0x1, 0xf0, 0x7e, 0x0, 0x3,
    0xc0, 0xf8, 0x0, 0xf, 0x81, 0xf0, 0x0, 0x1e,
    0x7, 0xc0, 0x0, 0x38, 0xf, 0x80, 0x0, 0xf0,
    0x1f, 0x0, 0x1, 0xc0, 0x3e, 0x0, 0x7, 0x0,
    0xfc, 0x0, 0x1c, 0x1, 0xf8, 0x0, 0x30, 0x7,
    0xc8, 0x0, 0x80, 0xf, 0x90, 0x2, 0x0, 0x3e,
    0x30, 0x0, 0x0, 0x78, 0x60, 0x0, 0x1, 0xf0,
    0xe0, 0x0, 0x7, 0xc0, 0xe0, 0x0, 0x1f, 0x1,
    0xe0, 0x0, 0x3c, 0x3, 0xf0, 0x0, 0xf0, 0x3,
    0xf0, 0x3, 0xc0, 0x7, 0xf8, 0x1e, 0x0, 0x7,
    0xe0, 0x70, 0x0, 0x7, 0x81, 0x80, 0x0, 0x6,
    0x1c, 0x0, 0x0, 0x4, 0x0,

    /* U+4E4F "乏" */
    0x0, 0x0, 0x6, 0x0, 0x0, 0x1, 0xf8, 0x0,
    0x0, 0x7f, 0xe0, 0x0, 0x3f, 0xff, 0x80, 0x3f,
    0xfe, 0x0, 0x3f, 0xc7, 0xc0, 0x0, 0x0, 0x3c,
    0x0, 0x0, 0x1, 0xe0, 0x0, 0x0, 0xf, 0x2,
    0x1, 0xff, 0xff, 0xfc, 0xf, 0xff, 0xff, 0xf0,
    0x0, 0x0, 0x1f, 0x80, 0x0, 0x1, 0xf0, 0x0,
    0x0, 0x1f, 0x0, 0x0, 0x1, 0xf0, 0x0, 0x0,
    0x1f, 0x0, 0x0, 0x1, 0xf0, 0x0, 0x0, 0x1e,
    0x0, 0x1, 0x81, 0xe0, 0x0, 0xc, 0x3c, 0x0,
    0x0, 0x43, 0x80, 0x0, 0x5, 0x60, 0x0, 0x0,
    0x6c, 0x0, 0x0, 0x6, 0x3c, 0x0, 0x0, 0xf1,
    0xff, 0xff, 0xfb, 0x7, 0xff, 0xff, 0x88, 0xf,
    0xff, 0xf8, 0x0, 0x1f, 0xff, 0xc0,

    /* U+4E57 "乗" */
    0x0, 0x0, 0x0, 0x0, 0x0, 0x0, 0x3c, 0x0,
    0x0, 0xf, 0xf8, 0x0, 0x7, 0xff, 0xf0, 0xf,
    0xff, 0xf8, 0x0, 0x40, 0x1e, 0x0, 0x0, 0x0,
    0x78, 0xc, 0x0, 0x1, 0xe0, 0x7c, 0x3f, 0xff,
    0xff, 0xf8, 0xf, 0x1e, 0x3c, 0x0, 0x3c, 0x78,
    0xf2, 0x0, 0xf1, 0xe3, 0xcc, 0x3, 0xc7, 0x8f,
    0x7b, 0xff, 0xff, 0xff, 0xf0, 0x3c, 0x78, 0xf0,
    0x0, 0xf1, 0xe3, 0xc0, 0x3, 0xc7, 0x8f, 0x60,
    0xf, 0x1e, 0x3f, 0xc3, 0xff, 0xff, 0xff, 0x8f,
    0xff, 0xff, 0xfe, 0x0, 0x3f, 0xa0, 0x0, 0x1,
    0xfe, 0xc0, 0x0, 0xf, 0xf9, 0xc0, 0x0, 0x7d,
    0xe7, 0x80, 0x3, 0xe7, 0x8f, 0xc0, 0x1f, 0x1e,
    0x1f, 0xe0, 0xf0, 0x78, 0x3f, 0x87, 0x1, 0xe0,
    0x7c, 0x60, 0x7, 0x80, 0x62, 0x0, 0x1e, 0x0,
    0x0, 0x0, 0x70, 0x0, 0x0,

    /* U+4E5D "九" */
    0x0, 0x7c, 0x0, 0x0, 0x1, 0xe0, 0x0, 0x0,
    0x7, 0x80, 0x0, 0x0, 0x1e, 0x0, 0x0, 0x0,
    0x78, 0x0, 0x0, 0x1, 0xe0, 0x0, 0x0, 0x7,
    0x81, 0x80, 0x1f, 0xff, 0xff, 0x0, 0x7f, 0xff,
    0xfe, 0x0, 0x1, 0xe0, 0xf0, 0x0, 0x7, 0x83,
    0xc0, 0x0, 0x1e, 0xf, 0x0, 0x0, 0x78, 0x3c,
    0x0, 0x1, 0xe0, 0xf0, 0x0, 0xf, 0x83, 0xc0,
    0x0, 0x3c, 0xf, 0x0, 0x0, 0xf0, 0x3c, 0x0,
    0x3, 0xc0, 0xf0, 0x0, 0xe, 0x3, 0xc0, 0x0,
    0x78, 0xf, 0x2, 0x1, 0xe0, 0x3c, 0x8, 0xf,
    0x0, 0xf0, 0x60, 0x38, 0x3, 0xc1, 0x81, 0xc0,
    0xf, 0x6, 0xf, 0x0, 0x3f, 0xfc, 0x38, 0x0,
    0xff, 0xf1, 0x80, 0x3, 0xff, 0xcc, 0x0, 0x7,
    0xfc, 0xc0, 0x0, 0x0, 0x0,

    /* U+4E88 "予" */
    0x0, 0x0, 0x3, 0x0, 0x3f, 0xff, 0xfe, 0x0,
    0xff, 0xff, 0xfc, 0x0, 0x0, 0x7, 0xe0, 0x0,
    0xf0, 0x3e, 0x0, 0x0, 0xfd, 0xe0, 0x0, 0x1,
    0xfc, 0x0, 0x0, 0x3, 0xf0, 0x0, 0x0, 0x7,
    0xe0, 0x0, 0x0, 0xf, 0x80, 0x0, 0x0, 0x1c,
    0x6, 0x3f, 0xff, 0xff, 0xfc, 0xff, 0xff, 0xff,
    0xf8, 0x0, 0x1e, 0x3, 0xf0, 0x0, 0x78, 0x1f,
    0x0, 0x1, 0xe0, 0x78, 0x0, 0x7, 0x83, 0xc0,
    0x0, 0x1e, 0xc, 0x0, 0x0, 0x78, 0x60, 0x0,
    0x1, 0xe0, 0x0, 0x0, 0x7, 0x80, 0x0, 0x0,
    0x1e, 0x0, 0x0, 0x0, 0x78, 0x0, 0x0, 0x1,
    0xe0, 0x0, 0x0, 0x7, 0x80, 0x0, 0x3, 0xfe,
    0x0, 0x0, 0x3, 0xf8, 0x0, 0x0, 0x7, 0xc0,
    0x0, 0x0, 0x1e, 0x0, 0x0,

    /* U+4E89 "争" */
    0x0, 0xe0, 0x0, 0x0, 0x1, 0xf8, 0x0, 0x0,
    0x7, 0xc1, 0x80, 0x0, 0xf, 0xff, 0x80, 0x0,
    0x3f, 0xff, 0x80, 0x0, 0xf8, 0x3f, 0x0, 0x1,
    0xe0, 0x78, 0x0, 0x7, 0x81, 0xe1, 0x0, 0x1c,
    0x3, 0x7, 0x80, 0x77, 0xff, 0xff, 0x81, 0x80,
    0x3c, 0x1f, 0x4, 0x0, 0x78, 0x3e, 0x80, 0x0,
    0xf0, 0x7d, 0x80, 0x1, 0xe0, 0xff, 0xbf, 0xff,
    0xff, 0xff, 0x80, 0x7, 0x83, 0xe0, 0x0, 0xf,
    0x7, 0xc0, 0x0, 0x1e, 0xf, 0x80, 0x0, 0x3c,
    0x1f, 0x0, 0x0, 0x78, 0x3e, 0x0, 0xff, 0xff,
    0xfc, 0x0, 0x1, 0xe0, 0xf8, 0x0, 0x3, 0xc1,
    0xe0, 0x0, 0x7, 0x80, 0x0, 0x0, 0xf, 0x0,
    0x0, 0x0, 0x1e, 0x0, 0x0, 0x7, 0xfc, 0x0,
    0x0, 0x1, 0xf8, 0x0, 0x0, 0x3, 0xe0, 0x0,
    0x0, 0x7, 0x80, 0x0, 0x0,

    /* U+4E8B "事" */
    0x0, 0x6, 0x0, 0x0, 0x0, 0xf, 0x80, 0x80,
    0x0, 0x1e, 0x1, 0x80, 0x0, 0x3c, 0x7, 0xcf,
    0xff, 0xff, 0xff, 0xc0, 0x0, 0xf0, 0x0, 0x3,
    0x1, 0xe0, 0x40, 0x7, 0xff, 0xff, 0xe0, 0xf,
    0xff, 0xff, 0xe0, 0x1e, 0xf, 0x7, 0x80, 0x3c,
    0x1e, 0xf, 0x0, 0x78, 0x3c, 0x1e, 0x0, 0xff,
    0xff, 0xfc, 0x1, 0xe0, 0xf0, 0x70, 0x0, 0x1,
    0xe0, 0x40, 0x7, 0xff, 0xff, 0xc0, 0xf, 0xff,
    0xff, 0xe0, 0x0, 0xf, 0x7, 0xa0, 0x0, 0x1e,
    0xf, 0xe7, 0xff, 0xff, 0xff, 0xf0, 0x0, 0x78,
    0x3c, 0x0, 0x0, 0xf0, 0x78, 0x0, 0x1, 0xe0,
    0xf0, 0x7, 0xff, 0xff, 0xe0, 0x0, 0x7, 0x83,
    0xc0, 0x0, 0xf, 0x7, 0x0, 0x7, 0x1e, 0x0,
    0x0, 0x1, 0xfc, 0x0, 0x0, 0x1, 0xf8, 0x0,
    0x0, 0x3, 0xe0, 0x0, 0x0, 0x2, 0x0, 0x0,
    0x0,

    /* U+4E8C "二" */
    0x0, 0x0, 0x2, 0x0, 0x0, 0x0, 0x1c, 0x0,
    0x0, 0x0, 0xfc, 0x3, 0xff, 0xff, 0xf8, 0x0,
    0x0, 0x0, 0x0, 0x0, 0x0, 0x0, 0x0, 0x0,
    0x0, 0x0, 0x0, 0x0, 0x0, 0x0, 0x0, 0x0,
    0x0, 0x0, 0x0, 0x0, 0x0, 0x0, 0x0, 0x0,
    0x0, 0x0, 0x0, 0x0, 0x0, 0x0, 0x0, 0x0,
    0x0, 0x0, 0x0, 0x0, 0x0, 0x0, 0x0, 0x0,
    0x0, 0x0, 0x0, 0x0, 0x0, 0x0, 0x0, 0x0,
    0x0, 0x0, 0x0, 0x0, 0x0, 0x0, 0x4, 0x0,
    0x0, 0x0, 0x3c, 0x0, 0x0, 0x1, 0xfb, 0xff,
    0xff, 0xff, 0xf0,

    /* U+4E94 "五" */
    0x0, 0x0, 0x0, 0x80, 0x0, 0x0, 0x3, 0xc0,
    0x0, 0x0, 0x7, 0xc1, 0xff, 0xff, 0xff, 0xc0,
    0x1, 0xe0, 0x0, 0x0, 0x3, 0xc0, 0x0, 0x0,
    0x7, 0x80, 0x0, 0x0, 0x1f, 0x0, 0x0, 0x0,
    0x3e, 0x0, 0x0, 0x0, 0x78, 0x0, 0x0, 0x0,
    0xf0, 0x0, 0x0, 0x1, 0xe0, 0x60, 0x1, 0xff,
    0xff, 0xe0, 0x3, 0xff, 0xff, 0xf0, 0x0, 0x1e,
    0x7, 0xc0, 0x0, 0x3c, 0xf, 0x80, 0x0, 0x78,
    0x1f, 0x0, 0x1, 0xf0, 0x3e, 0x0, 0x3, 0xe0,
    0x7c, 0x0, 0x7, 0x80, 0xf8, 0x0, 0xf, 0x1,
    0xf0, 0x0, 0x1e, 0x3, 0xe0, 0x0, 0x7c, 0x7,
    0xc0, 0x0, 0xf0, 0xf, 0x90, 0x1, 0xe0, 0x1f,
    0x70, 0x3, 0xc0, 0x3e, 0xf3, 0xff, 0xff, 0xff,
    0xf7, 0xff, 0xff, 0xff, 0xe0,

    /* U+4EA1 "亡" */
    0x0, 0x8, 0x0, 0x0, 0x0, 0x7c, 0x0, 0x0,
    0x3, 0xc0, 0x0, 0x0, 0x1e, 0x0, 0x0, 0x0,
    0xf0, 0x0, 0x0, 0x7, 0x80, 0x40, 0x0, 0x3c,
    0x7, 0x80, 0x1, 0xe0, 0x3e, 0xff, 0xff, 0xff,
    0xf8, 0x78, 0x0, 0x0, 0x3, 0xc0, 0x0, 0x0,
    0x1e, 0x0, 0x0, 0x0, 0xf0, 0x0, 0x0, 0x7,
    0x80, 0x0, 0x0, 0x3c, 0x0, 0x0, 0x1, 0xe0,
    0x0, 0x0, 0xf, 0x0, 0x0, 0x0, 0x78, 0x0,
    0x0, 0x3, 0xc0, 0x0, 0x0, 0x1e, 0x0, 0x0,
    0x0, 0xf0, 0x0, 0x0, 0x7, 0x80, 0x0, 0x0,
    0x3c, 0x0, 0x0, 0x1, 0xe0, 0x0, 0x0, 0xf,
    0x80, 0x1, 0xc0, 0x7f, 0xff, 0xff, 0x1, 0xff,
    0xff, 0xf8, 0x7, 0xff, 0xff, 0xc0, 0x1f, 0xff,
    0xf8, 0x0,

    /* U+4EA4 "交" */
    0x0, 0x7, 0xc0, 0x0, 0x0, 0x1e, 0x0, 0x0,
    0x0, 0x78, 0x0, 0x0, 0x1, 0xe0, 0x38, 0x0,
    0x7, 0x81, 0xf1, 0xff, 0xff, 0xff, 0xe0, 0x0,
    0x0, 0x0, 0x0, 0x20, 0x0, 0x0, 0x0, 0xe0,
    0x3c, 0x0, 0x3, 0xe0, 0x7c, 0x0, 0x1f, 0x0,
    0xfc, 0x0, 0xf8, 0x1, 0xf8, 0x3, 0xc0, 0x3,
    0xe0, 0x1e, 0x0, 0x7, 0x80, 0xe4, 0x3, 0xe,
    0x7, 0x10, 0x1f, 0xb0, 0x20, 0x20, 0x7c, 0x0,
    0x0, 0xc3, 0xe0, 0x0, 0x1, 0x8f, 0x0, 0x0,
    0x7, 0x7c, 0x0, 0x0, 0xf, 0xe0, 0x0, 0x0,
    0x1f, 0x0, 0x0, 0x0, 0xfc, 0x0, 0x0, 0x7,
    0xfc, 0x0, 0x0, 0x3f, 0xfe, 0x0, 0x1, 0xf1,
    0xff, 0x80, 0xf, 0x3, 0xff, 0xc0, 0xf0, 0x3,
    0xfc, 0xf, 0x0, 0x3, 0xe1, 0xe0, 0x0, 0x3,
    0x80,

    /* U+4EAC "京" */
    0x0, 0x7, 0x0, 0x0, 0x0, 0xf, 0x80, 0x0,
    0x0, 0x1e, 0x0, 0x80, 0x0, 0x3c, 0x3, 0x80,
    0x0, 0x78, 0xf, 0xcf, 0xff, 0xff, 0xff, 0xc0,
    0x0, 0x0, 0x0, 0x0, 0x0, 0x0, 0x0, 0x3,
    0x0, 0x3, 0x0, 0x7, 0xff, 0xff, 0x0, 0xf,
    0xff, 0xff, 0x0, 0x1e, 0x0, 0x3e, 0x0, 0x3c,
    0x0, 0x7c, 0x0, 0x78, 0x0, 0xf8, 0x0, 0xf0,
    0x1, 0xf0, 0x1, 0xe0, 0x3, 0xe0, 0x3, 0xff,
    0xff, 0xc0, 0x7, 0x8f, 0xf, 0x80, 0xe, 0x1e,
    0x18, 0x0, 0x0, 0x3c, 0x0, 0x0, 0x18, 0x78,
    0x0, 0x0, 0x3c, 0xf1, 0xe0, 0x0, 0xfd, 0xe1,
    0xf0, 0x3, 0xe3, 0xc1, 0xf0, 0xf, 0x87, 0x81,
    0xf0, 0x3c, 0xf, 0x1, 0xf0, 0xf1, 0xfe, 0x3,
    0xe3, 0x80, 0xfc, 0x3, 0xc8, 0x0, 0xf8, 0x2,
    0x0, 0x1, 0xe0, 0x0, 0x0, 0x2, 0x0, 0x0,
    0x0,

    /* U+4EBA "人" */
    0x0, 0x1c, 0x0, 0x0, 0x0, 0x3f, 0x0, 0x0,
    0x0, 0x7c, 0x0, 0x0, 0x0, 0xf8, 0x0, 0x0,
    0x1, 0xf0, 0x0, 0x0, 0x3, 0xe0, 0x0, 0x0,
    0x7, 0xe0, 0x0, 0x0, 0xf, 0xc0, 0x0, 0x0,
    0x1f, 0x80, 0x0, 0x0, 0x3f, 0x0, 0x0, 0x0,
    0x7e, 0x0, 0x0, 0x1, 0xfc, 0x0, 0x0, 0x3,
    0xec, 0x0, 0x0, 0x7, 0xd8, 0x0, 0x0, 0xf,
    0xb0, 0x0, 0x0, 0x1f, 0x70, 0x0, 0x0, 0x7c,
    0xe0, 0x0, 0x0, 0xf8, 0xe0, 0x0, 0x1, 0xe1,
    0xe0, 0x0, 0x7, 0xc3, 0xe0, 0x0, 0xf, 0x3,
    0xe0, 0x0, 0x3e, 0x7, 0xe0, 0x0, 0xf8, 0x7,
    0xe0, 0x1, 0xe0, 0xf, 0xf0, 0x7, 0x80, 0xf,
    0xf8, 0x1e, 0x0, 0xf, 0xfc, 0x70, 0x0, 0xf,
    0xe1, 0xc0, 0x0, 0xf, 0x86, 0x0, 0x0, 0x6,
    0x10, 0x0, 0x0, 0x4, 0x0,

    /* U+4ECA "今" */
    0x0, 0x7, 0x80, 0x0, 0x0, 0x7, 0xe0, 0x0,
    0x0, 0xf, 0xc0, 0x0, 0x0, 0xf, 0x20, 0x0,
    0x0, 0x1f, 0x30, 0x0, 0x0, 0x3e, 0x18, 0x0,
    0x0, 0x3c, 0x1c, 0x0, 0x0, 0x78, 0xf, 0x0,
    0x0, 0xf0, 0xf, 0xc0, 0x1, 0xe0, 0x7, 0xf0,
    0x1, 0xc0, 0x3b, 0xfc, 0x3, 0x80, 0x7d, 0xfe,
    0x6, 0x7f, 0xfe, 0xfc, 0xc, 0x0, 0x0, 0x38,
    0x30, 0x0, 0x0, 0x10, 0x40, 0x0, 0x2, 0x0,
    0x7, 0xff, 0xff, 0x80, 0x7, 0xff, 0xff, 0xc0,
    0x0, 0x0, 0xf, 0xc0, 0x0, 0x0, 0xf, 0x80,
    0x0, 0x0, 0xf, 0x0, 0x0, 0x0, 0x1f, 0x0,
    0x0, 0x0, 0x1f, 0x0, 0x0, 0x0, 0x3e, 0x0,
    0x0, 0x0, 0x3e, 0x0, 0x0, 0x0, 0x7c, 0x0,
    0x0, 0x0, 0x7c, 0x0, 0x0, 0x0, 0xf8, 0x0,
    0x0, 0x0, 0xf8, 0x0, 0x0, 0x0, 0xf0, 0x0,

    /* U+4ECB "介" */
    0x0, 0x7, 0x0, 0x0, 0x0, 0x1f, 0xc0, 0x0,
    0x0, 0x3f, 0x0, 0x0, 0x0, 0xfb, 0x0, 0x0,
    0x1, 0xf3, 0x0, 0x0, 0x7, 0xc7, 0x0, 0x0,
    0xf, 0x7, 0x0, 0x0, 0x3c, 0xf, 0x80, 0x0,
    0xf0, 0xf, 0xc0, 0x3, 0xc0, 0xf, 0xf0, 0xf,
    0x0, 0xf, 0xf8, 0x3c, 0x1, 0x8f, 0xe0, 0xf7,
    0xc3, 0xef, 0x83, 0x8f, 0x7, 0x8e, 0xc, 0x1e,
    0xf, 0x4, 0x20, 0x3c, 0x1e, 0x0, 0x0, 0x78,
    0x3c, 0x0, 0x0, 0xf0, 0x78, 0x0, 0x1, 0xe0,
    0xf0, 0x0, 0x3, 0xc1, 0xe0, 0x0, 0xf, 0x3,
    0xc0, 0x0, 0x1e, 0x7, 0x80, 0x0, 0x3c, 0xf,
    0x0, 0x0, 0xf0, 0x1e, 0x0, 0x1, 0xc0, 0x3c,
    0x0, 0x7, 0x80, 0x78, 0x0, 0x1e, 0x0, 0xf0,
    0x0, 0x70, 0x1, 0xe0, 0x1, 0x80, 0x3, 0xc0,
    0xc, 0x0, 0x7, 0x0, 0x0,

    /* U+4ED5 "仕" */
    0x3, 0x80, 0xe0, 0x0, 0xf, 0xc3, 0xf0, 0x0,
    0x3c, 0xf, 0x80, 0x1, 0xf0, 0x3e, 0x0, 0x7,
    0xc0, 0xf8, 0x0, 0x1e, 0x3, 0xe0, 0x0, 0xf8,
    0xf, 0x80, 0x3, 0xc0, 0x3e, 0x0, 0xe, 0x0,
    0xf8, 0x20, 0x7e, 0x3, 0xe1, 0xc1, 0xf0, 0xf,
    0x8f, 0x87, 0xdf, 0xff, 0xff, 0x3f, 0x0, 0xf8,
    0x0, 0xfc, 0x3, 0xe0, 0x6, 0xf0, 0xf, 0x80,
    0x13, 0xc0, 0x3e, 0x0, 0x8f, 0x0, 0xf8, 0x0,
    0x3c, 0x3, 0xe0, 0x0, 0xf0, 0xf, 0x80, 0x3,
    0xc0, 0x3e, 0x0, 0xf, 0x0, 0xf8, 0x0, 0x3c,
    0x3, 0xe0, 0x0, 0xf0, 0xf, 0x80, 0x3, 0xc0,
    0x3e, 0x0, 0xf, 0x0, 0xf8, 0x40, 0x3c, 0x3,
    0xe1, 0x80, 0xf0, 0xf, 0x8f, 0x3, 0xcf, 0xff,
    0xfe, 0xf, 0x3f, 0xff, 0xf8, 0x38, 0x0, 0x0,
    0x0,

    /* U+4ED6 "他" */
    0x3, 0x0, 0x78, 0x0, 0x7, 0xe0, 0xf8, 0x0,
    0x1f, 0x1, 0xf0, 0x0, 0x3e, 0xe3, 0xe0, 0x0,
    0x79, 0xf7, 0xc0, 0x0, 0xf3, 0xcf, 0x84, 0x3,
    0xe7, 0x9f, 0x1c, 0x7, 0x8f, 0x3e, 0xfc, 0xf,
    0x1e, 0x7e, 0xfc, 0x3f, 0x3c, 0xf9, 0xf0, 0x7c,
    0x7f, 0xf3, 0xe0, 0xf8, 0xf3, 0xe7, 0xc3, 0xf7,
    0xe7, 0xcf, 0x87, 0xf3, 0xcf, 0x9f, 0x1b, 0xc7,
    0x9f, 0x3e, 0x27, 0x8f, 0x3e, 0x7c, 0x8f, 0x1e,
    0x7c, 0xf8, 0x1e, 0x3c, 0xff, 0xe0, 0x3c, 0x79,
    0xf7, 0xc0, 0x78, 0xf3, 0xef, 0x0, 0xf1, 0xe7,
    0xdc, 0x81, 0xe3, 0xcf, 0x81, 0x3, 0xc7, 0x9e,
    0x6, 0x7, 0x8f, 0x0, 0xc, 0xf, 0x1e, 0x0,
    0x38, 0x1e, 0x3f, 0xff, 0xfc, 0x3c, 0x7f, 0xff,
    0xf8, 0x78, 0x7f, 0xff, 0xe0, 0xf0, 0x7f, 0xff,
    0x1, 0xc0, 0x0, 0x0, 0x0,

    /* U+4ED8 "付" */
    0x2, 0x0, 0x0, 0x0, 0xf, 0x0, 0x1f, 0x0,
    0x3f, 0x0, 0x78, 0x0, 0xf0, 0x1, 0xe0, 0x7,
    0xc0, 0x7, 0x80, 0x1e, 0x0, 0x1e, 0x0, 0x78,
    0x0, 0x79, 0x3, 0xe0, 0x1, 0xee, 0xf, 0x0,
    0x7, 0xfc, 0x39, 0xff, 0xff, 0xf1, 0xf8, 0x0,
    0x78, 0x7, 0xc0, 0x1, 0xe0, 0x3f, 0x0, 0x7,
    0x80, 0xfc, 0x60, 0x1e, 0x3, 0xf0, 0xe0, 0x78,
    0x1b, 0xc1, 0xc1, 0xe0, 0xcf, 0x7, 0x87, 0x80,
    0x3c, 0x1f, 0x1e, 0x0, 0xf0, 0x3c, 0x78, 0x3,
    0xc0, 0xf1, 0xe0, 0xf, 0x3, 0xc7, 0x80, 0x3c,
    0x0, 0x1e, 0x0, 0xf0, 0x0, 0x78, 0x3, 0xc0,
    0x1, 0xe0, 0xf, 0x0, 0x7, 0x80, 0x3c, 0x0,
    0x1e, 0x0, 0xf0, 0x1f, 0xf8, 0x3, 0xc0, 0xf,
    0xe0, 0xf, 0x0, 0x1f, 0x80, 0x3c, 0x0, 0x7c,
    0x0, 0xe0, 0x1, 0xc0, 0x0,

    /* U+4EE3 "代" */
    0x1, 0x80, 0xc0, 0x0, 0x7, 0xe1, 0xf7, 0x80,
    0xf, 0x83, 0xc7, 0x80, 0x1f, 0x7, 0x87, 0x80,
    0x3c, 0xf, 0xf, 0x0, 0xf8, 0x1e, 0xe, 0x1,
    0xe0, 0x3c, 0x0, 0x3, 0xc0, 0x78, 0x30, 0xf,
    0x0, 0xf0, 0xf8, 0x1f, 0x81, 0xe1, 0xf8, 0x7e,
    0x3, 0xfe, 0x0, 0xfd, 0xff, 0x80, 0x3, 0xf8,
    0x7, 0x0, 0x6, 0xf0, 0xe, 0x0, 0x19, 0xe0,
    0x1e, 0x0, 0x23, 0xc0, 0x3c, 0x0, 0x87, 0x80,
    0x38, 0x0, 0xf, 0x0, 0x78, 0x0, 0x1e, 0x0,
    0xf0, 0x0, 0x3c, 0x1, 0xe0, 0x0, 0x78, 0x1,
    0xe0, 0x40, 0xf0, 0x3, 0xe0, 0x81, 0xe0, 0x3,
    0xe1, 0x3, 0xc0, 0x7, 0xe6, 0x7, 0x80, 0x7,
    0xfc, 0xf, 0x0, 0x7, 0xf0, 0x1e, 0x0, 0x7,
    0xf0, 0x3c, 0x0, 0x7, 0xe0, 0x78, 0x0, 0x7,
    0xe0, 0xe0, 0x0, 0x7, 0x80,

    /* U+4EE4 "令" */
    0x0, 0xe, 0x0, 0x0, 0x0, 0x1f, 0xc0, 0x0,
    0x0, 0x3f, 0x0, 0x0, 0x0, 0xfb, 0x0, 0x0,
    0x3, 0xe7, 0x0, 0x0, 0x7, 0x87, 0x0, 0x0,
    0x1e, 0xf, 0x80, 0x0, 0x78, 0xf, 0xc0, 0x1,
    0xe0, 0xf, 0xf0, 0x7, 0x80, 0x6f, 0xfc, 0x1e,
    0x1, 0xef, 0xe0, 0x77, 0xff, 0xef, 0x81, 0x80,
    0x0, 0x7, 0xe, 0x0, 0x0, 0x0, 0x20, 0x0,
    0x0, 0x40, 0xf, 0xff, 0xff, 0xe0, 0x1f, 0xff,
    0xff, 0xe0, 0x0, 0x3e, 0x7, 0xc0, 0x0, 0x7c,
    0xf, 0x0, 0x0, 0xf8, 0x1e, 0x0, 0x1, 0xf0,
    0x3c, 0x0, 0x3, 0xe0, 0x78, 0x0, 0x7, 0xc0,
    0xf0, 0x0, 0xf, 0x9f, 0xe0, 0x0, 0x1f, 0xf,
    0xc0, 0x0, 0x3e, 0x1f, 0x80, 0x0, 0x7c, 0x1e,
    0x0, 0x0, 0xf8, 0x30, 0x0, 0x1, 0xf0, 0x0,
    0x0, 0x3, 0xc0, 0x0, 0x0,

    /* U+4EE5 "以" */
    0xf, 0x80, 0x3, 0xf0, 0x3c, 0x0, 0xf, 0x80,
    0xf0, 0x0, 0x3e, 0x3, 0xc4, 0x0, 0xf8, 0xf,
    0x1c, 0x3, 0xe0, 0x3c, 0x3c, 0xf, 0x80, 0xf0,
    0xf8, 0x3e, 0x3, 0xc1, 0xf0, 0xf8, 0xf, 0x7,
    0xc3, 0xe0, 0x3c, 0xf, 0x1f, 0x0, 0xf0, 0x3c,
    0x7c, 0x3, 0xc0, 0x61, 0xf0, 0xf, 0x0, 0x7,
    0xc0, 0x3c, 0x0, 0x1f, 0x0, 0xf0, 0x0, 0xf8,
    0x3, 0xc0, 0x3, 0xe0, 0xf, 0x0, 0x1f, 0x80,
    0x3c, 0xc, 0x7c, 0x0, 0xf3, 0xc3, 0xe0, 0x3,
    0xfe, 0xf, 0xf0, 0x3f, 0xe0, 0x7f, 0xe3, 0xfe,
    0x3, 0xe7, 0xc7, 0xe0, 0x1f, 0xf, 0x9e, 0x1,
    0xf0, 0x3f, 0x20, 0xf, 0x80, 0x7c, 0x0, 0xf0,
    0x0, 0xf0, 0x7, 0x0, 0x3, 0x80, 0x60, 0x0,
    0x0,

    /* U+4EEE "仮" */
    0x0, 0x0, 0x0, 0x20, 0xc, 0x0, 0x1, 0xc0,
    0x7d, 0x0, 0xf, 0x81, 0xff, 0xff, 0xff, 0x7,
    0xdf, 0xff, 0xfc, 0x1e, 0x78, 0x0, 0x0, 0xf9,
    0xe0, 0x0, 0x3, 0xc7, 0x80, 0x0, 0xf, 0x1e,
    0x0, 0x0, 0x38, 0x78, 0x1, 0x1, 0xf9, 0xff,
    0xff, 0x7, 0xc7, 0xff, 0xfe, 0x1f, 0x1e, 0x81,
    0xf8, 0xfc, 0x7a, 0x7, 0xc3, 0xf1, 0xe8, 0x1f,
    0x1b, 0xc7, 0x90, 0x78, 0x6f, 0x1e, 0x43, 0xe3,
    0x3c, 0x79, 0x8f, 0x8, 0xf1, 0xe6, 0x3c, 0x3,
    0xc7, 0x8d, 0xf0, 0xf, 0x1c, 0x3f, 0x80, 0x3c,
    0x70, 0xfc, 0x0, 0xf1, 0xc1, 0xf0, 0x3, 0xc7,
    0x7, 0xc0, 0xf, 0x18, 0x3f, 0x80, 0x3c, 0xe1,
    0xff, 0x80, 0xf3, 0x7, 0x7f, 0x83, 0xcc, 0x70,
    0xff, 0xf, 0x63, 0x81, 0xf0, 0x3d, 0x18, 0x3,
    0x80, 0xe8, 0x80, 0x0, 0x0,

    /* U+4EF6 "件" */
    0x3, 0x0, 0x38, 0x0, 0x7, 0xc0, 0x7c, 0x0,
    0x1f, 0x38, 0xf0, 0x0, 0x3e, 0x7f, 0xe0, 0x0,
    0x78, 0xf3, 0xc0, 0x0, 0xf1, 0xe7, 0x84, 0x3,
    0xc7, 0x8f, 0x1c, 0x7, 0x8f, 0x1e, 0x7c, 0xe,
    0x1f, 0xff, 0xfc, 0x3f, 0x38, 0x78, 0x0, 0x7c,
    0xe0, 0xf0, 0x1, 0xf9, 0xc1, 0xe0, 0x3, 0xf3,
    0x3, 0xc0, 0x7, 0xe4, 0x7, 0x80, 0x1b, 0xd0,
    0xf, 0xc, 0x27, 0x80, 0x1e, 0x1c, 0x8f, 0x0,
    0x3c, 0x7c, 0x1e, 0xff, 0xff, 0xfc, 0x3c, 0x0,
    0xf0, 0x0, 0x78, 0x1, 0xe0, 0x0, 0xf0, 0x3,
    0xc0, 0x1, 0xe0, 0x7, 0x80, 0x3, 0xc0, 0xf,
    0x0, 0x7, 0x80, 0x1e, 0x0, 0xf, 0x0, 0x3c,
    0x0, 0x1e, 0x0, 0x78, 0x0, 0x3c, 0x0, 0xf0,
    0x0, 0x78, 0x1, 0xe0, 0x0, 0xf0, 0x3, 0xc0,
    0x1, 0xc0, 0x7, 0x0, 0x0,

    /* U+4EFB "任" */
    0x2, 0x0, 0x0, 0x0, 0x7, 0x80, 0x3, 0x0,
    0xf, 0x80, 0x1f, 0x0, 0x1e, 0x0, 0xff, 0x0,
    0x7c, 0xf, 0xff, 0x0, 0xf0, 0x7f, 0xe0, 0x1,
    0xef, 0xfe, 0x0, 0x7, 0x80, 0x3c, 0x0, 0xf,
    0x0, 0x78, 0x0, 0x1e, 0x0, 0xf0, 0x0, 0x7e,
    0x1, 0xe0, 0x0, 0xf8, 0x3, 0xc0, 0x3, 0xf0,
    0x7, 0x82, 0x7, 0xe0, 0xf, 0xe, 0x1b, 0xc0,
    0x1e, 0x1f, 0x27, 0xbf, 0xff, 0xff, 0x8f, 0x0,
    0x78, 0x0, 0x1e, 0x0, 0xf0, 0x0, 0x3c, 0x1,
    0xe0, 0x0, 0x78, 0x3, 0xc0, 0x0, 0xf0, 0x7,
    0x80, 0x1, 0xe0, 0xf, 0x0, 0x3, 0xc0, 0x1e,
    0x0, 0x7, 0x80, 0x3c, 0x0, 0xf, 0x0, 0x78,
    0x0, 0x1e, 0x0, 0xf0, 0x80, 0x3c, 0x1, 0xe1,
    0x80, 0x78, 0x3, 0xc7, 0xc0, 0xf3, 0xff, 0xff,
    0xc1, 0xe0, 0x0, 0x0, 0x3, 0x80, 0x0, 0x0,
    0x0,

    /* U+4F01 "企" */
    0x0, 0x8, 0x0, 0x0, 0x0, 0x1f, 0x0, 0x0,
    0x0, 0x7f, 0x0, 0x0, 0x0, 0xfa, 0x0, 0x0,
    0x3, 0xf6, 0x0, 0x0, 0x7, 0xc6, 0x0, 0x0,
    0x1f, 0xf, 0x0, 0x0, 0x7c, 0xf, 0x80, 0x1,
    0xf0, 0xf, 0xc0, 0x3, 0xcf, 0x8f, 0xf0, 0xf,
    0x1f, 0x9f, 0xf8, 0x38, 0x3e, 0xf, 0xe0, 0xe0,
    0x7c, 0xf, 0x87, 0x0, 0xf8, 0xe, 0x18, 0x1,
    0xf0, 0x4, 0x43, 0xc3, 0xe1, 0x0, 0x7, 0xc7,
    0xc7, 0x80, 0xf, 0xf, 0x8f, 0x80, 0x1e, 0x1f,
    0xff, 0x80, 0x3c, 0x3e, 0x0, 0x0, 0x78, 0x7c,
    0x0, 0x0, 0xf0, 0xf8, 0x0, 0x1, 0xe1, 0xf0,
    0x0, 0x3, 0xc3, 0xe0, 0x0, 0x7, 0x87, 0xc0,
    0x0, 0xf, 0xf, 0x80, 0x40, 0x1e, 0x1f, 0x1,
    0xc0, 0x3c, 0x3e, 0x7, 0xcf, 0xff, 0xff, 0xff,
    0xdf, 0xff, 0xff, 0xff, 0x80,

    /* U+4F11 "休" */
    0x0, 0x0, 0x0, 0x0, 0x1, 0xe0, 0x3e, 0x0,
    0x3, 0xf0, 0x3c, 0x0, 0x3, 0xe0, 0x3c, 0x0,
    0x3, 0xc0, 0x3c, 0x0, 0x3, 0xc0, 0x3c, 0x0,
    0x7, 0xc0, 0x3c, 0x10, 0x7, 0x80, 0x3c, 0x38,
    0x7, 0x80, 0x3c, 0x7c, 0xf, 0x3f, 0xff, 0xfe,
    0xf, 0x80, 0xfe, 0x0, 0x1f, 0xc0, 0xfe, 0x0,
    0x1f, 0x80, 0xfe, 0x0, 0x1f, 0x81, 0xfd, 0x0,
    0x37, 0x81, 0xfd, 0x0, 0x27, 0x81, 0xfd, 0x80,
    0x47, 0x83, 0xfd, 0xc0, 0x7, 0x83, 0xfc, 0xe0,
    0x7, 0x83, 0xbc, 0xf0, 0x7, 0x87, 0xbc, 0xf8,
    0x7, 0x87, 0x3c, 0x7c, 0x7, 0x8e, 0x3c, 0x7f,
    0x7, 0x8c, 0x3c, 0x3e, 0x7, 0x98, 0x3c, 0x3c,
    0x7, 0xb0, 0x3c, 0x18, 0x7, 0xa0, 0x3c, 0x18,
    0x7, 0xc0, 0x3c, 0x0, 0x7, 0x80, 0x3c, 0x0,
    0x7, 0x80, 0x3c, 0x0, 0x7, 0x80, 0x3c, 0x0,
    0x7, 0x0, 0x38, 0x0,

    /* U+4F1A "会" */
    0x0, 0xc, 0x0, 0x0, 0x0, 0x3f, 0x0, 0x0,
    0x1, 0xf8, 0x0, 0x0, 0x7, 0xd0, 0x0, 0x0,
    0x3e, 0x60, 0x0, 0x1, 0xf8, 0xc0, 0x0, 0x7,
    0xc3, 0xc0, 0x0, 0x3e, 0x7, 0xc0, 0x1, 0xe0,
    0xf, 0xe0, 0xf, 0x0, 0x3f, 0xf0, 0x78, 0x3,
    0xff, 0x83, 0x80, 0x1f, 0x7c, 0x19, 0xff, 0xfe,
    0xf1, 0x80, 0x0, 0x0, 0x88, 0x0, 0x0, 0x0,
    0x0, 0x0, 0x0, 0x30, 0x0, 0x0, 0x1, 0xe0,
    0x0, 0x0, 0x7, 0xc3, 0xff, 0xff, 0xff, 0x80,
    0x1f, 0x0, 0x0, 0x0, 0x7c, 0x0, 0x0, 0x1,
    0xe0, 0xc0, 0x0, 0x7, 0x1, 0xe0, 0x0, 0x3c,
    0x3, 0xe0, 0x0, 0xe0, 0x7, 0xc0, 0x3, 0x0,
    0x1f, 0x83, 0xff, 0xff, 0xfe, 0x7, 0xff, 0xfc,
    0xfc, 0x1f, 0xfe, 0x1, 0xf0, 0x3f, 0x0, 0x7,
    0x80, 0x80, 0x0, 0xe, 0x0,

    /* U+4F1D "伝" */
    0x2, 0x0, 0x0, 0x0, 0xf, 0x0, 0x1, 0x0,
    0x3e, 0x0, 0xe, 0x1, 0xf0, 0x0, 0x7c, 0x7,
    0xcf, 0xff, 0xf8, 0x1e, 0x0, 0x0, 0x0, 0x78,
    0x0, 0x0, 0x3, 0xc0, 0x0, 0x0, 0xf, 0x0,
    0x0, 0x0, 0x3c, 0x0, 0x0, 0x1, 0xf0, 0x0,
    0x2, 0x7, 0xc0, 0x0, 0x1e, 0x3f, 0x0, 0x0,
    0xfc, 0xfd, 0xff, 0xff, 0xf7, 0xf0, 0x1f, 0x80,
    0x1b, 0xc0, 0x7c, 0x0, 0xcf, 0x1, 0xf0, 0x0,
    0x3c, 0x7, 0x80, 0x0, 0xf0, 0x1c, 0x0, 0x3,
    0xc0, 0xf0, 0xc0, 0xf, 0x3, 0x81, 0x80, 0x3c,
    0xe, 0x7, 0x80, 0xf0, 0x30, 0xf, 0x3, 0xc0,
    0x80, 0x3e, 0xf, 0x6, 0x0, 0x78, 0x3d, 0xff,
    0xff, 0xf0, 0xf7, 0xff, 0xc7, 0xc3, 0xcf, 0xf8,
    0xf, 0xf, 0x3e, 0x0, 0x3c, 0x3c, 0x40, 0x0,
    0xf0, 0xe0, 0x0, 0x0, 0x0,

    /* U+4F38 "伸" */
    0x3, 0x0, 0x3c, 0x0, 0x7, 0xe0, 0x7c, 0x0,
    0x1f, 0x0, 0xf0, 0x0, 0x3e, 0x1, 0xe0, 0x0,
    0x7a, 0x3, 0xc2, 0x0, 0xf7, 0xff, 0xff, 0x3,
    0xef, 0xff, 0xff, 0x7, 0x9e, 0x1e, 0x3c, 0xf,
    0xbc, 0x3c, 0x78, 0x3e, 0x78, 0x78, 0xf0, 0x7c,
    0xf0, 0xf1, 0xe1, 0xf9, 0xe1, 0xe3, 0xc3, 0xf3,
    0xff, 0xff, 0x87, 0xe7, 0x87, 0x8f, 0x1b, 0xcf,
    0xf, 0x1e, 0x27, 0x9e, 0x1e, 0x3c, 0x8f, 0x3c,
    0x3c, 0x78, 0x1e, 0x78, 0x78, 0xf0, 0x3c, 0xf0,
    0xf1, 0xe0, 0x79, 0xff, 0xff, 0xc0, 0xf3, 0xc3,
    0xc7, 0x81, 0xe7, 0x87, 0x8e, 0x3, 0xc0, 0xf,
    0x0, 0x7, 0x80, 0x1e, 0x0, 0xf, 0x0, 0x3c,
    0x0, 0x1e, 0x0, 0x78, 0x0, 0x3c, 0x0, 0xf0,
    0x0, 0x78, 0x1, 0xe0, 0x0, 0xf0, 0x3, 0xc0,
    0x1, 0xc0, 0x7, 0x0, 0x0,

    /* U+4F3C "似" */
    0x3, 0x80, 0x0, 0x0, 0xf, 0xf8, 0x3, 0xe0,
    0x3e, 0xf0, 0xf, 0x1, 0xf3, 0xc0, 0x3c, 0x7,
    0xcf, 0x0, 0xf0, 0x1e, 0x3d, 0x3, 0xc0, 0x78,
    0xf7, 0xf, 0x3, 0xc3, 0xce, 0x3c, 0xf, 0xf,
    0x3c, 0xf0, 0x3e, 0x3c, 0xf3, 0xc1, 0xf0, 0xf3,
    0xcf, 0x7, 0xc3, 0xc7, 0x3c, 0x3f, 0xf, 0x1c,
    0xf0, 0xfc, 0x3c, 0x3, 0xc6, 0xf0, 0xf0, 0xf,
    0x13, 0xc3, 0xc0, 0x78, 0x8f, 0xf, 0x1, 0xe0,
    0x3c, 0x3c, 0x7, 0x80, 0xf0, 0xf0, 0x5c, 0x3,
    0xc3, 0xde, 0xf0, 0xf, 0xf, 0xe3, 0xc0, 0x3c,
    0xff, 0x1e, 0x0, 0xf7, 0xf0, 0xfe, 0x3, 0xcf,
    0x83, 0xbc, 0xf, 0x38, 0x1c, 0x78, 0x3c, 0x40,
    0xe1, 0xf0, 0xf0, 0x7, 0x3, 0xc3, 0xc0, 0x70,
    0xf, 0xf, 0x3, 0x0, 0x1c, 0x38, 0x30, 0x0,
    0x20,

    /* U+4F4D "位" */
    0x3, 0x80, 0x78, 0x0, 0x7, 0xe0, 0xf8, 0x0,
    0x1f, 0x1, 0xe0, 0x0, 0x3e, 0x3, 0xc0, 0x0,
    0x78, 0x7, 0x84, 0x0, 0xf0, 0xf, 0xc, 0x3,
    0xc0, 0x1e, 0x3c, 0x7, 0x9f, 0xff, 0xfc, 0xe,
    0x3f, 0xff, 0xfc, 0x3e, 0x10, 0x0, 0x0, 0x7e,
    0x30, 0xf, 0x1, 0xf8, 0x20, 0x1f, 0x83, 0xf0,
    0x60, 0x3c, 0xf, 0xe0, 0xe0, 0x78, 0x1b, 0xc1,
    0xc0, 0xf0, 0x67, 0x83, 0xc1, 0xc0, 0xf, 0x7,
    0x87, 0x80, 0x1e, 0xf, 0x8f, 0x0, 0x3c, 0x1f,
    0x1c, 0x0, 0x78, 0x3e, 0x38, 0x0, 0xf0, 0x3c,
    0x70, 0x1, 0xe0, 0x78, 0xc0, 0x3, 0xc0, 0xf1,
    0x80, 0x7, 0x81, 0xc6, 0x0, 0xf, 0x3, 0xc,
    0x20, 0x1e, 0x0, 0x10, 0xe0, 0x3c, 0x0, 0x23,
    0xe0, 0x7b, 0xff, 0xff, 0xe0, 0xf7, 0xff, 0xff,
    0xc1, 0xc0, 0x0, 0x0, 0x0,

    /* U+4F4E "低" */
    0x3, 0x80, 0x0, 0xc0, 0x7, 0xe0, 0x7, 0xc0,
    0xf, 0x0, 0x3f, 0xc0, 0x3e, 0xf3, 0xff, 0xc0,
    0x7d, 0xff, 0xe0, 0x0, 0xf3, 0xe3, 0xc0, 0x3,
    0xe7, 0xc7, 0x80, 0x7, 0x8f, 0x8f, 0x0, 0xf,
    0x1f, 0x1e, 0x0, 0x3f, 0x3e, 0x3c, 0x40, 0x7c,
    0x7c, 0x79, 0xc1, 0xf8, 0xf8, 0xf3, 0xc3, 0xf1,
    0xff, 0xff, 0xcf, 0xe3, 0xe3, 0xc0, 0x1b, 0xc7,
    0xc7, 0xc0, 0x67, 0x8f, 0x8f, 0x80, 0xf, 0x1f,
    0xf, 0x0, 0x1e, 0x3e, 0x1e, 0x0, 0x3c, 0x7c,
    0x3e, 0x0, 0x78, 0xf8, 0x7c, 0x0, 0xf1, 0xf3,
    0x78, 0x41, 0xe3, 0xfc, 0xf8, 0x83, 0xdf, 0xe0,
    0xfb, 0x7, 0xbf, 0x81, 0xfe, 0xf, 0x3c, 0x1,
    0xfc, 0x1e, 0x70, 0x3, 0xf8, 0x3c, 0x0, 0x73,
    0xf0, 0x78, 0x1, 0xf3, 0xe0, 0xf1, 0xff, 0xf1,
    0xc1, 0xe0, 0x0, 0x0, 0x0,

    /* U+4F4F "住" */
    0x3, 0x81, 0xc0, 0x0, 0x3, 0xf0, 0xf8, 0x0,
    0x3, 0xc0, 0x7c, 0x0, 0x7, 0xc0, 0x7c, 0x0,
    0x7, 0x80, 0x3c, 0x20, 0x7, 0x80, 0x3c, 0x38,
    0xf, 0x0, 0x0, 0x7c, 0xf, 0x3f, 0xff, 0xfe,
    0xe, 0x0, 0x7c, 0x0, 0x1f, 0x0, 0x7c, 0x0,
    0x1f, 0x80, 0x7c, 0x0, 0x3f, 0x0, 0x7c, 0x0,
    0x3f, 0x0, 0x7c, 0x0, 0x6f, 0x0, 0x7c, 0x0,
    0x4f, 0x0, 0x7c, 0x30, 0x8f, 0x0, 0x7c, 0x78,
    0xf, 0x3f, 0xff, 0xfc, 0xf, 0x0, 0x7c, 0x0,
    0xf, 0x0, 0x7c, 0x0, 0xf, 0x0, 0x7c, 0x0,
    0xf, 0x0, 0x7c, 0x0, 0xf, 0x0, 0x7c, 0x0,
    0xf, 0x0, 0x7c, 0x0, 0xf, 0x0, 0x7c, 0x0,
    0xf, 0x0, 0x7c, 0x10, 0xf, 0x0, 0x7c, 0x38,
    0xf, 0x0, 0x7c, 0x3c, 0xf, 0x7f, 0xff, 0xfe,
    0xf, 0x0, 0x0, 0x0, 0xe, 0x0, 0x0, 0x0,

    /* U+4F53 "体" */
    0x3, 0x0, 0x7e, 0x0, 0x7, 0xe0, 0xf8, 0x0,
    0x1f, 0x1, 0xf0, 0x0, 0x3e, 0x3, 0xe0, 0x0,
    0x78, 0x7, 0xc2, 0x0, 0xf0, 0xf, 0x86, 0x3,
    0xe0, 0x1f, 0x1f, 0x7, 0xbf, 0xff, 0xfe, 0xf,
    0x1, 0xfc, 0x0, 0x3f, 0x3, 0xfc, 0x0, 0x7c,
    0xf, 0xf8, 0x0, 0xf8, 0x1f, 0xf8, 0x3, 0xf0,
    0x3f, 0xf0, 0x7, 0xe0, 0x7f, 0xb0, 0x1b, 0xc1,
    0xff, 0x70, 0x27, 0x83, 0xfe, 0xe0, 0xf, 0xf,
    0x7c, 0xe0, 0x1e, 0x1c, 0xf9, 0xe0, 0x3c, 0x71,
    0xf3, 0xf0, 0x78, 0xe3, 0xeb, 0xf0, 0xf3, 0x87,
    0xdb, 0xc1, 0xe6, 0xf, 0xff, 0x3, 0xd1, 0xff,
    0xfc, 0x7, 0xc0, 0x3e, 0x0, 0xf, 0x0, 0x7c,
    0x0, 0x1e, 0x0, 0xf8, 0x0, 0x3c, 0x1, 0xf0,
    0x0, 0x78, 0x3, 0xe0, 0x0, 0xf0, 0x7, 0xc0,
    0x1, 0xc0, 0xe, 0x0, 0x0,

    /* U+4F55 "何" */
    0x3, 0x80, 0x0, 0x0, 0xf, 0xc0, 0x0, 0x80,
    0x3c, 0x0, 0x7, 0x1, 0xf0, 0x0, 0x3e, 0x7,
    0xff, 0xff, 0xfc, 0x1e, 0x0, 0x7, 0x80, 0xf8,
    0x0, 0x1e, 0x3, 0xc0, 0x0, 0x78, 0xe, 0x10,
    0x31, 0xe0, 0x7c, 0x7f, 0xe7, 0x81, 0xf9, 0xff,
    0xde, 0xf, 0xc7, 0x1e, 0x78, 0x3f, 0x1c, 0x79,
    0xe1, 0xbc, 0x71, 0xe7, 0x84, 0xf1, 0xc7, 0x9e,
    0x23, 0xc7, 0x1e, 0x78, 0xf, 0x1c, 0x79, 0xe0,
    0x3c, 0x71, 0xe7, 0x80, 0xf1, 0xff, 0x9e, 0x3,
    0xc7, 0x1e, 0x78, 0xf, 0x1c, 0x79, 0xe0, 0x3c,
    0x60, 0x7, 0x80, 0xf0, 0x0, 0x1e, 0x3, 0xc0,
    0x0, 0x78, 0xf, 0x0, 0x1, 0xe0, 0x3c, 0x1,
    0xff, 0x80, 0xf0, 0x0, 0xfe, 0x3, 0xc0, 0x1,
    0xf8, 0xf, 0x0, 0x3, 0xc0, 0x38, 0x0, 0xc,
    0x0,

    /* U+4F59 "余" */
    0x0, 0xc, 0x0, 0x0, 0x0, 0x1f, 0x80, 0x0,
    0x0, 0x3f, 0x80, 0x0, 0x0, 0xfe, 0x0, 0x0,
    0x3, 0xf3, 0x0, 0x0, 0x7, 0xc7, 0x0, 0x0,
    0x1f, 0x7, 0x80, 0x0, 0x7c, 0xf, 0xc0, 0x1,
    0xf0, 0xf, 0xf8, 0x7, 0xc0, 0x2f, 0xfc, 0x1e,
    0x0, 0xef, 0xf0, 0x78, 0x1, 0xf7, 0xc1, 0xcf,
    0xff, 0xe7, 0x86, 0x0, 0xf8, 0x2, 0x10, 0x1,
    0xf0, 0x10, 0x40, 0x3, 0xe0, 0x30, 0x0, 0x7,
    0xc0, 0xf0, 0x7f, 0xff, 0xff, 0xf8, 0x0, 0x1f,
    0x0, 0x0, 0x8, 0x3e, 0x0, 0x0, 0x18, 0x7c,
    0xc0, 0x0, 0x7c, 0xf8, 0xf0, 0x1, 0xf1, 0xf0,
    0xf8, 0x3, 0xc3, 0xe0, 0xf8, 0xf, 0x7, 0xc1,
    0xf0, 0x3c, 0xf, 0x81, 0xf0, 0x71, 0xff, 0x3,
    0xe1, 0x80, 0xfe, 0x3, 0xc4, 0x0, 0xf8, 0x3,
    0x0, 0x1, 0xe0, 0x0, 0x0, 0x0, 0x0, 0x0,
    0x0,

    /* U+4F5C "作" */
    0x3, 0x1, 0x0, 0x0, 0xf, 0x87, 0x80, 0x0,
    0x3e, 0x3f, 0x0, 0x0, 0xf0, 0xf8, 0x0, 0x7,
    0xc3, 0xc0, 0x20, 0x1e, 0x1e, 0x1, 0xc0, 0xf8,
    0x78, 0xf, 0x83, 0xc3, 0xff, 0xff, 0xe, 0xe,
    0xf8, 0x0, 0x7c, 0x7b, 0xe0, 0x1, 0xf1, 0xcf,
    0x80, 0xf, 0xce, 0x3e, 0x30, 0x3f, 0x30, 0xf9,
    0xf1, 0xbd, 0x83, 0xff, 0xe6, 0xf0, 0xf, 0x80,
    0x23, 0xc0, 0x3e, 0x0, 0xf, 0x0, 0xf8, 0x0,
    0x3c, 0x3, 0xe1, 0x0, 0xf0, 0xf, 0x8e, 0x3,
    0xc0, 0x3e, 0x7c, 0xf, 0x0, 0xff, 0xf8, 0x3c,
    0x3, 0xe0, 0x0, 0xf0, 0xf, 0x80, 0x3, 0xc0,
    0x3e, 0x0, 0xf, 0x0, 0xf8, 0x0, 0x3c, 0x3,
    0xe0, 0x0, 0xf0, 0xf, 0x80, 0x3, 0xc0, 0x3e,
    0x0, 0xf, 0x0, 0xf8, 0x0, 0x38, 0x3, 0xc0,
    0x0,

    /* U+4F7F "使" */
    0x3, 0x0, 0x3c, 0x0, 0x3, 0xe0, 0x3e, 0x0,
    0x3, 0xc0, 0x3c, 0x10, 0x7, 0xc0, 0x3c, 0x38,
    0x7, 0x80, 0x3c, 0x7c, 0x7, 0xbf, 0xff, 0xfe,
    0xf, 0x80, 0x3c, 0x0, 0xf, 0x0, 0x3c, 0x10,
    0xe, 0x3f, 0xff, 0xf8, 0x1f, 0xbf, 0xff, 0xfc,
    0x1f, 0x3c, 0x3c, 0x7c, 0x1f, 0x3c, 0x3c, 0x7c,
    0x3f, 0x3c, 0x3c, 0x7c, 0x3f, 0x3c, 0x3c, 0x7c,
    0x6f, 0x3c, 0x3c, 0x7c, 0x4f, 0x3c, 0x3c, 0x7c,
    0x8f, 0x3f, 0xff, 0xfc, 0xf, 0x3c, 0x3c, 0x7c,
    0xf, 0x38, 0x3c, 0x60, 0xf, 0x4, 0x3c, 0x0,
    0xf, 0x2, 0x7c, 0x0, 0xf, 0x1, 0x78, 0x0,
    0xf, 0x1, 0xf8, 0x0, 0xf, 0x0, 0xf0, 0x0,
    0xf, 0x0, 0xfe, 0x0, 0xf, 0x1, 0xff, 0xff,
    0xf, 0x3, 0x9f, 0xfe, 0xf, 0xf, 0xf, 0xf8,
    0xf, 0x1c, 0x1, 0xf8, 0xe, 0xe0, 0x0, 0x38,

    /* U+4F8B "例" */
    0xe, 0x0, 0x0, 0x30, 0x1f, 0x80, 0xc0, 0x7c,
    0x3c, 0x3, 0xe0, 0xf0, 0x7b, 0xff, 0xe1, 0xe0,
    0xf1, 0xe0, 0xfb, 0xc1, 0xc3, 0xc1, 0xe7, 0x87,
    0x87, 0x83, 0xcf, 0xf, 0x1f, 0x27, 0x9e, 0x1c,
    0x3f, 0xef, 0x3c, 0x7e, 0x7f, 0xfe, 0x78, 0xf8,
    0xf3, 0xfc, 0xf1, 0xf1, 0xc7, 0xf9, 0xe3, 0xe7,
    0x8f, 0xf3, 0xcf, 0xce, 0x1d, 0xe7, 0x97, 0x9f,
    0x3b, 0xcf, 0x6f, 0x7f, 0xf7, 0x9e, 0x9e, 0xdf,
    0xef, 0x3c, 0x3d, 0x3f, 0x9e, 0x78, 0x7c, 0x37,
    0x3c, 0xf0, 0xf0, 0x1e, 0x79, 0xe1, 0xe0, 0x38,
    0xf3, 0xc3, 0xc0, 0x71, 0xe7, 0x87, 0x81, 0xc3,
    0xf, 0xf, 0x3, 0x80, 0x1e, 0x1e, 0xe, 0x0,
    0x3c, 0x3c, 0x38, 0x0, 0x78, 0x78, 0x60, 0xf,
    0xf0, 0xf1, 0x80, 0x7, 0xe1, 0xe4, 0x0, 0xf,
    0x83, 0x90, 0x0, 0xc, 0x0,

    /* U+4F9B "供" */
    0x3, 0x87, 0x7, 0x0, 0x7, 0xef, 0x8f, 0x80,
    0xf, 0x9e, 0x1e, 0x0, 0x3e, 0x3c, 0x3c, 0x0,
    0x7c, 0x78, 0x78, 0x0, 0xf0, 0xf0, 0xf0, 0x3,
    0xe1, 0xe1, 0xec, 0x7, 0x83, 0xc3, 0xde, 0xe,
    0x3f, 0xff, 0xfe, 0x3c, 0xf, 0xf, 0x0, 0x7e,
    0x1e, 0x1e, 0x1, 0xf8, 0x3c, 0x3c, 0x3, 0xf0,
    0x78, 0x78, 0xf, 0xe0, 0xf0, 0xf0, 0x1b, 0xc1,
    0xe1, 0xe4, 0x67, 0x83, 0xc3, 0xcc, 0xf, 0x7,
    0x87, 0xbc, 0x1e, 0xff, 0xff, 0xfc, 0x3c, 0x0,
    0x0, 0x0, 0x78, 0x10, 0x0, 0x0, 0xf0, 0x38,
    0x60, 0x1, 0xe0, 0x7c, 0x70, 0x3, 0xc1, 0xf0,
    0xf8, 0x7, 0x83, 0xc0, 0xf8, 0xf, 0xf, 0x80,
    0xf8, 0x1e, 0x3e, 0x0, 0xf8, 0x3c, 0x70, 0x1,
    0xf0, 0x79, 0xc0, 0x1, 0xe0, 0xf6, 0x0, 0x3,
    0xc1, 0xd8, 0x0, 0x3, 0x0,

    /* U+4FA1 "価" */
    0x3, 0x0, 0x0, 0x0, 0x7, 0xe0, 0x0, 0x20,
    0xf, 0x80, 0x0, 0xe0, 0x1f, 0x0, 0x1, 0xe0,
    0x7d, 0xff, 0xff, 0xe0, 0xf8, 0x3c, 0xf0, 0x1,
    0xe0, 0x79, 0xe0, 0x7, 0xc0, 0xf3, 0xc0, 0xf,
    0x1, 0xe7, 0x88, 0x1e, 0x33, 0xcf, 0x38, 0x7e,
    0x7f, 0xff, 0xf8, 0xf8, 0xef, 0x3c, 0xe3, 0xf1,
    0xde, 0x79, 0xc7, 0xe3, 0xbc, 0xf3, 0x9b, 0xc7,
    0x79, 0xe7, 0x27, 0x8e, 0xf3, 0xce, 0x8f, 0x1d,
    0xe7, 0x9c, 0x1e, 0x3b, 0xcf, 0x38, 0x3c, 0x77,
    0x9e, 0x70, 0x78, 0xef, 0x3c, 0xe0, 0xf1, 0xde,
    0x79, 0xc1, 0xe3, 0xbc, 0xf3, 0x83, 0xc7, 0x79,
    0xe7, 0x7, 0x8e, 0xf3, 0xce, 0xf, 0x1d, 0xe7,
    0x9c, 0x1e, 0x3f, 0xff, 0xf8, 0x3c, 0x70, 0x0,
    0x70, 0x78, 0xe0, 0x0, 0xe0, 0xf1, 0xc0, 0x1,
    0x81, 0xc0, 0x0, 0x0, 0x0,

    /* U+4FBF "便" */
    0x3, 0x0, 0x0, 0x20, 0x7, 0xc0, 0x0, 0x60,
    0xf, 0x80, 0x1, 0xf0, 0x3e, 0xff, 0xff, 0xf0,
    0x7c, 0x3, 0xc0, 0x0, 0xf0, 0x7, 0x80, 0x3,
    0xe6, 0xf, 0x8, 0x7, 0x8f, 0xff, 0xfc, 0xe,
    0x1f, 0xff, 0xfc, 0x3c, 0x3c, 0x78, 0xf0, 0x7e,
    0x78, 0xf1, 0xe1, 0xf8, 0xf1, 0xe3, 0xc3, 0xf1,
    0xff, 0xff, 0x8d, 0xe3, 0xc7, 0x8f, 0x13, 0xc7,
    0x8f, 0x1e, 0x47, 0x8f, 0x1e, 0x3c, 0xf, 0x1f,
    0xff, 0xf8, 0x1e, 0x3c, 0x78, 0xf0, 0x3c, 0x78,
    0xf1, 0xc0, 0x78, 0xc1, 0xe0, 0x0, 0xf0, 0x83,
    0xc0, 0x1, 0xe0, 0x8f, 0x0, 0x3, 0xc0, 0xde,
    0x0, 0x7, 0x81, 0xf8, 0x0, 0xf, 0x1, 0xf8,
    0x0, 0x1e, 0x3, 0xff, 0xfc, 0x3c, 0xf, 0xff,
    0xf0, 0x78, 0x38, 0xff, 0xc0, 0xf1, 0xc0, 0x3f,
    0x1, 0xdc, 0x0, 0x6, 0x0,

    /* U+4FC2 "係" */
    0x2, 0x0, 0x0, 0x80, 0xf, 0x0, 0xf, 0x0,
    0x3e, 0x1, 0xfe, 0x1, 0xf0, 0x3f, 0xfc, 0x7,
    0xc7, 0xff, 0x90, 0x1e, 0x61, 0xf8, 0x0, 0x78,
    0xf, 0x80, 0x3, 0xc0, 0x3c, 0x60, 0xf, 0x1c,
    0xc3, 0xe0, 0x3c, 0x3e, 0x1f, 0xc1, 0xf0, 0xf8,
    0x7c, 0x7, 0xc1, 0xe3, 0xc0, 0x3f, 0x3, 0x9e,
    0x0, 0xfc, 0xe, 0xe3, 0x6, 0xf0, 0x7, 0x7,
    0x13, 0xc0, 0x10, 0x1e, 0x8f, 0x7f, 0xff, 0xfc,
    0x3c, 0xff, 0xf8, 0xf0, 0xf3, 0xff, 0xc1, 0xc3,
    0xc7, 0xf, 0x6, 0xf, 0x0, 0x3c, 0x0, 0x3c,
    0x18, 0xf7, 0x0, 0xf0, 0xfb, 0xcf, 0x3, 0xc3,
    0xff, 0x1e, 0xf, 0xf, 0x3c, 0x7c, 0x3c, 0x78,
    0xf0, 0xf0, 0xf1, 0xc3, 0xc3, 0xc3, 0xce, 0xf,
    0xf, 0xf, 0x60, 0x3c, 0x0, 0x3c, 0x0, 0xf0,
    0x0, 0xe0, 0x3, 0x80, 0x0,

    /* U+4FE1 "信" */
    0x2, 0x0, 0x0, 0x80, 0x7, 0x80, 0x1, 0x80,
    0x1f, 0x80, 0x7, 0x80, 0x3e, 0x3f, 0xff, 0x80,
    0x7c, 0x0, 0x0, 0x0, 0xf0, 0x0, 0x6, 0x3,
    0xe0, 0x0, 0xe, 0x7, 0x80, 0x0, 0x3e, 0xf,
    0x3f, 0xff, 0xfe, 0x1c, 0x0, 0x0, 0x0, 0x7e,
    0x0, 0x1, 0x0, 0xf8, 0x0, 0x7, 0x83, 0xf0,
    0xff, 0xff, 0x87, 0xe0, 0x0, 0x0, 0xf, 0xc0,
    0x0, 0x10, 0x37, 0x80, 0x0, 0x78, 0x4f, 0xf,
    0xff, 0xf9, 0x1e, 0x0, 0x0, 0x0, 0x3c, 0x0,
    0x0, 0x0, 0x78, 0x60, 0x3, 0x0, 0xf0, 0xff,
    0xff, 0x1, 0xe1, 0xff, 0xff, 0x3, 0xc3, 0xc0,
    0x3c, 0x7, 0x87, 0x80, 0x78, 0xf, 0xf, 0x0,
    0xf0, 0x1e, 0x1e, 0x1, 0xe0, 0x3c, 0x3c, 0x3,
    0xc0, 0x78, 0x7f, 0xff, 0x80, 0xf0, 0xf0, 0xf,
    0x1, 0xe1, 0xe0, 0x1e, 0x3, 0x83, 0x80, 0x38,
    0x0,

    /* U+4FEE "修" */
    0xe, 0x0, 0xe0, 0x0, 0x1f, 0x1, 0xf0, 0x40,
    0x3c, 0x3, 0xc0, 0xc0, 0x78, 0xf, 0x3, 0xc0,
    0xe0, 0x1f, 0xff, 0xc3, 0xdf, 0x38, 0x7c, 0x7,
    0x3c, 0xf0, 0xf0, 0xe, 0x79, 0x93, 0xc0, 0x1c,
    0xf6, 0x3f, 0x80, 0x7d, 0xf8, 0x3e, 0x0, 0xfb,
    0xc0, 0x7f, 0x1, 0xf7, 0x81, 0xff, 0xf7, 0xef,
    0xe, 0x3f, 0x8f, 0xde, 0x31, 0x3f, 0x17, 0xbd,
    0x87, 0x9c, 0x4f, 0x78, 0x1f, 0x80, 0x9e, 0xf0,
    0x7d, 0x0, 0x3d, 0xe1, 0xe7, 0x80, 0x7b, 0xce,
    0x1f, 0x80, 0xf7, 0xa0, 0x7c, 0x1, 0xef, 0x1,
    0xf7, 0x3, 0xde, 0xf, 0x9f, 0x7, 0xbc, 0x3c,
    0x7f, 0xf, 0x79, 0xc1, 0xf8, 0x1e, 0xf4, 0x7,
    0xe0, 0x3d, 0xe0, 0x1f, 0x0, 0x78, 0x0, 0xfc,
    0x0, 0xf0, 0x7, 0xc0, 0x1, 0xe0, 0x3e, 0x0,
    0x3, 0x83, 0x80, 0x0, 0x0,

    /* U+500B "個" */
    0x2, 0x0, 0x0, 0x0, 0x7, 0x80, 0x0, 0x20,
    0xf, 0xe0, 0x0, 0xe0, 0x3e, 0xff, 0xff, 0xe0,
    0x7d, 0xff, 0xff, 0xe0, 0xf3, 0x80, 0x7, 0x81,
    0xe7, 0xf, 0x8f, 0x7, 0x8e, 0x1e, 0x1e, 0xf,
    0x1c, 0x3c, 0x3c, 0x1e, 0x38, 0x7b, 0xf8, 0x7e,
    0x7f, 0xff, 0xf0, 0xf8, 0xe1, 0xe1, 0xe1, 0xf1,
    0xc3, 0xc3, 0xc7, 0xe3, 0x87, 0x87, 0x8f, 0xc7,
    0x6f, 0x4f, 0x37, 0x8e, 0xff, 0xde, 0x4f, 0x1d,
    0xff, 0xfd, 0x1e, 0x3b, 0x8f, 0x78, 0x3c, 0x77,
    0x1e, 0xf0, 0x78, 0xee, 0x3d, 0xe0, 0xf1, 0xdc,
    0x7b, 0xc1, 0xe3, 0xb8, 0xf7, 0x83, 0xc7, 0x7f,
    0xef, 0x7, 0x8e, 0xe3, 0xde, 0xf, 0x1d, 0xc4,
    0x3c, 0x1e, 0x38, 0x0, 0x78, 0x3c, 0x70, 0x0,
    0xf0, 0x78, 0xe0, 0x1, 0xe0, 0xf1, 0xff, 0xff,
    0xc1, 0xe3, 0x80, 0x7, 0x83, 0xc6, 0x0, 0xe,
    0x0,

    /* U+5019 "候" */
    0xe, 0x0, 0x0, 0x80, 0xf, 0xc3, 0xff, 0xc0,
    0xf, 0x3, 0xff, 0xf0, 0xf, 0x0, 0x3, 0xe0,
    0xe, 0x0, 0x3, 0xe0, 0x1e, 0xf0, 0x3, 0xe8,
    0x1e, 0xf8, 0x3, 0xe8, 0x1c, 0xf0, 0x3, 0xfc,
    0x1c, 0xf7, 0xff, 0xfe, 0x3e, 0xf1, 0x80, 0x0,
    0x3e, 0xf1, 0xf0, 0x0, 0x3e, 0xf1, 0xe0, 0x60,
    0x7e, 0xf1, 0xe0, 0xf8, 0x7e, 0xf3, 0xff, 0xfc,
    0x5e, 0xf3, 0x9e, 0x0, 0x9e, 0xf3, 0x1e, 0x0,
    0x1e, 0xf6, 0x1e, 0x0, 0x1e, 0xf4, 0x1e, 0x38,
    0x1e, 0xf0, 0x1e, 0x7c, 0x1e, 0xf7, 0xff, 0xfe,
    0x1e, 0xf0, 0x1d, 0x0, 0x1e, 0xf0, 0x3d, 0x0,
    0x1e, 0xf0, 0x39, 0x80, 0x1e, 0xf0, 0x78, 0xe0,
    0x1e, 0xe0, 0x70, 0xf8, 0x1e, 0x0, 0xe0, 0x7e,
    0x1e, 0x1, 0xc0, 0x7c, 0x1e, 0x3, 0x0, 0x38,
    0x1e, 0xc, 0x0, 0x18, 0x1c, 0x30, 0x0, 0x0,

    /* U+501F "借" */
    0x0, 0x0, 0x0, 0x0, 0xf, 0xf, 0x9f, 0x0,
    0x3f, 0x3c, 0x78, 0x0, 0xf0, 0xf1, 0xe8, 0x7,
    0xc3, 0xc7, 0xb0, 0x1f, 0xf, 0x1f, 0xe0, 0x7b,
    0xff, 0xff, 0xc1, 0xe0, 0xf1, 0xe0, 0xf, 0x3,
    0xc7, 0x80, 0x3c, 0xf, 0x1e, 0x0, 0xf8, 0x3c,
    0x7b, 0x7, 0xc0, 0xf1, 0xee, 0x1f, 0x7f, 0xff,
    0xfc, 0xfd, 0xff, 0xff, 0xf3, 0xf0, 0x0, 0x0,
    0x1b, 0xc3, 0x0, 0x30, 0x4f, 0xf, 0xff, 0xe2,
    0x3c, 0x3f, 0xff, 0xc0, 0xf0, 0xf0, 0x1e, 0x3,
    0xc3, 0xc0, 0x78, 0xf, 0xf, 0x1, 0xe0, 0x3c,
    0x3c, 0x7, 0x80, 0xf0, 0xff, 0xfe, 0x3, 0xc3,
    0xc0, 0x78, 0xf, 0xf, 0x1, 0xe0, 0x3c, 0x3c,
    0x7, 0x80, 0xf0, 0xf0, 0x1e, 0x3, 0xc3, 0xc0,
    0x78, 0xf, 0xf, 0xff, 0xe0, 0x3c, 0x3c, 0x7,
    0x80, 0xe0, 0xe0, 0x1c, 0x0,

    /* U+5024 "値" */
    0x7, 0x0, 0x1f, 0x0, 0x1f, 0x80, 0x78, 0x80,
    0x7c, 0x1, 0xe7, 0x3, 0xe0, 0x7, 0x9e, 0xf,
    0xbf, 0xff, 0xfc, 0x3c, 0x0, 0x78, 0x0, 0xf0,
    0x1, 0xc4, 0x7, 0x80, 0x77, 0x38, 0x1e, 0x7d,
    0xff, 0xf8, 0x7d, 0xe7, 0x83, 0xc3, 0xe7, 0x9e,
    0xf, 0xf, 0x9e, 0x78, 0x3c, 0x7e, 0x79, 0xe0,
    0xf1, 0xf9, 0xe7, 0xff, 0xc5, 0xe7, 0x9e, 0xf,
    0x27, 0x9e, 0x78, 0x3c, 0x1e, 0x79, 0xe0, 0xf0,
    0x79, 0xe7, 0xff, 0xc1, 0xe7, 0x9e, 0xf, 0x7,
    0x9e, 0x78, 0x3c, 0x1e, 0x79, 0xe0, 0xf0, 0x79,
    0xe7, 0x83, 0xc1, 0xe7, 0x9f, 0xff, 0x7, 0x9e,
    0x78, 0x3c, 0x1e, 0x79, 0xc0, 0x20, 0x79, 0xe0,
    0x1, 0xc1, 0xe7, 0x80, 0x7, 0x87, 0x9f, 0xff,
    0xff, 0x1e, 0x78, 0x0, 0x0, 0x71, 0xc0, 0x0,
    0x0,

    /* U+505C "停" */
    0x3, 0x80, 0x3e, 0x0, 0x7, 0xe0, 0x7c, 0x20,
    0xf, 0x80, 0xf8, 0xe0, 0x3e, 0x1, 0xf1, 0xc0,
    0x7f, 0xff, 0xff, 0xc0, 0xf0, 0x0, 0x0, 0x3,
    0xe1, 0x80, 0x10, 0x7, 0x83, 0xff, 0xf0, 0xf,
    0x7, 0xff, 0xf0, 0x3e, 0xf, 0x1, 0xe0, 0x7c,
    0x1e, 0x3, 0xc0, 0xf8, 0x3f, 0xff, 0x83, 0xf0,
    0x78, 0xf, 0x7, 0xe2, 0xe0, 0x1, 0x1b, 0xc7,
    0xff, 0xff, 0x67, 0x9f, 0xff, 0xff, 0xf, 0x78,
    0x0, 0x1e, 0x1e, 0xf0, 0x0, 0xf0, 0x3d, 0xc0,
    0x3, 0xc0, 0x7b, 0xff, 0xff, 0x80, 0xf0, 0x3,
    0xe0, 0x1, 0xe0, 0x7, 0xc0, 0x3, 0xc0, 0xf,
    0x80, 0x7, 0x80, 0x1f, 0x0, 0xf, 0x0, 0x3e,
    0x0, 0x1e, 0xc, 0x7c, 0x0, 0x3c, 0x7, 0xf0,
    0x0, 0x78, 0x3, 0xe0, 0x0, 0xf0, 0x7, 0xc0,
    0x1, 0xc0, 0xe, 0x0, 0x0,

    /* U+5074 "側" */
    0xe, 0x0, 0x80, 0x3e, 0x1f, 0xff, 0x80, 0x78,
    0x3d, 0xff, 0xbe, 0xf0, 0x7b, 0x8e, 0x79, 0xe0,
    0xf7, 0x1c, 0xf3, 0xc3, 0xce, 0x39, 0xe7, 0x87,
    0x9c, 0x73, 0xcf, 0xe, 0x3f, 0xe7, 0x9e, 0x1f,
    0x71, 0xcf, 0x3c, 0x7c, 0xe3, 0x9e, 0x78, 0xf9,
    0xc7, 0x3c, 0xf1, 0xf3, 0x8e, 0x79, 0xe7, 0xe7,
    0x1c, 0xf3, 0xcf, 0xcf, 0xf9, 0xe7, 0x97, 0x9c,
    0x73, 0xcf, 0x4f, 0x38, 0xe7, 0x9e, 0x1e, 0x71,
    0xcf, 0x3c, 0x3c, 0xe3, 0x9e, 0x78, 0x79, 0xc7,
    0x3c, 0xf0, 0xf3, 0xfe, 0x79, 0xe1, 0xe7, 0x1c,
    0xf3, 0xc3, 0xce, 0x1, 0x87, 0x87, 0x87, 0x60,
    0xf, 0xf, 0x1f, 0xf0, 0x1e, 0x1e, 0x38, 0xe0,
    0x3c, 0x3c, 0xe1, 0xe7, 0xf8, 0x79, 0x83, 0xc3,
    0xf0, 0xf6, 0x7, 0x83, 0xc1, 0xd8, 0x0, 0x7,
    0x0,

    /* U+5099 "備" */
    0x6, 0x3, 0xe7, 0xc0, 0x1f, 0x8f, 0x1e, 0x0,
    0xf8, 0x3c, 0x79, 0x3, 0xe0, 0xf1, 0xee, 0xf,
    0x3f, 0xff, 0xfc, 0x3c, 0xf, 0x1e, 0x0, 0xf0,
    0x3c, 0x78, 0x7, 0x80, 0xf1, 0xcc, 0x1e, 0x3f,
    0xff, 0xfc, 0x7c, 0xff, 0xff, 0xf3, 0xe3, 0x80,
    0x0, 0xf, 0x8e, 0xc0, 0x18, 0x3e, 0x3b, 0xff,
    0xf1, 0xf8, 0xef, 0xff, 0xe7, 0xe3, 0xb9, 0xc7,
    0x37, 0x8e, 0xe7, 0x1c, 0x9e, 0x3b, 0x9c, 0x70,
    0x78, 0xef, 0xff, 0xc1, 0xe3, 0xb9, 0xc7, 0x7,
    0x8e, 0xe7, 0x1c, 0x1e, 0x3b, 0x9c, 0x70, 0x78,
    0xee, 0x71, 0xc1, 0xe3, 0x3f, 0xff, 0x7, 0x9c,
    0xe7, 0x1c, 0x1e, 0x73, 0x9c, 0x70, 0x79, 0x8e,
    0x71, 0xc1, 0xe6, 0x39, 0xdf, 0x7, 0xb0, 0xe7,
    0x3c, 0x1e, 0x83, 0x9c, 0xf0, 0x7a, 0xe, 0x61,
    0x80,

    /* U+50CD "働" */
    0x6, 0x0, 0x0, 0x0, 0x7, 0xc0, 0xe3, 0xe0,
    0x7, 0x83, 0xf3, 0xc0, 0xf, 0x9f, 0xfb, 0xc0,
    0xf, 0xff, 0x83, 0xc0, 0xf, 0x7, 0xb3, 0xc0,
    0xf, 0x7, 0xbb, 0xc8, 0x1e, 0xff, 0xff, 0xfc,
    0x1e, 0x67, 0xb7, 0xfe, 0x1f, 0x7f, 0xfb, 0xdc,
    0x1e, 0x77, 0xbb, 0xdc, 0x3e, 0x77, 0xbb, 0xdc,
    0x3e, 0x77, 0xbb, 0xdc, 0x7e, 0x7f, 0xfb, 0xdc,
    0x5e, 0x77, 0xbb, 0xdc, 0x1e, 0x77, 0xbb, 0xdc,
    0x1e, 0x77, 0xbb, 0xdc, 0x1e, 0x7f, 0xfb, 0xdc,
    0x1e, 0x77, 0xb3, 0x9c, 0x1e, 0x67, 0xa7, 0x9c,
    0x1e, 0x7, 0xb7, 0x9c, 0x1e, 0xff, 0xff, 0x9c,
    0x1e, 0x7, 0x87, 0x1c, 0x1e, 0x7, 0x9f, 0x1c,
    0x1e, 0x7f, 0xee, 0x3c, 0x1e, 0xff, 0x8c, 0x38,
    0x1e, 0x7e, 0x1f, 0xf8, 0x1e, 0x70, 0x30, 0xf8,
    0x1e, 0x40, 0x60, 0xf0, 0x1c, 0x0, 0x0, 0x60,

    /* U+50D5 "僕" */
    0x0, 0x0, 0x0, 0x0, 0x7, 0x81, 0xde, 0x0,
    0xf, 0xe3, 0xbc, 0xc0, 0x3e, 0xe7, 0x7b, 0xe0,
    0x7c, 0xee, 0xf7, 0x0, 0xf1, 0xdd, 0xec, 0x1,
    0xe3, 0xbb, 0xf4, 0x7, 0xc2, 0x77, 0x9e, 0xf,
    0x3f, 0xff, 0xfc, 0x1e, 0x7f, 0xff, 0xf8, 0x7e,
    0xe, 0xf, 0x80, 0xf8, 0xe, 0x1e, 0x1, 0xf0,
    0x1e, 0x3b, 0x7, 0xe0, 0x3c, 0xcf, 0xf, 0xcf,
    0xff, 0xff, 0x37, 0x9f, 0xff, 0xfe, 0x4f, 0x0,
    0x3c, 0x21, 0x1e, 0x0, 0x78, 0xe0, 0x3c, 0xff,
    0xff, 0xf0, 0x78, 0x1, 0xe0, 0x0, 0xf0, 0x7,
    0xc1, 0x81, 0xe0, 0xf, 0x7, 0x83, 0xdf, 0xff,
    0xff, 0x87, 0x80, 0x3f, 0x0, 0xf, 0x0, 0xf3,
    0x0, 0x1e, 0x1, 0xe7, 0x80, 0x3c, 0x7, 0x87,
    0xf0, 0x78, 0x1c, 0x7, 0xf0, 0xf0, 0x70, 0xf,
    0x81, 0xe3, 0x80, 0xe, 0x3, 0x98, 0x0, 0x4,
    0x0,

    /* U+5104 "億" */
    0x3, 0x80, 0x3e, 0x0, 0x7, 0xe0, 0x78, 0x60,
    0xf, 0x80, 0xf1, 0xe0, 0x1e, 0xff, 0xff, 0xe0,
    0x7c, 0x30, 0x38, 0x0, 0xf0, 0x78, 0x7c, 0x1,
    0xe0, 0x78, 0xe4, 0x7, 0x80, 0xe1, 0x9e, 0xf,
    0x3f, 0xff, 0xfe, 0x1f, 0x0, 0x0, 0x80, 0x7c,
    0x38, 0x3, 0xc0, 0xf8, 0x7f, 0xff, 0xc3, 0xf0,
    0xf0, 0xf, 0x7, 0xe1, 0xe0, 0x1e, 0xb, 0xc3,
    0xff, 0xfc, 0x27, 0x87, 0x80, 0x78, 0x8f, 0xf,
    0x0, 0xf0, 0x1e, 0x1e, 0x1, 0xe0, 0x3c, 0x3f,
    0xff, 0xc0, 0x78, 0x78, 0x7, 0x80, 0xf0, 0xe3,
    0xe0, 0x1, 0xe0, 0x3f, 0xec, 0x3, 0xc2, 0x7b,
    0xce, 0x7, 0x84, 0xf3, 0x9e, 0xf, 0x3d, 0xe0,
    0x9e, 0x1e, 0xf3, 0xc1, 0x3c, 0x3d, 0xe7, 0xff,
    0x78, 0x79, 0xcf, 0xff, 0x0, 0xf0, 0x1f, 0xf8,
    0x1, 0xc0, 0x0, 0x0, 0x0,

    /* U+512A "優" */
    0x2, 0x0, 0x0, 0x30, 0x3, 0xc0, 0x0, 0x78,
    0x7, 0xff, 0xff, 0xfc, 0x7, 0xc0, 0x78, 0x0,
    0x7, 0x88, 0x70, 0x80, 0x7, 0x8f, 0xff, 0xe0,
    0xf, 0x8f, 0xff, 0xf0, 0xf, 0xf, 0x1, 0xe0,
    0xf, 0xf, 0xff, 0xe0, 0x1e, 0xf, 0x1, 0xe0,
    0x1f, 0xf, 0x1, 0xe0, 0x1f, 0xf, 0xff, 0xe0,
    0x3f, 0x2f, 0x1, 0xec, 0x3f, 0x3f, 0xff, 0xfe,
    0x3f, 0xff, 0xff, 0xfc, 0x6f, 0xe5, 0xdc, 0xf0,
    0x4f, 0xed, 0xcd, 0x78, 0xf, 0x1d, 0xc9, 0x38,
    0xf, 0x39, 0xff, 0xbc, 0xf, 0x39, 0xff, 0x98,
    0xf, 0x3, 0xc0, 0x80, 0xf, 0x3, 0xf1, 0x80,
    0xf, 0x7, 0xff, 0xc0, 0xf, 0x7, 0xff, 0xe0,
    0xf, 0xf, 0x87, 0xe0, 0xf, 0xe, 0xcf, 0xc0,
    0xf, 0x1c, 0x7f, 0x80, 0xf, 0x30, 0x3f, 0xff,
    0xf, 0x40, 0xff, 0xfc, 0xf, 0x7, 0xc3, 0xfc,
    0xe, 0x78, 0x0, 0x3c,

    /* U+5143 "元" */
    0x0, 0x0, 0x1, 0x0, 0x0, 0x0, 0x7, 0x0,
    0x0, 0x0, 0x1f, 0x0, 0xff, 0xff, 0xff, 0x0,
    0x0, 0x0, 0x0, 0x0, 0x0, 0x0, 0x0, 0x0,
    0x0, 0x0, 0x0, 0x0, 0x0, 0x0, 0x0, 0x0,
    0x0, 0x0, 0x60, 0x0, 0x0, 0x1, 0xe0, 0x0,
    0x0, 0x7, 0xf7, 0xff, 0xff, 0xff, 0xe0, 0xf,
    0x87, 0x80, 0x0, 0x1f, 0xf, 0x0, 0x0, 0x3e,
    0x1e, 0x0, 0x0, 0x7c, 0x3c, 0x0, 0x0, 0xf0,
    0x78, 0x0, 0x3, 0xe0, 0xf0, 0x0, 0x7, 0xc1,
    0xe0, 0x0, 0xf, 0x83, 0xc0, 0x0, 0x1e, 0x7,
    0x80, 0x80, 0x7c, 0xf, 0x1, 0x0, 0xf0, 0x1e,
    0x2, 0x3, 0xe0, 0x3c, 0xc, 0x7, 0x80, 0x78,
    0x18, 0x1e, 0x0, 0xff, 0xf8, 0x78, 0x1, 0xff,
    0xf9, 0xc0, 0x3, 0xff, 0xe6, 0x0, 0x3, 0xff,
    0x90, 0x0, 0x0, 0x0, 0x0,

    /* U+5144 "兄" */
    0x4, 0x0, 0x1, 0x0, 0xf, 0xff, 0xff, 0x80,
    0x1f, 0xff, 0xff, 0x80, 0x3c, 0x0, 0x1f, 0x0,
    0x78, 0x0, 0x3c, 0x0, 0xf0, 0x0, 0x78, 0x1,
    0xe0, 0x0, 0xf0, 0x3, 0xc0, 0x1, 0xe0, 0x7,
    0x80, 0x3, 0xc0, 0xf, 0x0, 0x7, 0x80, 0x1e,
    0x0, 0xf, 0x0, 0x3c, 0x0, 0x1e, 0x0, 0x7f,
    0xff, 0xfc, 0x0, 0xf7, 0x8f, 0x78, 0x1, 0xcf,
    0x1e, 0xe0, 0x0, 0x1e, 0x3c, 0x0, 0x0, 0x3c,
    0x78, 0x0, 0x0, 0xf0, 0xf0, 0x0, 0x1, 0xe1,
    0xe0, 0x0, 0x3, 0xc3, 0xc0, 0x20, 0x7, 0x7,
    0x80, 0x40, 0x1e, 0xf, 0x1, 0x80, 0x38, 0x1e,
    0x3, 0x0, 0xe0, 0x3c, 0xe, 0x3, 0x80, 0x7f,
    0xfe, 0xe, 0x0, 0xff, 0xfc, 0x38, 0x1, 0xff,
    0xf8, 0xc0, 0x1, 0xff, 0xc6, 0x0, 0x0, 0x0,
    0x0,

    /* U+5148 "先" */
    0x0, 0x0, 0x0, 0x0, 0x4, 0xf, 0xc0, 0x0,
    0xf, 0x9f, 0x0, 0x0, 0x1e, 0x3e, 0x0, 0x0,
    0x7c, 0x7c, 0x8, 0x0, 0xf0, 0xf8, 0x18, 0x1,
    0xe1, 0xf0, 0x7c, 0x3, 0xff, 0xff, 0xfc, 0xe,
    0x7, 0xc0, 0x0, 0x1c, 0xf, 0x80, 0x0, 0x70,
    0x1f, 0x0, 0x0, 0xc0, 0x3e, 0x1, 0x2, 0x0,
    0x7c, 0x7, 0x80, 0x0, 0xf8, 0x1f, 0xbf, 0xff,
    0xff, 0xff, 0x80, 0x7e, 0x3c, 0x0, 0x0, 0xfc,
    0x78, 0x0, 0x1, 0xf8, 0xf0, 0x0, 0x3, 0xf1,
    0xe0, 0x0, 0x7, 0xc3, 0xc0, 0x0, 0xf, 0x87,
    0x80, 0x0, 0x3f, 0xf, 0x0, 0x80, 0x7c, 0x1e,
    0x1, 0x0, 0xf8, 0x3c, 0x2, 0x3, 0xe0, 0x78,
    0xc, 0x7, 0x80, 0xf0, 0x18, 0x1e, 0x1, 0xff,
    0xf8, 0x78, 0x3, 0xff, 0xf1, 0xe0, 0x7, 0xff,
    0xe7, 0x0, 0x7, 0xff, 0x30, 0x0, 0x0, 0x0,
    0x0,

    /* U+5149 "光" */
    0x0, 0x7, 0xc0, 0x0, 0x0, 0x1e, 0x0, 0x1,
    0x0, 0x78, 0x30, 0x3, 0x81, 0xe0, 0xf8, 0xf,
    0x7, 0x83, 0xf0, 0x1e, 0x1e, 0x1f, 0x0, 0x7c,
    0x78, 0x78, 0x1, 0xf1, 0xe1, 0xc0, 0x3, 0xc7,
    0x8e, 0x0, 0xf, 0x1e, 0x30, 0x0, 0x3c, 0x79,
    0x86, 0x0, 0x1, 0xe0, 0x1c, 0x0, 0x0, 0x0,
    0xfd, 0xff, 0xff, 0xfc, 0x0, 0xf, 0x8f, 0x0,
    0x0, 0x3e, 0x3c, 0x0, 0x0, 0xf8, 0xf0, 0x0,
    0x3, 0xe3, 0xc0, 0x0, 0xf, 0x8f, 0x0, 0x0,
    0x3c, 0x3c, 0x2, 0x1, 0xf0, 0xf0, 0x8, 0x7,
    0x83, 0xc0, 0x20, 0x1e, 0xf, 0x1, 0x80, 0xf0,
    0x3c, 0x6, 0x3, 0xc0, 0xf0, 0x18, 0x1e, 0x3,
    0xff, 0xf0, 0xe0, 0xf, 0xff, 0xc7, 0x0, 0x3f,
    0xff, 0x30, 0x0, 0x7f, 0xf3, 0x0, 0x0, 0x0,
    0x0,

    /* U+515A "党" */
    0x0, 0x0, 0x0, 0x0, 0x0, 0x1f, 0x0, 0x0,
    0x78, 0x78, 0xf0, 0x0, 0xf1, 0xe3, 0xe0, 0x3,
    0xe7, 0x9f, 0x0, 0x7, 0x9e, 0x70, 0x0, 0x1e,
    0x79, 0x84, 0x3, 0xff, 0xff, 0xfc, 0x1f, 0xff,
    0xff, 0xf8, 0xe0, 0x0, 0x3, 0xff, 0xa0, 0x0,
    0x4f, 0x3e, 0xff, 0xff, 0xb0, 0xf3, 0xff, 0xff,
    0x1, 0x8f, 0x0, 0x7c, 0x0, 0x3c, 0x1, 0xf0,
    0x0, 0xf0, 0x7, 0xc0, 0x3, 0xc0, 0x1f, 0x0,
    0xf, 0xff, 0xfc, 0x0, 0x3f, 0xdf, 0xe0, 0x0,
    0xff, 0x7c, 0x0, 0x2, 0x79, 0xf0, 0x0, 0x3,
    0xe7, 0xc0, 0x0, 0xf, 0x1f, 0x0, 0x80, 0x7c,
    0x7c, 0x2, 0x1, 0xe1, 0xf0, 0x18, 0xf, 0x7,
    0xc0, 0x60, 0x78, 0xf, 0xff, 0xc3, 0x80, 0x3f,
    0xff, 0x38, 0x0, 0x7f, 0xfb, 0x0, 0x0, 0x0,
    0x0,

    /* U+5165 "入" */
    0x0, 0x0, 0x0, 0x0, 0x0, 0xc, 0x0, 0x0,
    0x0, 0x7c, 0x0, 0x0, 0xff, 0xf8, 0x0, 0x0,
    0x3, 0xc0, 0x0, 0x0, 0x8, 0x0, 0x0, 0x0,
    0x20, 0x0, 0x0, 0x0, 0x80, 0x0, 0x0, 0x2,
    0x0, 0x0, 0x0, 0x1c, 0x0, 0x0, 0x0, 0x70,
    0x0, 0x0, 0x1, 0xc0, 0x0, 0x0, 0x7, 0x0,
    0x0, 0x0, 0x3e, 0x0, 0x0, 0x0, 0xf8, 0x0,
    0x0, 0x3, 0xf0, 0x0, 0x0, 0x1f, 0xc0, 0x0,
    0x0, 0x7b, 0x80, 0x0, 0x3, 0xe7, 0x0, 0x0,
    0xf, 0x1e, 0x0, 0x0, 0x78, 0x3c, 0x0, 0x1,
    0xe0, 0xf8, 0x0, 0xf, 0x1, 0xf0, 0x0, 0x78,
    0x7, 0xf0, 0x3, 0xc0, 0xf, 0xf0, 0xe, 0x0,
    0x1f, 0xf0, 0x60, 0x0, 0x3f, 0x87, 0x0, 0x0,
    0x7c, 0x30, 0x0, 0x0, 0xe1, 0x0, 0x0, 0x1,
    0x0,

    /* U+5168 "全" */
    0x0, 0xf, 0x0, 0x0, 0x0, 0x3f, 0x0, 0x0,
    0x1, 0xf8, 0x0, 0x0, 0x7, 0xd0, 0x0, 0x0,
    0x3e, 0x60, 0x0, 0x1, 0xf0, 0xe0, 0x0, 0x7,
    0x83, 0xc0, 0x0, 0x3c, 0x7, 0xe0, 0x1, 0xe0,
    0xf, 0xe0, 0xf, 0x0, 0x1f, 0xf0, 0x78, 0x0,
    0x3f, 0x83, 0x80, 0x3, 0x7c, 0x1c, 0x0, 0x1e,
    0xf0, 0xcf, 0xff, 0xfc, 0x84, 0x0, 0x78, 0x0,
    0x20, 0x1, 0xe0, 0x0, 0x0, 0x7, 0x80, 0x0,
    0x0, 0x1e, 0x0, 0x0, 0x0, 0x78, 0x30, 0x0,
    0x1, 0xe1, 0xf0, 0x7, 0xff, 0xff, 0xe0, 0x0,
    0x1e, 0x0, 0x0, 0x0, 0x78, 0x0, 0x0, 0x1,
    0xe0, 0x0, 0x0, 0x7, 0x80, 0x0, 0x0, 0x1e,
    0x1, 0x0, 0x0, 0x78, 0xe, 0x0, 0x1, 0xe0,
    0x3c, 0x7f, 0xff, 0xff, 0xf8,

    /* U+516B "八" */
    0x0, 0x0, 0x20, 0x0, 0x1, 0xff, 0xf0, 0x0,
    0x3, 0xff, 0xe0, 0x0, 0x0, 0x1, 0x0, 0x0,
    0x0, 0x2, 0x0, 0x0, 0x0, 0x4, 0x0, 0x0,
    0x0, 0x8, 0x0, 0x0, 0x38, 0x18, 0x0, 0x0,
    0xfc, 0x30, 0x0, 0x1, 0xf0, 0x60, 0x0, 0x3,
    0xe0, 0x40, 0x0, 0x7, 0xc0, 0xc0, 0x0, 0xf,
    0x1, 0x80, 0x0, 0x1e, 0x3, 0x80, 0x0, 0x7c,
    0x7, 0x0, 0x0, 0xf8, 0x7, 0x0, 0x1, 0xe0,
    0xe, 0x0, 0x3, 0xc0, 0x1e, 0x0, 0xf, 0x0,
    0x3e, 0x0, 0x1e, 0x0, 0x3e, 0x0, 0x38, 0x0,
    0x7e, 0x0, 0xe0, 0x0, 0x7e, 0x1, 0xc0, 0x0,
    0xfe, 0x7, 0x0, 0x0, 0xff, 0x1c, 0x0, 0x1,
    0xf8, 0x30, 0x0, 0x1, 0xe0, 0x80, 0x0, 0x1,
    0x82, 0x0, 0x0, 0x1, 0x0,

    /* U+516C "公" */
    0x0, 0x0, 0x0, 0x0, 0x1, 0x80, 0x80, 0x0,
    0x3, 0xe0, 0x80, 0x0, 0xf, 0xc1, 0x80, 0x0,
    0x1f, 0x1, 0x80, 0x0, 0x3c, 0x3, 0x0, 0x0,
    0xf8, 0x7, 0x0, 0x1, 0xe0, 0x7, 0x80, 0x7,
    0xc0, 0xf, 0x80, 0xf, 0x0, 0xf, 0x80, 0x3c,
    0x0, 0xf, 0xc0, 0xf0, 0xf8, 0x1f, 0xf1, 0xc1,
    0xf8, 0x1f, 0x87, 0x3, 0xe0, 0x1e, 0x18, 0x7,
    0x80, 0x18, 0x60, 0xf, 0x0, 0x0, 0x0, 0x3c,
    0x0, 0x0, 0x0, 0x78, 0x0, 0x0, 0x0, 0xe0,
    0xc0, 0x0, 0x1, 0xc0, 0xe0, 0x0, 0x7, 0x1,
    0xe0, 0x0, 0xc, 0x1, 0xf0, 0x0, 0x18, 0x1,
    0xf0, 0x0, 0x60, 0x3, 0xe0, 0x3f, 0xff, 0xfb,
    0xe0, 0x7f, 0xff, 0x87, 0xc0, 0x7f, 0xf8, 0xf,
    0xc0, 0xff, 0x0, 0xf, 0x80, 0xe0, 0x0, 0x1e,
    0x1, 0x0, 0x0, 0x1c, 0x0,

    /* U+516D "六" */
    0x0, 0x7, 0xc0, 0x0, 0x0, 0x1e, 0x0, 0x0,
    0x0, 0x78, 0x0, 0x0, 0x1, 0xe0, 0x0, 0x0,
    0x7, 0x80, 0x40, 0x0, 0x1e, 0x3, 0x80, 0x0,
    0x78, 0x1f, 0x1f, 0xff, 0xff, 0xfe, 0x0, 0x0,
    0x0, 0x0, 0x0, 0x0, 0x0, 0x0, 0x0, 0x0,
    0x0, 0x0, 0x0, 0x0, 0x0, 0x0, 0x40, 0x0,
    0x0, 0x3, 0xc0, 0xc0, 0x0, 0xf, 0xc1, 0xc0,
    0x0, 0x3e, 0x3, 0xc0, 0x1, 0xf0, 0x7, 0x80,
    0x7, 0xc0, 0x1f, 0x0, 0x3e, 0x0, 0x3e, 0x0,
    0xf0, 0x0, 0xfc, 0x7, 0xc0, 0x1, 0xf0, 0x1e,
    0x0, 0x7, 0xe0, 0xf0, 0x0, 0xf, 0x83, 0x80,
    0x0, 0x3e, 0x1c, 0x0, 0x0, 0x78, 0xe0, 0x0,
    0x1, 0xe6, 0x0, 0x0, 0x7, 0xa0, 0x0, 0x0,
    0x0,

    /* U+5177 "具" */
    0x1, 0x0, 0x3, 0x0, 0x3, 0xff, 0xff, 0x0,
    0x7, 0xff, 0xff, 0x0, 0xf, 0x0, 0x3c, 0x0,
    0x1e, 0x0, 0x78, 0x0, 0x3c, 0x0, 0xf0, 0x0,
    0x7f, 0xff, 0xe0, 0x0, 0xf0, 0x3, 0xc0, 0x1,
    0xe0, 0x7, 0x80, 0x3, 0xc0, 0xf, 0x0, 0x7,
    0x80, 0x1e, 0x0, 0xf, 0xff, 0xfc, 0x0, 0x1e,
    0x0, 0x78, 0x0, 0x3c, 0x0, 0xf0, 0x0, 0x78,
    0x1, 0xe0, 0x0, 0xf0, 0x3, 0xc0, 0x1, 0xff,
    0xff, 0x80, 0x3, 0xc0, 0xf, 0x0, 0x7, 0x80,
    0x1c, 0xc0, 0x0, 0x0, 0x3, 0xe7, 0xff, 0xff,
    0xff, 0xe0, 0x0, 0x0, 0x0, 0x0, 0x1c, 0xf,
    0x0, 0x0, 0x7e, 0x7, 0xe0, 0x1, 0xfe, 0x3,
    0xf0, 0x7, 0xe0, 0x3, 0xf0, 0x3f, 0x0, 0x3,
    0xf0, 0xf0, 0x0, 0x3, 0xe6, 0x0, 0x0, 0x3,
    0x80,

    /* U+5185 "内" */
    0x0, 0x1f, 0x0, 0x0, 0x1, 0xe0, 0x0, 0x0,
    0x1e, 0x0, 0x0, 0x1, 0xe0, 0x0, 0xc0, 0x1e,
    0x1, 0x8f, 0xff, 0xff, 0xfc, 0xff, 0xff, 0xff,
    0xef, 0x1, 0xe0, 0x3e, 0xf0, 0x1e, 0x3, 0xef,
    0x1, 0xc0, 0x3e, 0xf0, 0x1c, 0x3, 0xef, 0x3,
    0xe0, 0x3e, 0xf0, 0x3f, 0x83, 0xef, 0x3, 0x9e,
    0x3e, 0xf0, 0x79, 0xf3, 0xef, 0x7, 0xf, 0xbe,
    0xf0, 0xe0, 0x7b, 0xef, 0x1c, 0x7, 0xbe, 0xf3,
    0x80, 0x7b, 0xef, 0x60, 0x3, 0xbe, 0xf8, 0x0,
    0x3, 0xef, 0x0, 0x0, 0x3e, 0xf0, 0x0, 0x3,
    0xef, 0x0, 0x0, 0x3e, 0xf0, 0x0, 0x3, 0xef,
    0x0, 0xf, 0xfc, 0xf0, 0x0, 0x1f, 0xcf, 0x0,
    0x0, 0xfc, 0xf0, 0x0, 0xf, 0x8e, 0x0, 0x0,
    0xf0,

    /* U+5186 "円" */
    0x80, 0x0, 0x3, 0x1f, 0xff, 0xff, 0xf3, 0xff,
    0xff, 0xff, 0x78, 0x1e, 0x3, 0xef, 0x3, 0xc0,
    0x79, 0xe0, 0x78, 0xf, 0x3c, 0xf, 0x1, 0xe7,
    0x81, 0xe0, 0x3c, 0xf0, 0x3c, 0x7, 0x9e, 0x7,
    0x80, 0xf3, 0xc0, 0xf0, 0x1e, 0x78, 0x1e, 0x3,
    0xcf, 0x3, 0xc0, 0x79, 0xff, 0xff, 0xff, 0x3c,
    0x0, 0x1, 0xe7, 0x80, 0x0, 0x3c, 0xf0, 0x0,
    0x7, 0x9e, 0x0, 0x0, 0xf3, 0xc0, 0x0, 0x1e,
    0x78, 0x0, 0x3, 0xcf, 0x0, 0x0, 0x79, 0xe0,
    0x0, 0xf, 0x3c, 0x0, 0x1, 0xe7, 0x80, 0x0,
    0x3c, 0xf0, 0x3, 0xff, 0x9e, 0x0, 0x7, 0xf3,
    0xc0, 0x0, 0x7e, 0x78, 0x0, 0xf, 0x8e, 0x0,
    0x1, 0xc0,

    /* U+518A "冊" */
    0x10, 0x0, 0x0, 0x80, 0x3f, 0xff, 0xff, 0xc0,
    0x7f, 0xff, 0xff, 0xc0, 0xf3, 0xc7, 0x8f, 0x1,
    0xe7, 0x8f, 0x1e, 0x3, 0xcf, 0x1e, 0x3c, 0x7,
    0x9e, 0x3c, 0x78, 0xf, 0x3c, 0x78, 0xf0, 0x1e,
    0x78, 0xf1, 0xe0, 0x3c, 0xf1, 0xe3, 0xc0, 0x79,
    0xe3, 0xc7, 0xa0, 0xf3, 0xc7, 0x8f, 0x61, 0xe7,
    0x8f, 0x1f, 0xdf, 0xff, 0xff, 0xff, 0xc7, 0x9e,
    0x3c, 0x78, 0xf, 0x3c, 0x78, 0xf0, 0x1e, 0x78,
    0xf1, 0xe0, 0x3c, 0xf1, 0xe3, 0xc0, 0x79, 0xe3,
    0xc7, 0x80, 0xf3, 0xc7, 0x8f, 0x1, 0xe7, 0x8f,
    0x1e, 0x3, 0xcf, 0x1e, 0x3c, 0x7, 0x9e, 0x3c,
    0x78, 0xf, 0x3c, 0x78, 0xf0, 0x1e, 0x78, 0xf1,
    0xe0, 0x3c, 0xf1, 0xef, 0xc0, 0x79, 0xe3, 0xcf,
    0x80, 0xf3, 0xc7, 0x9f, 0x1, 0xc7, 0xe, 0x38,
    0x0,

    /* U+5199 "写" */
    0x0, 0x0, 0x0, 0xc0, 0x7f, 0xff, 0xff, 0x7,
    0xff, 0xff, 0xfc, 0x30, 0x0, 0x3, 0xf7, 0x8c,
    0x0, 0x1e, 0x7c, 0x7c, 0x0, 0xe3, 0xe3, 0xc0,
    0xc, 0x1e, 0x1e, 0x1, 0x80, 0x21, 0xf0, 0x1e,
    0x0, 0xf, 0xff, 0xf8, 0x0, 0x78, 0x0, 0x0,
    0x3, 0xc0, 0x0, 0x0, 0x1e, 0x0, 0x0, 0x1,
    0xf0, 0xc, 0x0, 0xf, 0xff, 0xf0, 0x0, 0x7f,
    0xff, 0xc0, 0x3, 0xc0, 0x3e, 0x0, 0x3e, 0x1,
    0xe0, 0x0, 0x0, 0xf, 0x18, 0x0, 0x0, 0x79,
    0xef, 0xff, 0xff, 0xff, 0x80, 0x0, 0x1e, 0x0,
    0x0, 0x1, 0xf0, 0x0, 0x0, 0xf, 0x0, 0x0,
    0x0, 0x78, 0x0, 0x0, 0x7, 0xc0, 0x0, 0x7,
    0xfc, 0x0, 0x0, 0xf, 0xe0, 0x0, 0x0, 0x3e,
    0x0, 0x0, 0x1, 0xe0, 0x0,

    /* U+51AC "冬" */
    0x0, 0x20, 0x0, 0x0, 0x0, 0x7c, 0x0, 0x0,
    0x1, 0xfc, 0x0, 0x0, 0x3, 0xe0, 0x30, 0x0,
    0xf, 0xff, 0xf0, 0x0, 0x1f, 0xff, 0xf0, 0x0,
    0x7c, 0x7, 0xf0, 0x0, 0xf0, 0xf, 0x80, 0x3,
    0xf0, 0x3f, 0x0, 0xe, 0x20, 0xfc, 0x0, 0x38,
    0x73, 0xf0, 0x0, 0xe0, 0x7f, 0xc0, 0x3, 0x0,
    0x7f, 0x0, 0x8, 0x0, 0xfc, 0x0, 0x0, 0x7,
    0xff, 0x0, 0x0, 0x1f, 0x7f, 0xf0, 0x0, 0xfc,
    0x7f, 0xfc, 0x7, 0xc0, 0x3f, 0xf0, 0x3e, 0x7c,
    0x1f, 0xc1, 0xc0, 0x7f, 0x7, 0xc, 0x0, 0x3f,
    0x0, 0x0, 0x0, 0x3e, 0x0, 0x0, 0x0, 0x3c,
    0x0, 0x0, 0x0, 0x10, 0x0, 0x3, 0xfe, 0x0,
    0x0, 0x0, 0xff, 0xe0, 0x0, 0x0, 0x3f, 0xe0,
    0x0, 0x0, 0xf, 0xe0, 0x0, 0x0, 0x7, 0xe0,
    0x0, 0x0, 0x3, 0xc0, 0x0, 0x0, 0x0, 0x0,
    0x0,

    /* U+51B7 "冷" */
    0x0, 0x0, 0xe0, 0x1, 0x80, 0x7, 0xe0, 0x3,
    0x80, 0x1f, 0x0, 0xf, 0x80, 0xfa, 0x0, 0x1e,
    0x3, 0xec, 0x0, 0x7c, 0xf, 0x18, 0x1, 0xe4,
    0x78, 0x78, 0x3, 0xa3, 0xc0, 0xf8, 0x0, 0x8e,
    0x3, 0xf8, 0x6, 0x70, 0x37, 0xf0, 0x13, 0x81,
    0xff, 0x80, 0xdf, 0xff, 0xfc, 0x3, 0x40, 0x0,
    0x20, 0x1a, 0x0, 0x0, 0x0, 0x60, 0x0, 0xc,
    0x3, 0x9f, 0xff, 0xf8, 0x1c, 0x7f, 0xff, 0xf0,
    0x70, 0xf, 0x7, 0xc3, 0xc0, 0x3c, 0x1f, 0x3f,
    0x0, 0xf0, 0x7c, 0x7c, 0x3, 0xc1, 0xf0, 0xf0,
    0xf, 0x7, 0xc3, 0xc0, 0x3c, 0x1f, 0xf, 0x80,
    0xf7, 0xfc, 0x3e, 0x3, 0xc7, 0xe0, 0xf8, 0xf,
    0xf, 0x83, 0xe0, 0x3c, 0x3e, 0xf, 0x0, 0xf0,
    0xc0, 0x0, 0x3, 0xc0, 0x0, 0x0, 0xe, 0x0,
    0x0,

    /* U+51CD "凍" */
    0x0, 0x0, 0x7c, 0x0, 0x80, 0x0, 0xf0, 0x41,
    0xe0, 0x1, 0xe1, 0xc1, 0xe0, 0x3, 0xc3, 0xc3,
    0xef, 0xff, 0xff, 0xc3, 0xc0, 0xf, 0x0, 0x7,
    0x90, 0x1e, 0x18, 0xf, 0x78, 0x3c, 0x78, 0x1,
    0x7f, 0xff, 0xf8, 0x2, 0xf0, 0xf1, 0xe0, 0xd,
    0xe1, 0xe3, 0xc0, 0x13, 0xc3, 0xc7, 0x80, 0x67,
    0xff, 0xff, 0x0, 0xcf, 0xf, 0x1e, 0x3, 0x1e,
    0x1e, 0x3c, 0x6, 0x3c, 0x3c, 0x78, 0x1c, 0x78,
    0x78, 0xf0, 0x78, 0xff, 0xff, 0xe3, 0xf1, 0xe7,
    0xf3, 0xc3, 0xc3, 0x1f, 0xd0, 0x3, 0xc0, 0x3f,
    0xb0, 0x7, 0x80, 0xff, 0x70, 0xf, 0x83, 0xfe,
    0x78, 0x1f, 0xf, 0xbc, 0xfc, 0x3e, 0x1c, 0x78,
    0xfe, 0x7c, 0x70, 0xf1, 0xf0, 0xf3, 0x81, 0xe1,
    0xc0, 0xe, 0x3, 0xc1, 0x80, 0x20, 0x7, 0x80,
    0x0, 0x0, 0xe, 0x0, 0x0,

    /* U+51DD "凝" */
    0x0, 0xf0, 0x0, 0x21, 0x3, 0x8b, 0xff, 0xc7,
    0xe, 0x77, 0xff, 0x8f, 0x3b, 0xe0, 0x1e, 0x3c,
    0xfc, 0x10, 0xe0, 0xf3, 0x82, 0x7b, 0x1, 0xce,
    0x8, 0xf8, 0x7, 0x38, 0x61, 0xe0, 0x2, 0xff,
    0x83, 0x80, 0xb, 0xff, 0xe, 0x0, 0x67, 0xf8,
    0x0, 0x1, 0x3c, 0x3f, 0xfc, 0xc, 0xf0, 0xff,
    0xf8, 0x33, 0x9c, 0x1e, 0xf1, 0xcf, 0xf8, 0x7b,
    0x6, 0x7e, 0x1, 0xe8, 0x39, 0xb8, 0x7f, 0x80,
    0xe4, 0xed, 0xde, 0xcf, 0xa3, 0xbf, 0x7b, 0x9e,
    0xff, 0xfd, 0xfe, 0x38, 0x38, 0x77, 0x80, 0xe0,
    0xe1, 0xde, 0x3, 0xc3, 0xef, 0x78, 0xf, 0x1d,
    0xff, 0xe0, 0x3c, 0x67, 0xcf, 0x80, 0xf3, 0x8f,
    0x3e, 0x3, 0xdc, 0x18, 0x7f, 0xc4, 0x60, 0xc0,
    0xfe, 0x2, 0x6, 0x1, 0xf8, 0x30, 0x0, 0x0,
    0x0,

    /* U+51E6 "処" */
    0xf, 0x80, 0x0, 0x0, 0x3c, 0x0, 0x8, 0x0,
    0xf0, 0x1f, 0xf0, 0x3, 0xc8, 0x7f, 0xf0, 0xf,
    0xf9, 0xe7, 0x80, 0x3f, 0xf7, 0x9e, 0x0, 0xe7,
    0xde, 0x78, 0x7, 0x9e, 0x79, 0xe0, 0x1c, 0x79,
    0xe7, 0x80, 0x71, 0xe7, 0x9e, 0x1, 0xc7, 0x9e,
    0x78, 0xf, 0x3c, 0x79, 0xe0, 0x34, 0xf1, 0xe7,
    0x88, 0xdb, 0xc7, 0x9e, 0x26, 0x6f, 0x1c, 0x79,
    0x90, 0xb8, 0x71, 0xe6, 0xc3, 0xe3, 0xc7, 0x9a,
    0xf, 0x8e, 0x1f, 0xe0, 0x3c, 0x30, 0x7f, 0xc0,
    0xf1, 0x81, 0xfe, 0x3, 0xcc, 0x3, 0xf0, 0x1f,
    0xa0, 0x0, 0x0, 0x7f, 0x80, 0x0, 0x3, 0x9f,
    0xc0, 0x0, 0xc, 0x3f, 0xff, 0xfc, 0x60, 0x7f,
    0xff, 0xc3, 0x0, 0x7f, 0xff, 0x10, 0x0, 0x3f,
    0xfc, 0x80, 0x0, 0x0, 0x0,

    /* U+51FA "出" */
    0x0, 0x1f, 0x0, 0x0, 0x3, 0xc0, 0x0, 0x0,
    0x78, 0x0, 0x1f, 0xf, 0x7, 0xc3, 0xc1, 0xe0,
    0xf0, 0x78, 0x3c, 0x1e, 0xf, 0x7, 0x83, 0xc1,
    0xe0, 0xf0, 0x78, 0x3c, 0x1e, 0xf, 0x7, 0x83,
    0xc1, 0xe0, 0xf0, 0x78, 0x3c, 0x1e, 0xf, 0x7,
    0x83, 0xff, 0xff, 0xf0, 0x78, 0x3c, 0x1e, 0xe,
    0x7, 0x83, 0x80, 0x0, 0xf0, 0x0, 0xf8, 0x1e,
    0x3, 0xfe, 0x3, 0xc0, 0x7b, 0xc0, 0x78, 0xf,
    0x78, 0xf, 0x1, 0xef, 0x1, 0xe0, 0x3d, 0xe0,
    0x3c, 0x7, 0xbc, 0x7, 0x80, 0xf7, 0x80, 0xf0,
    0x1e, 0xf0, 0x1e, 0x3, 0xde, 0x3, 0xc0, 0x7b,
    0xff, 0xff, 0xff, 0x7f, 0xff, 0xff, 0xef, 0x0,
    0x0, 0x3d, 0xe0, 0x0, 0x7, 0x0,

    /* U+5206 "分" */
    0x0, 0x40, 0x40, 0x0, 0x0, 0xf0, 0x40, 0x0,
    0x1, 0xf8, 0x40, 0x0, 0x7, 0xc0, 0xc0, 0x0,
    0xf, 0x81, 0xc0, 0x0, 0x3e, 0x1, 0xc0, 0x0,
    0x78, 0x3, 0xc0, 0x1, 0xe0, 0x3, 0xe0, 0x7,
    0x80, 0x3, 0xf0, 0xe, 0x0, 0x7, 0xf8, 0x38,
    0x0, 0x7, 0xf8, 0xe0, 0x0, 0x37, 0xc3, 0xff,
    0xff, 0xf3, 0xd, 0xff, 0xff, 0xf0, 0x20, 0xf,
    0x3, 0xe0, 0x0, 0x1e, 0x7, 0x80, 0x0, 0x3c,
    0xf, 0x0, 0x0, 0xf8, 0x1e, 0x0, 0x1, 0xe0,
    0x3c, 0x0, 0x3, 0xc0, 0x78, 0x0, 0x7, 0x80,
    0xf0, 0x0, 0x1e, 0x3, 0xe0, 0x0, 0x3c, 0x7,
    0xc0, 0x0, 0xf0, 0xf, 0x80, 0x3, 0xc0, 0x1f,
    0x0, 0x7, 0x0, 0x7c, 0x0, 0x1c, 0x1f, 0xf8,
    0x0, 0x60, 0x7, 0xe0, 0x1, 0x80, 0xf, 0xc0,
    0xc, 0x0, 0x1e, 0x0, 0x0,

    /* U+5207 "切" */
    0xf, 0x80, 0x0, 0x0, 0x1e, 0x0, 0x0, 0x60,
    0x3c, 0x3f, 0xff, 0xe0, 0x78, 0x7f, 0xff, 0xe0,
    0xf0, 0x7, 0x87, 0xc1, 0xe2, 0xf, 0xf, 0x3,
    0xc6, 0x1e, 0x1e, 0x7, 0x9f, 0x3c, 0x3c, 0xf,
    0x3e, 0x78, 0x78, 0x1f, 0x80, 0xf0, 0xf3, 0xfc,
    0x1, 0xe1, 0xe0, 0x78, 0x3, 0x83, 0xc0, 0xf0,
    0xf, 0x7, 0x81, 0xe1, 0x1e, 0xf, 0x3, 0xc2,
    0x3c, 0x1e, 0x7, 0x84, 0x78, 0x3c, 0xf, 0x18,
    0xe0, 0x78, 0x1f, 0xfb, 0xc0, 0xf0, 0x3f, 0xf7,
    0x81, 0xe0, 0x7f, 0xee, 0x7, 0xc0, 0x7f, 0xbc,
    0xf, 0x80, 0x0, 0x70, 0x1f, 0x0, 0x1, 0xe0,
    0x7c, 0x0, 0x7, 0x9f, 0xf8, 0x0, 0xe, 0xf,
    0xf0, 0x0, 0x30, 0xf, 0xc0, 0x1, 0xc0, 0x1f,
    0x0, 0x6, 0x0, 0x3c, 0x0, 0x20, 0x0, 0x0,
    0x0,

    /* U+520A "刊" */
    0x0, 0x0, 0x0, 0x7c, 0x0, 0x18, 0x1, 0xe0,
    0x0, 0xf8, 0x7, 0x9f, 0xff, 0xef, 0x9e, 0x1,
    0xe0, 0x3c, 0x78, 0x7, 0x80, 0xf1, 0xe0, 0x1e,
    0x3, 0xc7, 0x80, 0x78, 0xf, 0x1e, 0x1, 0xe0,
    0x3c, 0x78, 0x7, 0x80, 0xf1, 0xe0, 0x1e, 0x3,
    0xc7, 0x80, 0x78, 0x8f, 0x1e, 0x1, 0xe3, 0x3c,
    0x78, 0x7, 0x9f, 0xf1, 0xef, 0xff, 0xff, 0xc7,
    0x80, 0x78, 0xf, 0x1e, 0x1, 0xe0, 0x3c, 0x78,
    0x7, 0x80, 0xf1, 0xe0, 0x1e, 0x3, 0xc7, 0x80,
    0x78, 0xf, 0x1e, 0x1, 0xe0, 0x3c, 0x78, 0x7,
    0x80, 0xf1, 0xe0, 0x1e, 0x3, 0x87, 0x80, 0x78,
    0x0, 0x1e, 0x1, 0xe0, 0x0, 0x78, 0x7, 0x80,
    0x3f, 0xe0, 0x1e, 0x0, 0x3f, 0x80, 0x78, 0x0,
    0x7e, 0x1, 0xe0, 0x1, 0xf0, 0x7, 0x0, 0x3,
    0x0,

    /* U+5217 "列" */
    0x0, 0x2, 0x0, 0x60, 0x0, 0x1c, 0x1, 0xf0,
    0x0, 0x79, 0x7, 0x9f, 0xff, 0xf7, 0x9e, 0x3,
    0xe0, 0x1e, 0x78, 0xf, 0x80, 0x79, 0xe0, 0x3c,
    0x1, 0xe7, 0x80, 0xf0, 0x7, 0x9e, 0x7, 0x83,
    0x1e, 0x78, 0x1f, 0xfe, 0x79, 0xe0, 0x7f, 0xfd,
    0xe7, 0x83, 0xc1, 0xf7, 0x9e, 0xe, 0x7, 0x9e,
    0x78, 0x38, 0x3e, 0x79, 0xe1, 0xf0, 0xf1, 0xe7,
    0x86, 0xf3, 0xc7, 0x9e, 0x33, 0xef, 0x1e, 0x78,
    0x87, 0xf8, 0x79, 0xe4, 0x1f, 0xe1, 0xe7, 0xa0,
    0x7f, 0x7, 0x9e, 0x0, 0x3c, 0x1e, 0x78, 0x1,
    0xe0, 0x79, 0xe0, 0x7, 0x1, 0xc7, 0x80, 0x3c,
    0x0, 0x1e, 0x1, 0xe0, 0x0, 0x78, 0x7, 0x0,
    0x1, 0xe0, 0x38, 0x0, 0xff, 0x81, 0x80, 0x0,
    0x7e, 0xc, 0x0, 0x0, 0xf8, 0xc0, 0x0, 0x3,
    0xc4, 0x0, 0x0, 0xc, 0x0,

    /* U+521D "初" */
    0x7, 0xc0, 0x0, 0x0, 0xf, 0x0, 0x0, 0x0,
    0x1e, 0x0, 0x0, 0xc0, 0x3c, 0x3f, 0xff, 0xc0,
    0x79, 0x7f, 0xff, 0xcf, 0xff, 0x7, 0x8f, 0x9f,
    0xff, 0xf, 0x1e, 0x0, 0x3e, 0x1e, 0x3c, 0x0,
    0xf8, 0x3c, 0x78, 0x1, 0xe0, 0x78, 0xf0, 0x7,
    0xc0, 0xf1, 0xe0, 0xf, 0x61, 0xe3, 0xc0, 0x3c,
    0xe3, 0xc7, 0x80, 0x73, 0xe7, 0x8f, 0x1, 0xe6,
    0xf, 0x1e, 0x7, 0xf8, 0x3c, 0x3c, 0xf, 0xbc,
    0x78, 0x78, 0x3f, 0x78, 0xf0, 0xf0, 0xde, 0x79,
    0xe1, 0xe2, 0x3c, 0xf7, 0x83, 0xc0, 0x78, 0xf,
    0x7, 0x80, 0xf0, 0x1c, 0xf, 0x1, 0xe0, 0x78,
    0x1e, 0x3, 0xc0, 0xe0, 0x7c, 0x7, 0x83, 0x80,
    0xf0, 0xf, 0xe, 0x1f, 0xe0, 0x1e, 0x38, 0xf,
    0xc0, 0x3c, 0xe0, 0x1f, 0x0, 0x7b, 0x0, 0x18,
    0x0,

    /* U+5224 "判" */
    0x1, 0xf0, 0x0, 0x60, 0x7, 0x80, 0x1, 0xf4,
    0x1e, 0x20, 0x7, 0x9c, 0x79, 0xf7, 0xde, 0x39,
    0xe7, 0x9e, 0x78, 0xe7, 0x9c, 0x79, 0xe3, 0xde,
    0x71, 0xe7, 0x8f, 0x7b, 0x87, 0x9e, 0x3d, 0xec,
    0x1e, 0x78, 0xf7, 0xa0, 0x79, 0xe0, 0x1e, 0x31,
    0xe7, 0x80, 0x79, 0xe7, 0x9e, 0x7f, 0xff, 0xde,
    0x78, 0x7, 0x80, 0x79, 0xe0, 0x1e, 0x1, 0xe7,
    0x80, 0x78, 0x7, 0x9e, 0x1, 0xe1, 0x9e, 0x78,
    0x7, 0x8f, 0x79, 0xef, 0xff, 0xff, 0xe7, 0x80,
    0x78, 0x7, 0x9e, 0x1, 0xe0, 0x1e, 0x78, 0x7,
    0x80, 0x79, 0xe0, 0x1e, 0x1, 0x7, 0x80, 0x78,
    0x0, 0x1e, 0x1, 0xe0, 0x0, 0x78, 0x7, 0x80,
    0x1f, 0xe0, 0x1e, 0x0, 0x1f, 0x80, 0x78, 0x0,
    0x3e, 0x1, 0xe0, 0x0, 0xf0, 0x7, 0x0, 0x3,
    0x0,

    /* U+5225 "別" */
    0x0, 0x4, 0x0, 0x7c, 0xff, 0xfc, 0x61, 0xe3,
    0xff, 0xf9, 0xf7, 0x8f, 0x3, 0xc7, 0x9e, 0x3c,
    0xf, 0x1e, 0x78, 0xf0, 0x3c, 0x79, 0xe3, 0xc0,
    0xf1, 0xe7, 0x8f, 0x3, 0xc7, 0x9e, 0x3c, 0xf,
    0x1e, 0x78, 0xf0, 0x3c, 0x79, 0xe3, 0xff, 0xf1,
    0xe7, 0x8f, 0xf3, 0xc7, 0x9e, 0x7, 0x80, 0x1e,
    0x78, 0x1e, 0x8, 0x79, 0xe0, 0x7f, 0xf1, 0xe7,
    0x81, 0xff, 0xe7, 0x9e, 0x7, 0x8f, 0x9e, 0x78,
    0x1e, 0x3e, 0x79, 0xe0, 0x78, 0xf9, 0xe7, 0x81,
    0xc3, 0xe7, 0x9e, 0xf, 0xf, 0x1e, 0x78, 0x3c,
    0x3c, 0x71, 0xe0, 0xe0, 0xf0, 0x7, 0x87, 0x83,
    0xc0, 0x1e, 0x1c, 0x1f, 0x0, 0x78, 0xe3, 0xfc,
    0x1f, 0xe3, 0x7, 0xe0, 0x1f, 0x98, 0xf, 0x0,
    0x3c, 0xc0, 0x38, 0x0, 0xe0,

    /* U+5229 "利" */
    0x0, 0x0, 0x0, 0x0, 0x0, 0x70, 0x1, 0xf0,
    0x7, 0xe0, 0x7, 0x80, 0x7f, 0xcf, 0x1e, 0x7,
    0xff, 0xbe, 0x78, 0xff, 0x80, 0xf1, 0xe4, 0x1e,
    0x3, 0xc7, 0x80, 0x78, 0xf, 0x1e, 0x1, 0xe2,
    0x3c, 0x78, 0x7, 0x9c, 0xf1, 0xe0, 0x1e, 0x7b,
    0xc7, 0xbf, 0xff, 0xff, 0x1e, 0x3, 0xe0, 0x3c,
    0x78, 0xf, 0x80, 0xf1, 0xe0, 0x7f, 0x3, 0xc7,
    0x81, 0xff, 0xf, 0x1e, 0x7, 0xee, 0x3c, 0x78,
    0x3f, 0xbc, 0xf1, 0xe0, 0xfe, 0x7b, 0xc7, 0x87,
    0xf9, 0xef, 0x1e, 0x1d, 0xe7, 0x3c, 0x78, 0xe7,
    0x80, 0xf1, 0xe3, 0x1e, 0x3, 0xc7, 0x98, 0x78,
    0xc, 0x1e, 0xc1, 0xe0, 0x0, 0x78, 0x7, 0x80,
    0x1, 0xe0, 0x1e, 0x0, 0xff, 0x80, 0x78, 0x0,
    0x7e, 0x1, 0xe0, 0x1, 0xf8, 0x7, 0x80, 0x3,
    0xc0, 0x1c, 0x0, 0xc, 0x0,

    /* U+5236 "制" */
    0x0, 0x0, 0x0, 0x0, 0x87, 0xc0, 0x1, 0xf3,
    0xfe, 0x0, 0x7, 0x8f, 0x78, 0x7, 0xde, 0x39,
    0xe3, 0x1e, 0x79, 0xe7, 0x8e, 0x79, 0xe7, 0xff,
    0xfd, 0xe7, 0x9c, 0x78, 0x7, 0x9e, 0x61, 0xe0,
    0x1e, 0x7b, 0x7, 0x86, 0x79, 0xe8, 0x1e, 0x3d,
    0xe7, 0xbf, 0xff, 0xff, 0x9e, 0x1, 0xe0, 0x1e,
    0x78, 0x7, 0x80, 0x79, 0xe0, 0x1e, 0x1, 0xe7,
    0x98, 0x78, 0xc7, 0x9e, 0x7f, 0xff, 0x9e, 0x79,
    0xff, 0xff, 0x79, 0xe7, 0x9e, 0x3d, 0xe7, 0x9e,
    0x78, 0xf7, 0x9e, 0x79, 0xe3, 0xde, 0x79, 0xe7,
    0x8f, 0x79, 0xe7, 0x9e, 0x3d, 0xe7, 0x9e, 0x78,
    0xf7, 0x1e, 0x79, 0xef, 0x80, 0x79, 0xe7, 0x9e,
    0x1, 0xe7, 0x9e, 0x38, 0xff, 0x9c, 0x78, 0x80,
    0x7e, 0x1, 0xe0, 0x0, 0xf8, 0x7, 0x80, 0x3,
    0xc0, 0x1c, 0x0, 0xe, 0x0,

    /* U+5238 "券" */
    0x0, 0x8, 0x0, 0x0, 0x30, 0x3f, 0x10, 0x0,
    0x70, 0xf8, 0xf0, 0x1, 0xf3, 0xe3, 0xf0, 0x3,
    0xcf, 0x1f, 0x0, 0xf, 0x3c, 0x70, 0x0, 0x1c,
    0xf1, 0x86, 0x0, 0x27, 0xc8, 0x3c, 0x3f, 0xff,
    0xff, 0xf8, 0x0, 0x79, 0x0, 0x0, 0x3, 0xe4,
    0x2, 0x0, 0xf, 0x8, 0xc, 0x0, 0x3c, 0x30,
    0x79, 0xff, 0xff, 0xff, 0xf0, 0xf, 0x1, 0xc0,
    0x0, 0x3c, 0x3, 0xc0, 0x1, 0xe0, 0xf, 0xc0,
    0xf, 0x0, 0x1f, 0xe0, 0x3f, 0xff, 0xff, 0xc1,
    0xff, 0xff, 0xfe, 0x1c, 0x1f, 0xf, 0xf0, 0xc0,
    0x78, 0x3d, 0x84, 0x3, 0xe0, 0xf0, 0x0, 0xf,
    0x3, 0xc0, 0x0, 0x7c, 0xe, 0x0, 0x1, 0xe0,
    0x78, 0x0, 0xf, 0x1, 0xe0, 0x0, 0x78, 0x7f,
    0x80, 0x3, 0x80, 0x7e, 0x0, 0x18, 0x1, 0xf0,
    0x1, 0x80, 0x7, 0x0, 0x0,

    /* U+523B "刻" */
    0x1, 0x0, 0x0, 0x0, 0x7, 0xc0, 0x1, 0xf0,
    0x1e, 0x10, 0x7, 0x80, 0x78, 0x67, 0xde, 0x1,
    0xe3, 0xde, 0x7b, 0xff, 0xff, 0xf9, 0xe0, 0x38,
    0x1, 0xe7, 0x80, 0xf8, 0x7, 0x9e, 0x7, 0xc0,
    0x1e, 0x78, 0x1c, 0x70, 0x79, 0xee, 0x61, 0xf1,
    0xe7, 0x9f, 0xf, 0x87, 0x9e, 0x3e, 0x3c, 0x1e,
    0x78, 0x79, 0xf0, 0x79, 0xe0, 0xe7, 0x81, 0xe7,
    0x83, 0xbd, 0xc7, 0x9e, 0x1, 0xe7, 0xde, 0x78,
    0xf, 0x3e, 0x79, 0xe0, 0x78, 0xf9, 0xe7, 0x81,
    0xc7, 0xc7, 0x9e, 0xc, 0x1e, 0x1e, 0x78, 0xe0,
    0xf0, 0x79, 0xe6, 0x7, 0x81, 0xe7, 0xa0, 0x3f,
    0x0, 0x1e, 0x0, 0xff, 0x0, 0x78, 0x7, 0x3e,
    0x1, 0xe0, 0x38, 0x7c, 0x7, 0x83, 0xc1, 0xf1,
    0xfe, 0x1c, 0x3, 0xc1, 0xf8, 0xc0, 0xf, 0x3,
    0xcc, 0x0, 0x0, 0xe, 0x0,

    /* U+5247 "則" */
    0x20, 0x8, 0x0, 0x7c, 0xff, 0xf8, 0xc1, 0xe3,
    0xff, 0xf3, 0xe7, 0x8f, 0x7, 0x8f, 0x1e, 0x3c,
    0x1e, 0x3c, 0x78, 0xf0, 0x78, 0xf1, 0xe3, 0xc1,
    0xe3, 0xc7, 0x8f, 0xff, 0x8f, 0x1e, 0x3c, 0x1e,
    0x3c, 0x78, 0xf0, 0x78, 0xf1, 0xe3, 0xc1, 0xe3,
    0xc7, 0x8f, 0x7, 0x8f, 0x1e, 0x3f, 0xfe, 0x3c,
    0x78, 0xf0, 0x78, 0xf1, 0xe3, 0xc1, 0xe3, 0xc7,
    0x8f, 0x7, 0x8f, 0x1e, 0x3c, 0x1e, 0x3c, 0x78,
    0xf0, 0x78, 0xf1, 0xe3, 0xff, 0xe3, 0xc7, 0x8f,
    0x7, 0x8f, 0x1e, 0x3c, 0x18, 0x3c, 0x78, 0x1c,
    0xc0, 0xe1, 0xe0, 0xff, 0xc0, 0x7, 0x83, 0xc7,
    0x80, 0x1e, 0x1e, 0xf, 0xf, 0xf8, 0xf0, 0x3c,
    0xf, 0xe3, 0x80, 0xf0, 0x1f, 0x98, 0x1, 0xc0,
    0x7c, 0x80, 0x0, 0x0, 0xc0,

    /* U+524A "削" */
    0x3, 0x0, 0x0, 0x0, 0xf, 0xa0, 0x1, 0xfc,
    0x3c, 0xf0, 0x7, 0x9c, 0xf3, 0xef, 0x9e, 0x73,
    0xce, 0x3c, 0x79, 0xef, 0x38, 0xf1, 0xe7, 0xbd,
    0xc3, 0xc7, 0x9c, 0xf4, 0xf, 0x1e, 0x3, 0xc4,
    0x3c, 0x79, 0xff, 0xf8, 0xf1, 0xe7, 0xff, 0xf3,
    0xc7, 0x9e, 0x3, 0xcf, 0x1e, 0x78, 0xf, 0x3c,
    0x79, 0xe0, 0x3c, 0xf1, 0xe7, 0xff, 0xf3, 0xc7,
    0x9e, 0x3, 0xcf, 0x1e, 0x78, 0xf, 0x3c, 0x79,
    0xe0, 0x3c, 0xf1, 0xe7, 0x80, 0xf3, 0xc7, 0x9e,
    0x3, 0xcf, 0x1e, 0x7f, 0xff, 0x3c, 0x79, 0xe0,
    0x3c, 0xf1, 0xe7, 0x80, 0xf3, 0xc7, 0x9e, 0x3,
    0xc0, 0x1e, 0x78, 0xf, 0x0, 0x79, 0xe0, 0x3c,
    0x1, 0xe7, 0x87, 0xf0, 0x7f, 0x9e, 0xf, 0xc0,
    0x7e, 0x78, 0x1e, 0x1, 0xf1, 0xc0, 0x70, 0x3,
    0x80,

    /* U+524D "前" */
    0x3, 0x80, 0x1c, 0x0, 0x7, 0x80, 0xfc, 0x0,
    0x1f, 0x3, 0xc0, 0x0, 0x3c, 0xe, 0x10, 0x0,
    0xf0, 0x30, 0xe0, 0x3, 0xc1, 0x83, 0xcf, 0xff,
    0xff, 0xff, 0xc0, 0x0, 0x0, 0x0, 0x0, 0x0,
    0x0, 0x0, 0xc0, 0x40, 0x7, 0xc3, 0xff, 0x87,
    0x9e, 0xf, 0xff, 0x9e, 0x78, 0x3c, 0x3c, 0x79,
    0xe0, 0xf0, 0xf1, 0xe7, 0x83, 0xc3, 0xc7, 0x9e,
    0xf, 0xff, 0x1e, 0x78, 0x3c, 0x3c, 0x79, 0xe0,
    0xf0, 0xf1, 0xe7, 0x83, 0xc3, 0xc7, 0x9e, 0xf,
    0xf, 0x1e, 0x78, 0x3f, 0xfc, 0x79, 0xe0, 0xf0,
    0xf1, 0xe7, 0x83, 0xc3, 0xc7, 0x9e, 0xf, 0xf,
    0x1e, 0x78, 0x3c, 0x3c, 0x1, 0xe0, 0xf0, 0xf0,
    0x7, 0x83, 0xdf, 0xc1, 0xfe, 0xf, 0x1f, 0x1,
    0xf8, 0x3c, 0x78, 0x3, 0xc0, 0xe1, 0xc0, 0xe,
    0x0,

    /* U+5272 "割" */
    0x3, 0xf0, 0x0, 0x60, 0xf, 0x80, 0x1, 0xf0,
    0x3e, 0x0, 0x7, 0x8f, 0xff, 0xe7, 0xde, 0x3f,
    0xff, 0xfe, 0x7b, 0xc0, 0xf, 0x79, 0xef, 0x3f,
    0x31, 0xe7, 0xb8, 0xf9, 0x87, 0x9e, 0x43, 0xef,
    0x1e, 0x79, 0xff, 0xfe, 0x79, 0xe0, 0x3e, 0x1,
    0xe7, 0x80, 0xf9, 0x87, 0x9e, 0x3, 0xe7, 0x1e,
    0x79, 0xff, 0xfe, 0x79, 0xe0, 0x3e, 0x1, 0xe7,
    0x80, 0xf8, 0xc7, 0x9e, 0xff, 0xff, 0xde, 0x78,
    0x0, 0x0, 0x79, 0xe0, 0x0, 0x41, 0xe7, 0x8e,
    0x1, 0x87, 0x9e, 0x3f, 0xff, 0x1e, 0x78, 0xff,
    0xfe, 0x79, 0xe3, 0xc0, 0xf1, 0xe7, 0x8f, 0x3,
    0xc0, 0x1e, 0x3c, 0xf, 0x0, 0x78, 0xf0, 0x3c,
    0x1, 0xe3, 0xc0, 0xf0, 0x7f, 0x8f, 0xff, 0xc0,
    0x7e, 0x3c, 0xf, 0x0, 0xf0, 0xf0, 0x38, 0x3,
    0x80,

    /* U+529B "力" */
    0x0, 0x1f, 0x80, 0x0, 0x0, 0xf8, 0x0, 0x0,
    0x7, 0xc0, 0x0, 0x0, 0x3e, 0x0, 0x0, 0x1,
    0xf0, 0x0, 0x0, 0xf, 0x80, 0x0, 0x0, 0x7c,
    0x3, 0xf, 0xff, 0xff, 0xfc, 0x3f, 0xff, 0xff,
    0xf0, 0x0, 0xf8, 0xf, 0x0, 0x7, 0xc0, 0x78,
    0x0, 0x3e, 0x3, 0xc0, 0x1, 0xf0, 0x1e, 0x0,
    0x1f, 0x0, 0xf0, 0x0, 0xf8, 0x7, 0x80, 0x7,
    0xc0, 0x3c, 0x0, 0x3c, 0x1, 0xe0, 0x3, 0xe0,
    0xf, 0x0, 0x1f, 0x0, 0x78, 0x0, 0xf0, 0x3,
    0xc0, 0xf, 0x80, 0x3c, 0x0, 0xf8, 0x1, 0xe0,
    0x7, 0x80, 0xf, 0x0, 0x78, 0x0, 0xf8, 0x7,
    0x81, 0xff, 0xc0, 0x78, 0x1, 0xfc, 0x7, 0x0,
    0x7, 0xe0, 0x60, 0x0, 0x3e, 0xc, 0x0, 0x1,
    0xe0, 0x0,

    /* U+529F "功" */
    0x0, 0x0, 0xe0, 0x0, 0x0, 0x1, 0xe0, 0x0,
    0x0, 0x3, 0xc0, 0x0, 0x1, 0x87, 0x80, 0x0,
    0x7, 0xcf, 0x0, 0xf, 0xff, 0x9e, 0x0, 0x1,
    0xe0, 0x3c, 0x0, 0x3, 0xc0, 0x78, 0x8, 0x7,
    0x80, 0xf0, 0x38, 0xf, 0x3f, 0xff, 0xf8, 0x1e,
    0x3f, 0xff, 0xf0, 0x3c, 0x7, 0x83, 0xe0, 0x78,
    0xf, 0x7, 0x80, 0xf0, 0x1e, 0xf, 0x1, 0xe0,
    0x3c, 0x1e, 0x3, 0xc0, 0xf0, 0x3c, 0x7, 0x81,
    0xe0, 0x78, 0xf, 0x3, 0xc0, 0xf0, 0x1e, 0x37,
    0x81, 0xe0, 0x3f, 0xde, 0x3, 0xc0, 0x7e, 0x3c,
    0xf, 0x87, 0xf8, 0x70, 0x1f, 0x3f, 0xc1, 0xe0,
    0x3e, 0x3f, 0x3, 0x80, 0x7c, 0x78, 0xe, 0x0,
    0xf8, 0x40, 0x3c, 0x1, 0xe0, 0x0, 0x70, 0x7,
    0xc0, 0x1, 0xc1, 0xff, 0x80, 0x6, 0x0, 0xfe,
    0x0, 0x18, 0x1, 0xf8, 0x0, 0xc0, 0x1, 0xc0,
    0x0,

    /* U+52A0 "加" */
    0x7, 0xc0, 0x0, 0x0, 0x1e, 0x0, 0x0, 0x0,
    0x78, 0x0, 0x0, 0x1, 0xe0, 0xc, 0x8, 0x7,
    0x80, 0x3f, 0xf9, 0xff, 0xf8, 0xff, 0xf7, 0xff,
    0xfb, 0xc7, 0x81, 0xe7, 0xcf, 0x1e, 0x7, 0x9e,
    0x3c, 0x78, 0x1e, 0x78, 0xf1, 0xe0, 0x79, 0xe3,
    0xc7, 0x81, 0xe7, 0x8f, 0x1e, 0x7, 0x9e, 0x3c,
    0x78, 0x1e, 0x78, 0xf1, 0xe0, 0x71, 0xe3, 0xc7,
    0x81, 0xc7, 0x8f, 0x1e, 0xf, 0x1e, 0x3c, 0x78,
    0x3c, 0x78, 0xf1, 0xe0, 0xf1, 0xe3, 0xc7, 0x83,
    0x87, 0x8f, 0x1e, 0xe, 0x1e, 0x3c, 0x78, 0x70,
    0x78, 0xf1, 0xe1, 0xc1, 0xe3, 0xc7, 0x86, 0xf,
    0x8f, 0xfe, 0x38, 0x3e, 0x3c, 0x78, 0xcf, 0xf0,
    0xf1, 0xe3, 0xf, 0xc3, 0xc7, 0x18, 0x1e, 0xf,
    0x0, 0xc0, 0x70, 0x30, 0x0, 0x0, 0x0, 0x0,
    0x0,

    /* U+52AA "努" */
    0x3, 0x0, 0x0, 0x0, 0xf, 0x80, 0x0, 0x80,
    0x3c, 0x1f, 0xff, 0x1, 0xe1, 0x7f, 0xfe, 0xff,
    0xfe, 0x40, 0xfb, 0xff, 0xfc, 0x83, 0xc0, 0xf1,
    0xe2, 0x1f, 0x3, 0xc7, 0x8c, 0x78, 0x1e, 0x1e,
    0x1b, 0xc0, 0x7f, 0xf0, 0x7f, 0x3, 0xdf, 0xc0,
    0xf8, 0xf, 0x3f, 0x3, 0xe0, 0x0, 0x7e, 0x1f,
    0xe0, 0x3, 0xf8, 0xef, 0xe0, 0x1d, 0xc6, 0x1f,
    0xc1, 0xc0, 0x60, 0x3c, 0x1c, 0x8, 0x0, 0x61,
    0x80, 0x3f, 0x0, 0x0, 0x0, 0xf8, 0x18, 0xf,
    0xff, 0xff, 0xf0, 0x3f, 0xff, 0xff, 0xe0, 0x0,
    0x7c, 0xf, 0x80, 0x1, 0xe0, 0x3c, 0x0, 0xf,
    0x80, 0xf0, 0x0, 0x7c, 0x7, 0xc0, 0x3, 0xe0,
    0x1f, 0x0, 0x1e, 0xf, 0xf8, 0x0, 0xf0, 0xf,
    0xe0, 0xe, 0x0, 0x1f, 0x1, 0xc0, 0x0, 0x78,
    0x0,

    /* U+52C9 "勉" */
    0x0, 0x0, 0x0, 0x0, 0x1f, 0x0, 0x7c, 0x0,
    0xf9, 0x1, 0xe0, 0x3, 0xfe, 0x7, 0x80, 0xf,
    0xfc, 0x1e, 0x0, 0x79, 0xf8, 0x78, 0x81, 0xc7,
    0x87, 0xff, 0xf, 0x19, 0xdf, 0xfe, 0x3f, 0xff,
    0xde, 0x79, 0xf3, 0x9e, 0x79, 0xcb, 0xce, 0x79,
    0xe7, 0xf, 0x39, 0xe7, 0x9c, 0x3c, 0xe7, 0x9e,
    0x70, 0xf3, 0x9e, 0x71, 0xc3, 0xce, 0x7b, 0xc7,
    0xf, 0xff, 0xef, 0x1c, 0x3f, 0xbf, 0xbc, 0x70,
    0xfe, 0xf0, 0xe3, 0xc0, 0x7b, 0xc3, 0x8f, 0x1,
    0xef, 0x1c, 0x3c, 0x7, 0x3c, 0x6f, 0xf0, 0x1c,
    0xf3, 0x8f, 0xa0, 0x73, 0xcc, 0x3e, 0x83, 0x8f,
    0x40, 0xe6, 0xe, 0x3c, 0x0, 0x18, 0x70, 0xff,
    0xff, 0xf1, 0x83, 0xff, 0xff, 0xcc, 0xf, 0xff,
    0xff, 0x60, 0x1f, 0xff, 0xf2, 0x0, 0x0, 0x0,
    0x0,

    /* U+52D5 "動" */
    0x0, 0xc, 0x1c, 0x0, 0x1, 0xfc, 0x3e, 0x0,
    0x1f, 0xfc, 0x78, 0x7, 0xff, 0xc4, 0xf0, 0x0,
    0x3c, 0x21, 0xe0, 0x0, 0x78, 0xe3, 0xc0, 0x3f,
    0xff, 0xf7, 0x84, 0x1, 0xe0, 0x7f, 0xfc, 0x63,
    0xc7, 0x7f, 0xfc, 0xff, 0xff, 0x3c, 0xf1, 0xef,
    0x1c, 0x79, 0xe3, 0xde, 0x38, 0xf3, 0xc7, 0xbc,
    0x71, 0xe7, 0x8f, 0xff, 0xe3, 0xcf, 0x1e, 0xf1,
    0xc7, 0x9e, 0x3d, 0xe3, 0x8f, 0x3c, 0x7b, 0xc7,
    0x1e, 0x78, 0xff, 0xfe, 0x38, 0xf1, 0xef, 0x18,
    0x71, 0xe2, 0x1e, 0x30, 0xe3, 0xc0, 0x3c, 0x73,
    0xc7, 0x8f, 0xff, 0xf7, 0xf, 0x0, 0xf0, 0xe,
    0x1e, 0x1, 0xe0, 0x38, 0x3c, 0x3, 0xcf, 0xf0,
    0xf9, 0xff, 0xf8, 0xc1, 0xe1, 0xff, 0x83, 0x1f,
    0xc3, 0xfc, 0xc, 0xf, 0x87, 0x80, 0x10, 0x1e,
    0x4, 0x0, 0x40, 0x38, 0x0,

    /* U+52D9 "務" */
    0x0, 0x18, 0x70, 0x0, 0x7f, 0xfc, 0x78, 0x0,
    0x3f, 0xfe, 0x78, 0x18, 0x0, 0x3e, 0xf0, 0x3e,
    0x0, 0x78, 0xff, 0xfe, 0xf, 0x61, 0xc1, 0xf8,
    0x7, 0xc1, 0xa1, 0xf0, 0x3, 0xc3, 0x11, 0xe0,
    0x1, 0xc6, 0x1b, 0xe0, 0x1, 0xce, 0xf, 0xc0,
    0x7f, 0xff, 0xf, 0x80, 0x7, 0xdf, 0x8f, 0xf8,
    0x7, 0xde, 0x1f, 0xff, 0x7, 0xdc, 0x79, 0xfe,
    0xf, 0xd8, 0xe0, 0xfe, 0xf, 0xe3, 0xbe, 0x3c,
    0xf, 0xcc, 0x3c, 0x4, 0x1f, 0xc0, 0x3c, 0x30,
    0x1f, 0xcf, 0xff, 0xf8, 0x1b, 0xcf, 0xff, 0xfc,
    0x33, 0xc0, 0x78, 0x78, 0x23, 0xc0, 0x78, 0x78,
    0x43, 0xc0, 0xf0, 0x78, 0x83, 0xc0, 0xf0, 0x78,
    0x3, 0xc0, 0xe0, 0xf8, 0x3, 0xc1, 0xc0, 0xf8,
    0x3f, 0xc3, 0x8f, 0xf8, 0xf, 0xc7, 0x3, 0xf0,
    0x7, 0x8c, 0x3, 0xe0, 0x7, 0x30, 0x3, 0xc0,

    /* U+52DD "勝" */
    0x0, 0x80, 0x78, 0x81, 0xff, 0x31, 0xf3, 0xc7,
    0xff, 0x67, 0x9e, 0x1e, 0x79, 0xde, 0x70, 0x79,
    0xe7, 0x79, 0x81, 0xe7, 0x9d, 0xec, 0x87, 0x9e,
    0x27, 0x27, 0x1e, 0x7b, 0xff, 0xff, 0x79, 0xe0,
    0xf4, 0x1, 0xff, 0x83, 0x90, 0x7, 0x9e, 0xe,
    0x63, 0x9e, 0x78, 0x70, 0xcf, 0x79, 0xff, 0xff,
    0xfd, 0xe7, 0x8e, 0x7, 0x87, 0x9e, 0x30, 0x1f,
    0x9e, 0x79, 0xbe, 0x3f, 0x79, 0xec, 0xf0, 0x71,
    0xff, 0xe3, 0xc2, 0xc7, 0x9e, 0xff, 0xfc, 0x1e,
    0x79, 0xff, 0xf8, 0x79, 0xe0, 0xf1, 0xe1, 0xe7,
    0x83, 0x87, 0x7, 0x1e, 0x1e, 0x1c, 0x1c, 0x78,
    0x70, 0x70, 0x71, 0xe1, 0xc1, 0xc1, 0x87, 0x8e,
    0xf, 0x6, 0x7e, 0x33, 0xfc, 0x30, 0xf9, 0x83,
    0xf0, 0x83, 0xcc, 0xf, 0x82, 0xe, 0x40, 0x1c,
    0x0,

    /* U+52E4 "勤" */
    0x1f, 0x9e, 0x1e, 0x0, 0x7c, 0x70, 0x7c, 0x1,
    0xf1, 0xc9, 0xe0, 0x7, 0xc7, 0x77, 0x80, 0xff,
    0xff, 0xfe, 0x0, 0x7c, 0x70, 0x78, 0x1, 0xf1,
    0xc1, 0xe2, 0x7, 0x87, 0x9f, 0xfc, 0x70, 0x7,
    0x7f, 0xfd, 0xff, 0xff, 0x79, 0xc7, 0x9e, 0x79,
    0xe7, 0x1e, 0x79, 0xe7, 0x9c, 0x79, 0xe7, 0x9e,
    0x71, 0xe7, 0x9e, 0x79, 0xc7, 0xff, 0xf9, 0xe7,
    0x1e, 0x79, 0xc7, 0x9c, 0x41, 0xe2, 0x1e, 0x70,
    0x7, 0x9e, 0x71, 0xc7, 0xff, 0xf9, 0xc7, 0x0,
    0x78, 0x7, 0x1c, 0x1, 0xe7, 0x3c, 0x70, 0xff,
    0xfe, 0xe1, 0xc0, 0x1e, 0x3, 0x87, 0x0, 0x78,
    0xe, 0x1c, 0x1, 0xe1, 0xf0, 0xf3, 0xff, 0xfd,
    0x83, 0xc7, 0xff, 0xc, 0x7f, 0x1f, 0xe0, 0x60,
    0xf8, 0x38, 0x1, 0x1, 0xe0, 0x80, 0x8, 0x6,
    0x0,

    /* U+5316 "化" */
    0x3, 0x82, 0x0, 0x0, 0xf, 0xcf, 0x80, 0x0,
    0x3e, 0x3c, 0x0, 0x0, 0xf8, 0xf0, 0x0, 0x7,
    0xc3, 0xc0, 0x0, 0x1f, 0xf, 0x3, 0x0, 0x78,
    0x3c, 0xe, 0x3, 0xe0, 0xf0, 0x7e, 0xf, 0x3,
    0xc3, 0xf8, 0x7e, 0xf, 0x1f, 0x81, 0xf0, 0x3c,
    0xfc, 0xf, 0xc0, 0xf7, 0xc0, 0x3f, 0x3, 0xfc,
    0x1, 0xfc, 0xf, 0xc0, 0x6, 0xf0, 0x3c, 0x0,
    0x33, 0xc0, 0xf0, 0x0, 0xf, 0x3, 0xc0, 0x0,
    0x3c, 0xf, 0x0, 0x0, 0xf0, 0x3c, 0x0, 0x3,
    0xc0, 0xf0, 0x2, 0xf, 0x3, 0xc0, 0x8, 0x3c,
    0xf, 0x0, 0x60, 0xf0, 0x3c, 0x1, 0x83, 0xc0,
    0xf0, 0x6, 0xf, 0x3, 0xc0, 0x38, 0x3c, 0xf,
    0xff, 0xf0, 0xf0, 0x3f, 0xff, 0xc3, 0xc0, 0xff,
    0xff, 0xf, 0x0, 0xff, 0xf0, 0x38, 0x0, 0x0,
    0x0,

    /* U+5317 "北" */
    0x0, 0x7c, 0xf8, 0x0, 0x1, 0xe3, 0xc0, 0x0,
    0x7, 0x8f, 0x0, 0x0, 0x1e, 0x3c, 0x0, 0x0,
    0x78, 0xf0, 0x0, 0x1, 0xe3, 0xc3, 0x80, 0x7,
    0x8f, 0xf, 0x0, 0x1e, 0x3c, 0x7f, 0x7f, 0xf8,
    0xf3, 0xe0, 0x1, 0xe3, 0xcf, 0x0, 0x7, 0x8f,
    0x78, 0x0, 0x1e, 0x3f, 0x80, 0x0, 0x78, 0xfc,
    0x0, 0x1, 0xe3, 0xc0, 0x0, 0x7, 0x8f, 0x0,
    0x0, 0x1e, 0x3c, 0x0, 0x0, 0x78, 0xf0, 0x0,
    0x1, 0xe3, 0xc0, 0x0, 0x3f, 0x8f, 0x0, 0xf,
    0xfe, 0x3c, 0x4, 0xff, 0x78, 0xf0, 0x11, 0xf1,
    0xe3, 0xc0, 0x47, 0x87, 0x8f, 0x1, 0x1c, 0x1e,
    0x3c, 0xc, 0x20, 0x78, 0xff, 0xf8, 0x1, 0xe3,
    0xff, 0xf0, 0x7, 0x8f, 0xff, 0x80, 0x1e, 0x1f,
    0xfc, 0x0, 0x70, 0x0, 0x0,

    /* U+533B "医" */
    0x0, 0x0, 0x0, 0x8, 0x0, 0x0, 0x78, 0xff,
    0xff, 0xff, 0xcf, 0xff, 0xff, 0xfe, 0xf0, 0x30,
    0x0, 0xf, 0x7, 0xe0, 0x0, 0xf0, 0x78, 0x4,
    0xf, 0x7, 0x80, 0xf0, 0xf0, 0xff, 0xff, 0x8f,
    0xe, 0x78, 0x0, 0xf1, 0xc7, 0x80, 0xf, 0x38,
    0x78, 0x20, 0xf2, 0x7, 0x83, 0xf, 0x0, 0x78,
    0x7c, 0xf7, 0xff, 0xff, 0xef, 0x0, 0x78, 0x0,
    0xf0, 0x7, 0x80, 0xf, 0x0, 0xfe, 0x0, 0xf0,
    0xf, 0x7c, 0xf, 0x1, 0xe3, 0xe0, 0xf0, 0x1c,
    0x1f, 0xf, 0x3, 0x80, 0xf8, 0xf0, 0x70, 0xf,
    0x8f, 0x1c, 0x0, 0x70, 0xf7, 0x0, 0x2, 0x8f,
    0x0, 0x0, 0x1c, 0xf0, 0x0, 0x3, 0xef, 0xff,
    0xff, 0xff, 0xf0, 0x0, 0x0, 0xe, 0x0, 0x0,
    0x0,

    /* U+5341 "十" */
    0x0, 0x7, 0xe0, 0x0, 0x0, 0xf, 0x80, 0x0,
    0x0, 0x1f, 0x0, 0x0, 0x0, 0x3e, 0x0, 0x0,
    0x0, 0x7c, 0x0, 0x0, 0x0, 0xf8, 0x0, 0x0,
    0x1, 0xf0, 0x0, 0x0, 0x3, 0xe0, 0x0, 0x0,
    0x7, 0xc0, 0x0, 0x0, 0xf, 0x80, 0x60, 0x0,
    0x1f, 0x1, 0xe0, 0x0, 0x3e, 0x7, 0xe7, 0xff,
    0xff, 0xff, 0xe0, 0x0, 0xf8, 0x0, 0x0, 0x1,
    0xf0, 0x0, 0x0, 0x3, 0xe0, 0x0, 0x0, 0x7,
    0xc0, 0x0, 0x0, 0xf, 0x80, 0x0, 0x0, 0x1f,
    0x0, 0x0, 0x0, 0x3e, 0x0, 0x0, 0x0, 0x7c,
    0x0, 0x0, 0x0, 0xf8, 0x0, 0x0, 0x1, 0xf0,
    0x0, 0x0, 0x3, 0xe0, 0x0, 0x0, 0x7, 0xc0,
    0x0, 0x0, 0xf, 0x80, 0x0, 0x0, 0x1f, 0x0,
    0x0, 0x0, 0x3e, 0x0, 0x0, 0x0, 0x7c, 0x0,
    0x0, 0x0, 0xe0, 0x0, 0x0,

    /* U+5343 "千" */
    0x0, 0x0, 0x7, 0x0, 0x0, 0x0, 0x3f, 0x0,
    0x0, 0x7, 0xff, 0x0, 0x0, 0xff, 0xff, 0x0,
    0x1f, 0xff, 0x80, 0x3, 0xfd, 0xf8, 0x0, 0x0,
    0x1, 0xf0, 0x0, 0x0, 0x3, 0xe0, 0x0, 0x0,
    0x7, 0xc0, 0x0, 0x0, 0xf, 0x80, 0x0, 0x0,
    0x1f, 0x0, 0xc0, 0x0, 0x3e, 0x3, 0xc0, 0x0,
    0x7c, 0xf, 0xcf, 0xff, 0xff, 0xff, 0xc0, 0x1,
    0xf0, 0x0, 0x0, 0x3, 0xe0, 0x0, 0x0, 0x7,
    0xc0, 0x0, 0x0, 0xf, 0x80, 0x0, 0x0, 0x1f,
    0x0, 0x0, 0x0, 0x3e, 0x0, 0x0, 0x0, 0x7c,
    0x0, 0x0, 0x0, 0xf8, 0x0, 0x0, 0x1, 0xf0,
    0x0, 0x0, 0x3, 0xe0, 0x0, 0x0, 0x7, 0xc0,
    0x0, 0x0, 0xf, 0x80, 0x0, 0x0, 0x1f, 0x0,
    0x0, 0x0, 0x3e, 0x0, 0x0, 0x0, 0x7c, 0x0,
    0x0, 0x0, 0xf0, 0x0, 0x0,

    /* U+5348 "午" */
    0x3, 0x0, 0x0, 0x0, 0xf, 0x80, 0x0, 0x0,
    0x3f, 0x0, 0x0, 0x0, 0xf8, 0x0, 0x40, 0x7,
    0xc0, 0x3, 0x80, 0x1f, 0x0, 0x1f, 0x80, 0x7f,
    0xff, 0xff, 0x3, 0xc1, 0xe0, 0x0, 0xf, 0x7,
    0x80, 0x0, 0x38, 0x1e, 0x0, 0x1, 0xc0, 0x78,
    0x0, 0x6, 0x1, 0xe0, 0x0, 0x30, 0x7, 0x80,
    0x41, 0x0, 0x1e, 0x3, 0x80, 0x0, 0x78, 0x1f,
    0xbf, 0xff, 0xff, 0xff, 0x0, 0x7, 0x80, 0x0,
    0x0, 0x1e, 0x0, 0x0, 0x0, 0x78, 0x0, 0x0,
    0x1, 0xe0, 0x0, 0x0, 0x7, 0x80, 0x0, 0x0,
    0x1e, 0x0, 0x0, 0x0, 0x78, 0x0, 0x0, 0x1,
    0xe0, 0x0, 0x0, 0x7, 0x80, 0x0, 0x0, 0x1e,
    0x0, 0x0, 0x0, 0x78, 0x0, 0x0, 0x1, 0xe0,
    0x0, 0x0, 0x7, 0x80, 0x0, 0x0, 0x1c, 0x0,
    0x0,

    /* U+534A "半" */
    0x0, 0x7, 0xc0, 0x0, 0x20, 0x1e, 0xc, 0x0,
    0xe0, 0x78, 0x7e, 0x1, 0xe1, 0xe1, 0xf0, 0x7,
    0xc7, 0x87, 0x80, 0xf, 0x1e, 0x3c, 0x0, 0x3c,
    0x78, 0xe0, 0x0, 0xf9, 0xe3, 0x0, 0x3, 0xc7,
    0x98, 0x80, 0x6, 0x1e, 0x47, 0x0, 0x0, 0x78,
    0x1f, 0xf, 0xff, 0xff, 0xfe, 0x0, 0x7, 0x80,
    0x0, 0x0, 0x1e, 0x0, 0x0, 0x0, 0x78, 0x0,
    0x0, 0x1, 0xe0, 0x10, 0x0, 0x7, 0x80, 0xe0,
    0x0, 0x1e, 0x3, 0xef, 0xff, 0xff, 0xff, 0xc0,
    0x1, 0xe0, 0x0, 0x0, 0x7, 0x80, 0x0, 0x0,
    0x1e, 0x0, 0x0, 0x0, 0x78, 0x0, 0x0, 0x1,
    0xe0, 0x0, 0x0, 0x7, 0x80, 0x0, 0x0, 0x1e,
    0x0, 0x0, 0x0, 0x78, 0x0, 0x0, 0x1, 0xe0,
    0x0, 0x0, 0x7, 0x80, 0x0, 0x0, 0x1c, 0x0,
    0x0,

    /* U+5352 "卒" */
    0x0, 0x7, 0xc0, 0x0, 0x0, 0x1e, 0x0, 0x0,
    0x0, 0x78, 0x0, 0x0, 0x1, 0xe0, 0x30, 0x0,
    0x7, 0x81, 0xf1, 0xff, 0xff, 0xff, 0xe7, 0xff,
    0xff, 0xff, 0x80, 0x60, 0x6, 0x0, 0x1, 0xf0,
    0x1f, 0x0, 0x7, 0x80, 0x78, 0x0, 0x3c, 0x3,
    0xc0, 0x0, 0xf0, 0xf, 0x0, 0x7, 0xf0, 0x3f,
    0x0, 0x1c, 0xf1, 0xde, 0x0, 0x73, 0xc6, 0x3c,
    0x3, 0x8f, 0x30, 0xf8, 0x1c, 0x3d, 0x1, 0xe0,
    0x40, 0x1f, 0x7, 0x2, 0x0, 0x78, 0x7, 0x0,
    0x1, 0xe0, 0x3e, 0xff, 0xff, 0xff, 0xfc, 0x0,
    0x1e, 0x0, 0x0, 0x0, 0x78, 0x0, 0x0, 0x1,
    0xe0, 0x0, 0x0, 0x7, 0x80, 0x0, 0x0, 0x1e,
    0x0, 0x0, 0x0, 0x78, 0x0, 0x0, 0x1, 0xe0,
    0x0, 0x0, 0x7, 0x80, 0x0, 0x0, 0x1c, 0x0,
    0x0,

    /* U+5354 "協" */
    0x1f, 0x0, 0xf8, 0x0, 0x3c, 0x1, 0xf0, 0x0,
    0x78, 0x3, 0xc0, 0x0, 0xf0, 0xff, 0xff, 0x1,
    0xe1, 0xff, 0xff, 0x3, 0xc0, 0x1c, 0x1c, 0x7,
    0x80, 0x78, 0x38, 0xf, 0x60, 0xe0, 0x70, 0x1e,
    0xe3, 0x81, 0xe1, 0xff, 0xee, 0x3f, 0xc0, 0x78,
    0x38, 0x1f, 0x0, 0xf0, 0xc0, 0x3c, 0x1, 0xe6,
    0x0, 0x0, 0x3, 0xc3, 0xc0, 0xf8, 0x7, 0x87,
    0x1, 0xe0, 0xf, 0xe, 0x43, 0xc8, 0x1e, 0xff,
    0xff, 0xf8, 0x3d, 0xff, 0xff, 0xf8, 0x78, 0x77,
    0x1e, 0xe0, 0xf0, 0xee, 0x3d, 0xc1, 0xe1, 0x9c,
    0x73, 0x83, 0xc3, 0x38, 0xe7, 0x7, 0x8e, 0x73,
    0xce, 0xf, 0x1c, 0xe7, 0x1c, 0x1e, 0x31, 0xce,
    0x38, 0x3c, 0x63, 0x98, 0x70, 0x79, 0x87, 0x70,
    0xe0, 0xf2, 0x7e, 0xcf, 0xc1, 0xe8, 0x7b, 0xf,
    0x3, 0xa0, 0xe4, 0x1c, 0x0,

    /* U+5357 "南" */
    0x0, 0x7, 0x0, 0x0, 0x0, 0x1f, 0x0, 0x0,
    0x0, 0x78, 0x4, 0x0, 0x1, 0xe0, 0x38, 0x0,
    0x7, 0x81, 0xf9, 0xff, 0xff, 0xff, 0xf0, 0x0,
    0x78, 0x0, 0x0, 0x1, 0xe0, 0x0, 0x0, 0x7,
    0x80, 0x0, 0x70, 0x1e, 0x3, 0x1, 0xff, 0xff,
    0xfe, 0x7, 0xff, 0xff, 0xfe, 0x1e, 0x40, 0x41,
    0xf0, 0x78, 0xe3, 0xe7, 0xc1, 0xe3, 0xcf, 0x1f,
    0x7, 0x8f, 0x3c, 0x7c, 0x1e, 0x1c, 0xf9, 0xf0,
    0x7b, 0xff, 0xf7, 0xc1, 0xe0, 0x78, 0x1f, 0x7,
    0x81, 0xe0, 0x7c, 0x1e, 0x7, 0x91, 0xf0, 0x78,
    0x1e, 0xf7, 0xc1, 0xef, 0xff, 0xff, 0x7, 0x81,
    0xe0, 0x7c, 0x1e, 0x7, 0x81, 0xf0, 0x78, 0x1e,
    0x7, 0xc1, 0xe0, 0x7b, 0xff, 0x7, 0x81, 0xe3,
    0xfc, 0x1e, 0x7, 0x87, 0xe0, 0x78, 0x1c, 0xf,
    0x81, 0xc0, 0x0, 0x38, 0x0,

    /* U+5358 "単" */
    0x0, 0x18, 0x4, 0x0, 0x1c, 0x1c, 0xf, 0x0,
    0x1e, 0x3c, 0x3f, 0x80, 0x3e, 0x3c, 0x7c, 0x0,
    0x3c, 0x78, 0xf0, 0x0, 0x78, 0xf3, 0x80, 0x2,
    0x60, 0x86, 0x60, 0x7, 0x80, 0x11, 0xe0, 0xf,
    0xff, 0xff, 0xe0, 0x1e, 0xf, 0x7, 0xc0, 0x3c,
    0x1e, 0xf, 0x80, 0x78, 0x3c, 0x1f, 0x0, 0xf0,
    0x78, 0x3e, 0x1, 0xff, 0xff, 0xfc, 0x3, 0xc1,
    0xe0, 0xf8, 0x7, 0x83, 0xc1, 0xf0, 0xf, 0x7,
    0x83, 0xe0, 0x1e, 0xf, 0x7, 0xc0, 0x3c, 0x1e,
    0xf, 0x80, 0x7f, 0xff, 0xff, 0x0, 0xf0, 0x78,
    0x3c, 0x1, 0x80, 0xf0, 0x4, 0x0, 0x1, 0xe0,
    0x3e, 0x7f, 0xff, 0xff, 0xff, 0x0, 0x7, 0x80,
    0x0, 0x0, 0xf, 0x0, 0x0, 0x0, 0x1e, 0x0,
    0x0, 0x0, 0x3c, 0x0, 0x0, 0x0, 0x78, 0x0,
    0x0, 0x0, 0xf0, 0x0, 0x0, 0x1, 0xc0, 0x0,
    0x0,

    /* U+5371 "危" */
    0x0, 0xc0, 0x0, 0x0, 0x3, 0xf0, 0x0, 0x0,
    0x1f, 0x3, 0x0, 0x0, 0x7f, 0xfe, 0x0, 0x3,
    0xff, 0xfc, 0x0, 0xf, 0x3, 0xe0, 0x0, 0x78,
    0xf, 0x4, 0x3, 0xc0, 0x70, 0x38, 0x1f, 0xff,
    0xff, 0xf0, 0xff, 0xff, 0xff, 0xe6, 0xf0, 0x0,
    0x0, 0x23, 0xc0, 0x0, 0x0, 0xf, 0x3f, 0xff,
    0x0, 0x3c, 0xff, 0xfe, 0x0, 0xf3, 0xc0, 0x70,
    0x3, 0xcf, 0x3, 0xc0, 0xf, 0x3c, 0xf, 0x0,
    0x3c, 0xf0, 0x3c, 0x0, 0xf3, 0xc0, 0xf0, 0x3,
    0xcf, 0x1f, 0xc0, 0x1e, 0x3c, 0x3f, 0x0, 0x78,
    0xf0, 0x78, 0x1, 0xe3, 0xc1, 0xc1, 0x7, 0xf,
    0x0, 0x4, 0x1c, 0x3c, 0x0, 0x30, 0xe0, 0xf0,
    0x0, 0xc3, 0x3, 0xff, 0xff, 0xd8, 0xf, 0xff,
    0xff, 0xc0, 0x1f, 0xff, 0xf8, 0x0, 0x0, 0x0,
    0x0,

    /* U+539A "厚" */
    0x0, 0x0, 0x0, 0x20, 0x40, 0x0, 0x1, 0xc1,
    0xff, 0xff, 0xff, 0xc7, 0xff, 0xff, 0xff, 0x1e,
    0x0, 0x0, 0x0, 0x79, 0xff, 0xff, 0x1, 0xe7,
    0xff, 0xfe, 0x7, 0x9e, 0x0, 0xf8, 0x1e, 0x78,
    0x3, 0xe0, 0x79, 0xe0, 0xf, 0x81, 0xe7, 0xff,
    0xfe, 0x7, 0x9e, 0x0, 0xf8, 0x1e, 0x78, 0x3,
    0xe0, 0x79, 0xff, 0xff, 0x81, 0xe7, 0x80, 0x3c,
    0x7, 0x9c, 0x0, 0x60, 0x1e, 0x7f, 0xff, 0xc0,
    0x79, 0xff, 0xff, 0x81, 0xe0, 0x0, 0xfc, 0x7,
    0x80, 0x37, 0x88, 0x1c, 0x0, 0xf0, 0x70, 0xf0,
    0x3, 0xc1, 0xe3, 0xff, 0xff, 0xff, 0xce, 0x0,
    0x3c, 0x0, 0x38, 0x0, 0xf0, 0x0, 0xc0, 0x3,
    0xc0, 0x7, 0x1, 0xff, 0x0, 0x18, 0x1, 0xfc,
    0x0, 0x40, 0x3, 0xe0, 0x2, 0x0, 0xf, 0x0,
    0x0,

    /* U+539F "原" */
    0x0, 0x0, 0x0, 0x20, 0x40, 0x0, 0x1, 0xc1,
    0xff, 0xff, 0xff, 0xc7, 0xff, 0xff, 0xff, 0x1e,
    0x0, 0xf8, 0x0, 0x78, 0x3, 0xc0, 0x1, 0xe4,
    0xe, 0x8, 0x7, 0x9f, 0xff, 0xf0, 0x1e, 0x7f,
    0xff, 0xf0, 0x79, 0xf0, 0x7, 0x81, 0xe7, 0xc0,
    0x1e, 0x7, 0x9f, 0x0, 0x78, 0x1e, 0x7f, 0xff,
    0xe0, 0x79, 0xf0, 0x7, 0x81, 0xe7, 0xc0, 0x1e,
    0x7, 0x9f, 0x0, 0x78, 0x1e, 0x7c, 0x1, 0xe0,
    0x79, 0xff, 0xff, 0x81, 0xe7, 0xcf, 0x1c, 0x7,
    0x9e, 0x3c, 0x0, 0x1c, 0x10, 0xf0, 0x0, 0xf0,
    0xf3, 0xcc, 0x3, 0xc3, 0xef, 0x1e, 0xf, 0x1f,
    0x3c, 0x7c, 0x38, 0xf8, 0xf0, 0xf8, 0xe3, 0xc3,
    0xc1, 0xf7, 0x1c, 0xff, 0x7, 0xd8, 0xe0, 0xfc,
    0xf, 0x46, 0x1, 0xf0, 0x1a, 0x0, 0x7, 0x80,
    0x0, 0x0, 0x10, 0x0, 0x0,

    /* U+53B3 "厳" */
    0x6, 0xe, 0x3, 0x80, 0x7, 0xf, 0xf, 0xc0,
    0xf, 0x8f, 0x1e, 0x0, 0xf, 0x1e, 0x39, 0x2,
    0x1e, 0x3c, 0x67, 0x7, 0xff, 0xff, 0xff, 0xf,
    0xff, 0xff, 0xff, 0x1e, 0x1, 0xc4, 0x0, 0x3d,
    0xff, 0xef, 0x80, 0x78, 0x79, 0x3c, 0x60, 0xf0,
    0xf7, 0x78, 0xe1, 0xff, 0xff, 0xff, 0xf3, 0xde,
    0x79, 0xcf, 0x7, 0xbc, 0xf3, 0x9e, 0xf, 0x79,
    0xe6, 0x3c, 0x1e, 0xff, 0xda, 0x78, 0x3d, 0xe7,
    0xb4, 0xe0, 0x7b, 0xcf, 0xcb, 0xc0, 0xf7, 0x9e,
    0x1f, 0x81, 0xef, 0xfc, 0x3e, 0x3, 0xde, 0x78,
    0x3c, 0x7, 0x3c, 0xf0, 0x70, 0x1e, 0x79, 0xe0,
    0xf0, 0x3f, 0xff, 0xc3, 0xf8, 0x77, 0xf7, 0x87,
    0xfc, 0xcf, 0xf, 0x19, 0xfd, 0x88, 0x1e, 0x61,
    0xe6, 0x0, 0x3d, 0x81, 0x88, 0x0, 0x76, 0x1,
    0x0,

    /* U+53BB "去" */
    0x0, 0x7, 0xc0, 0x0, 0x0, 0x1e, 0x0, 0x0,
    0x0, 0x78, 0x0, 0x0, 0x1, 0xe0, 0x60, 0x0,
    0x7, 0x83, 0xc0, 0x0, 0x1e, 0xf, 0x81, 0xff,
    0xff, 0xff, 0x0, 0x1, 0xe0, 0x0, 0x0, 0x7,
    0x80, 0x0, 0x0, 0x1e, 0x0, 0x0, 0x0, 0x78,
    0x4, 0x0, 0x1, 0xe0, 0x18, 0x0, 0x7, 0x80,
    0xf0, 0x0, 0x1e, 0x7, 0xf7, 0xff, 0xff, 0xff,
    0xc0, 0x7, 0xc0, 0x0, 0x0, 0x3e, 0x0, 0x0,
    0x0, 0xf0, 0x0, 0x0, 0x3, 0xc3, 0x0, 0x0,
    0xe, 0x7, 0x0, 0x0, 0x70, 0xf, 0x0, 0x1,
    0x80, 0x3e, 0x0, 0x6, 0x0, 0x7e, 0x0, 0x30,
    0x7, 0xf8, 0x3f, 0xff, 0xfb, 0xf0, 0x7f, 0xff,
    0x87, 0xe1, 0xff, 0xf0, 0xf, 0x87, 0xfc, 0x0,
    0x3e, 0xf, 0x80, 0x0, 0xf8, 0x20, 0x0, 0x1,
    0xc0,

    /* U+53C2 "参" */
    0x0, 0x0, 0x0, 0x0, 0x0, 0xe0, 0x0, 0x0,
    0x7, 0xe4, 0x0, 0x0, 0x1e, 0xf, 0x80, 0x0,
    0xf0, 0x1f, 0x0, 0x3, 0x80, 0x3e, 0x3, 0xff,
    0xff, 0xfc, 0x7, 0xff, 0xe0, 0xf0, 0x1f, 0xf0,
    0x1, 0x80, 0x70, 0xfc, 0x0, 0x80, 0x3, 0xe0,
    0x7, 0xbf, 0xff, 0xff, 0xff, 0x0, 0xf8, 0x10,
    0x0, 0x7, 0xc4, 0x70, 0x0, 0x1e, 0x38, 0xf8,
    0x0, 0xf1, 0xf9, 0xff, 0x7, 0xf, 0x83, 0xf8,
    0x78, 0xfc, 0xc7, 0xc3, 0x87, 0xc7, 0x87, 0x30,
    0x3c, 0x3f, 0x80, 0x3, 0x81, 0xf2, 0x0, 0x30,
    0xf, 0x9c, 0x0, 0x0, 0xf8, 0xfc, 0x0, 0xf,
    0x87, 0xe0, 0x0, 0xf0, 0x3f, 0x0, 0xc, 0x1,
    0xf8, 0x0, 0x0, 0x1f, 0x80, 0x0, 0x1, 0xfc,
    0x0, 0x0, 0x1f, 0x80, 0x0, 0x3, 0xf8, 0x0,
    0x0, 0xfc, 0x0, 0x0, 0x0,

    /* U+53CB "友" */
    0x0, 0x3e, 0x0, 0x0, 0x0, 0xf8, 0x0, 0x0,
    0x1, 0xf0, 0x0, 0x0, 0x3, 0xe0, 0x2, 0x0,
    0x7, 0xc0, 0xe, 0x0, 0xf, 0x80, 0x3f, 0x1f,
    0xff, 0xff, 0xff, 0x0, 0x3e, 0x0, 0x0, 0x0,
    0x78, 0x0, 0x0, 0x0, 0xf0, 0x0, 0x0, 0x1,
    0xe0, 0x18, 0x0, 0x3, 0xff, 0xf8, 0x0, 0xf,
    0xff, 0xf8, 0x0, 0x1f, 0x1, 0xf8, 0x0, 0x3e,
    0x3, 0xc0, 0x0, 0x7c, 0xf, 0x80, 0x0, 0xe4,
    0x1e, 0x0, 0x3, 0xcc, 0x7c, 0x0, 0x7, 0x18,
    0xf0, 0x0, 0x1e, 0x1b, 0xe0, 0x0, 0x38, 0x3f,
    0x80, 0x0, 0x70, 0x3e, 0x0, 0x1, 0xc0, 0x7c,
    0x0, 0x3, 0x1, 0xfe, 0x0, 0xc, 0x7, 0xff,
    0x0, 0x38, 0x1e, 0x7f, 0xc0, 0xc0, 0x70, 0x7f,
    0xf9, 0x3, 0xc0, 0x3f, 0xc4, 0xe, 0x0, 0x1f,
    0x10, 0xe0, 0x0, 0xc, 0x0,

    /* U+53CD "反" */
    0x0, 0x0, 0x0, 0x40, 0x8, 0x0, 0x1, 0xe0,
    0x1f, 0xff, 0xff, 0xe0, 0x3f, 0xff, 0xff, 0xc0,
    0x78, 0x0, 0x0, 0x0, 0xf0, 0x0, 0x0, 0x1,
    0xe0, 0x0, 0x0, 0x3, 0xc0, 0x0, 0x0, 0x7,
    0x80, 0x1, 0x80, 0xf, 0xff, 0xff, 0x80, 0x1f,
    0xff, 0xff, 0x80, 0x3c, 0x80, 0x3f, 0x0, 0x79,
    0x0, 0x7c, 0x0, 0xf1, 0x1, 0xf8, 0x1, 0xe2,
    0x3, 0xe0, 0x3, 0xc6, 0x7, 0xc0, 0x7, 0x84,
    0x1f, 0x0, 0x1e, 0xc, 0x3c, 0x0, 0x3c, 0x1c,
    0xf8, 0x0, 0x78, 0x1f, 0xe0, 0x0, 0xf0, 0x3f,
    0x80, 0x1, 0xc0, 0x3e, 0x0, 0x7, 0x80, 0x7f,
    0x0, 0xe, 0x1, 0xff, 0xc0, 0x1c, 0xf, 0xbf,
    0xf0, 0x70, 0x3c, 0x3f, 0xfc, 0xc1, 0xe0, 0x1f,
    0xe3, 0xf, 0x0, 0x1f, 0x84, 0x70, 0x0, 0x6,
    0x0,

    /* U+53D6 "取" */
    0x0, 0x0, 0x0, 0x0, 0x0, 0xe, 0x0, 0x0,
    0x0, 0x7c, 0x0, 0x3f, 0xff, 0xf8, 0x0, 0x1e,
    0x1e, 0x0, 0x60, 0x78, 0x7f, 0xff, 0xc1, 0xe1,
    0xff, 0xff, 0x87, 0x87, 0x90, 0x3e, 0x1e, 0x1e,
    0x40, 0xf0, 0x7f, 0xf9, 0x3, 0xc1, 0xe1, 0xe4,
    0xf, 0x7, 0x87, 0x98, 0x7c, 0x1e, 0x1e, 0x21,
    0xe0, 0x78, 0x78, 0x87, 0x81, 0xe1, 0xe3, 0x1e,
    0x7, 0xff, 0x8c, 0xf0, 0x1e, 0x1e, 0x3b, 0xc0,
    0x78, 0x78, 0x6f, 0x1, 0xe1, 0xe1, 0xf8, 0x7,
    0x87, 0x87, 0xe0, 0x1e, 0x1e, 0xf, 0x0, 0x7f,
    0xf8, 0x3c, 0xf, 0xf9, 0xe1, 0xf8, 0x1f, 0xc7,
    0x87, 0xf0, 0x7c, 0x1e, 0x3b, 0xf1, 0xc0, 0x78,
    0xc7, 0xe2, 0x1, 0xe6, 0x1f, 0xc0, 0x7, 0xb0,
    0x3c, 0x0, 0x1d, 0x0, 0x70, 0x0, 0x78, 0x0,
    0x0,

    /* U+53D7 "受" */
    0x0, 0x0, 0x3, 0x0, 0x0, 0x0, 0xfe, 0x0,
    0x0, 0x7f, 0xfc, 0x0, 0x3f, 0xff, 0xf8, 0x3f,
    0xff, 0xc0, 0x0, 0x18, 0x38, 0x1e, 0x0, 0x38,
    0x70, 0x7e, 0x0, 0xf1, 0xe1, 0xe0, 0x3, 0xc7,
    0x8f, 0x0, 0x47, 0x1e, 0x38, 0x80, 0xff, 0xff,
    0xff, 0x7, 0xff, 0xff, 0xfe, 0x38, 0x0, 0x0,
    0xfd, 0xe0, 0x0, 0x3, 0xcf, 0x80, 0x0, 0xcc,
    0x3d, 0xff, 0xff, 0xa0, 0x77, 0xff, 0xff, 0x0,
    0x2, 0x0, 0xfe, 0x0, 0x4, 0x3, 0xe0, 0x0,
    0x18, 0x1f, 0x0, 0x0, 0x30, 0xfc, 0x0, 0x0,
    0x63, 0xe0, 0x0, 0x1, 0xff, 0x0, 0x0, 0x3,
    0xf8, 0x0, 0x0, 0xf, 0xf8, 0x0, 0x0, 0x7f,
    0xff, 0x0, 0x7, 0xcf, 0xff, 0xc0, 0x7c, 0x1f,
    0xfc, 0x7, 0x80, 0xf, 0xe1, 0xf0, 0x0, 0x7,
    0x80,

    /* U+53E3 "口" */
    0x0, 0x0, 0x0, 0x38, 0x0, 0x3, 0x8f, 0xff,
    0xff, 0xf3, 0xff, 0xff, 0xfe, 0xf8, 0x0, 0x1f,
    0xbe, 0x0, 0x7, 0xcf, 0x80, 0x1, 0xf3, 0xe0,
    0x0, 0x7c, 0xf8, 0x0, 0x1f, 0x3e, 0x0, 0x7,
    0xcf, 0x80, 0x1, 0xf3, 0xe0, 0x0, 0x7c, 0xf8,
    0x0, 0x1f, 0x3e, 0x0, 0x7, 0xcf, 0x80, 0x1,
    0xf3, 0xe0, 0x0, 0x7c, 0xf8, 0x0, 0x1f, 0x3e,
    0x0, 0x7, 0xcf, 0x80, 0x1, 0xf3, 0xe0, 0x0,
    0x7c, 0xf8, 0x0, 0x1f, 0x3f, 0xff, 0xff, 0xcf,
    0x80, 0x1, 0xf3, 0xe0, 0x0, 0x7c, 0xf8, 0x0,
    0x1f, 0x3c, 0x0, 0x6, 0x0,

    /* U+53E4 "古" */
    0x0, 0xc, 0x0, 0x0, 0x0, 0x3e, 0x0, 0x0,
    0x0, 0xf0, 0x0, 0x0, 0x3, 0xc0, 0x0, 0x0,
    0xf, 0x0, 0x0, 0x0, 0x3c, 0x1, 0x0, 0x0,
    0xf0, 0xe, 0x0, 0x3, 0xc0, 0x7e, 0xff, 0xff,
    0xff, 0xfc, 0x0, 0x3c, 0x0, 0x0, 0x0, 0xf0,
    0x0, 0x0, 0x3, 0xc0, 0x0, 0x0, 0xf, 0x0,
    0x0, 0x0, 0x3c, 0x0, 0x0, 0x0, 0xf0, 0x0,
    0x7, 0x3, 0xc0, 0xc0, 0x1f, 0xff, 0xff, 0x80,
    0x7f, 0xff, 0xff, 0x1, 0xf0, 0x0, 0x7e, 0x7,
    0xc0, 0x1, 0xf0, 0x1f, 0x0, 0x7, 0xc0, 0x7c,
    0x0, 0x1f, 0x1, 0xf0, 0x0, 0x7c, 0x7, 0xc0,
    0x1, 0xf0, 0x1f, 0x0, 0x7, 0xc0, 0x7c, 0x0,
    0x1f, 0x1, 0xf0, 0x0, 0x7c, 0x7, 0xff, 0xff,
    0xf0, 0x1f, 0x0, 0x7, 0xc0, 0x7c, 0x0, 0x1f,
    0x1, 0xe0, 0x0, 0x70, 0x0,

    /* U+53EF "可" */
    0x0, 0x0, 0x0, 0x20, 0x0, 0x0, 0x0, 0x60,
    0x0, 0x0, 0x1, 0xe7, 0xff, 0xff, 0xff, 0xe7,
    0xff, 0xff, 0xff, 0xe0, 0x0, 0x0, 0x78, 0x0,
    0x0, 0x0, 0xf0, 0x0, 0x0, 0x1, 0xe0, 0x8,
    0x2, 0x3, 0xc0, 0x1f, 0xff, 0x7, 0x80, 0x3f,
    0xff, 0xf, 0x0, 0x78, 0x3c, 0x1e, 0x0, 0xf0,
    0x78, 0x3c, 0x1, 0xe0, 0xf0, 0x78, 0x3, 0xc1,
    0xe0, 0xf0, 0x7, 0x83, 0xc1, 0xe0, 0xf, 0x7,
    0x83, 0xc0, 0x1e, 0xf, 0x7, 0x80, 0x3c, 0x1e,
    0xf, 0x0, 0x7f, 0xfc, 0x1e, 0x0, 0xf0, 0x78,
    0x3c, 0x1, 0xe0, 0xf0, 0x78, 0x3, 0xc1, 0x80,
    0xf0, 0x7, 0x0, 0x1, 0xe0, 0x0, 0x0, 0x3,
    0xc0, 0x0, 0x0, 0x7, 0x80, 0x0, 0x0, 0xf,
    0x0, 0x0, 0x7, 0xfe, 0x0, 0x0, 0x1, 0xfc,
    0x0, 0x0, 0x1, 0xf0, 0x0, 0x0, 0x3, 0xc0,
    0x0,

    /* U+53F0 "台" */
    0x0, 0x30, 0x0, 0x0, 0x7, 0xe0, 0x0, 0x0,
    0x7e, 0x0, 0x0, 0x7, 0xc0, 0x0, 0x0, 0xf8,
    0x0, 0x0, 0xf, 0x7, 0x0, 0x0, 0xf0, 0x1e,
    0x0, 0x1e, 0x0, 0xf8, 0x1, 0xc0, 0xf, 0xc0,
    0x38, 0x0, 0x7e, 0xff, 0xff, 0xff, 0xef, 0xff,
    0xff, 0x1f, 0x7f, 0xfe, 0x1, 0xf7, 0xf8, 0x0,
    0xf, 0x60, 0x0, 0x0, 0xe0, 0x80, 0x0, 0x40,
    0xf, 0xff, 0xff, 0x0, 0xff, 0xff, 0xf8, 0xf,
    0x0, 0xf, 0x80, 0xf0, 0x0, 0xf0, 0xf, 0x0,
    0xf, 0x0, 0xf0, 0x0, 0xf0, 0xf, 0x0, 0xf,
    0x0, 0xf0, 0x0, 0xf0, 0xf, 0x0, 0xf, 0x0,
    0xf0, 0x0, 0xf0, 0xf, 0xff, 0xff, 0x0, 0xf0,
    0x0, 0xf0, 0xf, 0x0, 0xf, 0x0, 0xe0, 0x0,
    0xe0,

    /* U+53F3 "右" */
    0x0, 0x10, 0x0, 0x0, 0x0, 0x3e, 0x0, 0x0,
    0x0, 0x7c, 0x0, 0x0, 0x0, 0xf8, 0x0, 0x0,
    0x1, 0xe0, 0x0, 0x0, 0x7, 0xc0, 0x4, 0x0,
    0xf, 0x80, 0x1c, 0x0, 0x1e, 0x0, 0x7e, 0x7f,
    0xff, 0xff, 0xfe, 0x0, 0xf8, 0x0, 0x0, 0x1,
    0xe0, 0x0, 0x0, 0x7, 0xc0, 0x0, 0x0, 0xf,
    0x0, 0x0, 0x0, 0x1c, 0x0, 0x0, 0x0, 0x78,
    0x0, 0x0, 0x0, 0xe0, 0x0, 0x60, 0x3, 0xe0,
    0x1, 0xe0, 0xf, 0xff, 0xff, 0xe0, 0x1b, 0xc0,
    0x7, 0x80, 0x77, 0x80, 0xf, 0x1, 0x8f, 0x0,
    0x1e, 0x6, 0x1e, 0x0, 0x3c, 0x18, 0x3c, 0x0,
    0x78, 0x0, 0x78, 0x0, 0xf0, 0x0, 0xf0, 0x1,
    0xe0, 0x1, 0xe0, 0x3, 0xc0, 0x3, 0xc0, 0x7,
    0x80, 0x7, 0xff, 0xff, 0x0, 0xf, 0x0, 0x1e,
    0x0, 0x1e, 0x0, 0x3c, 0x0, 0x38, 0x0, 0x70,
    0x0,

    /* U+53F7 "号" */
    0x4, 0x0, 0x2, 0x0, 0x1f, 0xff, 0xfe, 0x0,
    0x7f, 0xff, 0xfc, 0x1, 0xe0, 0x1, 0xe0, 0x7,
    0x80, 0x7, 0x80, 0x1e, 0x0, 0x1e, 0x0, 0x78,
    0x0, 0x78, 0x1, 0xe0, 0x1, 0xe0, 0x7, 0x80,
    0x7, 0x80, 0x1f, 0xff, 0xfe, 0x0, 0x78, 0x0,
    0x78, 0x1, 0xe0, 0x1, 0xc8, 0x6, 0x0, 0x0,
    0x70, 0x0, 0x0, 0x1, 0xef, 0xff, 0xff, 0xff,
    0xc0, 0x78, 0x0, 0x0, 0x1, 0xe0, 0x0, 0x0,
    0xf, 0x80, 0x4, 0x0, 0x3f, 0xff, 0xfc, 0x0,
    0xff, 0xff, 0xf8, 0x7, 0x80, 0x3, 0xc0, 0x1e,
    0x0, 0xf, 0x0, 0x78, 0x0, 0x7c, 0x0, 0x0,
    0x1, 0xe0, 0x0, 0x0, 0x7, 0x80, 0x0, 0x0,
    0x3e, 0x0, 0x0, 0x7f, 0xf0, 0x0, 0x0, 0x3f,
    0xc0, 0x0, 0x0, 0x7e, 0x0, 0x0, 0x1, 0xe0,
    0x0,

    /* U+53F8 "司" */
    0x0, 0x0, 0x0, 0xc3, 0xff, 0xff, 0xff, 0xf,
    0xff, 0xff, 0xfc, 0x0, 0x0, 0x3, 0xc0, 0x0,
    0xc, 0x1e, 0x0, 0x0, 0xf8, 0xf3, 0xff, 0xff,
    0xe7, 0x80, 0x0, 0x0, 0x3c, 0x0, 0x0, 0x1,
    0xe0, 0x0, 0x0, 0xf, 0x6, 0x0, 0xc0, 0x78,
    0x3f, 0xff, 0x3, 0xc1, 0xff, 0xfc, 0x1e, 0xf,
    0x3, 0xc0, 0xf0, 0x78, 0x1e, 0x7, 0x83, 0xc0,
    0xf0, 0x3c, 0x1e, 0x7, 0x81, 0xe0, 0xf0, 0x3c,
    0xf, 0x7, 0x81, 0xe0, 0x78, 0x3c, 0xf, 0x3,
    0xc1, 0xff, 0xf8, 0x1e, 0xf, 0x3, 0xc0, 0xf0,
    0x78, 0x1e, 0x7, 0x83, 0xc0, 0xc0, 0x3c, 0x0,
    0x0, 0x7f, 0xe0, 0x0, 0x0, 0x7f, 0x0, 0x0,
    0x1, 0xf8, 0x0, 0x0, 0xf, 0x80, 0x0, 0x0,
    0x60, 0x0,

    /* U+5404 "各" */
    0x0, 0x3e, 0x0, 0x0, 0x0, 0x7e, 0x0, 0x0,
    0x1, 0xf0, 0x18, 0x0, 0x3, 0xff, 0xf8, 0x0,
    0xf, 0xff, 0xf8, 0x0, 0x1e, 0x3, 0xf8, 0x0,
    0x7c, 0x7, 0xc0, 0x1, 0xec, 0x1f, 0x0, 0x7,
    0x8c, 0x7c, 0x0, 0xc, 0xf, 0xf0, 0x0, 0x30,
    0xf, 0xc0, 0x0, 0x80, 0x3f, 0x80, 0x2, 0x1,
    0xff, 0xe0, 0x0, 0x7, 0xcf, 0xfe, 0x0, 0x3e,
    0x7, 0xff, 0x3, 0xe0, 0x3, 0xfc, 0x1f, 0x0,
    0x2, 0x71, 0x83, 0xff, 0xff, 0x0, 0x7, 0xff,
    0xff, 0x0, 0xf, 0x0, 0x3e, 0x0, 0x1e, 0x0,
    0x78, 0x0, 0x3c, 0x0, 0xf0, 0x0, 0x78, 0x1,
    0xe0, 0x0, 0xf0, 0x3, 0xc0, 0x1, 0xe0, 0x7,
    0x80, 0x3, 0xff, 0xff, 0x0, 0x7, 0x80, 0x1e,
    0x0, 0xf, 0x0, 0x3c, 0x0, 0x1c, 0x0, 0x70,
    0x0,

    /* U+5408 "合" */
    0x0, 0x4, 0x0, 0x0, 0x0, 0x1f, 0x80, 0x0,
    0x0, 0x3f, 0x0, 0x0, 0x0, 0xfa, 0x0, 0x0,
    0x1, 0xf6, 0x0, 0x0, 0x7, 0xc6, 0x0, 0x0,
    0x1f, 0xf, 0x0, 0x0, 0x7c, 0xf, 0x80, 0x0,
    0xf0, 0xf, 0xe0, 0x3, 0xc0, 0xf, 0xf8, 0xe,
    0x0, 0x4f, 0xf0, 0x38, 0x1, 0xcf, 0xc0, 0xc0,
    0x7, 0xc7, 0x6, 0x1f, 0xff, 0xc6, 0x18, 0x0,
    0x0, 0x0, 0x0, 0x0, 0x0, 0x0, 0x0, 0x0,
    0x0, 0x0, 0xe, 0x0, 0x6, 0x0, 0x1f, 0xff,
    0xfe, 0x0, 0x3f, 0xff, 0xfe, 0x0, 0x7c, 0x0,
    0x7c, 0x0, 0xf8, 0x0, 0xf0, 0x1, 0xf0, 0x1,
    0xe0, 0x3, 0xe0, 0x3, 0xc0, 0x7, 0xc0, 0x7,
    0x80, 0xf, 0x80, 0xf, 0x0, 0x1f, 0x0, 0x1e,
    0x0, 0x3f, 0xff, 0xfc, 0x0, 0x7c, 0x0, 0x78,
    0x0, 0xf8, 0x0, 0xf0, 0x1, 0xe0, 0x1, 0xc0,
    0x0,

    /* U+540C "同" */
    0xc0, 0x0, 0x1, 0xf, 0xff, 0xff, 0xfc, 0xff,
    0xff, 0xff, 0xef, 0x0, 0x0, 0x3c, 0xf0, 0x0,
    0x43, 0xcf, 0x0, 0xf, 0x3c, 0xf3, 0xff, 0xfb,
    0xcf, 0x0, 0x0, 0x3c, 0xf0, 0x0, 0x3, 0xcf,
    0x0, 0x0, 0x3c, 0xf1, 0x80, 0xc3, 0xcf, 0x1f,
    0xfe, 0x3c, 0xf1, 0xff, 0xf3, 0xcf, 0x1e, 0x1e,
    0x3c, 0xf1, 0xe1, 0xe3, 0xcf, 0x1e, 0x1e, 0x3c,
    0xf1, 0xe1, 0xe3, 0xcf, 0x1e, 0x1e, 0x3c, 0xf1,
    0xff, 0xe3, 0xcf, 0x1e, 0x1e, 0x3c, 0xf1, 0xe1,
    0xe3, 0xcf, 0x1e, 0x1c, 0x3c, 0xf1, 0x0, 0x3,
    0xcf, 0x0, 0x0, 0x3c, 0xf0, 0x0, 0xff, 0xcf,
    0x0, 0x3, 0xfc, 0xf0, 0x0, 0xf, 0xcf, 0x0,
    0x0, 0xf8, 0xe0, 0x0, 0xf, 0x0,

    /* U+540D "名" */
    0x0, 0x1c, 0x0, 0x0, 0x0, 0xfe, 0x0, 0x0,
    0x3, 0xe0, 0x60, 0x0, 0x1f, 0xff, 0xc0, 0x0,
    0x7f, 0xff, 0x80, 0x3, 0xe0, 0x7f, 0x0, 0x1f,
    0x1, 0xf8, 0x0, 0x78, 0xf, 0xc0, 0x3, 0xf0,
    0x3e, 0x0, 0x1d, 0xf1, 0xf0, 0x0, 0xe3, 0xef,
    0xc0, 0x6, 0x7, 0xfe, 0x0, 0x20, 0x1f, 0xf0,
    0x0, 0x0, 0x3f, 0x80, 0x0, 0x0, 0xf8, 0x0,
    0x0, 0x7, 0xc0, 0x18, 0x0, 0x7f, 0xff, 0xf0,
    0x3, 0xff, 0xff, 0xe0, 0x3f, 0xc0, 0xf, 0x81,
    0xef, 0x0, 0x3c, 0x1c, 0x3c, 0x0, 0xf1, 0x80,
    0xf0, 0x3, 0xc0, 0x3, 0xc0, 0xf, 0x0, 0xf,
    0x0, 0x3c, 0x0, 0x3c, 0x0, 0xf0, 0x0, 0xf0,
    0x3, 0xc0, 0x3, 0xff, 0xff, 0x0, 0xf, 0x0,
    0x3c, 0x0, 0x3c, 0x0, 0xf0, 0x0, 0xe0, 0x3,
    0x80,

    /* U+5411 "向" */
    0x0, 0x38, 0x0, 0x0, 0x7, 0xe0, 0x0, 0x0,
    0xf0, 0x0, 0x0, 0x1c, 0x0, 0xc, 0x7, 0x0,
    0x11, 0xff, 0xff, 0xff, 0x3f, 0xff, 0xff, 0xff,
    0x80, 0x0, 0x1e, 0xf0, 0x0, 0x3, 0xde, 0x0,
    0x10, 0x7b, 0xc7, 0xff, 0xf, 0x78, 0xff, 0xf9,
    0xef, 0x1e, 0x1e, 0x3d, 0xe3, 0xc3, 0xc7, 0xbc,
    0x78, 0x78, 0xf7, 0x8f, 0xf, 0x1e, 0xf1, 0xe1,
    0xe3, 0xde, 0x3c, 0x3c, 0x7b, 0xc7, 0xff, 0x8f,
    0x78, 0xf0, 0xf1, 0xef, 0x1e, 0x1e, 0x3d, 0xe3,
    0xc3, 0x7, 0xbc, 0x70, 0x0, 0xf7, 0x88, 0x0,
    0x1e, 0xf0, 0x0, 0x3, 0xde, 0x0, 0xf, 0xfb,
    0xc0, 0x0, 0x3f, 0x78, 0x0, 0x7, 0xce, 0x0,
    0x0, 0x60,

    /* U+544A "告" */
    0x6, 0x7, 0xc0, 0x0, 0x1f, 0x1e, 0x0, 0x0,
    0x7e, 0x78, 0x0, 0x1, 0xe1, 0xe0, 0x40, 0x7,
    0x87, 0x83, 0x80, 0x3c, 0x1e, 0x1f, 0x0, 0xff,
    0xff, 0xfe, 0x3, 0x81, 0xe0, 0x0, 0x1c, 0x7,
    0x80, 0x0, 0x60, 0x1e, 0x0, 0x2, 0x0, 0x78,
    0x6, 0x0, 0x1, 0xe0, 0x3c, 0xff, 0xff, 0xff,
    0xf8, 0x0, 0x0, 0x0, 0x0, 0x0, 0x0, 0x0,
    0x0, 0x0, 0x0, 0x0, 0xe, 0x0, 0x2, 0x0,
    0x3f, 0xff, 0xfe, 0x0, 0xff, 0xff, 0xfc, 0x3,
    0xe0, 0x1, 0xe0, 0xf, 0x80, 0x7, 0x80, 0x3e,
    0x0, 0x1e, 0x0, 0xf8, 0x0, 0x78, 0x3, 0xe0,
    0x1, 0xe0, 0xf, 0x80, 0x7, 0x80, 0x3e, 0x0,
    0x1e, 0x0, 0xff, 0xff, 0xf8, 0x3, 0xe0, 0x1,
    0xe0, 0xf, 0x80, 0x7, 0x80, 0x3c, 0x0, 0x1c,
    0x0,

    /* U+5468 "周" */
    0x0, 0x0, 0x0, 0xc0, 0x7f, 0xff, 0xff, 0x3,
    0xff, 0xff, 0xfc, 0x1e, 0x0, 0x3, 0xe0, 0xf0,
    0x78, 0x1e, 0x7, 0x83, 0xc8, 0xf0, 0x3c, 0x1e,
    0xe7, 0x81, 0xef, 0xff, 0xbc, 0xf, 0x7, 0x81,
    0xe0, 0x78, 0x3c, 0xf, 0x3, 0xc1, 0xee, 0x78,
    0x1f, 0xff, 0xfb, 0xc0, 0xff, 0xff, 0xde, 0x7,
    0x80, 0x0, 0xf0, 0x3d, 0x80, 0xc7, 0x81, 0xef,
    0xff, 0x3c, 0xf, 0x7f, 0xfd, 0xe0, 0x7b, 0xc3,
    0xcf, 0x3, 0x9e, 0x1e, 0x78, 0x1c, 0xf0, 0xf3,
    0xc0, 0xe7, 0x87, 0x9e, 0xf, 0x3f, 0xfc, 0xf0,
    0x71, 0xe1, 0xe7, 0x83, 0x8f, 0xe, 0x3c, 0x18,
    0x70, 0x1f, 0xe1, 0x80, 0x0, 0x3f, 0xc, 0x0,
    0x0, 0xf8, 0x80, 0x0, 0x7, 0x88, 0x0, 0x0,
    0x30, 0x0,

    /* U+5473 "味" */
    0x0, 0x0, 0x80, 0x0, 0x0, 0x7, 0xc0, 0x0,
    0x0, 0x3c, 0x1, 0x2, 0x1, 0xe0, 0xf, 0xf8,
    0xf, 0x8, 0x7f, 0xf0, 0x78, 0xe3, 0xcf, 0x3,
    0xcf, 0x9e, 0x7f, 0xff, 0xfe, 0xf3, 0xc0, 0xf0,
    0x7, 0x9e, 0x7, 0x80, 0x3c, 0xf0, 0x3c, 0x1,
    0xe7, 0x81, 0xe1, 0x8f, 0x3c, 0xf, 0x1f, 0x79,
    0xff, 0xff, 0xff, 0xcf, 0x7, 0xe0, 0x1e, 0x78,
    0x7f, 0x0, 0xf3, 0xc3, 0xfc, 0x7, 0x9e, 0x3f,
    0xa0, 0x3f, 0xf1, 0xfd, 0x81, 0xe7, 0x9f, 0xee,
    0xf, 0x3c, 0xff, 0x38, 0x79, 0xcf, 0x79, 0xe3,
    0xc0, 0x73, 0xcf, 0x9c, 0x7, 0x1e, 0x3f, 0x0,
    0x70, 0xf1, 0xf0, 0x7, 0x7, 0x87, 0x0, 0x60,
    0x3c, 0x10, 0x4, 0x1, 0xe0, 0x0, 0x40, 0xf,
    0x0, 0x0, 0x0, 0x70, 0x0,

    /* U+547C "呼" */
    0x0, 0x0, 0x0, 0x80, 0x0, 0x0, 0xf, 0x0,
    0x0, 0x1, 0xfe, 0x20, 0x60, 0x3f, 0xfc, 0xf3,
    0xcf, 0xff, 0x3, 0xff, 0xc1, 0xe0, 0xf, 0x3c,
    0x7, 0x80, 0x3c, 0xf4, 0x1e, 0x78, 0xf3, 0xdc,
    0x79, 0xfb, 0xcf, 0x39, 0xe7, 0x8f, 0x3c, 0xe7,
    0x9c, 0x3c, 0xf3, 0xde, 0x70, 0xf3, 0xcf, 0x7b,
    0x83, 0xcf, 0x3d, 0xec, 0xf, 0x3c, 0x67, 0xa6,
    0x3c, 0xf0, 0x1e, 0x3e, 0xf3, 0xff, 0xff, 0xff,
    0xcf, 0x1, 0xe0, 0xf, 0xfc, 0x7, 0x80, 0x3c,
    0xf0, 0x1e, 0x0, 0xf3, 0xc0, 0x78, 0x3, 0xce,
    0x1, 0xe0, 0xf, 0x0, 0x7, 0x80, 0x38, 0x0,
    0x1e, 0x0, 0x0, 0x0, 0x78, 0x0, 0x0, 0x1,
    0xe0, 0x0, 0x0, 0xff, 0x80, 0x0, 0x0, 0x7e,
    0x0, 0x0, 0x1, 0xf0, 0x0, 0x0, 0x3, 0x80,
    0x0,

    /* U+547D "命" */
    0x0, 0xf, 0x0, 0x0, 0x0, 0x1f, 0xc0, 0x0,
    0x0, 0x7f, 0x0, 0x0, 0x0, 0xfb, 0x0, 0x0,
    0x3, 0xe7, 0x0, 0x0, 0xf, 0x87, 0x80, 0x0,
    0x3e, 0x7, 0xe0, 0x0, 0xf8, 0x7, 0xfc, 0x3,
    0xe0, 0x77, 0xfc, 0xf, 0x1, 0xf7, 0xf0, 0x3f,
    0xff, 0xf7, 0xc0, 0xe0, 0x0, 0x3, 0x83, 0x0,
    0x0, 0x1, 0x19, 0x2, 0x10, 0x18, 0x3, 0xff,
    0x38, 0x7c, 0x7, 0xff, 0x7f, 0xf8, 0xe, 0x3c,
    0xf1, 0xe0, 0x1c, 0x79, 0xe3, 0xc0, 0x38, 0xf3,
    0xc7, 0x80, 0x71, 0xe7, 0x8f, 0x0, 0xe3, 0xcf,
    0x1e, 0x1, 0xc7, 0x9e, 0x3c, 0x3, 0x8f, 0x3c,
    0x78, 0x7, 0xfe, 0x7b, 0xf0, 0xe, 0x3c, 0xf3,
    0xe0, 0x1c, 0x79, 0xe7, 0xc0, 0x38, 0xc3, 0xc7,
    0x0, 0x60, 0x7, 0x80, 0x0, 0x0, 0xf, 0x0,
    0x0, 0x0, 0x1c, 0x0, 0x0,

    /* U+548C "和" */
    0x0, 0x30, 0x0, 0x0, 0x3, 0xf0, 0x0, 0x0,
    0x7f, 0xe0, 0x0, 0xf, 0xff, 0xf0, 0x18, 0x43,
    0xc0, 0xff, 0xf0, 0xf, 0x3, 0xff, 0xe0, 0x3c,
    0x8f, 0xf, 0x0, 0xf7, 0x3c, 0x3c, 0x3, 0xde,
    0xf0, 0xf3, 0xff, 0xff, 0xc3, 0xc0, 0x7c, 0xf,
    0xf, 0x1, 0xf0, 0x3c, 0x3c, 0xf, 0xe0, 0xf0,
    0xf0, 0x3f, 0xe3, 0xc3, 0xc0, 0xfd, 0xcf, 0xf,
    0x3, 0xf7, 0xbc, 0x3c, 0x1f, 0xce, 0xf0, 0xf0,
    0x7f, 0x3b, 0xc3, 0xc3, 0xbc, 0xcf, 0xf, 0xc,
    0xf0, 0x3c, 0x3c, 0x33, 0xc0, 0xf0, 0xf1, 0x8f,
    0x3, 0xc3, 0xcc, 0x3c, 0xf, 0xff, 0x20, 0xf0,
    0x3c, 0x3c, 0x3, 0xc0, 0xf0, 0xf0, 0xf, 0x3,
    0xc3, 0xc0, 0x3c, 0xe, 0x0, 0x0, 0xf0, 0x0,
    0x0, 0x3, 0x80, 0x0, 0x0,

    /* U+54B2 "咲" */
    0x0, 0x0, 0x0, 0x0, 0x0, 0x60, 0x1e, 0x0,
    0x1, 0xe0, 0x7c, 0x20, 0x43, 0xc3, 0xe0, 0xff,
    0x8f, 0x8f, 0x3, 0xff, 0x9e, 0x38, 0xf, 0x3c,
    0x70, 0xcc, 0x3c, 0xf0, 0x6, 0x78, 0xf3, 0xff,
    0xff, 0xf3, 0xcf, 0xff, 0xff, 0xcf, 0x3c, 0xf,
    0x0, 0x3c, 0xf0, 0x3c, 0x0, 0xf3, 0xc0, 0xf0,
    0x3, 0xcf, 0x3, 0xc3, 0x8f, 0x3c, 0xf, 0x1f,
    0x3c, 0xff, 0xff, 0xfe, 0xf3, 0xc0, 0xf8, 0x3,
    0xcf, 0x3, 0xe0, 0xf, 0x3c, 0xf, 0x80, 0x3f,
    0xf0, 0x7b, 0x0, 0xf3, 0xc1, 0xe6, 0x3, 0xcf,
    0x7, 0x98, 0xf, 0x38, 0x3c, 0x70, 0x3c, 0x0,
    0xe1, 0xe0, 0xe0, 0x7, 0x83, 0xe0, 0x0, 0x3c,
    0xf, 0xe0, 0x1, 0xc0, 0x1f, 0x80, 0xe, 0x0,
    0x7c, 0x0, 0xe0, 0x0, 0xe0, 0xc, 0x0, 0x1,
    0x0,

    /* U+54C1 "品" */
    0x4, 0x0, 0x10, 0x0, 0x3f, 0xff, 0xe0, 0x1,
    0xff, 0xff, 0x80, 0xf, 0x0, 0x70, 0x0, 0x78,
    0x3, 0x80, 0x3, 0xc0, 0x1c, 0x0, 0x1e, 0x0,
    0xe0, 0x0, 0xf0, 0x7, 0x0, 0x7, 0x80, 0x38,
    0x0, 0x3f, 0xff, 0xc0, 0x1, 0xe0, 0xe, 0x0,
    0xf, 0x0, 0x70, 0x0, 0x70, 0x3, 0x0, 0x0,
    0x20, 0x0, 0x43, 0x83, 0x87, 0x3, 0x1f, 0xfe,
    0x3f, 0xfc, 0xff, 0xf9, 0xff, 0xf7, 0x87, 0x8f,
    0xf, 0x3c, 0x3c, 0x78, 0x79, 0xe1, 0xe3, 0xc3,
    0xcf, 0xf, 0x1e, 0x1e, 0x78, 0x78, 0xf0, 0xf3,
    0xc3, 0xc7, 0x87, 0x9e, 0x1e, 0x3c, 0x3c, 0xff,
    0xf1, 0xff, 0xe7, 0x87, 0x8f, 0xf, 0x3c, 0x3c,
    0x78, 0x79, 0xe1, 0x83, 0xc3, 0x8c, 0x0, 0x18,
    0x0, 0x0,

    /* U+54E1 "員" */
    0x4, 0x0, 0x6, 0x0, 0x3f, 0xff, 0xf8, 0x1,
    0xff, 0xff, 0xf0, 0xf, 0x0, 0x1f, 0x0, 0x78,
    0x0, 0xf8, 0x3, 0xc0, 0x7, 0xc0, 0x1e, 0x0,
    0x3e, 0x0, 0xff, 0xff, 0xf0, 0x7, 0x80, 0xf,
    0x0, 0x70, 0x0, 0x1c, 0x3, 0xff, 0xff, 0xf0,
    0x1f, 0xff, 0xff, 0xc0, 0xf0, 0x0, 0x3c, 0x7,
    0x80, 0x1, 0xe0, 0x3f, 0xff, 0xff, 0x1, 0xe0,
    0x0, 0x78, 0xf, 0x0, 0x3, 0xc0, 0x78, 0x0,
    0x1e, 0x3, 0xff, 0xff, 0xf0, 0x1e, 0x0, 0x7,
    0x80, 0xf0, 0x0, 0x3c, 0x7, 0x80, 0x1, 0xe0,
    0x3f, 0xff, 0xff, 0x1, 0xe0, 0x0, 0x78, 0xe,
    0x70, 0x7f, 0x80, 0x7, 0xe0, 0xff, 0x0, 0xfe,
    0x81, 0xfc, 0xf, 0xc0, 0x3, 0xf1, 0xf8, 0x0,
    0xf, 0xfc, 0x0, 0x0, 0x18,

    /* U+5546 "商" */
    0x0, 0x7, 0xc0, 0x0, 0x0, 0xf, 0x0, 0x40,
    0x0, 0x1e, 0x1, 0xc0, 0x0, 0x3c, 0x7, 0xef,
    0xff, 0xff, 0xff, 0xe0, 0x10, 0x4, 0x0, 0x0,
    0x1c, 0xf, 0x80, 0x0, 0x3c, 0x1c, 0x0, 0x38,
    0x78, 0x70, 0x70, 0x7f, 0xff, 0xff, 0xf0, 0xf0,
    0xf3, 0x83, 0xf1, 0xe1, 0xe7, 0x17, 0xc3, 0xc3,
    0x8e, 0x2f, 0x87, 0x8f, 0x1f, 0xff, 0xf, 0x1c,
    0x3f, 0xfe, 0x1e, 0x60, 0x3f, 0xfc, 0x3d, 0xe0,
    0x20, 0xf8, 0x78, 0xff, 0xe1, 0xf0, 0xf1, 0xff,
    0xf3, 0xe1, 0xe3, 0xc3, 0xc7, 0xc3, 0xc7, 0x87,
    0x8f, 0x87, 0x8f, 0xf, 0x1f, 0xf, 0x1e, 0x1e,
    0x3e, 0x1e, 0x3f, 0xfc, 0x7c, 0x3c, 0x78, 0x78,
    0xf8, 0x78, 0xf0, 0xdf, 0xf0, 0xf1, 0x80, 0xf,
    0xe1, 0xe0, 0x0, 0x1f, 0xc3, 0xc0, 0x0, 0x1f,
    0x7, 0x0, 0x0, 0x38, 0x0,

    /* U+554F "問" */
    0x80, 0x20, 0x0, 0x8f, 0xff, 0x1f, 0xfc, 0xff,
    0xfd, 0xff, 0xff, 0x7, 0x9c, 0x1e, 0xf0, 0x79,
    0xc1, 0xef, 0xff, 0x9f, 0xfe, 0xf0, 0x79, 0xc1,
    0xef, 0x7, 0x9c, 0x1e, 0xf0, 0x79, 0xc1, 0xef,
    0xff, 0x9f, 0xfe, 0xf0, 0x79, 0xc1, 0xef, 0x7,
    0x98, 0x1e, 0xf0, 0x0, 0x1, 0xef, 0x10, 0x4,
    0x1e, 0xf1, 0xff, 0xe1, 0xef, 0x1f, 0xff, 0x9e,
    0xf1, 0xe0, 0xf1, 0xef, 0x1e, 0xf, 0x1e, 0xf1,
    0xe0, 0xf1, 0xef, 0x1e, 0xf, 0x1e, 0xf1, 0xe0,
    0xf1, 0xef, 0x1f, 0xff, 0x1e, 0xf1, 0xe0, 0xf1,
    0xef, 0x1e, 0xe, 0x1e, 0xf1, 0xc0, 0x1, 0xef,
    0x0, 0x0, 0xfe, 0xf0, 0x0, 0x3, 0xef, 0x0,
    0x0, 0x3c, 0xe0, 0x0, 0x3, 0x0,

    /* U+5589 "喉" */
    0x0, 0x7, 0x0, 0x0, 0x0, 0x1f, 0xff, 0xf,
    0xf8, 0xfb, 0xfe, 0x3f, 0xf3, 0xc0, 0x78, 0xf3,
    0x8f, 0x1, 0xe3, 0xce, 0x38, 0xf, 0x6f, 0x39,
    0xff, 0xff, 0xfc, 0xe7, 0x7f, 0xff, 0xf3, 0x9f,
    0x3c, 0x3, 0xce, 0xf8, 0xf0, 0xf, 0x3b, 0xe7,
    0x86, 0x3c, 0xef, 0x9c, 0x1c, 0xf3, 0xde, 0x7f,
    0xfb, 0xce, 0x79, 0xbc, 0xf, 0x39, 0xec, 0xf0,
    0x3c, 0xe7, 0xa3, 0xc8, 0xf3, 0x9e, 0xf, 0x3b,
    0xce, 0x7f, 0xff, 0xff, 0xf9, 0xe0, 0xf0, 0x3c,
    0xe7, 0x83, 0xe0, 0xf3, 0x9e, 0xe, 0x83, 0xcc,
    0x78, 0x3b, 0xf, 0x1, 0xe1, 0xee, 0x38, 0x7,
    0x87, 0x3c, 0x0, 0x1e, 0x3c, 0x7c, 0x0, 0x78,
    0xe1, 0xe0, 0x1, 0xe7, 0x3, 0x0, 0x7, 0xb0,
    0xc, 0x0, 0x1d, 0x0, 0x10,

    /* U+55B6 "営" */
    0x0, 0x0, 0x8, 0x0, 0x1c, 0x38, 0x3c, 0x0,
    0x38, 0xf0, 0xfc, 0x0, 0xf1, 0xc7, 0xc0, 0x1,
    0xc7, 0x9e, 0x0, 0x27, 0x1c, 0x61, 0x81, 0xff,
    0xff, 0xff, 0xf, 0xff, 0xff, 0xfe, 0x78, 0x0,
    0x0, 0xff, 0xe8, 0x0, 0x27, 0x8f, 0xbf, 0xff,
    0xf8, 0x3c, 0xff, 0xff, 0xc0, 0x3, 0xc0, 0x1e,
    0x0, 0xf, 0x0, 0x78, 0x0, 0x3c, 0x1, 0xe0,
    0x0, 0xff, 0xff, 0x80, 0x3, 0xcf, 0x1e, 0x0,
    0xf, 0x3c, 0x60, 0x0, 0x30, 0xe0, 0x0, 0x2,
    0x3, 0x0, 0x80, 0xf, 0xff, 0xff, 0x80, 0x3f,
    0xff, 0xff, 0x0, 0xf0, 0x0, 0x7c, 0x3, 0xc0,
    0x1, 0xf0, 0xf, 0x0, 0x7, 0xc0, 0x3c, 0x0,
    0x1f, 0x0, 0xff, 0xff, 0xfc, 0x3, 0xc0, 0x1,
    0xf0, 0xf, 0x0, 0x7, 0xc0, 0x38, 0x0, 0x1c,
    0x0,

    /* U+56DB "四" */
    0x80, 0x0, 0x0, 0x8f, 0xff, 0xff, 0xfe, 0xff,
    0xff, 0xff, 0xff, 0x1e, 0x78, 0x3e, 0xf1, 0xe7,
    0x83, 0xef, 0x1e, 0x78, 0x3e, 0xf1, 0xe7, 0x83,
    0xef, 0x1e, 0x78, 0x3e, 0xf1, 0xe7, 0x83, 0xef,
    0x1c, 0x78, 0xbe, 0xf1, 0xc7, 0x8b, 0xef, 0x3c,
    0x78, 0xbe, 0xf3, 0x87, 0x9b, 0xef, 0x38, 0x7f,
    0xfe, 0xf3, 0x7, 0xff, 0xef, 0x60, 0x3f, 0xfe,
    0xfc, 0x0, 0x3, 0xef, 0x80, 0x0, 0x3e, 0xf0,
    0x0, 0x3, 0xef, 0x0, 0x0, 0x3e, 0xf0, 0x0,
    0x3, 0xef, 0x0, 0x0, 0x3e, 0xff, 0xff, 0xff,
    0xef, 0x0, 0x0, 0x3e, 0xf0, 0x0, 0x3, 0xee,
    0x0, 0x0, 0x38,

    /* U+56DE "回" */
    0xc0, 0x0, 0x1, 0x1f, 0xff, 0xff, 0xf3, 0xff,
    0xff, 0xff, 0xf8, 0x0, 0x1, 0xef, 0x0, 0x0,
    0x3d, 0xe0, 0x0, 0x7, 0xbc, 0x40, 0x20, 0xf7,
    0x8f, 0xfe, 0x1e, 0xf1, 0xff, 0xf3, 0xde, 0x3c,
    0x3c, 0x7b, 0xc7, 0x87, 0x8f, 0x78, 0xf0, 0xf1,
    0xef, 0x1e, 0x1e, 0x3d, 0xe3, 0xc3, 0xc7, 0xbc,
    0x78, 0x78, 0xf7, 0x8f, 0xf, 0x1e, 0xf1, 0xe1,
    0xe3, 0xde, 0x3f, 0xfc, 0x7b, 0xc7, 0x87, 0x8f,
    0x78, 0xf0, 0xf1, 0xef, 0x1c, 0x0, 0x3d, 0xe0,
    0x0, 0x7, 0xbc, 0x0, 0x0, 0xf7, 0x80, 0x0,
    0x1e, 0xff, 0xff, 0xff, 0xde, 0x0, 0x0, 0x7b,
    0xc0, 0x0, 0xf, 0x78, 0x0, 0x1, 0xcc, 0x0,
    0x0, 0x0,

    /* U+56E0 "因" */
    0xc0, 0x0, 0x0, 0xc7, 0xff, 0xff, 0xff, 0x3f,
    0xff, 0xff, 0xfd, 0xf0, 0x0, 0x3, 0xcf, 0x81,
    0xf0, 0x1e, 0x7c, 0xf, 0x0, 0xf3, 0xe0, 0x78,
    0x7, 0x9f, 0x3, 0xc0, 0x3c, 0xf8, 0x1e, 0x31,
    0xe7, 0xc0, 0xf1, 0xcf, 0x3e, 0xff, 0xff, 0xf9,
    0xf0, 0x3c, 0x3, 0xcf, 0x81, 0xf0, 0x1e, 0x7c,
    0xf, 0x80, 0xf3, 0xe0, 0x76, 0x7, 0x9f, 0x7,
    0xb0, 0x3c, 0xf8, 0x3c, 0xc1, 0xe7, 0xc1, 0xc7,
    0x8f, 0x3e, 0x1c, 0x3e, 0x79, 0xf1, 0xe0, 0xff,
    0xcf, 0x8c, 0x7, 0x9e, 0x7c, 0xc0, 0x18, 0xf3,
    0xe8, 0x0, 0x47, 0x9f, 0x0, 0x0, 0x3c, 0xf8,
    0x0, 0x1, 0xe7, 0xff, 0xff, 0xff, 0x3e, 0x0,
    0x0, 0x79, 0xf0, 0x0, 0x3, 0xcf, 0x0, 0x0,
    0x1c, 0x0,

    /* U+56F0 "困" */
    0xc0, 0x0, 0x0, 0xc7, 0xff, 0xff, 0xff, 0x3f,
    0xff, 0xff, 0xfd, 0xe0, 0x0, 0x3, 0xcf, 0x1,
    0xf0, 0x1e, 0x78, 0xf, 0x0, 0xf3, 0xc0, 0x78,
    0x7, 0x9e, 0x3, 0xc6, 0x3c, 0xf0, 0x1e, 0x79,
    0xe7, 0xbf, 0xff, 0xff, 0x3c, 0x1f, 0xc0, 0x79,
    0xe0, 0xff, 0x3, 0xcf, 0x7, 0xe8, 0x1e, 0x78,
    0x3f, 0x60, 0xf3, 0xc3, 0xfb, 0x87, 0x9e, 0x1f,
    0xde, 0x3c, 0xf1, 0xfe, 0x79, 0xe7, 0x8e, 0xf3,
    0xef, 0x3c, 0xe7, 0x8f, 0xf9, 0xe6, 0x3c, 0x73,
    0xcf, 0x61, 0xe1, 0x1e, 0x7c, 0xf, 0x0, 0xf3,
    0xc0, 0x78, 0x7, 0x9e, 0x3, 0xc0, 0x3c, 0xf0,
    0x0, 0x1, 0xe7, 0xff, 0xff, 0xff, 0x3c, 0x0,
    0x0, 0x79, 0xe0, 0x0, 0x3, 0xce, 0x0, 0x0,
    0x1c, 0x0,

    /* U+56F3 "図" */
    0xc0, 0x0, 0x0, 0x8f, 0xff, 0xff, 0xfc, 0xff,
    0xff, 0xff, 0xff, 0x0, 0x0, 0x1e, 0xf0, 0x30,
    0x1, 0xef, 0x1, 0xc3, 0x1e, 0xf6, 0x1e, 0x3d,
    0xef, 0x38, 0xf3, 0xfe, 0xf3, 0xcf, 0x7d, 0xef,
    0x3c, 0xf7, 0x9e, 0xf1, 0xe4, 0xf9, 0xef, 0x1c,
    0xf, 0x1e, 0xf0, 0x81, 0xe1, 0xef, 0x60, 0x1e,
    0x1e, 0xf1, 0xe3, 0xc1, 0xef, 0xf, 0xf8, 0x1e,
    0xf0, 0x3f, 0x1, 0xef, 0x1, 0xfc, 0x1e, 0xf0,
    0x1f, 0xe1, 0xef, 0x3, 0xbf, 0x1e, 0xf0, 0x71,
    0xf9, 0xef, 0xc, 0xf, 0x9e, 0xf3, 0x80, 0x79,
    0xef, 0x60, 0x7, 0x9e, 0xf0, 0x0, 0x1, 0xef,
    0xff, 0xff, 0xfe, 0xf0, 0x0, 0x1, 0xef, 0x0,
    0x0, 0x1e, 0xe0, 0x0, 0x1, 0x80,

    /* U+56FD "国" */
    0xc0, 0x0, 0x0, 0x8f, 0xff, 0xff, 0xfc, 0xff,
    0xff, 0xff, 0xff, 0x0, 0x0, 0x1e, 0xf0, 0x0,
    0x21, 0xef, 0x0, 0x7, 0x9e, 0xf7, 0xff, 0xfd,
    0xef, 0x1, 0xe0, 0x1e, 0xf0, 0x1e, 0x1, 0xef,
    0x1, 0xe0, 0x1e, 0xf0, 0x1e, 0x1, 0xef, 0x1,
    0xe2, 0x1e, 0xf0, 0x1e, 0x71, 0xef, 0x3f, 0xff,
    0x9e, 0xf0, 0x1e, 0x1, 0xef, 0x1, 0xee, 0x1e,
    0xf0, 0x1e, 0x71, 0xef, 0x1, 0xe3, 0x9e, 0xf0,
    0x1e, 0x39, 0xef, 0x1, 0xe3, 0x9e, 0xf0, 0x1e,
    0x39, 0xef, 0x7f, 0xff, 0xfe, 0xf0, 0x0, 0x1,
    0xef, 0x0, 0x0, 0x1e, 0xf0, 0x0, 0x1, 0xef,
    0xff, 0xff, 0xfe, 0xf0, 0x0, 0x1, 0xef, 0x0,
    0x0, 0x1e, 0xe0, 0x0, 0x1, 0x80,

    /* U+5712 "園" */
    0x80, 0x0, 0x1, 0x8f, 0xff, 0xff, 0xfc, 0xff,
    0xff, 0xff, 0xee, 0x1, 0x0, 0x3c, 0xe0, 0x1e,
    0x43, 0xce, 0x1, 0xe6, 0x3c, 0xe7, 0xff, 0xfb,
    0xce, 0x1, 0xe2, 0x3c, 0xe0, 0x1e, 0x73, 0xce,
    0xff, 0xff, 0xbc, 0xef, 0xff, 0xfb, 0xce, 0x30,
    0xc, 0x3c, 0xe3, 0xff, 0xf3, 0xce, 0x3c, 0xe,
    0x3c, 0xe3, 0xc0, 0xe3, 0xce, 0x3c, 0xe, 0x3c,
    0xe3, 0xff, 0xe3, 0xce, 0x3f, 0xef, 0x3c, 0xe0,
    0x7e, 0x3b, 0xce, 0x7, 0xe6, 0x3c, 0xe0, 0xff,
    0xe3, 0xce, 0x1d, 0xe7, 0x3c, 0xe3, 0x1e, 0x7b,
    0xce, 0x61, 0xe3, 0xbc, 0xe8, 0x1e, 0x13, 0xce,
    0x1, 0xc0, 0x3c, 0xe0, 0x0, 0x3, 0xcf, 0xff,
    0xff, 0xfc, 0xe0, 0x0, 0x3, 0xcc, 0x0, 0x0,
    0x38,

    /* U+571F "土" */
    0x0, 0x6, 0x0, 0x0, 0x0, 0x1f, 0x0, 0x0,
    0x0, 0x78, 0x0, 0x0, 0x1, 0xe0, 0x0, 0x0,
    0x7, 0x80, 0x0, 0x0, 0x1e, 0x0, 0x0, 0x0,
    0x78, 0x0, 0x0, 0x1, 0xe0, 0x0, 0x0, 0x7,
    0x80, 0x0, 0x0, 0x1e, 0x6, 0x0, 0x0, 0x78,
    0x1c, 0x0, 0x1, 0xe0, 0xf8, 0x3f, 0xff, 0xff,
    0xf0, 0x0, 0x1e, 0x0, 0x0, 0x0, 0x78, 0x0,
    0x0, 0x1, 0xe0, 0x0, 0x0, 0x7, 0x80, 0x0,
    0x0, 0x1e, 0x0, 0x0, 0x0, 0x78, 0x0, 0x0,
    0x1, 0xe0, 0x0, 0x0, 0x7, 0x80, 0x0, 0x0,
    0x1e, 0x0, 0x0, 0x0, 0x78, 0x0, 0x0, 0x1,
    0xe0, 0x0, 0x0, 0x7, 0x80, 0x0, 0x0, 0x1e,
    0x1, 0x0, 0x0, 0x78, 0xe, 0x0, 0x1, 0xe0,
    0x7e, 0xff, 0xff, 0xff, 0xfd, 0xff, 0xff, 0xff,
    0xf0,

    /* U+5728 "在" */
    0x0, 0x10, 0x0, 0x0, 0x1, 0xf0, 0x0, 0x0,
    0xf, 0xc0, 0x0, 0x0, 0x7c, 0x0, 0x0, 0x3,
    0xe0, 0x8, 0x0, 0x3e, 0x0, 0xf0, 0x1, 0xf0,
    0x7, 0xcf, 0xff, 0xff, 0xff, 0x0, 0xf8, 0x0,
    0x0, 0x7, 0x84, 0x0, 0x0, 0x7c, 0x3e, 0x0,
    0x3, 0xc1, 0xe0, 0x0, 0x3c, 0xf, 0x0, 0x1,
    0xe0, 0x78, 0x0, 0x1e, 0x3, 0xc4, 0x0, 0xf8,
    0x1e, 0x30, 0xf, 0x80, 0xf3, 0xc0, 0xfd, 0xff,
    0xff, 0x7, 0xe0, 0x3c, 0x0, 0x6f, 0x1, 0xe0,
    0x4, 0x78, 0xf, 0x0, 0x43, 0xc0, 0x78, 0x0,
    0x1e, 0x3, 0xc0, 0x0, 0xf0, 0x1e, 0x0, 0x7,
    0x80, 0xf0, 0x0, 0x3c, 0x7, 0x82, 0x1, 0xe0,
    0x3c, 0x38, 0xf, 0x1, 0xe3, 0xe0, 0x7f, 0xff,
    0xff, 0x83, 0xc0, 0x0, 0x0, 0x1c, 0x0, 0x0,
    0x0,

    /* U+5730 "地" */
    0x0, 0x0, 0x1e, 0x0, 0x1f, 0x0, 0x3c, 0x0,
    0x3c, 0x0, 0x78, 0x0, 0x78, 0x7c, 0xf0, 0x0,
    0xf0, 0xf1, 0xe0, 0x1, 0xe1, 0xe3, 0xc0, 0x3,
    0xc3, 0xc7, 0x8c, 0x7, 0xa7, 0x8f, 0x7c, 0xf,
    0x6f, 0x1f, 0x7c, 0x1f, 0xfe, 0x3c, 0xf1, 0xff,
    0xff, 0xf9, 0xe0, 0x78, 0x78, 0xf3, 0xc0, 0xf3,
    0xf1, 0xe7, 0x81, 0xe9, 0xe3, 0xcf, 0x3, 0xc3,
    0xc7, 0x9e, 0x7, 0x87, 0x8f, 0x3c, 0xf, 0xf,
    0x1e, 0x78, 0x1e, 0x1e, 0x3f, 0xf0, 0x3c, 0x7c,
    0x7b, 0xc0, 0x7f, 0x78, 0xf7, 0x80, 0xfc, 0xf1,
    0xec, 0x87, 0xf1, 0xe3, 0xc1, 0x3f, 0x83, 0xc7,
    0x2, 0x3e, 0x7, 0x80, 0xc, 0x78, 0xf, 0x0,
    0x18, 0x60, 0x1f, 0xff, 0xfc, 0x80, 0x3f, 0xff,
    0xf8, 0x0, 0x3f, 0xff, 0xe0, 0x0, 0x3f, 0xff,
    0x0,

    /* U+574A "坊" */
    0xe, 0x0, 0x3e, 0x0, 0x3c, 0x0, 0xf0, 0x0,
    0xf0, 0x3, 0xc0, 0x3, 0xc0, 0xf, 0x8, 0xf,
    0x0, 0x3c, 0x70, 0x3c, 0x0, 0xf1, 0xe0, 0xf3,
    0xff, 0xff, 0xc3, 0xd0, 0x3c, 0x0, 0xf, 0xf0,
    0xf0, 0x1, 0xff, 0xe3, 0xc0, 0x0, 0xf0, 0xf,
    0x4, 0x3, 0xc0, 0x3c, 0x18, 0xf, 0x0, 0xff,
    0xf0, 0x3c, 0x7, 0xff, 0xe0, 0xf0, 0x1f, 0xf,
    0x83, 0xc0, 0x78, 0x3c, 0xf, 0x1, 0xe0, 0xf0,
    0x3c, 0x7, 0x83, 0xc0, 0xf1, 0x9e, 0xf, 0x3,
    0xdc, 0xf0, 0x3c, 0xf, 0xc3, 0xc0, 0xf0, 0x7e,
    0xe, 0x3, 0xcf, 0xf0, 0x78, 0x1f, 0x3f, 0x1,
    0xc0, 0x78, 0x78, 0xe, 0x1, 0xe1, 0xc0, 0x78,
    0xf, 0x82, 0x3, 0x83, 0xfe, 0x0, 0x1c, 0x3,
    0xf0, 0x0, 0xc0, 0x7, 0x80, 0xc, 0x0, 0x1c,
    0x0,

    /* U+578B "型" */
    0x0, 0x3, 0x0, 0x78, 0x0, 0xf, 0x0, 0xf9,
    0xff, 0xff, 0xf9, 0xe0, 0x79, 0xe1, 0xe3, 0xc0,
    0xf3, 0xc3, 0xc7, 0x81, 0xe7, 0x87, 0x8f, 0x3,
    0xcf, 0x6f, 0x1e, 0x7, 0x9f, 0xfe, 0x3c, 0x7f,
    0xff, 0xfc, 0x78, 0x1e, 0x78, 0x78, 0xf0, 0x3c,
    0xf0, 0xf1, 0xe0, 0x79, 0xe1, 0xe3, 0xc1, 0xe3,
    0xc3, 0xc7, 0x83, 0xc7, 0x86, 0xf, 0x7, 0xf,
    0x1, 0xfe, 0x1c, 0x1e, 0x0, 0xfc, 0x30, 0x3f,
    0xc0, 0xf8, 0xc0, 0x7f, 0x81, 0xe2, 0x0, 0x1f,
    0x0, 0x0, 0x0, 0x3e, 0xe, 0x0, 0x0, 0x7c,
    0x3e, 0x3, 0xff, 0xff, 0xfe, 0x0, 0x1, 0xf0,
    0x0, 0x0, 0x3, 0xe0, 0x0, 0x0, 0x7, 0xc0,
    0x0, 0x0, 0xf, 0x80, 0x40, 0x0, 0x1f, 0x0,
    0xc0, 0x0, 0x3e, 0x3, 0xcf, 0xff, 0xff, 0xff,
    0xc0,

    /* U+57FA "基" */
    0x1, 0xf8, 0x1f, 0x80, 0x3, 0xe0, 0x3e, 0x0,
    0x7, 0xc0, 0x7c, 0xc0, 0xf, 0x80, 0xfb, 0xc7,
    0xff, 0xff, 0xff, 0xc0, 0x3e, 0x3, 0xe0, 0x0,
    0x7c, 0x7, 0xc0, 0x0, 0xf8, 0xf, 0x80, 0x1,
    0xff, 0xff, 0x0, 0x3, 0xe0, 0x3e, 0x0, 0x7,
    0xc0, 0x7c, 0x0, 0xf, 0x80, 0xf8, 0x0, 0x1f,
    0xff, 0xf0, 0x0, 0x3e, 0x3, 0xe2, 0x0, 0x7c,
    0x7, 0xce, 0x0, 0xf8, 0xf, 0x9e, 0xff, 0xff,
    0xff, 0xff, 0xff, 0xff, 0xff, 0xf8, 0xf, 0xc0,
    0x38, 0x0, 0x3f, 0x3f, 0x3f, 0x0, 0xfc, 0x7c,
    0x3f, 0xe1, 0xe0, 0xf9, 0xbf, 0x8f, 0x1, 0xf7,
    0x9e, 0x38, 0xff, 0xff, 0x9c, 0x80, 0x7, 0xc0,
    0x8, 0x0, 0xf, 0x80, 0x0, 0x0, 0x1f, 0x3,
    0x0, 0x0, 0x3e, 0xf, 0x83, 0xff, 0xff, 0xff,
    0x87, 0xff, 0xff, 0xff, 0x0,

    /* U+5831 "報" */
    0x7, 0xc1, 0x0, 0x20, 0xf, 0x3, 0xff, 0xe0,
    0x1e, 0xe7, 0xff, 0xf7, 0xff, 0xef, 0x3, 0xc0,
    0x78, 0x1e, 0x7, 0x80, 0xf0, 0x3c, 0xf, 0x1,
    0xe6, 0x7b, 0xfe, 0x3, 0xde, 0xf0, 0xfc, 0xff,
    0xff, 0xe0, 0xf9, 0xff, 0xff, 0xc1, 0xe0, 0xc1,
    0xc7, 0x83, 0x81, 0xc3, 0xcf, 0x1, 0x81, 0xcf,
    0x1f, 0xff, 0x83, 0x9f, 0x3f, 0xff, 0x87, 0x3f,
    0x7a, 0x1e, 0x7f, 0xff, 0xf4, 0x3c, 0x7, 0x81,
    0xe4, 0x78, 0xf, 0x3, 0xc8, 0xf0, 0x1e, 0x47,
    0x9b, 0xc0, 0x3c, 0xcf, 0x37, 0x80, 0x7b, 0xde,
    0x7e, 0x1f, 0xff, 0xfc, 0x7c, 0x1, 0xe0, 0x78,
    0xf0, 0x3, 0xc0, 0xf0, 0xf8, 0x7, 0x81, 0xe3,
    0xf8, 0xf, 0x3, 0xcf, 0xfc, 0x1e, 0x7, 0x99,
    0xe0, 0x3c, 0xf, 0x63, 0x80, 0x70, 0x1d, 0x2,
    0x0,

    /* U+5834 "場" */
    0x0, 0x4, 0x0, 0x40, 0x1f, 0xf, 0xff, 0xc0,
    0x3c, 0x1f, 0xff, 0xe0, 0x78, 0x3c, 0x7, 0x80,
    0xf0, 0x78, 0xf, 0x1, 0xe0, 0xf0, 0x1e, 0x3,
    0xd1, 0xff, 0xfc, 0x7, 0xf3, 0xc0, 0x78, 0xf,
    0xf7, 0x80, 0xf0, 0xff, 0xef, 0x1, 0xe0, 0x3c,
    0x1f, 0xff, 0xc0, 0x78, 0x3c, 0x7, 0x80, 0xf0,
    0x70, 0x1, 0x81, 0xe0, 0x0, 0x7, 0x83, 0xcf,
    0xff, 0xff, 0x87, 0x81, 0xe0, 0x0, 0xf, 0x7,
    0xc0, 0x18, 0x1e, 0xcf, 0xff, 0xf8, 0x3f, 0x3f,
    0xff, 0xf8, 0xfc, 0xf7, 0xbd, 0xef, 0xf1, 0xde,
    0x7b, 0xcf, 0xc7, 0x3d, 0xe7, 0x9e, 0x18, 0xf3,
    0x8f, 0x18, 0x43, 0xcf, 0x3e, 0x21, 0xe, 0x3c,
    0x78, 0x0, 0x38, 0x71, 0xf0, 0x0, 0xc1, 0xdf,
    0xe0, 0x2, 0x6, 0x1f, 0x80, 0x0, 0x18, 0x1f,
    0x0, 0x0, 0xc0, 0x38, 0x0,

    /* U+5869 "塩" */
    0x0, 0x0, 0x0, 0x0, 0xf, 0x83, 0xc0, 0x0,
    0xf, 0x3, 0xf0, 0x0, 0xf, 0x3, 0xc0, 0x38,
    0xf, 0x3, 0xc0, 0x7c, 0xf, 0x7, 0xff, 0xfe,
    0xf, 0x7, 0x80, 0x0, 0xf, 0x4f, 0x0, 0x0,
    0xf, 0x6e, 0x0, 0xe0, 0xf, 0xef, 0x81, 0xf0,
    0x7f, 0xff, 0xff, 0xf8, 0xf, 0x17, 0x81, 0xe0,
    0xf, 0x27, 0x81, 0xe0, 0xf, 0x7, 0x81, 0xe0,
    0xf, 0x7, 0x81, 0xe0, 0xf, 0x7, 0xff, 0xe0,
    0xf, 0x7, 0x81, 0xe0, 0xf, 0x7, 0x1, 0x80,
    0xf, 0x1c, 0x0, 0x70, 0xf, 0xef, 0xff, 0xfc,
    0x1f, 0x8e, 0xee, 0x78, 0x7f, 0xe, 0xee, 0x78,
    0x7e, 0xe, 0xee, 0x78, 0x38, 0xe, 0xee, 0x78,
    0x30, 0xe, 0xee, 0x78, 0x0, 0xe, 0xee, 0x78,
    0x0, 0xe, 0xee, 0x7e, 0x0, 0xe, 0xee, 0x7e,
    0x1, 0xff, 0xff, 0xff, 0x0, 0xff, 0xff, 0xff,

    /* U+5897 "増" */
    0x0, 0x0, 0x0, 0x0, 0x1c, 0x7, 0x81, 0xe0,
    0x3e, 0x7, 0x87, 0x80, 0x78, 0x7, 0x8e, 0x0,
    0xf0, 0xf, 0x1d, 0x1, 0xe1, 0xcc, 0x37, 0x3,
    0xc3, 0xff, 0xff, 0x7, 0x87, 0x8f, 0x1f, 0xf,
    0x4f, 0x1e, 0x3c, 0x1f, 0xde, 0x3c, 0x78, 0x3f,
    0xfc, 0x78, 0xf3, 0xff, 0xff, 0xff, 0xe0, 0xf0,
    0xf1, 0xe3, 0xc1, 0xe1, 0xe3, 0xc7, 0x83, 0xc3,
    0xc7, 0x8f, 0x7, 0x87, 0xff, 0xfe, 0xf, 0xf,
    0xff, 0xfc, 0x1e, 0x1e, 0x0, 0x78, 0x3c, 0x38,
    0x1, 0x80, 0x78, 0x3f, 0xff, 0x80, 0xf3, 0x7f,
    0xff, 0x81, 0xf8, 0xf0, 0x1e, 0x1f, 0xe1, 0xe0,
    0x3c, 0x3f, 0x3, 0xff, 0xf8, 0x7c, 0x7, 0x80,
    0xf0, 0x60, 0xf, 0x1, 0xe0, 0x80, 0x1e, 0x3,
    0xc0, 0x0, 0x3c, 0x7, 0x80, 0x0, 0x7f, 0xff,
    0x0, 0x0, 0xf0, 0x1e, 0x0, 0x1, 0xc0, 0x38,
    0x0,

    /* U+58CA "壊" */
    0x0, 0x0, 0x70, 0x0, 0x3e, 0x0, 0xf8, 0x40,
    0x78, 0x1, 0xe0, 0xc0, 0xf0, 0x3, 0xc3, 0xc1,
    0xe7, 0xff, 0xff, 0xc3, 0xc0, 0xf, 0x0, 0x7,
    0x80, 0x1e, 0x0, 0xf, 0x18, 0x3c, 0x30, 0x1e,
    0x3f, 0xff, 0xf0, 0x3f, 0x7f, 0xff, 0xf3, 0xff,
    0xf7, 0x39, 0xe0, 0xf1, 0xee, 0x73, 0xc1, 0xe3,
    0xdc, 0xe7, 0x83, 0xc7, 0xb9, 0xcf, 0x7, 0x8f,
    0xff, 0xfe, 0xf, 0x1e, 0x0, 0x38, 0x1e, 0x0,
    0x78, 0x20, 0x3c, 0x0, 0xf0, 0xf0, 0x7b, 0xff,
    0xff, 0xf0, 0xf0, 0xf, 0xc0, 0x1, 0xfc, 0x3f,
    0x87, 0x3, 0xf0, 0xf9, 0x9f, 0x3f, 0xc3, 0xe1,
    0xbf, 0x7e, 0x1f, 0xc3, 0xc0, 0xf8, 0x73, 0x87,
    0x80, 0xc3, 0x7, 0x7, 0x81, 0x0, 0xf, 0xef,
    0xc0, 0x3, 0xff, 0xf, 0xe0, 0x3, 0xf8, 0xf,
    0x80, 0x7, 0xc0, 0xe, 0x0, 0x6, 0x0, 0xc,
    0x0, 0x8, 0x0, 0x0,

    /* U+58EB "士" */
    0x0, 0xf, 0xc0, 0x0, 0x0, 0x3e, 0x0, 0x0,
    0x0, 0xf8, 0x0, 0x0, 0x3, 0xe0, 0x0, 0x0,
    0xf, 0x80, 0x0, 0x0, 0x3e, 0x0, 0x0, 0x0,
    0xf8, 0x0, 0x0, 0x3, 0xe0, 0x0, 0x0, 0xf,
    0x80, 0x40, 0x0, 0x3e, 0x3, 0x80, 0x0, 0xf8,
    0x1f, 0xbf, 0xff, 0xff, 0xff, 0x0, 0xf, 0x80,
    0x0, 0x0, 0x3e, 0x0, 0x0, 0x0, 0xf8, 0x0,
    0x0, 0x3, 0xe0, 0x0, 0x0, 0xf, 0x80, 0x0,
    0x0, 0x3e, 0x0, 0x0, 0x0, 0xf8, 0x0, 0x0,
    0x3, 0xe0, 0x0, 0x0, 0xf, 0x80, 0x0, 0x0,
    0x3e, 0x0, 0x0, 0x0, 0xf8, 0x0, 0x0, 0x3,
    0xe0, 0x40, 0x0, 0xf, 0x81, 0x80, 0x0, 0x3e,
    0xf, 0x87, 0xff, 0xff, 0xff, 0x1f, 0xff, 0xff,
    0xfc,

    /* U+58F0 "声" */
    0x0, 0x7, 0x80, 0x0, 0x0, 0x1f, 0x0, 0x0,
    0x0, 0x78, 0x6, 0x0, 0x1, 0xe0, 0x3e, 0x7f,
    0xff, 0xff, 0xfc, 0x0, 0x1e, 0x0, 0x0, 0x0,
    0x78, 0x8, 0x0, 0x1, 0xe0, 0x70, 0x0, 0x7,
    0x83, 0xe0, 0x7f, 0xff, 0xff, 0xc1, 0xff, 0xff,
    0xfe, 0x0, 0x0, 0x0, 0x0, 0x8, 0x0, 0x1,
    0x0, 0x3f, 0xff, 0xff, 0x0, 0xff, 0xff, 0xfe,
    0x3, 0xc1, 0xe0, 0xf0, 0xf, 0x7, 0x83, 0xc0,
    0x3c, 0x1e, 0xf, 0x0, 0xf0, 0x78, 0x3c, 0x3,
    0xff, 0xff, 0xf0, 0xf, 0xff, 0xff, 0xc0, 0x3c,
    0x0, 0xf, 0x0, 0xf0, 0x0, 0x38, 0x3, 0x80,
    0x0, 0x0, 0xe, 0x0, 0x0, 0x0, 0x78, 0x0,
    0x0, 0x1, 0xc0, 0x0, 0x0, 0xe, 0x0, 0x0,
    0x0, 0x30, 0x0, 0x0, 0x1, 0x80, 0x0, 0x0,
    0x8, 0x0, 0x0, 0x0, 0x0,

    /* U+58F2 "売" */
    0x0, 0x3, 0xe0, 0x0, 0x0, 0x7, 0x80, 0x40,
    0x0, 0xf, 0x0, 0xc0, 0x0, 0x1e, 0x3, 0xe7,
    0xff, 0xff, 0xff, 0xe0, 0x0, 0x78, 0x0, 0x0,
    0x0, 0xf0, 0x30, 0x0, 0x1, 0xe0, 0xf0, 0xf,
    0xff, 0xff, 0xf8, 0x0, 0x0, 0x0, 0x0, 0x0,
    0x0, 0x0, 0x0, 0x20, 0x0, 0x1, 0x80, 0x7f,
    0xff, 0xff, 0x81, 0xff, 0xff, 0xff, 0x87, 0x80,
    0x0, 0x1f, 0x1f, 0x0, 0x0, 0x3c, 0x7e, 0x3f,
    0x7c, 0xe0, 0xf8, 0x7c, 0xf1, 0x80, 0xe0, 0xf9,
    0xe0, 0x0, 0x1, 0xe3, 0xc0, 0x0, 0x3, 0xc7,
    0x80, 0x0, 0xf, 0x8f, 0x0, 0x80, 0x1e, 0x1e,
    0x1, 0x0, 0x3c, 0x3c, 0x6, 0x0, 0xf0, 0x78,
    0xc, 0x3, 0xc0, 0xff, 0xfc, 0xf, 0x1, 0xff,
    0xf8, 0x78, 0x3, 0xff, 0xf3, 0x80, 0x3, 0xff,
    0xd8, 0x0, 0x0, 0x0, 0x0,

    /* U+5909 "変" */
    0x0, 0x7, 0xe0, 0x0, 0x0, 0xf, 0x80, 0x40,
    0x0, 0x1f, 0x1, 0xc0, 0x0, 0x3e, 0x3, 0xcf,
    0xff, 0xff, 0xff, 0xcf, 0xff, 0xff, 0xff, 0xc0,
    0xf, 0x1f, 0x0, 0x3, 0x9e, 0x3f, 0xc0, 0x7,
    0xfc, 0x7c, 0xf0, 0x1e, 0x78, 0xf9, 0xf0, 0x79,
    0xe1, 0xf1, 0xf1, 0xc3, 0xc3, 0xe1, 0xe6, 0xf,
    0x3f, 0xc3, 0xc0, 0x3c, 0x1f, 0x3, 0x80, 0xe6,
    0x3c, 0x0, 0x7, 0xf, 0xc0, 0x0, 0x30, 0x3e,
    0x4, 0x0, 0x0, 0xf8, 0x1c, 0x0, 0x1, 0xff,
    0xfc, 0x0, 0x7, 0xff, 0xfc, 0x0, 0x1f, 0x1,
    0xf8, 0x0, 0x79, 0x7, 0xc0, 0x1, 0xc3, 0x1f,
    0x0, 0x7, 0x3, 0xfc, 0x0, 0x10, 0x3, 0xf0,
    0x0, 0x40, 0xf, 0xff, 0x80, 0x0, 0x7f, 0xff,
    0xf8, 0x7, 0xf1, 0xff, 0xc0, 0x7f, 0x0, 0xff,
    0x8f, 0xe0, 0x0, 0x1e, 0x0,

    /* U+590F "夏" */
    0x0, 0x0, 0x0, 0x60, 0x0, 0x0, 0x1, 0xf1,
    0xff, 0xff, 0xff, 0xf0, 0x0, 0xf8, 0x0, 0x0,
    0x61, 0xe0, 0x30, 0x0, 0xff, 0xff, 0xf0, 0x1,
    0xff, 0xff, 0xf0, 0x3, 0xc0, 0x3, 0xc0, 0x7,
    0x80, 0x7, 0x80, 0xf, 0xff, 0xff, 0x0, 0x1e,
    0x0, 0x1e, 0x0, 0x3c, 0x0, 0x3c, 0x0, 0x7f,
    0xff, 0xf8, 0x0, 0xf0, 0x0, 0xf0, 0x1, 0xe0,
    0x1, 0xe0, 0x3, 0xc0, 0x3, 0xc0, 0x7, 0xff,
    0xff, 0x80, 0xf, 0xf8, 0xe, 0x0, 0x11, 0xf0,
    0x18, 0x0, 0x7, 0xff, 0xf8, 0x0, 0xf, 0xff,
    0xf8, 0x0, 0x3c, 0x3, 0xf8, 0x0, 0xf4, 0xf,
    0xc0, 0x3, 0xc6, 0x7f, 0x0, 0xe, 0xf, 0xf8,
    0x0, 0x30, 0xf, 0xf8, 0x0, 0x0, 0x7f, 0xff,
    0xf0, 0x7, 0xf3, 0xff, 0xc0, 0x7f, 0x1, 0xff,
    0xf, 0xe0, 0x0, 0x1e, 0x0,

    /* U+5915 "夕" */
    0x0, 0x18, 0x0, 0x0, 0x1, 0xe0, 0x0, 0x0,
    0x3f, 0x0, 0x0, 0x3, 0xe0, 0x0, 0x0, 0x7e,
    0x1, 0x80, 0x7, 0xff, 0xfc, 0x0, 0xff, 0xff,
    0xe0, 0xf, 0x0, 0x3f, 0x1, 0xf0, 0x7, 0xc0,
    0x1e, 0x0, 0x7c, 0x3, 0xc0, 0xf, 0xc0, 0x3c,
    0x0, 0xf8, 0x7, 0x78, 0xf, 0x80, 0xe3, 0xe1,
    0xf0, 0x1c, 0x3f, 0x1f, 0x3, 0x81, 0xf3, 0xe0,
    0x60, 0xf, 0x7e, 0x8, 0x0, 0xf7, 0xc0, 0x0,
    0x6, 0xf8, 0x0, 0x0, 0x1f, 0x0, 0x0, 0x3,
    0xe0, 0x0, 0x0, 0x7c, 0x0, 0x0, 0xf, 0x80,
    0x0, 0x1, 0xf0, 0x0, 0x0, 0x3e, 0x0, 0x0,
    0xf, 0x80, 0x0, 0x1, 0xe0, 0x0, 0x0, 0x78,
    0x0, 0x0, 0x1c, 0x0, 0x0, 0x6, 0x0, 0x0,
    0x0,

    /* U+5916 "外" */
    0x2, 0x0, 0x0, 0x0, 0x7, 0xc0, 0x1f, 0x0,
    0xf, 0xc0, 0x3c, 0x0, 0x1f, 0x0, 0x78, 0x0,
    0x3c, 0x30, 0xf0, 0x0, 0x7f, 0xf1, 0xe0, 0x1,
    0xff, 0xf3, 0xc0, 0x3, 0xc3, 0xe7, 0x80, 0x7,
    0x87, 0x8f, 0x0, 0x1e, 0xf, 0x9e, 0x0, 0x3c,
    0x3e, 0xbc, 0x0, 0x70, 0x7d, 0x78, 0x1, 0xf8,
    0xf1, 0xf0, 0x3, 0xf9, 0xe3, 0xe0, 0xe, 0x7f,
    0xc7, 0xc0, 0x18, 0xff, 0x7, 0x80, 0x61, 0xfe,
    0xf, 0xc0, 0x81, 0xfc, 0x1f, 0xe0, 0x0, 0xf0,
    0x3f, 0xf8, 0x3, 0xe0, 0x7f, 0xe0, 0x7, 0x80,
    0xff, 0x80, 0x1e, 0x1, 0xe6, 0x0, 0x3c, 0x3,
    0xc0, 0x0, 0xf0, 0x7, 0x80, 0x3, 0xc0, 0xf,
    0x0, 0xf, 0x0, 0x1e, 0x0, 0x18, 0x0, 0x3c,
    0x0, 0xe0, 0x0, 0x78, 0x3, 0x0, 0x0, 0xf0,
    0x8, 0x0, 0x1, 0xc0, 0x0,

    /* U+591A "多" */
    0x0, 0xe, 0x0, 0x0, 0x0, 0x3f, 0x80, 0x0,
    0x1, 0xf8, 0x20, 0x0, 0xf, 0xff, 0xc0, 0x0,
    0x7f, 0xff, 0xc0, 0x3, 0xe0, 0x7f, 0x0, 0x3e,
    0x3, 0xf0, 0x1, 0xff, 0x1f, 0x80, 0xe, 0x3c,
    0xfc, 0x0, 0xc0, 0x77, 0xe0, 0x0, 0x1, 0xff,
    0x0, 0x0, 0x1, 0xf8, 0x0, 0x0, 0x1f, 0xfc,
    0x0, 0x1, 0xff, 0xc1, 0x0, 0x1f, 0xfe, 0xe,
    0x1, 0xf3, 0xff, 0xfc, 0x3c, 0x1f, 0xff, 0xf9,
    0x0, 0xf8, 0xf, 0xe0, 0x7, 0xc0, 0x3e, 0x0,
    0x3f, 0x81, 0xf8, 0x3, 0xcf, 0x8f, 0xc0, 0x1c,
    0x1e, 0x7e, 0x1, 0x0, 0x7b, 0xf0, 0x0, 0x0,
    0xff, 0x80, 0x0, 0x1, 0xf8, 0x0, 0x0, 0x1f,
    0xc0, 0x0, 0x1, 0xfc, 0x0, 0x0, 0x1f, 0xc0,
    0x0, 0x1, 0xf8, 0x0, 0x0, 0x7e, 0x0, 0x0,
    0x4, 0x0, 0x0, 0x0, 0x0,

    /* U+591C "夜" */
    0x0, 0x7, 0xc0, 0x0, 0x0, 0x1e, 0x0, 0x0,
    0x0, 0x78, 0x6, 0x0, 0x1, 0xe0, 0x3e, 0x7f,
    0xff, 0xff, 0xfc, 0x0, 0x0, 0x0, 0x0, 0x1c,
    0xe, 0x0, 0x0, 0x7e, 0x7e, 0x0, 0x1, 0xf1,
    0xf0, 0x0, 0xf, 0x87, 0x83, 0x0, 0x3c, 0x1f,
    0xfe, 0x1, 0xf0, 0xff, 0xfc, 0x7, 0x83, 0xc1,
    0xf0, 0x3c, 0x1f, 0xf, 0x81, 0xfc, 0x77, 0x3e,
    0x7, 0xe3, 0xde, 0xf0, 0x3f, 0x8e, 0x3f, 0xc1,
    0x9e, 0x74, 0xff, 0x4, 0x79, 0x10, 0x78, 0x1,
    0xe8, 0x63, 0xc0, 0x7, 0x80, 0xdf, 0x0, 0x1e,
    0x3, 0xf8, 0x0, 0x78, 0x7, 0xc0, 0x1, 0xe0,
    0x1f, 0x80, 0x7, 0x80, 0xff, 0xc0, 0x1e, 0x7,
    0xff, 0xf0, 0x78, 0x3c, 0xff, 0x81, 0xe1, 0xc0,
    0xfc, 0x7, 0x9c, 0x1, 0xf0, 0x1d, 0x80, 0x0,
    0x80,

    /* U+5927 "大" */
    0x0, 0x8, 0x0, 0x0, 0x0, 0x1f, 0x80, 0x0,
    0x0, 0x3e, 0x0, 0x0, 0x0, 0x7c, 0x0, 0x0,
    0x0, 0xf8, 0x0, 0x0, 0x1, 0xf0, 0x0, 0x0,
    0x3, 0xe0, 0x0, 0x0, 0x7, 0xc0, 0x30, 0x0,
    0xf, 0x80, 0x70, 0x0, 0x1f, 0x1, 0xf3, 0xff,
    0xff, 0xff, 0xf8, 0x0, 0x7c, 0x0, 0x0, 0x0,
    0xf8, 0x0, 0x0, 0x1, 0xe8, 0x0, 0x0, 0x7,
    0xd0, 0x0, 0x0, 0xf, 0xa0, 0x0, 0x0, 0x1f,
    0x60, 0x0, 0x0, 0x3c, 0x60, 0x0, 0x0, 0xf8,
    0xc0, 0x0, 0x1, 0xf1, 0xc0, 0x0, 0x7, 0xc1,
    0xc0, 0x0, 0xf, 0x3, 0xc0, 0x0, 0x3e, 0x3,
    0xc0, 0x0, 0x78, 0x7, 0xe0, 0x1, 0xe0, 0x7,
    0xe0, 0x7, 0x80, 0xf, 0xf0, 0x1c, 0x0, 0xf,
    0xf8, 0x70, 0x0, 0xf, 0x83, 0x80, 0x0, 0xf,
    0xc, 0x0, 0x0, 0xc, 0x20, 0x0, 0x0, 0x0,
    0x0,

    /* U+5929 "天" */
    0x0, 0x0, 0x0, 0x40, 0x0, 0x0, 0x0, 0xe0,
    0x0, 0x0, 0x3, 0xe3, 0xff, 0xff, 0xff, 0xe0,
    0x0, 0xf8, 0x0, 0x0, 0x1, 0xf0, 0x0, 0x0,
    0x3, 0xe0, 0x0, 0x0, 0x7, 0xc0, 0x0, 0x0,
    0xf, 0x80, 0x0, 0x0, 0x1f, 0x0, 0x0, 0x0,
    0x3e, 0x1, 0x0, 0x0, 0x7c, 0x7, 0x0, 0x0,
    0xf8, 0x1f, 0x7, 0xff, 0xff, 0xff, 0x0, 0x3,
    0xe0, 0x0, 0x0, 0x7, 0xc0, 0x0, 0x0, 0x1f,
    0x40, 0x0, 0x0, 0x3e, 0x80, 0x0, 0x0, 0x7d,
    0x80, 0x0, 0x1, 0xf1, 0x80, 0x0, 0x3, 0xe3,
    0x80, 0x0, 0xf, 0x83, 0x80, 0x0, 0x1e, 0x7,
    0x80, 0x0, 0x78, 0x7, 0xc0, 0x1, 0xe0, 0xf,
    0xe0, 0x7, 0x80, 0xf, 0xf0, 0x1e, 0x0, 0xf,
    0xf0, 0x70, 0x0, 0xf, 0x83, 0x80, 0x0, 0xe,
    0x18, 0x0, 0x0, 0x4, 0x0,

    /* U+592A "太" */
    0x0, 0xf, 0xc0, 0x0, 0x0, 0x1f, 0x0, 0x0,
    0x0, 0x3e, 0x0, 0x0, 0x0, 0x7c, 0x0, 0x0,
    0x0, 0xf8, 0x0, 0x0, 0x1, 0xf0, 0x0, 0x0,
    0x3, 0xe0, 0x8, 0x0, 0x7, 0xc0, 0x38, 0x0,
    0xf, 0x80, 0xfd, 0xff, 0xff, 0xff, 0xfc, 0x0,
    0x3e, 0x0, 0x0, 0x0, 0x7e, 0x0, 0x0, 0x1,
    0xf4, 0x0, 0x0, 0x3, 0xe8, 0x0, 0x0, 0x7,
    0xd8, 0x0, 0x0, 0xf, 0x90, 0x0, 0x0, 0x1e,
    0x30, 0x0, 0x0, 0x7c, 0x60, 0x0, 0x0, 0xf8,
    0x60, 0x0, 0x3, 0xe0, 0xe0, 0x0, 0x7, 0x81,
    0xe0, 0x0, 0x1f, 0xe1, 0xe0, 0x0, 0x7d, 0xe3,
    0xe0, 0x0, 0xf1, 0xe3, 0xf0, 0x3, 0xc3, 0xe7,
    0xf8, 0xf, 0x7, 0xc7, 0xfc, 0x38, 0xf, 0x87,
    0xe0, 0xc0, 0xe, 0x7, 0x87, 0x0, 0x0, 0x6,
    0x10, 0x0, 0x0, 0x4, 0x0,

    /* U+592B "夫" */
    0x0, 0x8, 0x0, 0x0, 0x0, 0x1f, 0x80, 0x0,
    0x0, 0x3e, 0x0, 0x0, 0x0, 0x7c, 0x0, 0x0,
    0x0, 0xf8, 0x10, 0x0, 0x1, 0xf0, 0x38, 0x0,
    0x3, 0xe0, 0xf8, 0x1f, 0xff, 0xff, 0xf8, 0x0,
    0xf, 0x80, 0x0, 0x0, 0x1f, 0x0, 0x0, 0x0,
    0x3e, 0x0, 0x0, 0x0, 0x7c, 0x0, 0x0, 0x0,
    0xf8, 0x7, 0x0, 0x1, 0xf0, 0x1f, 0x3f, 0xff,
    0xff, 0xff, 0x0, 0xf, 0xc0, 0x0, 0x0, 0x1f,
    0x40, 0x0, 0x0, 0x3e, 0x80, 0x0, 0x0, 0x7d,
    0x80, 0x0, 0x1, 0xf1, 0x80, 0x0, 0x3, 0xe3,
    0x80, 0x0, 0xf, 0x87, 0x80, 0x0, 0x1e, 0x7,
    0xc0, 0x0, 0x78, 0x7, 0xe0, 0x1, 0xe0, 0xf,
    0xf8, 0x7, 0x80, 0xf, 0xf8, 0x1e, 0x0, 0xf,
    0xc0, 0xe0, 0x0, 0xf, 0x7, 0x0, 0x0, 0x6,
    0x10, 0x0, 0x0, 0x0, 0x0,

    /* U+5931 "失" */
    0x0, 0x7, 0xc0, 0x0, 0x7, 0xf, 0x0, 0x0,
    0xf, 0x9e, 0x0, 0x0, 0x1e, 0x3c, 0x0, 0x0,
    0x7c, 0x78, 0x0, 0x0, 0xf0, 0xf0, 0x70, 0x1,
    0xe1, 0xe1, 0xf0, 0x3, 0xff, 0xff, 0xf0, 0xf,
    0x7, 0x80, 0x0, 0x1c, 0xf, 0x0, 0x0, 0x70,
    0x1e, 0x0, 0x0, 0xc0, 0x3c, 0x0, 0x1, 0x0,
    0x78, 0x4, 0x4, 0x0, 0xf0, 0x1e, 0x0, 0x3,
    0xe0, 0x3e, 0x3f, 0xff, 0xff, 0xfe, 0x0, 0xf,
    0x80, 0x0, 0x0, 0x1f, 0x0, 0x0, 0x0, 0x3d,
    0x0, 0x0, 0x0, 0xf3, 0x0, 0x0, 0x1, 0xe7,
    0x0, 0x0, 0x7, 0x87, 0x0, 0x0, 0xe, 0xf,
    0x0, 0x0, 0x3c, 0xf, 0x80, 0x0, 0xf0, 0x1f,
    0xc0, 0x3, 0xc0, 0x1f, 0xf8, 0xe, 0x0, 0x1f,
    0xe0, 0x70, 0x0, 0x1f, 0x81, 0x80, 0x0, 0x1e,
    0xc, 0x0, 0x0, 0xc, 0x0,

    /* U+5947 "奇" */
    0x0, 0xf, 0x80, 0x0, 0x0, 0x3f, 0x4, 0x0,
    0x0, 0xf8, 0x1c, 0x0, 0x7, 0xc0, 0xf8, 0x7f,
    0xff, 0xff, 0xf0, 0x0, 0x7e, 0x0, 0x0, 0x3,
    0xdf, 0xc0, 0x0, 0x1e, 0x1f, 0x80, 0x1, 0xf0,
    0x3f, 0x0, 0x1e, 0x0, 0x3d, 0x1, 0xc0, 0x0,
    0x76, 0x8, 0x0, 0x0, 0x3e, 0xff, 0xff, 0xff,
    0xfc, 0x0, 0x0, 0x3c, 0x0, 0x0, 0x0, 0xf0,
    0x3, 0x1, 0x83, 0xc0, 0xf, 0xff, 0xf, 0x0,
    0x3f, 0xfe, 0x3c, 0x0, 0xf0, 0xf0, 0xf0, 0x3,
    0xc3, 0xc3, 0xc0, 0xf, 0xf, 0xf, 0x0, 0x3c,
    0x3c, 0x3c, 0x0, 0xf0, 0xf0, 0xf0, 0x3, 0xff,
    0xc3, 0xc0, 0xf, 0xf, 0xf, 0x0, 0x3c, 0x30,
    0x3c, 0x0, 0xc0, 0xf, 0xf0, 0x0, 0x0, 0xf,
    0xc0, 0x0, 0x0, 0x3e, 0x0, 0x0, 0x0, 0x70,
    0x0,

    /* U+5951 "契" */
    0x3, 0xe0, 0x0, 0x20, 0x7, 0x90, 0x0, 0xf0,
    0xf, 0x77, 0xff, 0xf1, 0xff, 0xf9, 0xe3, 0xc0,
    0x3c, 0x3, 0xc7, 0x80, 0x78, 0x7, 0x8f, 0x0,
    0xf2, 0xf, 0x1e, 0x1, 0xee, 0x1c, 0x3c, 0x3f,
    0xfe, 0x78, 0x78, 0x7, 0x80, 0xf0, 0xf0, 0xf,
    0x1, 0xc3, 0xe0, 0x1e, 0x77, 0x7, 0x80, 0xff,
    0x9c, 0xff, 0xf, 0xfc, 0x70, 0x7e, 0xf, 0xc1,
    0x80, 0xf8, 0xc, 0x4, 0x1, 0xe0, 0x10, 0xf,
    0xc0, 0x0, 0x0, 0x1f, 0x0, 0x40, 0x0, 0x3e,
    0x0, 0xc0, 0x0, 0x78, 0x3, 0xe7, 0xff, 0xff,
    0xff, 0xe0, 0x1, 0xe8, 0x0, 0x0, 0x7, 0x98,
    0x0, 0x0, 0xf, 0x1c, 0x0, 0x0, 0x3c, 0x3e,
    0x0, 0x0, 0xf0, 0x3f, 0xf0, 0x7, 0xc0, 0x3f,
    0xf0, 0x3e, 0x0, 0x1f, 0xc1, 0xe0, 0x0, 0xf,
    0x1c, 0x0, 0x0, 0x6, 0x0,

    /* U+5973 "女" */
    0x0, 0x1f, 0x80, 0x0, 0x0, 0x7c, 0x0, 0x0,
    0x3, 0xe0, 0x0, 0x0, 0xf, 0x80, 0x0, 0x0,
    0x3c, 0x0, 0x0, 0x1, 0xf0, 0x1, 0x80, 0x7,
    0xc0, 0x7, 0x0, 0x1e, 0x0, 0x3e, 0xff, 0xff,
    0xff, 0xfc, 0x3, 0xc0, 0x7c, 0x0, 0x1f, 0x1,
    0xf0, 0x0, 0x7c, 0x7, 0x80, 0x1, 0xe0, 0x3e,
    0x0, 0xf, 0x80, 0xf8, 0x0, 0x3c, 0x3, 0xe0,
    0x1, 0xf0, 0x1f, 0x0, 0x7, 0xc0, 0x7c, 0x0,
    0x3e, 0x1, 0xe0, 0x0, 0xff, 0xf, 0x80, 0x7,
    0xc7, 0xfc, 0x0, 0x1f, 0x7, 0xf0, 0x0, 0x0,
    0xf, 0xf0, 0x0, 0x0, 0x7f, 0xf0, 0x0, 0x3,
    0xef, 0xe0, 0x0, 0x1f, 0x1f, 0xc0, 0x1, 0xf8,
    0x1f, 0x80, 0x1f, 0x80, 0x3f, 0x1, 0xf0, 0x0,
    0x7c, 0x1e, 0x0, 0x0, 0xe3, 0x80, 0x0, 0x1,
    0x0,

    /* U+597D "好" */
    0x6, 0x0, 0x0, 0x0, 0xf, 0x0, 0x0, 0x40,
    0x3c, 0x1f, 0xff, 0xc0, 0x78, 0x3f, 0xff, 0xe0,
    0xf0, 0x0, 0xf, 0x81, 0xe0, 0x0, 0x1e, 0x3,
    0x88, 0x0, 0x70, 0x7f, 0xfc, 0x1, 0xc0, 0xff,
    0xfc, 0x13, 0x0, 0x3c, 0xf8, 0x3e, 0x0, 0x79,
    0xe0, 0x78, 0x0, 0xe3, 0xc0, 0xf0, 0x3, 0xc7,
    0x81, 0xe3, 0x87, 0x8f, 0x3, 0xc7, 0x8f, 0x3f,
    0xff, 0xff, 0x9c, 0x78, 0xf, 0x0, 0x78, 0xf0,
    0x1e, 0x0, 0xf1, 0xe0, 0x3c, 0x1, 0xe3, 0xc0,
    0x78, 0x3, 0xbf, 0x0, 0xf0, 0xf, 0x3e, 0x1,
    0xe0, 0x0, 0x7e, 0x3, 0xc0, 0x0, 0xfe, 0x7,
    0x80, 0x3, 0xfc, 0xf, 0x0, 0x7, 0x7c, 0x1e,
    0x0, 0x1c, 0x7b, 0xfc, 0x0, 0x70, 0xe1, 0xf8,
    0x1, 0x80, 0x81, 0xf0, 0x6, 0x0, 0x3, 0xc0,
    0x10, 0x0, 0x7, 0x0, 0x0,

    /* U+59B9 "妹" */
    0x0, 0x0, 0x0, 0x0, 0xf, 0x80, 0x3e, 0x0,
    0x1c, 0x0, 0x78, 0x0, 0x78, 0x0, 0xf0, 0x0,
    0xf0, 0x1, 0xe2, 0x1, 0xe0, 0x3, 0xc6, 0x3,
    0xc8, 0x7, 0x9e, 0x7f, 0xfb, 0xff, 0xfe, 0xff,
    0xfc, 0x1e, 0x0, 0x3c, 0xf0, 0x3c, 0x0, 0x79,
    0xe0, 0x78, 0x0, 0xf3, 0xc0, 0xf1, 0x81, 0xc7,
    0x81, 0xe7, 0x87, 0x8f, 0xff, 0xff, 0x8f, 0x3c,
    0x1f, 0x80, 0x1e, 0x78, 0x3f, 0x80, 0x3c, 0xf0,
    0x7f, 0x0, 0x71, 0xc1, 0xff, 0x1, 0xff, 0x83,
    0xfb, 0x3, 0xdf, 0x7, 0xf6, 0x7, 0x9f, 0x1f,
    0xee, 0x0, 0x7e, 0x7b, 0xde, 0x0, 0xfe, 0xe7,
    0x9e, 0x3, 0xbf, 0x8f, 0x3f, 0x6, 0x3e, 0x1e,
    0x3c, 0x18, 0x18, 0x3c, 0x70, 0x60, 0xe0, 0x78,
    0x41, 0x83, 0x0, 0xf0, 0x4, 0x0, 0x1, 0xe0,
    0x0, 0x0, 0x3, 0x80, 0x0,

    /* U+59BB "妻" */
    0x0, 0x7, 0xc0, 0x0, 0x0, 0xf, 0x0, 0xe0,
    0x0, 0x1e, 0x1, 0xe1, 0xff, 0xff, 0xff, 0xe0,
    0x0, 0x78, 0x0, 0x0, 0x0, 0xf0, 0x30, 0x3,
    0xff, 0xff, 0xf0, 0x7, 0xff, 0xff, 0xf0, 0x0,
    0x7, 0x83, 0xc8, 0x0, 0xf, 0x7, 0xb9, 0xff,
    0xff, 0xff, 0xf8, 0x0, 0x3c, 0x1e, 0x0, 0x0,
    0x78, 0x3c, 0x0, 0x0, 0xf0, 0x78, 0x3, 0xff,
    0xff, 0xf0, 0x7, 0xff, 0xff, 0xe0, 0x0, 0x1f,
    0x3, 0x90, 0x0, 0x7c, 0x0, 0x79, 0xff, 0xff,
    0xff, 0xf8, 0x3, 0xe0, 0xf8, 0x0, 0xf, 0x83,
    0xe0, 0x0, 0x3e, 0x7, 0xc0, 0x0, 0x78, 0x1f,
    0x0, 0x1, 0xff, 0xfe, 0x0, 0x7, 0xc3, 0xff,
    0x0, 0x1, 0x7, 0xff, 0x80, 0x0, 0x3f, 0x7f,
    0xc0, 0x3, 0xf8, 0x3f, 0x80, 0x3f, 0x80, 0x1f,
    0x8f, 0xe0, 0x0, 0xe, 0x0,

    /* U+59C9 "姉" */
    0x0, 0x0, 0x10, 0x0, 0x1f, 0x0, 0x3c, 0x0,
    0x38, 0x0, 0x78, 0x0, 0x70, 0x0, 0xf0, 0x1,
    0xe0, 0x1, 0xe3, 0x3, 0xc0, 0x3, 0xcf, 0x7,
    0x83, 0xff, 0xff, 0xf, 0x37, 0xff, 0xfe, 0xff,
    0xf0, 0x1e, 0x1, 0xff, 0xf0, 0x3c, 0x0, 0xf3,
    0xd0, 0x78, 0xc1, 0xe7, 0xbf, 0xff, 0xc3, 0xcf,
    0x7f, 0xff, 0xc7, 0x9c, 0xe3, 0xcf, 0xe, 0x39,
    0xc7, 0x9e, 0x1c, 0x73, 0x8f, 0x3c, 0x79, 0xe7,
    0x1e, 0x78, 0xf3, 0xce, 0x3c, 0xf1, 0xe7, 0x1c,
    0x79, 0xe3, 0xfe, 0x38, 0xf3, 0xcf, 0x7c, 0x71,
    0xe7, 0x9e, 0x78, 0xe3, 0xcf, 0x0, 0xf9, 0xc7,
    0x9e, 0x3, 0xfb, 0x8f, 0x3c, 0x7, 0xf7, 0x1e,
    0xf8, 0x1d, 0xee, 0x3c, 0xf0, 0x71, 0xdc, 0x79,
    0xc0, 0xc3, 0xb0, 0xf0, 0x3, 0x0, 0x1, 0xe0,
    0x8, 0x0, 0x3, 0xc0, 0x20, 0x0, 0x7, 0x0,
    0x0,

    /* U+59CB "始" */
    0x6, 0x0, 0x18, 0x0, 0x1e, 0x0, 0x7c, 0x0,
    0xf0, 0x3, 0xe0, 0x3, 0xc0, 0xf, 0x0, 0xf,
    0x0, 0x3c, 0x0, 0x3c, 0x0, 0xe0, 0x0, 0xe2,
    0x3, 0x9c, 0x3f, 0xfe, 0xc, 0x38, 0xff, 0xfc,
    0x70, 0x78, 0x79, 0xf1, 0x81, 0xe1, 0xe7, 0xff,
    0xff, 0xc7, 0x1e, 0xff, 0xcf, 0x3c, 0x7b, 0xf8,
    0x3c, 0xf1, 0xef, 0x0, 0xf3, 0xcf, 0xa0, 0x0,
    0x8e, 0x3c, 0x40, 0x18, 0x78, 0xf1, 0xc0, 0xf1,
    0xe3, 0xc7, 0xff, 0xf7, 0x8e, 0x1e, 0xf, 0x1f,
    0xf8, 0x78, 0x3c, 0xf3, 0xe1, 0xe0, 0xf0, 0xf,
    0x87, 0x83, 0xc0, 0x3f, 0x1e, 0xf, 0x1, 0xfe,
    0x78, 0x3c, 0x7, 0x79, 0xe0, 0xf0, 0x38, 0xf7,
    0x83, 0xc1, 0xc3, 0xdf, 0xff, 0xc, 0x6, 0x78,
    0x3c, 0x60, 0x1, 0xe0, 0xf2, 0x0, 0x7, 0x83,
    0x80,

    /* U+5A18 "娘" */
    0x6, 0x0, 0x1c, 0x0, 0xf, 0x0, 0x3c, 0x0,
    0x3c, 0x0, 0x78, 0x0, 0x78, 0x0, 0xf2, 0x0,
    0xf0, 0x3f, 0xff, 0x1, 0xe0, 0x7f, 0xff, 0x3,
    0xc8, 0xf0, 0x3e, 0x7f, 0xf9, 0xe0, 0x78, 0xff,
    0xfb, 0xc0, 0xf0, 0x3c, 0xf7, 0x81, 0xe0, 0x79,
    0xcf, 0xff, 0xc0, 0xf3, 0x9e, 0x7, 0x81, 0xc7,
    0x3c, 0xf, 0x7, 0x8e, 0x78, 0x1e, 0xf, 0x3c,
    0xf0, 0x3c, 0x1e, 0x79, 0xff, 0xf8, 0x38, 0xe3,
    0xd0, 0xf0, 0xf9, 0xc7, 0x90, 0x61, 0xff, 0x8f,
    0x21, 0xe3, 0xdf, 0x1e, 0x63, 0xe7, 0x9f, 0x3c,
    0x4f, 0x0, 0x3e, 0x78, 0xf8, 0x0, 0xfe, 0xf1,
    0xc0, 0x1, 0xbd, 0xe1, 0xc0, 0x7, 0x73, 0xc3,
    0xe0, 0x1c, 0x7, 0xfb, 0xf0, 0x70, 0x7f, 0xe7,
    0xf9, 0x80, 0xff, 0x7, 0xc6, 0x0, 0xf8, 0x7,
    0x10, 0x1, 0xc0, 0x6, 0x0, 0x1, 0x0, 0x0,
    0x0,

    /* U+5A5A "婚" */
    0xe, 0x0, 0x0, 0x60, 0xf, 0x0, 0x1, 0xf0,
    0x1e, 0x3, 0x8f, 0xf8, 0x1e, 0x3, 0xff, 0xec,
    0x1e, 0x3, 0xc7, 0x80, 0x1e, 0x43, 0xc7, 0x98,
    0x1e, 0xe3, 0xc7, 0x9c, 0xff, 0xfb, 0xff, 0xfe,
    0x1c, 0xfb, 0xc3, 0xc0, 0x1c, 0xf3, 0xc3, 0xc0,
    0x3c, 0xf3, 0xc3, 0xe2, 0x3c, 0xf3, 0xc3, 0xf2,
    0x3c, 0xff, 0xfd, 0xfe, 0x38, 0xff, 0xf0, 0xfe,
    0x39, 0xe7, 0xc0, 0x7f, 0x79, 0xe7, 0x0, 0x3e,
    0x79, 0xe5, 0xc0, 0x78, 0x79, 0xe1, 0xff, 0xfc,
    0x79, 0xc1, 0xe0, 0x78, 0x77, 0xc1, 0xe0, 0x78,
    0xf3, 0xc1, 0xe0, 0x78, 0xe3, 0xe1, 0xe0, 0x78,
    0x7, 0xf1, 0xff, 0xf8, 0x7, 0xf9, 0xe0, 0x78,
    0xe, 0x79, 0xe0, 0x78, 0xc, 0x71, 0xe0, 0x78,
    0x18, 0x1, 0xff, 0xf8, 0x30, 0x1, 0xe0, 0x78,
    0x60, 0x1, 0xe0, 0x78, 0x80, 0x1, 0xc0, 0x70,

    /* U+5ACC "嫌" */
    0x18, 0x8, 0x6, 0x0, 0x3c, 0xe, 0xf, 0xc0,
    0x70, 0x1e, 0x1f, 0x0, 0xe0, 0x1c, 0x3c, 0x3,
    0xc0, 0x3c, 0x73, 0x7, 0x90, 0x71, 0x8f, 0xf,
    0x2f, 0xff, 0xff, 0x7f, 0xff, 0xff, 0xfe, 0xff,
    0xe3, 0x9e, 0x0, 0x73, 0x87, 0x3c, 0x80, 0xe7,
    0x7f, 0xff, 0x81, 0xce, 0xff, 0xff, 0xc7, 0x9c,
    0x39, 0xef, 0xf, 0x38, 0x73, 0xdf, 0x1e, 0x70,
    0xe7, 0xbf, 0x38, 0xff, 0xff, 0xff, 0x73, 0xc3,
    0x9e, 0xf0, 0xe7, 0x7, 0x3d, 0xe3, 0xce, 0xe,
    0x7b, 0xc7, 0xfc, 0xff, 0xff, 0x8f, 0x78, 0x79,
    0xec, 0x1c, 0xf8, 0xf3, 0xe0, 0x1, 0xfb, 0xe7,
    0xe0, 0x7, 0xf7, 0xcf, 0xe0, 0xc, 0xff, 0x9e,
    0xf0, 0x39, 0xf7, 0x3d, 0xf8, 0x60, 0xce, 0x79,
    0xe1, 0x83, 0x1c, 0xf3, 0x86, 0x8, 0x39, 0xe3,
    0x10, 0x20, 0x73, 0xc2, 0x0, 0x0, 0xc7, 0x0,
    0x0,

    /* U+5B09 "嬉" */
    0x1e, 0x0, 0x3e, 0x0, 0x70, 0x0, 0xf0, 0x81,
    0xc0, 0x3, 0xc7, 0x8f, 0x7, 0xff, 0xff, 0x3c,
    0x0, 0x3c, 0x0, 0xf2, 0x0, 0xf1, 0x83, 0xdc,
    0x3, 0xc7, 0x3f, 0xfb, 0xff, 0xfe, 0x39, 0xf0,
    0x0, 0x0, 0xe7, 0x9c, 0x3, 0x83, 0x9e, 0x7f,
    0xff, 0x1e, 0x79, 0xe0, 0x3c, 0x79, 0xc7, 0x80,
    0xf1, 0xe7, 0x1e, 0x3, 0xc7, 0x1c, 0x7f, 0xff,
    0x1c, 0xf1, 0xe0, 0x38, 0x73, 0xc1, 0xe3, 0xc3,
    0xcf, 0x3, 0xce, 0xf, 0xb8, 0xf, 0x33, 0x3f,
    0xef, 0xff, 0xfe, 0xe7, 0xbf, 0xff, 0xfc, 0x1f,
    0x18, 0x1, 0x80, 0x7e, 0x7f, 0xff, 0x83, 0xf9,
    0xe0, 0x3c, 0xc, 0xe7, 0x80, 0xf0, 0x63, 0x9e,
    0x3, 0xc3, 0x6, 0x78, 0xf, 0x18, 0x1, 0xff,
    0xfc, 0xc0, 0x7, 0x80, 0xf0, 0x0, 0x1e, 0x3,
    0xc0,

    /* U+5B50 "子" */
    0x0, 0x0, 0x1, 0x0, 0x3f, 0xff, 0xff, 0x0,
    0xff, 0xff, 0xfe, 0x0, 0x0, 0x3, 0xf0, 0x0,
    0x0, 0x1f, 0x80, 0x0, 0x0, 0x78, 0x0, 0x0,
    0x3, 0x80, 0x0, 0x0, 0x18, 0x0, 0x0, 0x7,
    0xc0, 0x0, 0x0, 0x1e, 0x0, 0x0, 0x0, 0x78,
    0x4, 0x0, 0x1, 0xe0, 0x38, 0x0, 0x7, 0x81,
    0xf3, 0xff, 0xff, 0xff, 0xf0, 0x0, 0x78, 0x0,
    0x0, 0x1, 0xe0, 0x0, 0x0, 0x7, 0x80, 0x0,
    0x0, 0x1e, 0x0, 0x0, 0x0, 0x78, 0x0, 0x0,
    0x1, 0xe0, 0x0, 0x0, 0x7, 0x80, 0x0, 0x0,
    0x1e, 0x0, 0x0, 0x0, 0x78, 0x0, 0x0, 0x1,
    0xe0, 0x0, 0x1, 0xff, 0x80, 0x0, 0x0, 0xfe,
    0x0, 0x0, 0x1, 0xf0, 0x0, 0x0, 0x7, 0xc0,
    0x0, 0x0, 0x18, 0x0, 0x0,

    /* U+5B57 "字" */
    0x0, 0x7, 0xc0, 0x0, 0x0, 0x1e, 0x0, 0x0,
    0x80, 0x78, 0x0, 0x2, 0x1, 0xe0, 0x8, 0xf,
    0xff, 0xff, 0xf0, 0x7f, 0xff, 0xff, 0xe3, 0xc0,
    0x0, 0xf, 0xdf, 0x0, 0x0, 0x3c, 0x78, 0x0,
    0xd, 0xc1, 0xef, 0xff, 0xfc, 0x3, 0x3f, 0xff,
    0xf0, 0x0, 0x0, 0xf, 0xc0, 0x0, 0x0, 0x3c,
    0x0, 0x0, 0x1, 0xc0, 0x0, 0x0, 0x7c, 0x0,
    0x0, 0x1, 0xe0, 0x0, 0x0, 0x7, 0x80, 0x70,
    0x0, 0x1e, 0x3, 0xe7, 0xff, 0xff, 0xff, 0xc0,
    0x1, 0xe0, 0x0, 0x0, 0x7, 0x80, 0x0, 0x0,
    0x1e, 0x0, 0x0, 0x0, 0x78, 0x0, 0x0, 0x1,
    0xe0, 0x0, 0x0, 0x7, 0x80, 0x0, 0x0, 0x1e,
    0x0, 0x0, 0xf, 0xf8, 0x0, 0x0, 0xf, 0xe0,
    0x0, 0x0, 0x1f, 0x0, 0x0, 0x0, 0x78, 0x0,
    0x0, 0x0, 0x0, 0x0, 0x0,

    /* U+5B58 "存" */
    0x0, 0x20, 0x0, 0x0, 0x0, 0x78, 0x0, 0x0,
    0x0, 0xfc, 0x0, 0x0, 0x1, 0xe0, 0x2, 0x0,
    0x7, 0xc0, 0xe, 0x0, 0xf, 0x80, 0x3f, 0x1f,
    0xff, 0xff, 0xff, 0x0, 0x7c, 0x0, 0x0, 0x0,
    0xf0, 0x0, 0x0, 0x1, 0xe0, 0x1, 0x80, 0x7,
    0xbf, 0xff, 0x80, 0xe, 0x7f, 0xff, 0x80, 0x7c,
    0x0, 0x3f, 0x0, 0xf0, 0x0, 0xf8, 0x1, 0xe0,
    0x1, 0xc0, 0x3, 0xc0, 0x1e, 0x0, 0xf, 0x80,
    0x3c, 0x20, 0x3f, 0x0, 0x78, 0xe0, 0xde, 0x0,
    0xf1, 0xe1, 0x3d, 0xff, 0xff, 0xf4, 0x78, 0x3,
    0xc0, 0x0, 0xf0, 0x7, 0x80, 0x1, 0xe0, 0xf,
    0x0, 0x3, 0xc0, 0x1e, 0x0, 0x7, 0x80, 0x3c,
    0x0, 0xf, 0x0, 0x78, 0x0, 0x1e, 0x0, 0xf0,
    0x0, 0x3c, 0x1f, 0xe0, 0x0, 0x78, 0xf, 0xc0,
    0x0, 0xf0, 0xf, 0x0, 0x1, 0xc0, 0x18, 0x0,
    0x0,

    /* U+5B63 "季" */
    0x0, 0x0, 0x6, 0x0, 0x0, 0x3, 0xfc, 0x0,
    0x1, 0xff, 0xf8, 0x3, 0xff, 0xff, 0xf0, 0x10,
    0x7, 0x80, 0x0, 0x0, 0x1e, 0x1, 0x80, 0x0,
    0x78, 0xf, 0xbf, 0xff, 0xff, 0xff, 0x0, 0x7f,
    0xa0, 0x0, 0x3, 0xfe, 0xe0, 0x0, 0x1f, 0x79,
    0xf0, 0x0, 0xf9, 0xe3, 0xfc, 0x7, 0x87, 0x87,
    0xfc, 0x3c, 0x1e, 0x27, 0xc3, 0xbf, 0xff, 0xcf,
    0x30, 0xff, 0xff, 0x80, 0x0, 0x0, 0x7f, 0x0,
    0x0, 0x3, 0xe0, 0x0, 0x0, 0x7c, 0x4, 0x0,
    0x1, 0xe0, 0x18, 0x0, 0x7, 0x80, 0xf3, 0xff,
    0xff, 0xff, 0xe0, 0x0, 0x78, 0x0, 0x0, 0x1,
    0xe0, 0x0, 0x0, 0x7, 0x80, 0x0, 0x0, 0x1e,
    0x0, 0x0, 0x7, 0xf8, 0x0, 0x0, 0x7, 0xe0,
    0x0, 0x0, 0xf, 0x0, 0x0, 0x0, 0x38, 0x0,
    0x0,

    /* U+5B66 "学" */
    0x4, 0x6, 0x6, 0x0, 0x1e, 0x1c, 0x1f, 0x0,
    0x3c, 0x78, 0xf8, 0x0, 0xf9, 0xf3, 0xc0, 0x11,
    0xe3, 0xde, 0x0, 0x47, 0x8e, 0x70, 0x81, 0xff,
    0xff, 0xff, 0x7, 0xff, 0xff, 0xfe, 0x38, 0x0,
    0x0, 0xfd, 0xe0, 0x0, 0x3, 0xcf, 0x80, 0x0,
    0xdc, 0x3c, 0xff, 0xff, 0xc0, 0xe3, 0xff, 0xff,
    0x0, 0x0, 0x0, 0xfe, 0x0, 0x0, 0x7, 0xc0,
    0x0, 0x0, 0x3c, 0x0, 0x0, 0x7, 0xc0, 0x0,
    0x0, 0x1e, 0x1, 0xc0, 0x0, 0x78, 0xf, 0xbf,
    0xff, 0xff, 0xff, 0x0, 0x7, 0x80, 0x0, 0x0,
    0x1e, 0x0, 0x0, 0x0, 0x78, 0x0, 0x0, 0x1,
    0xe0, 0x0, 0x0, 0x7, 0x80, 0x0, 0x0, 0x1e,
    0x0, 0x0, 0xf, 0xf8, 0x0, 0x0, 0xf, 0xe0,
    0x0, 0x0, 0x1f, 0x0, 0x0, 0x0, 0x78, 0x0,
    0x0,

    /* U+5B6B "孫" */
    0x0, 0x30, 0x0, 0xe0, 0xff, 0xf0, 0xf, 0xe1,
    0xff, 0xf0, 0x7f, 0xe0, 0x3, 0xcf, 0xfe, 0x40,
    0xf, 0x23, 0xc0, 0x0, 0x1c, 0x7, 0xc0, 0x0,
    0x30, 0x1e, 0x40, 0x0, 0xc3, 0x38, 0xf0, 0x7,
    0xc3, 0xc3, 0xf0, 0xf, 0x7, 0xcf, 0x80, 0x1e,
    0x7, 0x9e, 0x0, 0x3c, 0x4f, 0x76, 0x0, 0x7f,
    0xd, 0xc7, 0x3, 0xf8, 0x7, 0xf, 0x1f, 0xe7,
    0xff, 0xff, 0x3f, 0xc7, 0xff, 0x8f, 0x7f, 0x8f,
    0xfe, 0x1e, 0x4f, 0x1e, 0x3c, 0x3c, 0x1e, 0x20,
    0x78, 0x30, 0x3c, 0x18, 0xf6, 0x0, 0x78, 0x3f,
    0xe7, 0x0, 0xf0, 0x7b, 0xcf, 0x1, 0xe1, 0xe7,
    0x8f, 0x3, 0xc3, 0x8f, 0x1f, 0x7f, 0x8f, 0x1e,
    0x1e, 0x3f, 0x18, 0x3c, 0x3c, 0x3e, 0x60, 0x78,
    0x70, 0x78, 0x0, 0xf0, 0x0, 0xc0, 0x1, 0xc0,
    0x0,

    /* U+5B85 "宅" */
    0x0, 0xf, 0xc0, 0x0, 0x0, 0x7c, 0x0, 0x0,
    0x3, 0xe0, 0x0, 0x10, 0x1f, 0x0, 0x40, 0xff,
    0xff, 0xff, 0xf, 0xff, 0xff, 0xfc, 0xe0, 0x0,
    0x3, 0xef, 0x0, 0x3, 0x1c, 0xf8, 0x0, 0x7d,
    0xc7, 0x80, 0xf, 0xf8, 0x1c, 0x3, 0xfe, 0x80,
    0x0, 0xff, 0x80, 0x0, 0x3f, 0xe0, 0x0, 0xe,
    0xf, 0x0, 0x20, 0x0, 0x78, 0x3, 0x80, 0x3,
    0xc0, 0x3f, 0x0, 0x1e, 0x1f, 0xc0, 0x0, 0xff,
    0x0, 0x3, 0xff, 0x80, 0x1, 0xe0, 0x3c, 0x0,
    0x0, 0x1, 0xe0, 0x0, 0x0, 0xf, 0x0, 0x10,
    0x0, 0x78, 0x0, 0x80, 0x3, 0xc0, 0xc, 0x0,
    0x1e, 0x0, 0x60, 0x0, 0xff, 0xff, 0x80, 0x7,
    0xff, 0xfe, 0x0, 0x3f, 0xff, 0xe0, 0x0, 0x7f,
    0xfc, 0x0,

    /* U+5B87 "宇" */
    0x0, 0x7, 0xc0, 0x0, 0x0, 0x1e, 0x0, 0x0,
    0x0, 0x78, 0x0, 0x2, 0x1, 0xe0, 0x18, 0x1f,
    0xff, 0xff, 0xf0, 0xff, 0xff, 0xff, 0xe7, 0x80,
    0x0, 0xf, 0xbe, 0x0, 0x0, 0x38, 0xf8, 0x0,
    0x6, 0x83, 0xc0, 0x0, 0x3e, 0x0, 0x7f, 0xff,
    0xfc, 0x0, 0x1, 0xe0, 0x0, 0x0, 0x7, 0x80,
    0x0, 0x0, 0x1e, 0x0, 0x0, 0x0, 0x78, 0x6,
    0x0, 0x1, 0xe0, 0x3e, 0xff, 0xff, 0xff, 0xfc,
    0x0, 0x1e, 0x0, 0x0, 0x0, 0x78, 0x0, 0x0,
    0x1, 0xe0, 0x0, 0x0, 0x7, 0x80, 0x0, 0x0,
    0x1e, 0x0, 0x0, 0x0, 0x78, 0x0, 0x0, 0x1,
    0xe0, 0x0, 0x0, 0x7, 0x80, 0x0, 0x3, 0xfe,
    0x0, 0x0, 0x1, 0xf8, 0x0, 0x0, 0x7, 0xc0,
    0x0, 0x0, 0xe, 0x0, 0x0, 0x0, 0x0, 0x0,
    0x0,

    /* U+5B88 "守" */
    0x0, 0x7, 0xc0, 0x0, 0x0, 0x1e, 0x0, 0x0,
    0x0, 0x78, 0x0, 0x4, 0x1, 0xe0, 0x8, 0xf,
    0xff, 0xff, 0xf0, 0x7f, 0xff, 0xff, 0xe3, 0x80,
    0x0, 0xf, 0xde, 0x0, 0x1c, 0x3c, 0xf8, 0x0,
    0x7c, 0xc3, 0xe0, 0x1, 0xe6, 0x7, 0x0, 0x7,
    0x80, 0x0, 0x0, 0x1e, 0x18, 0x0, 0x0, 0x78,
    0xfb, 0xff, 0xff, 0xff, 0xf0, 0x0, 0x7, 0x80,
    0x1, 0x0, 0x1e, 0x0, 0x7, 0x0, 0x78, 0x0,
    0xf, 0x1, 0xe0, 0x0, 0x3e, 0x7, 0x80, 0x0,
    0x78, 0x1e, 0x0, 0x1, 0xf0, 0x78, 0x0, 0x7,
    0xc1, 0xe0, 0x0, 0x1e, 0x7, 0x80, 0x0, 0x10,
    0x1e, 0x0, 0x0, 0x0, 0x78, 0x0, 0x0, 0x71,
    0xe0, 0x0, 0x0, 0x3f, 0x80, 0x0, 0x0, 0x7e,
    0x0, 0x0, 0x1, 0xf0, 0x0, 0x0, 0x3, 0x80,
    0x0,

    /* U+5B89 "安" */
    0x0, 0x7, 0xc0, 0x0, 0x0, 0x1e, 0x0, 0x0,
    0x0, 0x78, 0x0, 0x2, 0x1, 0xe0, 0x8, 0x1f,
    0xff, 0xff, 0xf0, 0x7f, 0xff, 0xff, 0xe3, 0x80,
    0x0, 0xf, 0x9e, 0x7, 0xc0, 0x3c, 0xf8, 0x3e,
    0x1, 0xc3, 0xc0, 0xf8, 0x6, 0x7, 0x3, 0xc0,
    0x0, 0x0, 0x1f, 0x0, 0x1c, 0x0, 0x7c, 0x0,
    0xfb, 0xff, 0xff, 0xff, 0xf0, 0xf, 0x83, 0xe0,
    0x0, 0x3c, 0xf, 0x80, 0x1, 0xf0, 0x3e, 0x0,
    0x7, 0xc0, 0xf0, 0x0, 0x3e, 0x7, 0xc0, 0x0,
    0xf8, 0x1e, 0x0, 0x3, 0xc0, 0xf8, 0x0, 0x1f,
    0xff, 0xc0, 0x0, 0x78, 0x7f, 0x80, 0x1, 0xe0,
    0xff, 0xc0, 0x0, 0x7, 0xff, 0x80, 0x0, 0x7e,
    0x7f, 0x80, 0x3, 0xe0, 0xfe, 0x0, 0x7e, 0x0,
    0xfc, 0x7, 0xc0, 0x1, 0xf3, 0xf0, 0x0, 0x3,
    0x80,

    /* U+5B8C "完" */
    0x0, 0x7, 0x80, 0x0, 0x0, 0x1f, 0x0, 0x0,
    0x0, 0x78, 0x0, 0x2, 0x1, 0xe0, 0x8, 0xc,
    0x7, 0x80, 0x30, 0x3f, 0xff, 0xff, 0xe1, 0xff,
    0xff, 0xff, 0xc7, 0x0, 0x0, 0x3f, 0x7c, 0x0,
    0x0, 0xf3, 0xf0, 0x0, 0x33, 0xf, 0x80, 0x1,
    0xf0, 0x1c, 0xff, 0xff, 0xc0, 0x0, 0x0, 0x0,
    0x0, 0x0, 0x0, 0x0, 0x0, 0x0, 0x0, 0x6,
    0x0, 0x0, 0x0, 0x3e, 0x7f, 0xff, 0xff, 0xfc,
    0x3, 0xe3, 0xc0, 0x0, 0xf, 0x8f, 0x0, 0x0,
    0x3e, 0x3c, 0x0, 0x0, 0xf8, 0xf0, 0x0, 0x3,
    0xc3, 0xc0, 0x0, 0xf, 0xf, 0x0, 0x80, 0x7c,
    0x3c, 0x2, 0x1, 0xe0, 0xf0, 0x18, 0xf, 0x3,
    0xc0, 0x60, 0x7c, 0xf, 0xff, 0xc3, 0xc0, 0x3f,
    0xff, 0x1e, 0x0, 0xff, 0xfc, 0xc0, 0x1, 0xff,
    0xcc, 0x0, 0x0, 0x0, 0x0,

    /* U+5B99 "宙" */
    0x0, 0x7, 0xc0, 0x0, 0x0, 0x1e, 0x0, 0x0,
    0x0, 0x78, 0x0, 0x4, 0x1, 0xe0, 0x8, 0xf,
    0xff, 0xff, 0xf0, 0x7f, 0xff, 0xff, 0xe3, 0x80,
    0x0, 0xf, 0x9e, 0x1, 0xe0, 0x3c, 0xf8, 0x7,
    0xc0, 0xe3, 0xc0, 0x1e, 0x6, 0x7, 0x0, 0x78,
    0x0, 0x3, 0x1, 0xe0, 0x40, 0xf, 0xff, 0xff,
    0x80, 0x3f, 0xff, 0xff, 0x80, 0xf0, 0x78, 0x3c,
    0x3, 0xc1, 0xe0, 0xf0, 0xf, 0x7, 0x83, 0xc0,
    0x3c, 0x1e, 0xf, 0x0, 0xf0, 0x78, 0x3c, 0x3,
    0xff, 0xff, 0xf0, 0xf, 0x7, 0x83, 0xc0, 0x3c,
    0x1e, 0xf, 0x0, 0xf0, 0x78, 0x3c, 0x3, 0xc1,
    0xe0, 0xf0, 0xf, 0x7, 0x83, 0xc0, 0x3c, 0x1e,
    0xf, 0x0, 0xff, 0xff, 0xfc, 0x3, 0xc0, 0x0,
    0xf0, 0xf, 0x0, 0x3, 0xc0, 0x38, 0x0, 0xe,
    0x0,

    /* U+5B9A "定" */
    0x0, 0x7, 0xc0, 0x0, 0x0, 0x1e, 0x0, 0x0,
    0x0, 0x78, 0x0, 0x2, 0x1, 0xe0, 0x8, 0x1f,
    0xff, 0xff, 0xf0, 0x7f, 0xff, 0xff, 0xe7, 0x80,
    0x0, 0xf, 0xfe, 0x0, 0x0, 0x38, 0xf8, 0x0,
    0x3, 0xc3, 0xc0, 0x0, 0x1e, 0x0, 0xff, 0xff,
    0xfc, 0x0, 0x1, 0xe0, 0x0, 0x0, 0x7, 0x80,
    0x0, 0x0, 0x1e, 0x0, 0x0, 0x60, 0x78, 0x0,
    0x1, 0xf9, 0xe0, 0xc0, 0x7, 0x87, 0x87, 0xc0,
    0x1e, 0x1f, 0xff, 0x80, 0x78, 0x78, 0x0, 0x3,
    0xe1, 0xe0, 0x0, 0xf, 0x7, 0x80, 0x0, 0x3e,
    0x1e, 0x0, 0x0, 0xec, 0x78, 0x0, 0x7, 0xb9,
    0xe0, 0x0, 0x1c, 0x7f, 0x80, 0x0, 0xe0, 0xff,
    0xff, 0xf3, 0x1, 0xff, 0xff, 0x18, 0x3, 0xff,
    0xfc, 0xc0, 0x1, 0xff, 0xf0, 0x0, 0x0, 0x0,
    0x0,

    /* U+5B9F "実" */
    0x0, 0xf, 0x80, 0x0, 0x0, 0x78, 0x0, 0x2,
    0x3, 0xc0, 0x10, 0x3f, 0xff, 0xff, 0xe3, 0xff,
    0xff, 0xff, 0xbc, 0x0, 0x0, 0x7f, 0xe0, 0x3e,
    0x7, 0x1e, 0x1, 0xe0, 0x60, 0x60, 0xf, 0x7,
    0x0, 0x7f, 0xff, 0xfe, 0x0, 0x3, 0xc0, 0x0,
    0x0, 0x1e, 0x0, 0x0, 0x0, 0xf0, 0x70, 0x0,
    0x7, 0x83, 0xc0, 0x3f, 0xff, 0xff, 0x0, 0x1,
    0xe0, 0x0, 0x0, 0xf, 0x0, 0xc0, 0x0, 0x78,
    0xf, 0x3f, 0xff, 0xff, 0xfc, 0x0, 0x3d, 0x0,
    0x0, 0x1, 0xec, 0x0, 0x0, 0x1e, 0x30, 0x0,
    0x1, 0xe1, 0xe0, 0x0, 0xe, 0x7, 0xe0, 0x1,
    0xe0, 0x1f, 0xf8, 0x1e, 0x0, 0x7f, 0x83, 0xc0,
    0x1, 0xf8, 0x70, 0x0, 0x3, 0x8c, 0x0, 0x0,
    0x4, 0x0,

    /* U+5BA2 "客" */
    0x0, 0x7, 0xc0, 0x0, 0x0, 0x1e, 0x0, 0x0,
    0x80, 0x78, 0x6, 0x3, 0xff, 0xff, 0xfc, 0x1f,
    0xff, 0xff, 0xf8, 0xe0, 0x80, 0x3, 0xf7, 0x83,
    0xf0, 0xf, 0x3e, 0x1f, 0x6, 0x70, 0xf0, 0xff,
    0xfd, 0x81, 0xc3, 0xff, 0xf8, 0x0, 0x1f, 0x7,
    0xe0, 0x0, 0xf8, 0x1e, 0x0, 0x3, 0xf0, 0xf8,
    0x0, 0x1c, 0x67, 0xc0, 0x0, 0xe0, 0xfe, 0x0,
    0x6, 0x1, 0xf0, 0x0, 0x20, 0x1f, 0xf0, 0x0,
    0x0, 0xff, 0xf8, 0x0, 0x7, 0x8f, 0xff, 0xc0,
    0x78, 0xf, 0xfe, 0x7, 0xff, 0xff, 0xe0, 0x7f,
    0xff, 0xff, 0x8c, 0x3c, 0x1, 0xe2, 0x0, 0xf0,
    0x7, 0x80, 0x3, 0xc0, 0x1e, 0x0, 0xf, 0x0,
    0x78, 0x0, 0x3c, 0x1, 0xe0, 0x0, 0xff, 0xff,
    0x80, 0x3, 0xc0, 0x1e, 0x0, 0xe, 0x0, 0x70,
    0x0,

    /* U+5BA4 "室" */
    0x0, 0x7, 0xc0, 0x0, 0x0, 0x1e, 0x0, 0x0,
    0x80, 0x78, 0x2, 0x3, 0xff, 0xff, 0xfc, 0x1f,
    0xff, 0xff, 0xf8, 0xe0, 0x0, 0x3, 0xf7, 0x80,
    0x0, 0x6e, 0x3e, 0x0, 0x3, 0xe0, 0x77, 0xff,
    0xff, 0xc0, 0x0, 0xf8, 0x0, 0x0, 0x3, 0xc3,
    0x80, 0x0, 0x1c, 0x7, 0xc0, 0x0, 0x60, 0xf,
    0x80, 0x7f, 0xff, 0xff, 0x1, 0xff, 0xfc, 0x3e,
    0x7, 0xfe, 0x0, 0x78, 0xf, 0x87, 0xc1, 0xe0,
    0x20, 0x1e, 0x1, 0x0, 0x0, 0x78, 0x10, 0x0,
    0x1, 0xe0, 0xe0, 0x0, 0x7, 0x83, 0xc0, 0x7f,
    0xff, 0xff, 0x80, 0x0, 0x78, 0x0, 0x0, 0x1,
    0xe0, 0x0, 0x0, 0x7, 0x80, 0x0, 0x0, 0x1e,
    0x1, 0x80, 0x0, 0x78, 0xf, 0x3f, 0xff, 0xff,
    0xfe,

    /* U+5BB3 "害" */
    0x0, 0x7, 0xc0, 0x0, 0x0, 0x1e, 0x0, 0x0,
    0x80, 0x78, 0x2, 0x3, 0xff, 0xff, 0xfc, 0x1f,
    0xff, 0xff, 0xf8, 0xe0, 0x0, 0x3, 0xf7, 0x80,
    0x7c, 0xf, 0x3e, 0x1, 0xe0, 0xb0, 0xf0, 0x7,
    0x87, 0x81, 0xff, 0xff, 0xff, 0x0, 0x0, 0x78,
    0x0, 0x0, 0x1, 0xe0, 0xe0, 0xf, 0xff, 0xff,
    0xc0, 0x0, 0x1e, 0x0, 0x0, 0x0, 0x78, 0x6,
    0x0, 0x1, 0xe0, 0x3c, 0xff, 0xff, 0xff, 0xf8,
    0x0, 0x0, 0x0, 0x0, 0x0, 0x0, 0x0, 0x1,
    0x80, 0x0, 0xc0, 0x7, 0xff, 0xff, 0x80, 0x1f,
    0xff, 0xff, 0x0, 0x78, 0x0, 0x78, 0x1, 0xe0,
    0x1, 0xe0, 0x7, 0x80, 0x7, 0x80, 0x1e, 0x0,
    0x1e, 0x0, 0x7f, 0xff, 0xf8, 0x1, 0xe0, 0x1,
    0xe0, 0x7, 0x80, 0x7, 0x80, 0x1c, 0x0, 0x1c,
    0x0,

    /* U+5BB6 "家" */
    0x0, 0x7, 0xc0, 0x0, 0x0, 0x1e, 0x0, 0x0,
    0x80, 0x78, 0x2, 0x3, 0xff, 0xff, 0xfc, 0x1f,
    0xff, 0xff, 0xf8, 0xe0, 0x0, 0x3, 0xef, 0x80,
    0x0, 0x6e, 0x3e, 0x0, 0x3, 0xe0, 0xf7, 0xff,
    0xff, 0xc0, 0x0, 0xfe, 0x0, 0x0, 0x7, 0xe4,
    0xc, 0x0, 0x3e, 0x10, 0x78, 0x3, 0xec, 0x61,
    0xf8, 0x1c, 0x78, 0x8f, 0x81, 0xc3, 0xf3, 0x78,
    0x18, 0x1f, 0xef, 0x80, 0x0, 0xfb, 0x98, 0x0,
    0xf, 0x9f, 0x70, 0x0, 0x78, 0xfd, 0xe0, 0x7,
    0x7, 0xf3, 0xc0, 0x60, 0x3f, 0xcf, 0xc0, 0x3,
    0xf7, 0x9f, 0x80, 0x1f, 0x3e, 0x3f, 0x81, 0xf0,
    0xf8, 0x7f, 0x1e, 0x3, 0xe0, 0xf1, 0xc1, 0xff,
    0x1, 0x88, 0x0, 0xfc, 0x0, 0x0, 0x3, 0xe0,
    0x0, 0x0, 0xf, 0x0, 0x0,

    /* U+5BBF "宿" */
    0x0, 0x7, 0xc0, 0x0, 0x0, 0x1e, 0x0, 0x0,
    0x80, 0x78, 0x0, 0x2, 0x1, 0xe0, 0x8, 0x1f,
    0xff, 0xff, 0xf0, 0xff, 0xff, 0xff, 0xe7, 0x90,
    0x0, 0xf, 0xfe, 0x78, 0x0, 0x78, 0xfb, 0xf0,
    0x0, 0x70, 0x8f, 0x7f, 0xff, 0xf0, 0x7c, 0x7,
    0x80, 0x1, 0xe0, 0x1c, 0x0, 0xf, 0xc, 0x70,
    0xc0, 0x3e, 0x3f, 0xff, 0x81, 0xf0, 0xff, 0xff,
    0x7, 0xc3, 0xc0, 0x7c, 0x3f, 0xf, 0x1, 0xe1,
    0xbc, 0x3c, 0x7, 0x8c, 0xf0, 0xf0, 0x1e, 0x3,
    0xc3, 0xc0, 0x78, 0xf, 0xf, 0xff, 0xe0, 0x3c,
    0x3c, 0x7, 0x80, 0xf0, 0xf0, 0x1e, 0x3, 0xc3,
    0xc0, 0x78, 0xf, 0xf, 0x1, 0xe0, 0x3c, 0x3c,
    0x7, 0x80, 0xf0, 0xff, 0xfe, 0x3, 0xc3, 0xc0,
    0x78, 0xf, 0xf, 0x1, 0xe0, 0x38, 0x38, 0x7,
    0x0,

    /* U+5BC4 "寄" */
    0x0, 0x0, 0x0, 0x0, 0x0, 0x1f, 0x0, 0x0,
    0x0, 0x78, 0x2, 0x3, 0xff, 0xff, 0xfc, 0x1f,
    0xff, 0xff, 0xf8, 0xe0, 0x10, 0x3, 0xe7, 0x80,
    0x78, 0x6e, 0x3e, 0x3, 0xc3, 0xc0, 0x7f, 0xff,
    0xff, 0xc0, 0x0, 0x3c, 0x0, 0x0, 0x1, 0xff,
    0xc0, 0x0, 0x7, 0x9f, 0xc0, 0x0, 0x78, 0x3f,
    0x80, 0x7, 0x80, 0x3f, 0x80, 0xe0, 0x0, 0xff,
    0xbf, 0xff, 0xff, 0xff, 0x0, 0x0, 0xf, 0x0,
    0x30, 0x8, 0x3c, 0x0, 0xff, 0xf8, 0xf0, 0x3,
    0xff, 0xf3, 0xc0, 0xf, 0x7, 0x8f, 0x0, 0x3c,
    0x1e, 0x3c, 0x0, 0xf0, 0x78, 0xf0, 0x3, 0xff,
    0xe3, 0xc0, 0xf, 0x7, 0x8f, 0x0, 0x3c, 0x18,
    0x3c, 0x0, 0x0, 0xf, 0xf0, 0x0, 0x0, 0xf,
    0xc0, 0x0, 0x0, 0x1e, 0x0, 0x0, 0x0, 0x70,
    0x0,

    /* U+5BC6 "密" */
    0x0, 0x7, 0xc0, 0x0, 0x0, 0x1e, 0x0, 0x0,
    0x80, 0x78, 0x2, 0x7, 0xff, 0xff, 0xfc, 0x1f,
    0xff, 0xff, 0xf8, 0xe0, 0x0, 0x3, 0xf7, 0x81,
    0xf0, 0x8f, 0x3e, 0x1, 0xe7, 0x30, 0xf0, 0xff,
    0xbf, 0x1, 0x93, 0xcf, 0xf0, 0x0, 0x6f, 0xf,
    0x98, 0x3, 0xbc, 0x7c, 0x38, 0x3e, 0xf3, 0xe0,
    0xf1, 0xf3, 0xfe, 0x11, 0xe7, 0xcf, 0xf0, 0x47,
    0x8c, 0x3f, 0xff, 0xde, 0x1, 0xff, 0xff, 0x30,
    0x1f, 0xff, 0xf0, 0x1, 0xe0, 0x0, 0x0, 0x38,
    0x1, 0xf0, 0x0, 0xf, 0x87, 0x83, 0xf0, 0x38,
    0x1e, 0xf, 0x0, 0xe0, 0x78, 0x3c, 0x3, 0x81,
    0xe0, 0xf0, 0xe, 0x7, 0x83, 0xc0, 0x38, 0x1e,
    0xf, 0x0, 0xff, 0xff, 0xfc, 0x3, 0x80, 0x0,
    0xf0, 0xe, 0x0, 0x3, 0xc0, 0x38, 0x0, 0xe,
    0x0,

    /* U+5BCC "富" */
    0x0, 0x4, 0x0, 0x0, 0x0, 0x1f, 0x0, 0x0,
    0x80, 0x78, 0x6, 0x7, 0xff, 0xff, 0xfc, 0x1f,
    0xff, 0xff, 0xf9, 0xe0, 0x0, 0x3, 0xef, 0x80,
    0x0, 0xee, 0x3c, 0xff, 0xff, 0xe0, 0x70, 0x0,
    0x0, 0x0, 0xe, 0x0, 0x10, 0x0, 0x3f, 0xff,
    0xe0, 0x0, 0xff, 0xff, 0xc0, 0x3, 0xe0, 0xe,
    0x0, 0xf, 0x80, 0x38, 0x0, 0x3e, 0x0, 0xe0,
    0x0, 0xff, 0xff, 0x80, 0x3, 0xe0, 0xe, 0x0,
    0x30, 0x0, 0x4, 0x0, 0xff, 0xff, 0xfc, 0x3,
    0xff, 0xff, 0xf8, 0xf, 0x7, 0x83, 0xc0, 0x3c,
    0x1e, 0xf, 0x0, 0xff, 0xff, 0xfc, 0x3, 0xc1,
    0xe0, 0xf0, 0xf, 0x7, 0x83, 0xc0, 0x3c, 0x1e,
    0xf, 0x0, 0xf0, 0x78, 0x3c, 0x3, 0xff, 0xff,
    0xf0, 0xf, 0x0, 0x3, 0xc0, 0x38, 0x0, 0xe,
    0x0,

    /* U+5BD2 "寒" */
    0x0, 0x7, 0xe0, 0x0, 0x0, 0xf, 0x80, 0x0,
    0x0, 0x1f, 0x0, 0x40, 0x3f, 0xff, 0xff, 0xc0,
    0xff, 0xff, 0xff, 0xc3, 0x80, 0x0, 0x7, 0xcf,
    0x1f, 0xf, 0x9e, 0x3e, 0x3c, 0x1e, 0x70, 0x78,
    0x78, 0x3d, 0xe0, 0x6f, 0xff, 0xff, 0xe0, 0x1,
    0xe0, 0xf2, 0x0, 0x3, 0xc1, 0xef, 0x0, 0x7f,
    0xff, 0xff, 0x0, 0xf, 0x7, 0x80, 0x0, 0x1e,
    0xf, 0xe, 0x0, 0x3c, 0x1e, 0x3e, 0x7f, 0xff,
    0xff, 0xfe, 0x1, 0xf0, 0x20, 0x0, 0x7, 0xe0,
    0x20, 0x0, 0xf, 0xc0, 0x30, 0x0, 0x3e, 0x7c,
    0x78, 0x0, 0xf0, 0x7c, 0x7f, 0x3, 0xc0, 0x78,
    0x7f, 0x8f, 0x0, 0x70, 0x7e, 0x38, 0x20, 0x0,
    0x78, 0xc0, 0x3f, 0xc0, 0x20, 0x0, 0x1f, 0xe0,
    0x0, 0x0, 0xf, 0xe0, 0x0, 0x0, 0xf, 0xc0,
    0x0, 0x0, 0xf, 0x0, 0x0,

    /* U+5BDD "寝" */
    0x0, 0x7, 0xc0, 0x0, 0x0, 0xf, 0x0, 0x0,
    0x20, 0x1e, 0x0, 0x80, 0xff, 0xff, 0xff, 0x83,
    0xff, 0xff, 0xff, 0x8f, 0x0, 0x0, 0x1f, 0x3e,
    0xf8, 0x0, 0xf8, 0x79, 0xe7, 0xff, 0xe0, 0x73,
    0xc0, 0x3, 0xc0, 0x7, 0x80, 0x7, 0x80, 0x8f,
    0x1f, 0xff, 0x1, 0x9e, 0x0, 0x1e, 0x3, 0xbc,
    0x0, 0x3c, 0x7, 0xf9, 0xff, 0xf8, 0xf, 0xf2,
    0x0, 0xe0, 0x1f, 0xe4, 0x0, 0x18, 0x3, 0xdf,
    0xff, 0xf8, 0x7, 0xff, 0xff, 0xf8, 0xf, 0xe0,
    0x9, 0xe0, 0x7f, 0xff, 0xfc, 0x3, 0xff, 0xff,
    0xfc, 0x1f, 0x78, 0x21, 0xf0, 0x3c, 0xf0, 0x63,
    0xe0, 0x39, 0xe0, 0x6f, 0x80, 0x63, 0xc0, 0xfe,
    0x0, 0x47, 0x80, 0xfe, 0x0, 0xf, 0x3, 0xff,
    0xf0, 0x1e, 0xf, 0x7f, 0x80, 0x3c, 0x70, 0x3f,
    0x0, 0x77, 0x0, 0xc, 0x0,

    /* U+5BFA "寺" */
    0x0, 0x7, 0x80, 0x0, 0x0, 0x1f, 0x0, 0x0,
    0x0, 0x78, 0x10, 0x0, 0x1, 0xe0, 0xe0, 0x0,
    0x7, 0x87, 0xc0, 0x7f, 0xff, 0xff, 0x80, 0x0,
    0x78, 0x0, 0x0, 0x1, 0xe0, 0x0, 0x0, 0x7,
    0x80, 0x60, 0x0, 0x1e, 0x3, 0xcf, 0xff, 0xff,
    0xff, 0xbf, 0xff, 0xff, 0xff, 0x0, 0x0, 0x3c,
    0x0, 0x0, 0x0, 0xfa, 0x0, 0x0, 0x3, 0xce,
    0x0, 0x0, 0xf, 0x7c, 0x7f, 0xff, 0xff, 0xf8,
    0x0, 0x0, 0xf0, 0x0, 0x38, 0x3, 0xc0, 0x0,
    0x78, 0xf, 0x0, 0x1, 0xf0, 0x3c, 0x0, 0x3,
    0xe0, 0xf0, 0x0, 0xf, 0x83, 0xc0, 0x0, 0x1e,
    0xf, 0x0, 0x0, 0x30, 0x3c, 0x0, 0x0, 0x0,
    0xf0, 0x0, 0x0, 0x7f, 0xc0, 0x0, 0x0, 0x3f,
    0x0, 0x0, 0x0, 0xf8, 0x0, 0x0, 0x1, 0xc0,
    0x0,

    /* U+5BFE "対" */
    0x1, 0xc0, 0x0, 0x0, 0x1, 0xf0, 0x1, 0xf0,
    0x1, 0xe0, 0x1, 0xe0, 0x1, 0xe0, 0x1, 0xe0,
    0x1, 0xe2, 0x1, 0xe0, 0x1, 0xe3, 0x1, 0xe0,
    0x1, 0xe7, 0x81, 0xe8, 0x7f, 0xff, 0xc1, 0xec,
    0x3f, 0xff, 0x81, 0xfe, 0x0, 0x3d, 0xff, 0xfe,
    0x0, 0x3c, 0x1, 0xe0, 0x0, 0x3c, 0x1, 0xe0,
    0x18, 0x3c, 0x81, 0xe0, 0xe, 0x78, 0x61, 0xe0,
    0x7, 0xf8, 0x71, 0xe0, 0x3, 0xf8, 0x79, 0xe0,
    0x1, 0xf0, 0x7d, 0xe0, 0x1, 0xf0, 0x3d, 0xe0,
    0x0, 0xf8, 0x3d, 0xe0, 0x0, 0xf8, 0x39, 0xe0,
    0x1, 0xfc, 0x1, 0xe0, 0x1, 0xfc, 0x1, 0xe0,
    0x3, 0xbe, 0x1, 0xe0, 0x3, 0xbe, 0x1, 0xe0,
    0x7, 0x1e, 0x1, 0xe0, 0xe, 0x1c, 0x1, 0xe0,
    0xc, 0x0, 0x1f, 0xe0, 0x18, 0x0, 0x7, 0xe0,
    0x30, 0x0, 0x7, 0xe0, 0x40, 0x0, 0x3, 0xc0,
    0x0, 0x0, 0x2, 0x0,

    /* U+5C04 "射" */
    0x0, 0x0, 0x0, 0x0, 0x7, 0xc0, 0x7, 0xc0,
    0xf, 0x0, 0xf, 0x0, 0x1c, 0x80, 0x1e, 0x3,
    0xff, 0x80, 0x3c, 0x7, 0xff, 0xc0, 0x78, 0xf,
    0xf, 0x0, 0xf4, 0x1e, 0x1e, 0x1, 0xfe, 0x3f,
    0xff, 0xff, 0xfc, 0x78, 0x78, 0x7, 0x80, 0xf0,
    0xf0, 0xf, 0x1, 0xe1, 0xe4, 0x1e, 0x3, 0xff,
    0xce, 0x3c, 0x7, 0x87, 0x9e, 0x78, 0xf, 0xf,
    0xdc, 0xf0, 0x1e, 0x1f, 0x3d, 0xe0, 0xff, 0xfc,
    0x7b, 0xc1, 0xff, 0xf8, 0xf7, 0x83, 0xfb, 0xf1,
    0xcf, 0x3, 0x8f, 0xe0, 0x1e, 0x4, 0x1f, 0xc0,
    0x3c, 0x0, 0x77, 0x80, 0x78, 0x1, 0xcf, 0x0,
    0xf0, 0x7, 0x1e, 0x1, 0xe0, 0x1c, 0x3c, 0x3,
    0xc0, 0x64, 0x78, 0x7f, 0x81, 0x7, 0xf0, 0x3f,
    0x4, 0x3, 0xe0, 0x7e, 0x0, 0x7, 0x80, 0x78,
    0x0, 0x8, 0x0, 0x80, 0x0,

    /* U+5C0E "導" */
    0x0, 0xf, 0x7, 0x80, 0xf8, 0x1e, 0x1c, 0x80,
    0xf0, 0x38, 0xe7, 0x3, 0xdf, 0xff, 0xff, 0x7,
    0x7f, 0xff, 0xf8, 0x18, 0x61, 0xc3, 0x0, 0x1,
    0xff, 0xfe, 0x1, 0x87, 0xff, 0xfc, 0xf, 0x1e,
    0x1, 0xe3, 0xfe, 0x7f, 0xff, 0x80, 0xf1, 0xe0,
    0x1e, 0x3, 0xc7, 0xff, 0xf8, 0xf, 0x1e, 0x1,
    0xe0, 0x3c, 0x78, 0x7, 0x80, 0xf1, 0xff, 0xfe,
    0x3, 0xa7, 0x80, 0x78, 0x7c, 0xc0, 0x0, 0x3,
    0xe1, 0xff, 0xff, 0xf7, 0x3, 0xff, 0xff, 0x98,
    0x7, 0xff, 0xfc, 0x20, 0x0, 0x1f, 0x30, 0x0,
    0x0, 0x79, 0xef, 0xff, 0xff, 0xff, 0xc0, 0xc0,
    0x7, 0x80, 0x1, 0xe0, 0x1e, 0x0, 0x3, 0xc0,
    0x78, 0x0, 0xf, 0x7f, 0xe0, 0x0, 0x1c, 0x3f,
    0x80, 0x0, 0x20, 0x7c, 0x0, 0x0, 0x0, 0xe0,
    0x0,

    /* U+5C0F "小" */
    0x0, 0x7, 0x0, 0x0, 0x0, 0x3e, 0x0, 0x0,
    0x1, 0xe0, 0x0, 0x0, 0xf, 0x0, 0x0, 0x0,
    0x78, 0x0, 0x0, 0x3, 0xc0, 0x0, 0x0, 0x1e,
    0x0, 0x0, 0x0, 0xf0, 0x0, 0x7, 0x7, 0x98,
    0x0, 0x3e, 0x3c, 0x70, 0x1, 0xf9, 0xe1, 0xc0,
    0xf, 0x8f, 0xf, 0x0, 0xf8, 0x78, 0x3c, 0x7,
    0xc3, 0xc0, 0xf0, 0x3c, 0x1e, 0x7, 0xc3, 0xc0,
    0xf0, 0x3f, 0x1e, 0x7, 0x80, 0xf9, 0xe0, 0x3c,
    0x7, 0xce, 0x1, 0xe0, 0x1e, 0xe0, 0xf, 0x0,
    0xf6, 0x0, 0x78, 0x7, 0xe0, 0x3, 0xc0, 0x18,
    0x0, 0x1e, 0x0, 0x0, 0x0, 0xf0, 0x0, 0x0,
    0x7, 0x80, 0x0, 0xf, 0xfc, 0x0, 0x0, 0xf,
    0xe0, 0x0, 0x0, 0x3f, 0x0, 0x0, 0x1, 0xf0,
    0x0, 0x0, 0xe, 0x0, 0x0,

    /* U+5C11 "少" */
    0x0, 0x7, 0xc0, 0x0, 0x0, 0x3c, 0x0, 0x0,
    0x1, 0xe0, 0x0, 0x0, 0xf, 0x0, 0x0, 0x20,
    0x78, 0x0, 0x1, 0xc3, 0xc6, 0x0, 0xf, 0x9e,
    0x1c, 0x0, 0xf8, 0xf0, 0x78, 0x7, 0xc7, 0x83,
    0xe0, 0x3c, 0x3c, 0xf, 0x83, 0xc1, 0xe0, 0x3e,
    0x1c, 0xf, 0x1, 0xf1, 0xe0, 0x78, 0x7, 0x8e,
    0x3, 0xc2, 0x3c, 0xe0, 0x1e, 0x18, 0xcc, 0x0,
    0xf1, 0xf0, 0xc0, 0x7f, 0x8f, 0xc0, 0x0, 0xfc,
    0xfc, 0x0, 0x7, 0xc7, 0xc0, 0x0, 0x1e, 0x7c,
    0x0, 0x0, 0x7, 0xc0, 0x0, 0x0, 0x7c, 0x0,
    0x0, 0x7, 0xc0, 0x0, 0x0, 0x7c, 0x0, 0x0,
    0x7, 0xc0, 0x0, 0x0, 0xf8, 0x0, 0x0, 0x1f,
    0x80, 0x0, 0x3, 0xe0, 0x0, 0x0, 0x7c, 0x0,
    0x0, 0x1c, 0x0, 0x0, 0x0,

    /* U+5C31 "就" */
    0x1, 0xe0, 0x1f, 0x0, 0x3, 0x80, 0x3d, 0x0,
    0x7, 0x0, 0x7b, 0xc0, 0xe, 0x30, 0xf3, 0xc0,
    0x1c, 0xf1, 0xe7, 0x9f, 0xff, 0xf3, 0xcf, 0x3f,
    0xff, 0xe7, 0x8e, 0x0, 0x4, 0xf, 0x18, 0x38,
    0x1e, 0x1e, 0x78, 0x7f, 0xff, 0xff, 0xf8, 0xf0,
    0x78, 0x78, 0x1, 0xe0, 0xf1, 0xf0, 0x3, 0xc1,
    0xe3, 0xfc, 0x7, 0x83, 0xc7, 0xf0, 0xf, 0x7,
    0x8f, 0xe0, 0x1f, 0xff, 0x1f, 0xc0, 0x3d, 0xde,
    0x3f, 0x80, 0x3, 0x80, 0x7f, 0x0, 0x47, 0x0,
    0xfe, 0x1, 0xfe, 0xe3, 0xfc, 0x3, 0xdc, 0xe7,
    0xf8, 0x7, 0xb9, 0xee, 0xf1, 0x1e, 0x73, 0xfd,
    0xe2, 0x38, 0xe7, 0x73, 0xc4, 0xc1, 0xc1, 0xc7,
    0x89, 0x3f, 0x87, 0xf, 0xf8, 0x1f, 0xc, 0x1f,
    0xf8, 0x1e, 0x30, 0x3f, 0xe0, 0x38, 0x80, 0x3f,
    0x80, 0x2, 0x0, 0x0, 0x0,

    /* U+5C40 "局" */
    0x0, 0x0, 0x2, 0x0, 0x3f, 0xff, 0xfe, 0x0,
    0xff, 0xff, 0xfc, 0x3, 0xc0, 0x1, 0xf8, 0xf,
    0x0, 0x7, 0xc0, 0x3c, 0x0, 0x1f, 0x0, 0xf0,
    0x0, 0x7c, 0x3, 0xff, 0xff, 0xf0, 0xf, 0x0,
    0x7, 0xc0, 0x3c, 0x0, 0x1c, 0x0, 0xf0, 0x0,
    0x6, 0x3, 0xff, 0xff, 0xfc, 0xf, 0xff, 0xff,
    0xf8, 0x3c, 0x0, 0x3, 0xe0, 0xf4, 0x2, 0xf,
    0x3, 0xdf, 0xfc, 0x3c, 0xf, 0x7f, 0xf8, 0xf0,
    0x3d, 0xe1, 0xe3, 0xc1, 0xe7, 0x87, 0x8f, 0x7,
    0x9e, 0x1e, 0x3c, 0x1e, 0x78, 0x78, 0xf0, 0x71,
    0xff, 0xe3, 0xc1, 0xc7, 0x87, 0x8f, 0xe, 0x1e,
    0x18, 0x3c, 0x38, 0x78, 0x1, 0xf0, 0xc1, 0x80,
    0x7f, 0xc6, 0x0, 0x0, 0x7e, 0x10, 0x0, 0x1,
    0xf0, 0x80, 0x0, 0x7, 0x80,

    /* U+5C4A "届" */
    0x8, 0x0, 0x0, 0x40, 0x1f, 0xff, 0xff, 0xe0,
    0x3f, 0xff, 0xff, 0xe0, 0x7c, 0x0, 0x7, 0x80,
    0xf8, 0x0, 0xf, 0x1, 0xf0, 0x0, 0x1e, 0x3,
    0xe0, 0x0, 0x3c, 0x7, 0xff, 0xff, 0xf8, 0xf,
    0x80, 0x0, 0xf0, 0x1f, 0x0, 0xf9, 0xc0, 0x3e,
    0x1, 0xe0, 0x0, 0x7c, 0x3, 0xc0, 0x0, 0xfe,
    0x7, 0x86, 0x1, 0xff, 0xff, 0xff, 0x3, 0xff,
    0xff, 0xff, 0x7, 0xfc, 0x3c, 0x3c, 0xf, 0xf8,
    0x78, 0x78, 0x1e, 0xf0, 0xf0, 0xf0, 0x3d, 0xe1,
    0xe1, 0xe0, 0x7b, 0xff, 0xff, 0xc0, 0xf7, 0x87,
    0x87, 0x81, 0xcf, 0xf, 0xf, 0x7, 0x9e, 0x1e,
    0x1e, 0xe, 0x3c, 0x3c, 0x3c, 0x1c, 0x78, 0x78,
    0x78, 0x70, 0xff, 0xff, 0xf0, 0xc1, 0xe0, 0x1,
    0xe3, 0x3, 0xc0, 0x3, 0xc4, 0x7, 0x0, 0x7,
    0x0,

    /* U+5C4B "屋" */
    0x8, 0x0, 0x0, 0x40, 0x1f, 0xff, 0xff, 0xe0,
    0x3f, 0xff, 0xff, 0xe0, 0x7c, 0x0, 0x7, 0x80,
    0xf8, 0x0, 0xf, 0x1, 0xf0, 0x0, 0x1e, 0x3,
    0xe0, 0x0, 0x3c, 0x7, 0xff, 0xff, 0xf8, 0xf,
    0x80, 0x0, 0xe0, 0x1f, 0x0, 0x0, 0xe0, 0x3e,
    0x0, 0x1, 0xe0, 0x7f, 0xff, 0xff, 0xe0, 0xf8,
    0x3c, 0x0, 0x1, 0xf0, 0xf0, 0xf8, 0x3, 0xe1,
    0xc0, 0x7c, 0x7, 0xc3, 0x0, 0x7c, 0xf, 0xff,
    0xff, 0xf8, 0x1f, 0xff, 0xe0, 0xf0, 0x3c, 0xfb,
    0x0, 0xc0, 0x78, 0x7, 0xc0, 0x0, 0xf0, 0xf,
    0x4, 0x1, 0xe0, 0x1e, 0x1e, 0x7, 0x9f, 0xff,
    0xfe, 0xf, 0x0, 0x78, 0x0, 0x1c, 0x0, 0xf0,
    0x0, 0x38, 0x1, 0xe0, 0x20, 0xe0, 0x3, 0xc0,
    0xe1, 0x80, 0x7, 0x83, 0xe6, 0x3f, 0xff, 0xff,
    0xc8, 0x0, 0x0, 0x0, 0x0, 0x0, 0x0, 0x0,
    0x0,

    /* U+5C65 "履" */
    0x0, 0x0, 0x0, 0x40, 0x7f, 0xff, 0xff, 0xc1,
    0xff, 0xff, 0xff, 0x87, 0x80, 0x0, 0x3c, 0x1e,
    0x0, 0x0, 0xf0, 0x78, 0x0, 0x3, 0xc1, 0xff,
    0xff, 0xff, 0x7, 0x98, 0x38, 0x38, 0x1e, 0x79,
    0xf0, 0x60, 0x79, 0xc7, 0x81, 0xe1, 0xee, 0x1f,
    0xff, 0xc7, 0xb0, 0xe0, 0x10, 0x1f, 0x33, 0xff,
    0xf0, 0x79, 0xff, 0x83, 0xc1, 0xe7, 0xde, 0xf,
    0x7, 0x9c, 0x7f, 0xfc, 0x1e, 0xf9, 0xe0, 0xf0,
    0x7b, 0xc7, 0x83, 0xc1, 0xdf, 0x1f, 0xff, 0x7,
    0x7c, 0x78, 0x30, 0x1e, 0xf0, 0xff, 0xc0, 0xf3,
    0xc3, 0xff, 0xc3, 0x8f, 0x1c, 0x1e, 0xe, 0x3c,
    0xe8, 0xf0, 0x30, 0xf3, 0x3f, 0x81, 0xc3, 0xd0,
    0x7c, 0x6, 0xf, 0x3, 0xff, 0xd8, 0x3c, 0x1f,
    0xfe, 0xc0, 0xf1, 0xc1, 0xf0, 0x3, 0xb8, 0x0,
    0xc0,

    /* U+5C71 "山" */
    0x0, 0x1f, 0x0, 0x0, 0x3, 0xc0, 0x0, 0x0,
    0x78, 0x0, 0x0, 0xf, 0x0, 0x0, 0x1, 0xe0,
    0x0, 0x0, 0x3c, 0x0, 0x0, 0x7, 0x80, 0x7,
    0xe0, 0xf0, 0x1f, 0xf8, 0x1e, 0x3, 0xdf, 0x3,
    0xc0, 0x7b, 0xe0, 0x78, 0xf, 0x7c, 0xf, 0x1,
    0xef, 0x81, 0xe0, 0x3d, 0xf0, 0x3c, 0x7, 0xbe,
    0x7, 0x80, 0xf7, 0xc0, 0xf0, 0x1e, 0xf8, 0x1e,
    0x3, 0xdf, 0x3, 0xc0, 0x7b, 0xe0, 0x78, 0xf,
    0x7c, 0xf, 0x1, 0xef, 0x81, 0xe0, 0x3d, 0xf0,
    0x3c, 0x7, 0xbe, 0x7, 0x80, 0xf7, 0xc0, 0xf0,
    0x1e, 0xff, 0xff, 0xff, 0xdf, 0x0, 0x0, 0x7b,
    0xe0, 0x0, 0xf, 0x7c, 0x0, 0x1, 0xef, 0x80,
    0x0, 0x38,

    /* U+5CF6 "島" */
    0x0, 0x1e, 0x0, 0x0, 0x0, 0xf8, 0x0, 0x6,
    0x7, 0x6, 0x0, 0x3f, 0xff, 0xf8, 0x1, 0xff,
    0xff, 0xe0, 0xf, 0x80, 0x1f, 0x0, 0x7c, 0x0,
    0xf8, 0x3, 0xff, 0xff, 0xc0, 0x1f, 0x0, 0x3e,
    0x0, 0xf8, 0x1, 0xf0, 0x7, 0xc0, 0xf, 0x80,
    0x3f, 0xff, 0xfc, 0x1, 0xf0, 0x3, 0xe4, 0xf,
    0x80, 0x18, 0x70, 0x7c, 0x0, 0x7, 0xc3, 0xff,
    0xff, 0xff, 0x1f, 0x0, 0x0, 0x0, 0xf8, 0x0,
    0x6, 0x7, 0xff, 0xff, 0xf8, 0x3f, 0xff, 0xff,
    0xe1, 0x9f, 0x0, 0x1e, 0x78, 0xf9, 0xf0, 0xf3,
    0xc7, 0xcf, 0x87, 0x9e, 0x3e, 0x7c, 0x3c, 0xf1,
    0xf3, 0xe3, 0xe7, 0xff, 0xff, 0x1f, 0x3f, 0xff,
    0xff, 0xf9, 0xe0, 0x6, 0xf, 0x8e, 0x0, 0x0,
    0x7c, 0x0, 0x0, 0x3, 0x80,

    /* U+5DDD "川" */
    0xf, 0x80, 0x1, 0xf0, 0xf0, 0x70, 0x1e, 0xf,
    0x7, 0x81, 0xe0, 0xf0, 0x78, 0x1e, 0xf, 0x7,
    0x81, 0xe0, 0xf0, 0x78, 0x1e, 0xf, 0x7, 0x81,
    0xe0, 0xf0, 0x78, 0x1e, 0xf, 0x7, 0x81, 0xe0,
    0xf0, 0x78, 0x1e, 0xf, 0x7, 0x81, 0xe0, 0xf0,
    0x78, 0x1e, 0xf, 0x7, 0x81, 0xe0, 0xf0, 0x78,
    0x1e, 0xf, 0x7, 0x81, 0xe0, 0xf0, 0x78, 0x1e,
    0xf, 0x7, 0x81, 0xe0, 0xe0, 0x78, 0x1e, 0x1e,
    0x7, 0x81, 0xe1, 0xe0, 0x78, 0x1e, 0x1c, 0x7,
    0x81, 0xe1, 0xc0, 0x78, 0x1e, 0x38, 0x7, 0x81,
    0xe3, 0x80, 0x78, 0x1e, 0x30, 0x6, 0x1, 0xe6,
    0x0, 0x0, 0x1e, 0x40, 0x0, 0x1, 0xe8, 0x0,
    0x0, 0x1c,

    /* U+5DDE "州" */
    0x3, 0xe1, 0xc0, 0xf8, 0x1e, 0xf, 0x87, 0x80,
    0xf0, 0x78, 0x3c, 0x7, 0x83, 0xc1, 0xe0, 0x3c,
    0x1e, 0xf, 0x1, 0xe0, 0xf0, 0x78, 0xf, 0x7,
    0x83, 0xc2, 0x78, 0x3c, 0x1e, 0x1b, 0xe1, 0xf0,
    0xf0, 0xdf, 0xcf, 0xe7, 0x86, 0xf7, 0x7b, 0xbc,
    0x77, 0xbf, 0xdf, 0xe3, 0xbd, 0xfe, 0xff, 0x3d,
    0xe7, 0xf7, 0xfb, 0xef, 0x3f, 0xbf, 0xde, 0x79,
    0xfc, 0xfe, 0x73, 0xc1, 0xe0, 0xf0, 0x1e, 0xf,
    0x7, 0x80, 0xe0, 0x78, 0x3c, 0xf, 0x3, 0xc1,
    0xe0, 0x78, 0x1e, 0xf, 0x3, 0x80, 0xf0, 0x78,
    0x1c, 0x7, 0x83, 0xc1, 0xc0, 0x3c, 0x1e, 0xe,
    0x1, 0xe0, 0xf0, 0xe0, 0xf, 0x7, 0x8e, 0x0,
    0x78, 0x3c, 0x60, 0x3, 0xc1, 0xe4, 0x0, 0x10,
    0xe, 0x0,

    /* U+5DE5 "工" */
    0x0, 0x0, 0x0, 0x80, 0x0, 0x0, 0x3, 0xc0,
    0x0, 0x0, 0xf, 0xc0, 0xff, 0xff, 0xff, 0xc0,
    0x0, 0x7c, 0x0, 0x0, 0x0, 0xf8, 0x0, 0x0,
    0x1, 0xf0, 0x0, 0x0, 0x3, 0xe0, 0x0, 0x0,
    0x7, 0xc0, 0x0, 0x0, 0xf, 0x80, 0x0, 0x0,
    0x1f, 0x0, 0x0, 0x0, 0x3e, 0x0, 0x0, 0x0,
    0x7c, 0x0, 0x0, 0x0, 0xf8, 0x0, 0x0, 0x1,
    0xf0, 0x0, 0x0, 0x3, 0xe0, 0x0, 0x0, 0x7,
    0xc0, 0x0, 0x0, 0xf, 0x80, 0x0, 0x0, 0x1f,
    0x0, 0x0, 0x0, 0x3e, 0x0, 0x0, 0x0, 0x7c,
    0x0, 0x0, 0x0, 0xf8, 0x4, 0x0, 0x1, 0xf0,
    0x1c, 0x0, 0x3, 0xe0, 0x7c, 0xff, 0xff, 0xff,
    0xfc, 0xff, 0xff, 0xff, 0xf8,

    /* U+5DE6 "左" */
    0x0, 0x3f, 0x0, 0x0, 0x1, 0xf0, 0x0, 0x0,
    0x7, 0xc0, 0x0, 0x0, 0x1f, 0x0, 0x0, 0x0,
    0x7c, 0x0, 0x40, 0x1, 0xf0, 0x3, 0x80, 0x7,
    0x80, 0x1f, 0x3f, 0xff, 0xff, 0xff, 0x0, 0x78,
    0x0, 0x0, 0x3, 0xe0, 0x0, 0x0, 0xf, 0x0,
    0x0, 0x0, 0x3c, 0x0, 0x0, 0x0, 0xf0, 0x1,
    0x0, 0x7, 0x80, 0xe, 0x0, 0x1e, 0x0, 0x7c,
    0x0, 0x7f, 0xff, 0xf8, 0x3, 0xc1, 0xe0, 0x0,
    0xe, 0x7, 0x80, 0x0, 0x38, 0x1e, 0x0, 0x1,
    0xc0, 0x78, 0x0, 0x7, 0x1, 0xe0, 0x0, 0x38,
    0x7, 0x80, 0x0, 0xc0, 0x1e, 0x0, 0x6, 0x0,
    0x78, 0x0, 0x38, 0x1, 0xe0, 0x40, 0xc0, 0x7,
    0x83, 0x84, 0x0, 0x1e, 0x1f, 0x20, 0xff, 0xff,
    0xfe, 0x3, 0xff, 0xff, 0xf8,

    /* U+5DEE "差" */
    0x1, 0xe0, 0x3c, 0x0, 0x3, 0xc0, 0xfc, 0x0,
    0xf, 0x83, 0xc0, 0x0, 0x1e, 0x1e, 0x18, 0x0,
    0x78, 0x60, 0xf0, 0xff, 0xff, 0xff, 0xe0, 0x0,
    0x78, 0x0, 0x0, 0x1, 0xe0, 0x0, 0x0, 0x7,
    0x81, 0xc0, 0x0, 0x1e, 0xf, 0x81, 0xff, 0xff,
    0xff, 0x0, 0x1, 0xe0, 0x0, 0x0, 0x7, 0x80,
    0x60, 0x0, 0x1e, 0x3, 0xc7, 0xff, 0xff, 0xff,
    0x80, 0x3e, 0x0, 0x0, 0x1, 0xf0, 0x0, 0x0,
    0x7, 0xc0, 0x6, 0x0, 0x1f, 0x0, 0x3e, 0x0,
    0x7f, 0xff, 0xfc, 0x3, 0xe1, 0xe0, 0x0, 0xf,
    0x7, 0x80, 0x0, 0x78, 0x1e, 0x0, 0x1, 0xe0,
    0x78, 0x0, 0xf, 0x1, 0xe0, 0x0, 0x38, 0x7,
    0x80, 0x81, 0xc0, 0x1e, 0x7, 0xc, 0x0, 0x78,
    0x3e, 0x63, 0xff, 0xff, 0xfe, 0x0, 0x0, 0x0,
    0x0,

    /* U+5E02 "市" */
    0x0, 0x7, 0xc0, 0x0, 0x0, 0x1e, 0x0, 0x0,
    0x0, 0x78, 0x6, 0x0, 0x1, 0xe0, 0x3c, 0x7f,
    0xff, 0xff, 0xfd, 0xff, 0xff, 0xff, 0xf0, 0x0,
    0x78, 0x0, 0x0, 0x1, 0xe0, 0x0, 0x0, 0x7,
    0x80, 0x0, 0x30, 0x1e, 0x6, 0x0, 0xff, 0xff,
    0xfc, 0x3, 0xff, 0xff, 0xfc, 0xf, 0x7, 0x81,
    0xe0, 0x3c, 0x1e, 0x7, 0x80, 0xf0, 0x78, 0x1e,
    0x3, 0xc1, 0xe0, 0x78, 0xf, 0x7, 0x81, 0xe0,
    0x3c, 0x1e, 0x7, 0x80, 0xf0, 0x78, 0x1e, 0x3,
    0xc1, 0xe0, 0x78, 0xf, 0x7, 0x81, 0xe0, 0x3c,
    0x1e, 0xff, 0x80, 0xf0, 0x78, 0x7e, 0x3, 0xc1,
    0xe0, 0xf8, 0xf, 0x7, 0x83, 0xc0, 0x30, 0x1e,
    0xc, 0x0, 0x0, 0x78, 0x0, 0x0, 0x1, 0xe0,
    0x0, 0x0, 0x7, 0x80, 0x0, 0x0, 0x1c, 0x0,
    0x0,

    /* U+5E03 "布" */
    0x0, 0x20, 0x0, 0x0, 0x0, 0xf0, 0x0, 0x0,
    0x7, 0xc0, 0x0, 0x0, 0x1f, 0x0, 0x10, 0x0,
    0x7c, 0x0, 0xe0, 0x1, 0xe0, 0x7, 0xcf, 0xff,
    0xff, 0xff, 0xc0, 0x3c, 0x0, 0x0, 0x1, 0xf3,
    0xc0, 0x0, 0x7, 0x8f, 0x80, 0x0, 0x3c, 0x3c,
    0x0, 0x0, 0xf0, 0xf0, 0x40, 0x7, 0xff, 0xff,
    0xc0, 0x1f, 0xff, 0xff, 0x80, 0xfc, 0x3c, 0x3e,
    0x7, 0xf0, 0xf0, 0xf0, 0x1b, 0xc3, 0xc3, 0xc0,
    0xcf, 0xf, 0xf, 0x4, 0x3c, 0x3c, 0x3c, 0x0,
    0xf0, 0xf0, 0xf0, 0x3, 0xc3, 0xc3, 0xc0, 0xf,
    0xf, 0xf, 0x0, 0x3c, 0x3c, 0x3c, 0x0, 0xf0,
    0xf7, 0xf0, 0x3, 0xc3, 0xc7, 0xc0, 0xf, 0xf,
    0x1f, 0x0, 0x3c, 0x3c, 0x78, 0x0, 0xc0, 0xf0,
    0x0, 0x0, 0x3, 0xc0, 0x0, 0x0, 0xe, 0x0,
    0x0,

    /* U+5E2D "席" */
    0x0, 0x3, 0xf0, 0x0, 0x0, 0xf, 0x0, 0x80,
    0x0, 0x3c, 0x7, 0x7, 0xff, 0xff, 0xfe, 0x1f,
    0xff, 0xff, 0xfc, 0x78, 0x0, 0x0, 0x1, 0xe1,
    0xf0, 0xf0, 0x7, 0x87, 0x83, 0xcc, 0x1e, 0x1e,
    0xf, 0x78, 0x7f, 0xff, 0xff, 0xf1, 0xe1, 0xe0,
    0xf0, 0x7, 0x87, 0x83, 0xc0, 0x1e, 0x1e, 0xf,
    0x0, 0x78, 0x78, 0x3c, 0x1, 0xe1, 0xff, 0xf0,
    0x7, 0x87, 0x83, 0x80, 0x1e, 0x81, 0xf0, 0x80,
    0x7b, 0xff, 0xff, 0x81, 0xef, 0xff, 0xff, 0x7,
    0xbc, 0x7c, 0x3c, 0x1c, 0xf1, 0xf0, 0xe0, 0x73,
    0xc7, 0xc3, 0x81, 0xcf, 0x1f, 0xe, 0xe, 0x3c,
    0x7c, 0x78, 0x38, 0xf1, 0xf7, 0xe0, 0xc3, 0xc7,
    0xc7, 0x86, 0xf, 0x1f, 0x1e, 0x10, 0x3c, 0x7c,
    0x70, 0x80, 0x1, 0xf0, 0x0, 0x0, 0x7, 0x80,
    0x0,

    /* U+5E2F "帯" */
    0x0, 0x0, 0x0, 0x0, 0x7, 0xcf, 0x9f, 0x80,
    0xf, 0x1e, 0x3c, 0x0, 0x1e, 0x3c, 0x79, 0x80,
    0x3c, 0x78, 0xf7, 0x9f, 0xff, 0xff, 0xff, 0x80,
    0xf1, 0xe3, 0xc0, 0x1, 0xe3, 0xc7, 0x80, 0x3,
    0xc7, 0x8f, 0x0, 0x7, 0xff, 0xfe, 0x0, 0xf,
    0xff, 0xfc, 0x0, 0x9e, 0x0, 0x78, 0x81, 0xff,
    0xff, 0xff, 0x83, 0xff, 0xff, 0xff, 0x8e, 0x1,
    0x0, 0x1f, 0xfc, 0x3, 0xe0, 0x3c, 0xf8, 0x7,
    0x82, 0xe1, 0xee, 0xf, 0x7, 0x81, 0x9f, 0xff,
    0xfe, 0x0, 0x3f, 0xff, 0xff, 0x0, 0x78, 0x78,
    0x7c, 0x0, 0xf0, 0xf0, 0xf0, 0x1, 0xe1, 0xe1,
    0xe0, 0x3, 0xc3, 0xc3, 0xc0, 0x7, 0x87, 0x87,
    0x80, 0xf, 0xf, 0xf, 0x0, 0x1e, 0x1e, 0xfe,
    0x0, 0x3c, 0x3c, 0x7c, 0x0, 0x78, 0x78, 0xf0,
    0x0, 0x0, 0xf0, 0x0, 0x0, 0x1, 0xc0, 0x0,
    0x0,

    /* U+5E30 "帰" */
    0xf, 0x0, 0x1, 0x0, 0x3e, 0xff, 0xfe, 0x0,
    0xf1, 0xff, 0xfe, 0x3, 0xc0, 0x0, 0xf0, 0xef,
    0x0, 0x3, 0xc3, 0xbc, 0x3f, 0xff, 0xe, 0xf0,
    0x0, 0x3c, 0x3b, 0xc0, 0x0, 0xf0, 0xef, 0x0,
    0x3, 0xc3, 0xbc, 0xff, 0xff, 0xe, 0xf0, 0x0,
    0x3c, 0x3b, 0xc0, 0x0, 0x8, 0xef, 0x1f, 0xff,
    0xf3, 0xbc, 0xff, 0xff, 0xee, 0xff, 0xe, 0x7,
    0xfb, 0xfc, 0x3e, 0x1c, 0xef, 0xf0, 0xf8, 0xc3,
    0xbf, 0xff, 0xff, 0xe, 0xf3, 0xff, 0xfe, 0x3b,
    0xcf, 0x3e, 0x78, 0x8e, 0x3c, 0xf9, 0xe0, 0x78,
    0xf3, 0xe7, 0x81, 0xe3, 0xcf, 0x9e, 0x7, 0xf,
    0x3f, 0xf8, 0x1c, 0x3c, 0xfb, 0xe0, 0xe0, 0xf3,
    0xef, 0x3, 0x3, 0x8f, 0xb8, 0x18, 0x0, 0x3e,
    0x0, 0x40, 0x0, 0xf8, 0x2, 0x0, 0x3, 0xc0,
    0x0,

    /* U+5E33 "帳" */
    0x0, 0x0, 0x0, 0x0, 0x7e, 0x0, 0x3, 0x81,
    0xe0, 0x3f, 0xff, 0x87, 0x80, 0xff, 0xfe, 0x1e,
    0x3, 0xc0, 0x3, 0xfb, 0xcf, 0x3, 0xf, 0xff,
    0xbf, 0xff, 0x3f, 0xb8, 0xf0, 0x0, 0xfe, 0xe3,
    0xc0, 0xc3, 0xfb, 0x8f, 0x3, 0x8f, 0xee, 0x3f,
    0xff, 0x3f, 0xb8, 0xf0, 0x0, 0xfe, 0xe3, 0xc0,
    0x23, 0xfb, 0x8f, 0x1, 0xcf, 0xee, 0x3c, 0x7,
    0xbf, 0xbf, 0xff, 0xff, 0xfe, 0xe3, 0xc8, 0x3,
    0xfb, 0x8f, 0x21, 0x8f, 0xee, 0x3c, 0xc7, 0xbf,
    0xb8, 0xf1, 0x3e, 0xff, 0xe3, 0xc7, 0xc3, 0xfb,
    0x8f, 0x1c, 0xf, 0xec, 0x3c, 0x70, 0x37, 0x80,
    0xf0, 0xf0, 0x1e, 0x3, 0xdf, 0xe0, 0x78, 0xff,
    0xe7, 0xf1, 0xe1, 0xfe, 0x1f, 0x87, 0x87, 0xe0,
    0x3c, 0x1e, 0xe, 0x0, 0x70, 0x70, 0x20, 0x0,
    0x0,

    /* U+5E38 "常" */
    0x6, 0x7, 0xcc, 0x0, 0xf, 0x1e, 0x3e, 0x0,
    0x1e, 0x78, 0xfc, 0x0, 0x79, 0xe3, 0xc0, 0x9,
    0xe7, 0x9c, 0x20, 0x3f, 0xff, 0xff, 0xc1, 0xff,
    0xff, 0xff, 0x8e, 0x0, 0x0, 0x1f, 0x7b, 0x0,
    0x4, 0xf3, 0xef, 0xff, 0xfe, 0xf, 0xbf, 0xff,
    0xf8, 0x18, 0xf8, 0x3, 0xc0, 0x3, 0xe0, 0xf,
    0x0, 0xf, 0x80, 0x3c, 0x0, 0x3e, 0x0, 0xf0,
    0x0, 0xff, 0xff, 0xc0, 0x3, 0xe7, 0x8e, 0x0,
    0x30, 0x1e, 0x6, 0x0, 0xff, 0xff, 0xfc, 0x3,
    0xff, 0xff, 0xf8, 0xf, 0x7, 0x83, 0xe0, 0x3c,
    0x1e, 0xf, 0x80, 0xf0, 0x78, 0x3e, 0x3, 0xc1,
    0xe0, 0xf8, 0xf, 0x7, 0x83, 0xe0, 0x3c, 0x1e,
    0x3f, 0x80, 0xf0, 0x78, 0x7c, 0x3, 0xc1, 0xe0,
    0xf0, 0xc, 0x7, 0x82, 0x0, 0x0, 0x1c, 0x0,
    0x0,

    /* U+5E45 "幅" */
    0x18, 0x0, 0x0, 0x0, 0x7c, 0x0, 0x1, 0xc1,
    0xe0, 0x0, 0x7, 0x87, 0x83, 0xff, 0xff, 0x1e,
    0x0, 0x0, 0x2, 0x79, 0x80, 0x1, 0xf, 0xff,
    0x70, 0xe, 0x3f, 0xbd, 0xff, 0xfc, 0xfe, 0xe7,
    0xc1, 0xe3, 0xfb, 0x9f, 0x7, 0x8f, 0xee, 0x7c,
    0x1e, 0x3f, 0xb9, 0xf0, 0x78, 0xfe, 0xe7, 0xc1,
    0xe3, 0xfb, 0x9f, 0xff, 0x8f, 0xee, 0x7c, 0x1e,
    0x3f, 0xbb, 0x0, 0x8, 0xfe, 0xef, 0x0, 0x73,
    0xfb, 0xbf, 0xff, 0xff, 0xee, 0xf1, 0xc7, 0xbf,
    0xbb, 0xc7, 0x1e, 0xff, 0xef, 0x1c, 0x7b, 0xff,
    0xbc, 0x71, 0xef, 0xee, 0xff, 0xff, 0xbf, 0xb3,
    0xc7, 0x1e, 0x1e, 0xf, 0x1c, 0x78, 0x78, 0x3c,
    0x71, 0xe1, 0xe0, 0xf1, 0xc7, 0x87, 0x83, 0xff,
    0xfe, 0x1e, 0xf, 0x0, 0x78, 0x78, 0x3c, 0x1,
    0xe1, 0xc0, 0xe0, 0x7, 0x0,

    /* U+5E73 "平" */
    0x0, 0x0, 0x0, 0x80, 0x0, 0x0, 0x7, 0x80,
    0x0, 0x0, 0x3f, 0xf, 0xff, 0xff, 0xfe, 0x0,
    0x7, 0x80, 0x0, 0x0, 0x1e, 0x0, 0x0, 0xc0,
    0x78, 0x38, 0x1, 0xc1, 0xe1, 0xf8, 0x7, 0x87,
    0x87, 0xc0, 0x1f, 0x1e, 0x1e, 0x0, 0x3c, 0x78,
    0x70, 0x0, 0xf1, 0xe3, 0xc0, 0x3, 0xe7, 0x8e,
    0x0, 0xf, 0x1e, 0x30, 0x0, 0x3c, 0x79, 0x80,
    0x0, 0x1, 0xe0, 0x18, 0x0, 0x7, 0x80, 0xfb,
    0xff, 0xff, 0xff, 0xf0, 0x0, 0x78, 0x0, 0x0,
    0x1, 0xe0, 0x0, 0x0, 0x7, 0x80, 0x0, 0x0,
    0x1e, 0x0, 0x0, 0x0, 0x78, 0x0, 0x0, 0x1,
    0xe0, 0x0, 0x0, 0x7, 0x80, 0x0, 0x0, 0x1e,
    0x0, 0x0, 0x0, 0x78, 0x0, 0x0, 0x1, 0xe0,
    0x0, 0x0, 0x7, 0x80, 0x0, 0x0, 0x1c, 0x0,
    0x0,

    /* U+5E74 "年" */
    0x0, 0x0, 0x0, 0x0, 0x7, 0x80, 0x0, 0x0,
    0x1f, 0x80, 0x0, 0x0, 0x7c, 0x0, 0x10, 0x3,
    0xe0, 0x0, 0xe0, 0xf, 0x80, 0x3, 0xe0, 0x7f,
    0xff, 0xff, 0xc1, 0xe0, 0x7c, 0x0, 0xf, 0x81,
    0xf0, 0x0, 0x3c, 0x7, 0xc0, 0x1, 0xe0, 0x1f,
    0x0, 0x7, 0x0, 0x7c, 0x20, 0x3a, 0x1, 0xf1,
    0xe1, 0x8f, 0xff, 0xff, 0xc4, 0x3f, 0xff, 0xff,
    0x80, 0xf0, 0x7c, 0x0, 0x3, 0xc1, 0xf0, 0x0,
    0xf, 0x7, 0xc0, 0x0, 0x3c, 0x1f, 0x0, 0x0,
    0xf0, 0x7c, 0x0, 0x3, 0xc1, 0xf0, 0x70, 0xf,
    0x7, 0xc3, 0xef, 0xff, 0xff, 0xff, 0xc0, 0x0,
    0x7c, 0x0, 0x0, 0x1, 0xf0, 0x0, 0x0, 0x7,
    0xc0, 0x0, 0x0, 0x1f, 0x0, 0x0, 0x0, 0x7c,
    0x0, 0x0, 0x1, 0xf0, 0x0, 0x0, 0x7, 0xc0,
    0x0, 0x0, 0x1e, 0x0, 0x0,

    /* U+5E78 "幸" */
    0x0, 0x7, 0xc0, 0x0, 0x0, 0x1e, 0x8, 0x0,
    0x0, 0x78, 0x30, 0x0, 0x1, 0xe1, 0xf0, 0xf,
    0xff, 0xff, 0xe0, 0x0, 0x1e, 0x0, 0x0, 0x0,
    0x78, 0x4, 0x0, 0x1, 0xe0, 0x18, 0x0, 0x7,
    0x80, 0xfb, 0xff, 0xff, 0xff, 0xf0, 0x18, 0x3,
    0x80, 0x0, 0x38, 0xf, 0xc0, 0x0, 0xf0, 0x3c,
    0x0, 0x3, 0xe0, 0xe0, 0x0, 0xf, 0x87, 0xc,
    0x0, 0x1c, 0x18, 0x78, 0x7f, 0xff, 0xff, 0xf0,
    0xff, 0xff, 0xff, 0xc0, 0x0, 0x78, 0x0, 0x0,
    0x1, 0xe0, 0x0, 0x0, 0x7, 0x83, 0x80, 0x0,
    0x1e, 0x1f, 0x1, 0xff, 0xff, 0xfe, 0x0, 0x1,
    0xe0, 0x0, 0x0, 0x7, 0x80, 0x0, 0x0, 0x1e,
    0x0, 0x0, 0x0, 0x78, 0x0, 0x0, 0x1, 0xe0,
    0x0, 0x0, 0x7, 0x80, 0x0, 0x0, 0x1c, 0x0,
    0x0,

    /* U+5E83 "広" */
    0x0, 0x3, 0x80, 0x0, 0x0, 0x7, 0xc0, 0x0,
    0x0, 0xf, 0x0, 0x0, 0x0, 0x1e, 0x1, 0x1,
    0x0, 0x3c, 0x7, 0x3, 0xff, 0xff, 0xff, 0x7,
    0xff, 0xff, 0xff, 0xf, 0x80, 0x0, 0x0, 0x1f,
    0x0, 0x0, 0x0, 0x3e, 0x7, 0x80, 0x0, 0x7c,
    0xf, 0xc0, 0x0, 0xf8, 0x1f, 0x0, 0x1, 0xf0,
    0x3c, 0x0, 0x3, 0xe0, 0x78, 0x0, 0x7, 0xc0,
    0xf0, 0x0, 0xf, 0x83, 0xc0, 0x0, 0x1f, 0x7,
    0x80, 0x0, 0x3e, 0xe, 0xc, 0x0, 0x7c, 0x1c,
    0xe, 0x0, 0xf0, 0x30, 0x1e, 0x1, 0xe0, 0xe0,
    0x1e, 0x3, 0xc1, 0x80, 0x1e, 0x7, 0x3, 0x0,
    0x3e, 0x1e, 0x4, 0x3f, 0xfe, 0x3b, 0xff, 0xfc,
    0x7c, 0x73, 0xff, 0xc0, 0xf8, 0xc7, 0xfc, 0x0,
    0xfb, 0x7, 0x80, 0x1, 0xe4, 0x8, 0x0, 0x3,
    0xd0, 0x0, 0x0, 0x1, 0x0,

    /* U+5E97 "店" */
    0x0, 0x3, 0xe0, 0x0, 0x0, 0xf, 0x0, 0x0,
    0x0, 0x3c, 0x4, 0x0, 0x0, 0xf0, 0x3c, 0x1f,
    0xff, 0xff, 0xf8, 0x7f, 0xff, 0xff, 0xf1, 0xe0,
    0x0, 0x0, 0x7, 0x80, 0x7c, 0x0, 0x1e, 0x1,
    0xe0, 0x0, 0x78, 0x7, 0x81, 0x1, 0xe0, 0x1e,
    0xe, 0x7, 0x80, 0x78, 0x3c, 0x1e, 0x1, 0xff,
    0xf8, 0x78, 0x7, 0x80, 0x1, 0xe0, 0x1e, 0x0,
    0x7, 0x80, 0x78, 0x0, 0x1e, 0x1, 0xe0, 0x80,
    0x7b, 0x87, 0x87, 0x1, 0xef, 0xff, 0xfe, 0x7,
    0xbc, 0x0, 0x78, 0x1e, 0xf0, 0x1, 0xe0, 0x73,
    0xc0, 0x7, 0x81, 0xcf, 0x0, 0x1e, 0x7, 0x3c,
    0x0, 0x78, 0x38, 0xf0, 0x1, 0xe0, 0xe3, 0xc0,
    0x7, 0x83, 0xf, 0xff, 0xfe, 0x18, 0x3c, 0x0,
    0x78, 0x40, 0xf0, 0x1, 0xe2, 0x3, 0xc0, 0x7,
    0x0,

    /* U+5E9C "府" */
    0x0, 0x1, 0xe0, 0x0, 0x0, 0x3, 0x80, 0x40,
    0x0, 0x7, 0x1, 0xc0, 0xff, 0xff, 0xff, 0xc1,
    0xff, 0xff, 0xff, 0xc3, 0xc0, 0x0, 0x0, 0x7,
    0x87, 0x0, 0xf8, 0xf, 0xf, 0x81, 0xe0, 0x1e,
    0x1e, 0x3, 0xc0, 0x3c, 0x7c, 0x7, 0xa0, 0x78,
    0xf0, 0xf, 0xf0, 0xf3, 0xcf, 0xff, 0xf1, 0xe7,
    0xe0, 0x3c, 0x3, 0xcf, 0x80, 0x78, 0x7, 0xbf,
    0x60, 0xf0, 0xf, 0x5e, 0x71, 0xe0, 0x1f, 0x3c,
    0xf3, 0xc0, 0x3c, 0x79, 0xe7, 0x80, 0x78, 0xf3,
    0xcf, 0x0, 0xf1, 0xe7, 0x9e, 0x1, 0xc3, 0xc6,
    0x3c, 0x3, 0x87, 0x80, 0x78, 0xf, 0xf, 0x0,
    0xf0, 0x1c, 0x1e, 0x1, 0xe0, 0x38, 0x3c, 0x3,
    0xc0, 0x60, 0x78, 0xff, 0x81, 0x80, 0xf0, 0x3f,
    0x2, 0x1, 0xe0, 0x3c, 0x8, 0x3, 0x80, 0x60,
    0x0,

    /* U+5EA6 "度" */
    0x0, 0x3, 0xe0, 0x0, 0x0, 0xf, 0x0, 0x81,
    0x0, 0x3c, 0x7, 0x7, 0xff, 0xff, 0xfe, 0x1f,
    0xff, 0xff, 0xfc, 0x78, 0x0, 0x0, 0x1, 0xe1,
    0xe1, 0xe2, 0x7, 0x87, 0x87, 0x9e, 0x1f, 0xff,
    0xff, 0xfc, 0x78, 0x78, 0x78, 0x1, 0xe1, 0xe1,
    0xe0, 0x7, 0x87, 0x87, 0x80, 0x1e, 0x1e, 0x1e,
    0x0, 0x78, 0x7f, 0xf8, 0x1, 0xe1, 0xe1, 0xe0,
    0x7, 0x87, 0x87, 0x0, 0x1e, 0x0, 0x3, 0x0,
    0x7b, 0xff, 0xfe, 0x1, 0xef, 0xff, 0xfc, 0x7,
    0x84, 0x3, 0xf0, 0x1e, 0x8, 0x1f, 0x0, 0x70,
    0x30, 0x7c, 0x1, 0xc0, 0x73, 0xe0, 0xf, 0x0,
    0xfe, 0x0, 0x38, 0x1, 0xfc, 0x0, 0xc0, 0xf,
    0xff, 0xf3, 0x0, 0xff, 0xff, 0x98, 0x1f, 0x7,
    0xfc, 0x43, 0xe0, 0x3, 0xf2, 0x30, 0x0, 0x0,
    0x80,

    /* U+5EA7 "座" */
    0x0, 0x3, 0xe0, 0x0, 0x0, 0xf, 0x0, 0x82,
    0x0, 0x3c, 0x7, 0xf, 0xff, 0xff, 0xfe, 0x3f,
    0xff, 0xff, 0xfc, 0xf0, 0x0, 0x0, 0x3, 0xc0,
    0x1f, 0x0, 0xf, 0x18, 0x78, 0x80, 0x3c, 0x7d,
    0xe3, 0xe0, 0xf1, 0xe7, 0x8f, 0x3, 0xcf, 0x1e,
    0x3c, 0xf, 0x3c, 0x78, 0xe0, 0x3c, 0xf9, 0xe7,
    0xe0, 0xf3, 0xff, 0x9d, 0xc3, 0xcd, 0xfe, 0x73,
    0x8f, 0x73, 0xf9, 0x8f, 0x3d, 0x8f, 0xec, 0x3c,
    0xf4, 0x7, 0x80, 0x63, 0xe0, 0x1e, 0xc, 0xf,
    0x0, 0x78, 0x38, 0x3d, 0xff, 0xff, 0xf0, 0xe0,
    0x7, 0x80, 0x3, 0x80, 0x1e, 0x0, 0xe, 0x0,
    0x78, 0x0, 0x30, 0x1, 0xe0, 0x1, 0xc0, 0x7,
    0x80, 0xc6, 0x0, 0x1e, 0x7, 0x91, 0xff, 0xff,
    0xff, 0x80, 0x0, 0x0, 0x0, 0x0, 0x0, 0x0,
    0x0,

    /* U+5EAB "庫" */
    0x0, 0x3, 0xe0, 0x0, 0x0, 0xf, 0x0, 0x82,
    0x0, 0x3c, 0x7, 0xf, 0xff, 0xff, 0xff, 0x3f,
    0xff, 0xff, 0xfc, 0xf0, 0x7, 0xc0, 0x3, 0xc0,
    0x1e, 0x6, 0xf, 0x0, 0x78, 0x3c, 0x3d, 0xff,
    0xff, 0xf8, 0xf0, 0x7, 0x80, 0x3, 0xc8, 0x1e,
    0x8, 0xf, 0x3f, 0xff, 0xf0, 0x3c, 0xff, 0xff,
    0xe0, 0xf3, 0xc7, 0x87, 0x83, 0xcf, 0x1e, 0x1e,
    0xf, 0x3f, 0xff, 0xf8, 0x3c, 0xf1, 0xe1, 0xe0,
    0xf3, 0xc7, 0x87, 0x83, 0xcf, 0x1e, 0x1e, 0xf,
    0x3c, 0x78, 0x78, 0x3c, 0xff, 0xff, 0xe0, 0xe3,
    0xc7, 0x87, 0x83, 0x8c, 0x1e, 0x2, 0xe, 0x0,
    0x78, 0x1e, 0x37, 0xff, 0xff, 0xfc, 0xc0, 0x7,
    0x80, 0x6, 0x0, 0x1e, 0x0, 0x18, 0x0, 0x78,
    0x0, 0xc0, 0x1, 0xe0, 0x2, 0x0, 0x7, 0x0,
    0x0,

    /* U+5EFA "建" */
    0x0, 0x0, 0x80, 0x0, 0x0, 0x0, 0xf8, 0x0,
    0x3, 0x0, 0xf0, 0x80, 0x7f, 0x80, 0xf0, 0xc0,
    0x7f, 0xdf, 0xff, 0xe0, 0x7, 0xdf, 0xff, 0xf0,
    0xf, 0x80, 0xf1, 0xe0, 0xf, 0x0, 0xf1, 0xec,
    0xf, 0x7f, 0xff, 0xff, 0x1e, 0x0, 0xf1, 0xe0,
    0x1e, 0x0, 0xf1, 0xe0, 0x1c, 0x80, 0xf1, 0xe0,
    0x3d, 0xc0, 0xf1, 0xe0, 0x3f, 0xff, 0xff, 0xe0,
    0x79, 0xe0, 0xf1, 0xc0, 0x1, 0xe0, 0xf0, 0x60,
    0x1, 0xc0, 0xf0, 0xf0, 0x1, 0xdf, 0xff, 0xf8,
    0x11, 0xc0, 0xf0, 0x0, 0x13, 0xc0, 0xf0, 0x70,
    0xb, 0x80, 0xf0, 0xf8, 0xf, 0xbf, 0xff, 0xfc,
    0xf, 0x0, 0xf0, 0x0, 0x7, 0x0, 0xf0, 0x0,
    0x7, 0xc0, 0xf0, 0x0, 0xf, 0xfc, 0xe0, 0x0,
    0xd, 0xff, 0xff, 0xfe, 0x18, 0x7f, 0xff, 0xfc,
    0x30, 0x1f, 0xff, 0xf8, 0x60, 0x1, 0xff, 0xf8,
    0x0, 0x0, 0x0, 0x0,

    /* U+5F0F "式" */
    0x0, 0x0, 0x7c, 0x0, 0x0, 0x0, 0xf7, 0xc0,
    0x0, 0x1, 0xe7, 0xc0, 0x0, 0x3, 0xc7, 0x80,
    0x0, 0x7, 0x87, 0x0, 0x0, 0xf, 0xe, 0x0,
    0x0, 0x1e, 0x3e, 0x3f, 0xff, 0xff, 0xff, 0x0,
    0x0, 0x78, 0x0, 0x0, 0x0, 0xf0, 0x0, 0x0,
    0x1, 0xe0, 0x0, 0x0, 0x73, 0xc0, 0x0, 0x1,
    0xf7, 0x80, 0x7, 0xff, 0xff, 0x0, 0x0, 0x78,
    0xf, 0x0, 0x0, 0xf0, 0x1e, 0x0, 0x1, 0xe0,
    0x3c, 0x0, 0x3, 0xc0, 0x7c, 0x0, 0x7, 0x80,
    0x78, 0x0, 0xf, 0x0, 0xf8, 0x0, 0x1e, 0x1,
    0xf0, 0x40, 0x3c, 0x1, 0xf0, 0x80, 0x7b, 0xf3,
    0xf3, 0x0, 0xff, 0x3, 0xfe, 0x7f, 0xf8, 0x3,
    0xfc, 0xff, 0x80, 0x7, 0xf8, 0xfc, 0x0, 0x7,
    0xf0, 0xe0, 0x0, 0x7, 0xf1, 0x0, 0x0, 0x3,
    0xc0,

    /* U+5F15 "引" */
    0x0, 0x10, 0x7, 0xbf, 0xfe, 0x1, 0xff, 0xff,
    0xc0, 0x78, 0x0, 0xf0, 0x1e, 0x0, 0x38, 0x7,
    0x80, 0xe, 0x1, 0xe0, 0x3, 0x80, 0x78, 0x0,
    0xe0, 0x1e, 0x40, 0x38, 0x7, 0x9f, 0xfe, 0x1,
    0xe7, 0xff, 0x80, 0x79, 0xc0, 0xe0, 0x1e, 0x70,
    0x30, 0x7, 0x9c, 0x0, 0x1, 0xef, 0x0, 0x0,
    0x7b, 0xff, 0xe0, 0x1e, 0xff, 0xfe, 0x7, 0xbc,
    0xf, 0x1, 0xee, 0x3, 0xc0, 0x78, 0x0, 0xf0,
    0x1e, 0x0, 0x3c, 0x7, 0x80, 0x1f, 0x1, 0xe0,
    0x7, 0x80, 0x78, 0x1, 0xe0, 0x1e, 0x0, 0x78,
    0x7, 0x80, 0x3c, 0x1, 0xe3, 0xff, 0x0, 0x78,
    0x3f, 0xc0, 0x1e, 0x7, 0xe0, 0x7, 0x81, 0xe0,
    0x1, 0xc0,

    /* U+5F1F "弟" */
    0x0, 0xc0, 0x38, 0x0, 0x7, 0x83, 0xf8, 0x0,
    0x1e, 0x1f, 0x0, 0x0, 0xf0, 0xf0, 0x0, 0x7,
    0x86, 0x8, 0xf, 0xff, 0xff, 0xe0, 0x7f, 0xff,
    0xff, 0x80, 0x0, 0xf0, 0x3c, 0x0, 0x7, 0x81,
    0xe0, 0x0, 0x3c, 0xf, 0x1, 0x1, 0xe0, 0x78,
    0x1f, 0xff, 0xff, 0xc0, 0xff, 0xff, 0xfe, 0x7,
    0x83, 0xc0, 0xf0, 0x3c, 0x1e, 0x0, 0x3, 0xe0,
    0xf0, 0x8, 0x1f, 0xff, 0xff, 0xe0, 0xff, 0xff,
    0xff, 0x87, 0x9f, 0xe0, 0x3e, 0x38, 0xff, 0x1,
    0xe0, 0xf, 0xf8, 0xf, 0x0, 0xfb, 0xc0, 0xf8,
    0xf, 0x9e, 0x7, 0x80, 0x70, 0xf3, 0xfc, 0x7,
    0x7, 0x87, 0xe0, 0xe0, 0x3c, 0x1e, 0xe, 0x1,
    0xe0, 0xe0, 0x80, 0xf, 0x0, 0x0, 0x0, 0x78,
    0x0, 0x0, 0x3, 0x80, 0x0,

    /* U+5F31 "弱" */
    0x0, 0x10, 0x0, 0x41, 0xff, 0xe3, 0xff, 0xc3,
    0xff, 0xcf, 0xff, 0x80, 0xf, 0x0, 0x3c, 0x0,
    0x3c, 0x0, 0xf0, 0x0, 0xf0, 0x3, 0xc1, 0x3,
    0xcc, 0xf, 0x7, 0xff, 0x3f, 0xfc, 0x1f, 0xfc,
    0xff, 0xf0, 0xf8, 0xf3, 0xc3, 0xc3, 0xc3, 0xf,
    0xc, 0xf, 0x4, 0x3c, 0x8, 0x3f, 0xf8, 0xff,
    0xf0, 0xff, 0xfb, 0xff, 0xe7, 0xc3, 0xdf, 0xf,
    0x84, 0xf, 0x10, 0x3e, 0x1c, 0x3c, 0x38, 0xf8,
    0x38, 0xf0, 0xf3, 0xe0, 0xf3, 0xc3, 0xcf, 0x83,
    0xcf, 0x7, 0x3c, 0x2, 0x7c, 0x1, 0xf0, 0xe,
    0xf0, 0x3b, 0xc3, 0xf3, 0x8f, 0xcf, 0x1f, 0x8e,
    0x7e, 0x3c, 0x78, 0x79, 0xf0, 0xf0, 0xc1, 0xe3,
    0x3, 0xc2, 0x7f, 0x88, 0xff, 0x0, 0x7c, 0x1,
    0xf8, 0x0, 0xf0, 0x3, 0xe0, 0x3, 0x80, 0xe,
    0x0,

    /* U+5F37 "強" */
    0x0, 0x80, 0xe0, 0x0, 0x7, 0x3, 0xf0, 0x0,
    0x1e, 0xf, 0x80, 0x1f, 0xf8, 0x3c, 0x70, 0x1,
    0xe0, 0xe0, 0xf0, 0x7, 0x83, 0x3, 0xe0, 0x1e,
    0x18, 0x7, 0x80, 0x7f, 0xff, 0xff, 0x41, 0xef,
    0xfc, 0x39, 0xff, 0xbf, 0x0, 0x67, 0xfe, 0x83,
    0xe0, 0x1e, 0x78, 0xf, 0x0, 0x78, 0xc, 0x3c,
    0x21, 0xe0, 0x3f, 0xff, 0xc7, 0x80, 0xff, 0xff,
    0x9e, 0x3, 0xcf, 0x1e, 0xff, 0xcf, 0x3c, 0x7b,
    0xff, 0xbc, 0xf1, 0xef, 0x1e, 0xf3, 0xc7, 0x80,
    0x7b, 0xff, 0xfe, 0x1, 0xef, 0x3c, 0x78, 0x7,
    0xbc, 0xf1, 0x0, 0x1e, 0xc3, 0xc0, 0x0, 0x70,
    0xf, 0x30, 0x3, 0xc0, 0x3c, 0x70, 0xf, 0x0,
    0xf1, 0xe0, 0x3d, 0xff, 0xff, 0x9f, 0xf7, 0xff,
    0x8f, 0x1f, 0x9f, 0xf0, 0x3c, 0x3e, 0x3c, 0x0,
    0xf0, 0xe0, 0x80, 0x1, 0x80,

    /* U+5F53 "当" */
    0x0, 0x1f, 0x0, 0x0, 0x7, 0x80, 0x2, 0x1,
    0xe1, 0xc0, 0xe0, 0x78, 0x7e, 0x1e, 0x1e, 0x1f,
    0x7, 0xc7, 0x87, 0x80, 0xf1, 0xe3, 0xc0, 0x3e,
    0x78, 0xf0, 0x7, 0x9e, 0x38, 0x1, 0xe7, 0x98,
    0x0, 0x31, 0xe4, 0x63, 0xff, 0xff, 0xfc, 0x7f,
    0xff, 0xff, 0x80, 0x0, 0x3, 0xe0, 0x0, 0x0,
    0xf8, 0x0, 0x0, 0x3e, 0x0, 0x0, 0xf, 0x80,
    0x0, 0x3, 0xe0, 0x0, 0x0, 0xf8, 0xff, 0xff,
    0xfe, 0x0, 0x0, 0xf, 0x80, 0x0, 0x3, 0xe0,
    0x0, 0x0, 0xf8, 0x0, 0x0, 0x3e, 0x0, 0x0,
    0xf, 0x80, 0x0, 0x3, 0xef, 0xff, 0xff, 0xf8,
    0x0, 0x0, 0x3e, 0x0, 0x0, 0xf, 0x0, 0x0,
    0x3, 0x80,

    /* U+5F62 "形" */
    0x0, 0x0, 0x0, 0x40, 0x0, 0x3, 0x0, 0xc0,
    0x0, 0xf, 0x3, 0xe3, 0xff, 0xff, 0x7, 0xe0,
    0xf1, 0xe0, 0x1f, 0x1, 0xe3, 0xc0, 0x7c, 0x3,
    0xc7, 0x81, 0xe0, 0x7, 0x8f, 0x7, 0x80, 0xf,
    0x1e, 0x1c, 0x0, 0x1e, 0x3c, 0x60, 0xc0, 0x3c,
    0x78, 0x3, 0xe0, 0x78, 0xf6, 0x7, 0xe0, 0xf1,
    0xfe, 0x1f, 0x9f, 0xff, 0xfe, 0x7c, 0x3, 0xc7,
    0x81, 0xf0, 0x7, 0x8f, 0x3, 0xc0, 0xf, 0x1e,
    0xe, 0x0, 0x1e, 0x3c, 0x30, 0xc0, 0x3c, 0x79,
    0x81, 0xe0, 0x78, 0xf0, 0x7, 0xf0, 0xe1, 0xe0,
    0xf, 0x83, 0xc3, 0xc0, 0x3f, 0x7, 0x87, 0x80,
    0x7c, 0xe, 0xf, 0x1, 0xf0, 0x1c, 0x1e, 0x7,
    0xc0, 0x30, 0x3c, 0x1f, 0x0, 0xe0, 0x78, 0x78,
    0x1, 0x80, 0xf1, 0xe0, 0x6, 0x1, 0xe7, 0x0,
    0x8, 0x3, 0xb0, 0x0, 0x0,

    /* U+5F71 "影" */
    0x0, 0x4, 0x0, 0x0, 0x7f, 0xfe, 0x1, 0xc0,
    0xff, 0xfe, 0x3, 0xe1, 0xe0, 0x78, 0xf, 0xc3,
    0xc0, 0xf0, 0x3e, 0x7, 0xff, 0xe0, 0xf8, 0xf,
    0x3, 0xc3, 0xc0, 0x1e, 0x7, 0x8f, 0x0, 0x3f,
    0xff, 0x38, 0x40, 0x7b, 0x9c, 0x81, 0xe0, 0xc7,
    0x84, 0x3, 0xf0, 0xf, 0x1c, 0xf, 0xcf, 0xff,
    0xfc, 0x3e, 0x1f, 0xff, 0xf8, 0x78, 0xc, 0x1,
    0x81, 0xe0, 0x1f, 0xff, 0x87, 0x80, 0x3f, 0xff,
    0x9c, 0x40, 0x78, 0x1e, 0x60, 0xe0, 0xf0, 0x3c,
    0x3, 0xf1, 0xff, 0xf8, 0x7, 0xc3, 0xde, 0xe0,
    0x1f, 0x86, 0x3c, 0x0, 0x3e, 0x7, 0x7f, 0x0,
    0xf8, 0xf, 0xf7, 0x83, 0xe0, 0x3d, 0xe7, 0x87,
    0x80, 0xf3, 0xcf, 0x1e, 0x1, 0xbf, 0x9c, 0x70,
    0x6, 0x1f, 0x3, 0xc0, 0x0, 0x1c, 0xe, 0x0,
    0x0, 0x30, 0x60, 0x0, 0x0,

    /* U+5F79 "役" */
    0x1, 0x0, 0x3, 0x0, 0x3, 0x87, 0xff, 0x0,
    0xf, 0x8f, 0xff, 0x0, 0x3f, 0x9e, 0x3c, 0x0,
    0xf8, 0x3c, 0x78, 0x41, 0xe0, 0x78, 0xf0, 0x87,
    0x40, 0xf1, 0xe1, 0x18, 0xe1, 0xe3, 0xc6, 0x41,
    0xe3, 0x87, 0xfe, 0x7, 0xe7, 0xf, 0xfc, 0xf,
    0x9c, 0x1f, 0xf8, 0x3e, 0x38, 0x1f, 0xc0, 0xf8,
    0xe0, 0x4, 0x1, 0xfb, 0x0, 0x1c, 0x7, 0xe3,
    0xff, 0xfc, 0xf, 0xc7, 0xff, 0xfc, 0x37, 0x81,
    0x1, 0xf8, 0xcf, 0x2, 0x7, 0xc2, 0x1e, 0x2,
    0xf, 0x80, 0x3c, 0x6, 0x3e, 0x0, 0x78, 0x6,
    0x7c, 0x0, 0xf0, 0xf, 0xf0, 0x1, 0xe0, 0xf,
    0xc0, 0x3, 0xc0, 0x1f, 0x0, 0x7, 0x80, 0x3f,
    0xc0, 0xf, 0x1, 0xff, 0xf0, 0x1e, 0x7, 0x9f,
    0xf8, 0x3c, 0x3c, 0xf, 0xc0, 0x78, 0xe0, 0xf,
    0x0, 0xee, 0x0, 0x6, 0x0,

    /* U+5F7C "彼" */
    0x2, 0x0, 0x20, 0x0, 0xe, 0x0, 0x78, 0x0,
    0x1f, 0x0, 0xf0, 0x0, 0x7c, 0x1, 0xe0, 0x1,
    0xf0, 0x3, 0xc1, 0x3, 0xc3, 0xff, 0xff, 0xe,
    0x87, 0xff, 0xff, 0x39, 0xcf, 0x1e, 0x3e, 0x47,
    0xfe, 0x3c, 0x71, 0xf, 0xbc, 0x79, 0xc0, 0x1e,
    0x78, 0xf2, 0x0, 0x78, 0xf1, 0xe2, 0x0, 0xf1,
    0xff, 0xfe, 0x3, 0xe3, 0xff, 0xff, 0x7, 0xe7,
    0xa0, 0x7e, 0x1f, 0x8f, 0x20, 0xf8, 0x6f, 0x1e,
    0x41, 0xe0, 0x9e, 0x3c, 0x87, 0xc2, 0x3c, 0x79,
    0x8f, 0x0, 0x78, 0xf1, 0x1e, 0x0, 0xf1, 0xc3,
    0x78, 0x1, 0xe3, 0x87, 0xf0, 0x3, 0xc7, 0x7,
    0xc0, 0x7, 0x9c, 0xf, 0x80, 0xf, 0x38, 0x3f,
    0xc0, 0x1e, 0x60, 0xff, 0xf0, 0x3c, 0xc3, 0x8f,
    0xf0, 0x7b, 0x1e, 0xf, 0xc0, 0xf4, 0x60, 0xf,
    0x1, 0xc3, 0x0, 0x4, 0x0,

    /* U+5F80 "往" */
    0x0, 0x0, 0x0, 0x0, 0xc, 0xf, 0x80, 0x0,
    0x7c, 0x1f, 0x80, 0x3, 0xf0, 0x3f, 0x0, 0xf,
    0x80, 0x7c, 0x0, 0x78, 0x0, 0xf0, 0x1, 0xc0,
    0x3, 0xc7, 0xe, 0x80, 0x4, 0x1e, 0x63, 0xbf,
    0xff, 0xfe, 0xf, 0x81, 0xe0, 0x0, 0x7c, 0x7,
    0x80, 0x1, 0xe0, 0x1e, 0x0, 0xf, 0x0, 0x78,
    0x0, 0x3c, 0x1, 0xe0, 0x1, 0xf8, 0x7, 0x80,
    0x7, 0xc0, 0x1e, 0x0, 0x3f, 0x0, 0x78, 0x61,
    0xbc, 0x1, 0xe3, 0xc4, 0xf1, 0xff, 0xff, 0xa3,
    0xc0, 0x1e, 0x0, 0xf, 0x0, 0x78, 0x0, 0x3c,
    0x1, 0xe0, 0x0, 0xf0, 0x7, 0x80, 0x3, 0xc0,
    0x1e, 0x0, 0xf, 0x0, 0x78, 0x0, 0x3c, 0x1,
    0xe0, 0x0, 0xf0, 0x7, 0x80, 0x3, 0xc0, 0x1e,
    0xc, 0xf, 0x0, 0x78, 0x78, 0x3d, 0xff, 0xff,
    0xf0, 0xe0, 0x0, 0x0, 0x0,

    /* U+5F85 "待" */
    0x2, 0x0, 0x78, 0x0, 0x6, 0x0, 0xf8, 0x0,
    0x1f, 0x1, 0xe0, 0x0, 0x7f, 0x3, 0xc2, 0x0,
    0xf8, 0x7, 0x8e, 0x3, 0xc0, 0xf, 0x3e, 0xf,
    0x7, 0xff, 0xfe, 0x1d, 0x80, 0x3c, 0x0, 0x63,
    0xc0, 0x78, 0x1, 0xf, 0xc0, 0xf0, 0x0, 0x1f,
    0x1, 0xe0, 0xe0, 0x7c, 0x3, 0xc3, 0xe0, 0xf7,
    0xff, 0xff, 0xe3, 0xc0, 0x0, 0x0, 0x7, 0xe0,
    0x1, 0xf0, 0x1f, 0x80, 0x3, 0xd8, 0x7f, 0x0,
    0x7, 0xfc, 0x9e, 0x7f, 0xff, 0xfe, 0x3c, 0x0,
    0x1e, 0x0, 0x78, 0xe0, 0x3c, 0x0, 0xf0, 0xf0,
    0x78, 0x1, 0xe0, 0xf0, 0xf0, 0x3, 0xc1, 0xe1,
    0xe0, 0x7, 0x81, 0xe3, 0xc0, 0xf, 0x3, 0x87,
    0x80, 0x1e, 0x0, 0xf, 0x0, 0x3c, 0x0, 0x1e,
    0x0, 0x78, 0x7, 0xfc, 0x0, 0xf0, 0x1, 0xf8,
    0x1, 0xe0, 0x3, 0xe0, 0x3, 0x80, 0x7, 0x80,
    0x0,

    /* U+5F8B "律" */
    0x6, 0x0, 0xf8, 0x0, 0xf, 0x1, 0xe0, 0x0,
    0x3f, 0x3, 0xc3, 0x0, 0x79, 0xff, 0xff, 0x1,
    0xe3, 0xff, 0xff, 0x7, 0xc0, 0x1e, 0x3e, 0x1c,
    0xe0, 0x3c, 0x7c, 0x21, 0xf0, 0x78, 0xfe, 0x87,
    0xff, 0xff, 0xfe, 0xf, 0x81, 0xe3, 0xe0, 0x3e,
    0x3, 0xc7, 0xc0, 0x78, 0x7, 0x8f, 0x81, 0xf0,
    0xf, 0x1f, 0x3, 0xf0, 0x1e, 0x3e, 0xf, 0xcf,
    0xff, 0xfc, 0x1f, 0x80, 0x78, 0xf0, 0x6f, 0x0,
    0xf0, 0x21, 0x9e, 0x1, 0xe1, 0xe0, 0x3d, 0xff,
    0xff, 0xf0, 0x78, 0x7, 0x80, 0x0, 0xf0, 0xf,
    0x0, 0x1, 0xe0, 0x1e, 0x7, 0x3, 0xc0, 0x3c,
    0x1f, 0x7, 0xbf, 0xff, 0xff, 0xf, 0x0, 0xf0,
    0x0, 0x1e, 0x1, 0xe0, 0x0, 0x3c, 0x3, 0xc0,
    0x0, 0x78, 0x7, 0x80, 0x0, 0xf0, 0xf, 0x0,
    0x1, 0xc0, 0x1c, 0x0, 0x0,

    /* U+5F8C "後" */
    0x2, 0x0, 0x40, 0x0, 0xe, 0x1, 0xe0, 0x0,
    0x1f, 0x3, 0xf0, 0x0, 0x7c, 0x7, 0x90, 0x0,
    0xf1, 0x1e, 0x38, 0x3, 0xc3, 0xf0, 0xf8, 0xe,
    0x83, 0xe3, 0xe8, 0x39, 0xc3, 0xc7, 0x80, 0xc3,
    0xe7, 0xde, 0x0, 0xf, 0x87, 0x7b, 0x0, 0x1f,
    0x5, 0xc3, 0x80, 0x7c, 0x7, 0x7, 0x80, 0xf3,
    0xff, 0xff, 0x83, 0xf7, 0xff, 0xcf, 0xf, 0xc7,
    0xf8, 0xf, 0x1f, 0x8e, 0xfc, 0x1c, 0x6f, 0x1,
    0xe1, 0x80, 0x9e, 0x7, 0xff, 0x82, 0x3c, 0xf,
    0xff, 0x80, 0x78, 0x3c, 0x3f, 0x0, 0xf0, 0xf8,
    0x7c, 0x1, 0xe1, 0xd9, 0xf0, 0x3, 0xc7, 0x1f,
    0xc0, 0x7, 0x98, 0x3f, 0x0, 0xf, 0x40, 0x7f,
    0x0, 0x1e, 0x1, 0xff, 0xe0, 0x3c, 0x7, 0xbf,
    0xf0, 0x78, 0x3c, 0x1f, 0xc0, 0xf1, 0xe0, 0xf,
    0x1, 0xcc, 0x0, 0x6, 0x0,

    /* U+5F92 "徒" */
    0x2, 0x0, 0x70, 0x0, 0xc, 0x1, 0xf0, 0x0,
    0x7c, 0x7, 0x80, 0x1, 0xf8, 0x1e, 0x0, 0xf,
    0x80, 0x78, 0xc0, 0x7c, 0x1, 0xe7, 0x81, 0xc1,
    0xff, 0xff, 0xe, 0xc0, 0x1e, 0x0, 0x63, 0x80,
    0x78, 0x2, 0xf, 0x81, 0xe0, 0x0, 0x7c, 0x7,
    0x86, 0x1, 0xe0, 0x1e, 0x3e, 0xf, 0x3f, 0xff,
    0xfc, 0x38, 0x0, 0x0, 0x1, 0xf8, 0x7, 0xc0,
    0xf, 0xc0, 0x1e, 0x0, 0x3f, 0x1f, 0x78, 0x1,
    0xbc, 0x79, 0xe3, 0x8c, 0xf1, 0xe7, 0x8f, 0x3,
    0xc7, 0x9f, 0xfe, 0xf, 0x1e, 0x78, 0x0, 0x3c,
    0x71, 0xe0, 0x0, 0xf1, 0xe7, 0x80, 0x3, 0xc7,
    0x9e, 0x0, 0xf, 0x3b, 0xf8, 0x0, 0x3c, 0xe7,
    0xe0, 0x0, 0xf3, 0x1f, 0xff, 0xc3, 0xcc, 0x3f,
    0xfe, 0xf, 0x60, 0x7f, 0xf0, 0x3d, 0x0, 0x3f,
    0xc0, 0xe8, 0x0, 0x0, 0x0,

    /* U+5F93 "従" */
    0x4, 0x8, 0x1, 0x0, 0xe, 0xc, 0x3, 0xe0,
    0x3e, 0x1e, 0xf, 0x80, 0x7e, 0x3c, 0x1e, 0x1,
    0xf0, 0x3c, 0x38, 0x3, 0xc0, 0x78, 0xf0, 0xe,
    0x0, 0xe1, 0x8c, 0x39, 0x0, 0x2, 0x3c, 0x63,
    0x9f, 0xff, 0xfd, 0xf, 0xff, 0xff, 0xf8, 0x1f,
    0x0, 0xf0, 0x0, 0x3c, 0x1, 0xe0, 0x0, 0xf0,
    0x3, 0xc0, 0x1, 0xf0, 0x7, 0x80, 0x7, 0xc7,
    0xcf, 0x10, 0xf, 0x8f, 0x1e, 0x30, 0x3f, 0x1e,
    0x3c, 0xf0, 0x7e, 0x3c, 0x7f, 0xf1, 0xbc, 0x78,
    0xf0, 0x4, 0x78, 0xf1, 0xe0, 0x0, 0xf1, 0xc3,
    0xc0, 0x1, 0xe3, 0xc7, 0x80, 0x3, 0xc7, 0x8f,
    0x0, 0x7, 0x8e, 0x9e, 0x0, 0xf, 0x39, 0xbc,
    0x0, 0x1e, 0x73, 0xf8, 0x0, 0x3c, 0xc3, 0xff,
    0xf0, 0x79, 0x83, 0xff, 0xc0, 0xf6, 0x3, 0xff,
    0x81, 0xe8, 0x1, 0xff, 0x3, 0xa0, 0x0, 0x0,
    0x0,

    /* U+5F97 "得" */
    0x2, 0x8, 0x0, 0x80, 0xf, 0x1c, 0x3, 0xc0,
    0x3f, 0xbf, 0xff, 0xc0, 0x7c, 0x78, 0xf, 0x1,
    0xf0, 0xf0, 0x1e, 0x7, 0x81, 0xe0, 0x3c, 0xe,
    0x83, 0xff, 0xf8, 0x31, 0xc7, 0x80, 0xf0, 0x87,
    0xef, 0x1, 0xe0, 0xf, 0x9e, 0x3, 0xc0, 0x3e,
    0x3f, 0xff, 0x80, 0x78, 0x78, 0xe, 0x1, 0xf8,
    0xc0, 0x6, 0x3, 0xe0, 0x0, 0x1f, 0xf, 0xc7,
    0xff, 0xfe, 0x1f, 0x80, 0x3, 0xc0, 0x6f, 0x0,
    0x7, 0x81, 0x9e, 0x0, 0xf, 0x60, 0x3c, 0x0,
    0x1e, 0xf0, 0x7b, 0xff, 0xff, 0xe0, 0xf0, 0x0,
    0x78, 0x1, 0xe0, 0xf0, 0xf0, 0x3, 0xc0, 0xf1,
    0xe0, 0x7, 0x81, 0xf3, 0xc0, 0xf, 0x1, 0xc7,
    0x80, 0x1e, 0x1, 0x8f, 0x0, 0x3c, 0x0, 0xfe,
    0x0, 0x78, 0x0, 0x7c, 0x0, 0xf0, 0x0, 0xf0,
    0x1, 0xc0, 0x1, 0xc0, 0x0,

    /* U+5FA1 "御" */
    0xc, 0x18, 0x0, 0x0, 0x1e, 0x3e, 0x10, 0x20,
    0x3e, 0x78, 0x3f, 0xe0, 0xf1, 0xe1, 0x7f, 0xe1,
    0xe3, 0x87, 0xf3, 0xc7, 0x7, 0xff, 0xe7, 0xd,
    0x1d, 0xe3, 0xce, 0x33, 0xb3, 0xc7, 0x9c, 0xc7,
    0xc7, 0x8f, 0x38, 0x1f, 0xf, 0x5e, 0x70, 0x3c,
    0x1e, 0xfc, 0xe0, 0x73, 0xff, 0xf9, 0xc1, 0xe0,
    0x78, 0xf3, 0x83, 0xe0, 0xf1, 0xe7, 0xf, 0x9f,
    0xe3, 0xce, 0x1f, 0x3b, 0xd7, 0x9c, 0x7e, 0x77,
    0xbf, 0x38, 0xbc, 0xef, 0xfe, 0x72, 0x79, 0xde,
    0x3c, 0xe0, 0xf3, 0xbc, 0x79, 0xc1, 0xe7, 0x78,
    0xf3, 0x83, 0xce, 0xf1, 0xe7, 0x7, 0x9d, 0xe7,
    0xfe, 0xf, 0x3f, 0xf7, 0xbc, 0x1e, 0xff, 0x8f,
    0x78, 0x3d, 0xfc, 0x1e, 0x40, 0x79, 0xc0, 0x3c,
    0x0, 0xf2, 0x0, 0x78, 0x1, 0xe0, 0x0, 0xf0,
    0x3, 0x80, 0x1, 0xc0, 0x0,

    /* U+5FA9 "復" */
    0x2, 0x3, 0x80, 0x0, 0xf, 0x7, 0xe0, 0x0,
    0x1f, 0xf, 0x80, 0xe0, 0x7c, 0x1e, 0x3, 0xe0,
    0xf0, 0x7f, 0xff, 0xe3, 0xc0, 0xf0, 0x0, 0x7,
    0x3, 0xc0, 0x18, 0x1d, 0x87, 0xff, 0xf8, 0x63,
    0xcf, 0xff, 0xf9, 0xf, 0xff, 0x1, 0xe0, 0x1f,
    0xde, 0x3, 0xc0, 0x7d, 0x3f, 0xff, 0x80, 0xf0,
    0x78, 0xf, 0x3, 0xe0, 0xf0, 0x1e, 0x7, 0xc1,
    0xff, 0xfc, 0x1f, 0x83, 0xf0, 0x70, 0x3f, 0x6,
    0xf8, 0x40, 0x9e, 0x3, 0xe1, 0xc2, 0x3c, 0x7,
    0xff, 0xc0, 0x78, 0x1f, 0xff, 0x80, 0xf0, 0x38,
    0x1f, 0x1, 0xe0, 0xe8, 0x7c, 0x3, 0xc3, 0x99,
    0xf0, 0x7, 0x8e, 0x1f, 0xc0, 0xf, 0x30, 0x1f,
    0x0, 0x1e, 0x80, 0x7f, 0xe0, 0x3c, 0x3, 0xff,
    0xf8, 0x78, 0x1f, 0x1f, 0xc0, 0xf0, 0xf0, 0xf,
    0x81, 0xce, 0x0, 0x2, 0x0,

    /* U+5FC3 "心" */
    0x0, 0x3e, 0x0, 0x0, 0x0, 0x1f, 0x80, 0x0,
    0x0, 0x1f, 0x80, 0x0, 0x0, 0x1f, 0x80, 0x0,
    0x0, 0x1f, 0x0, 0x0, 0x0, 0x3e, 0x0, 0x0,
    0x18, 0x3c, 0x0, 0x0, 0x3e, 0x30, 0x0, 0x0,
    0x78, 0x0, 0x0, 0x8, 0xf0, 0x3, 0x0, 0x11,
    0xe0, 0x3, 0x80, 0x23, 0xc0, 0x7, 0x80, 0xc7,
    0x80, 0x7, 0x81, 0xcf, 0x0, 0xf, 0x83, 0x9e,
    0x0, 0x1f, 0xf, 0x3c, 0x0, 0x1f, 0x3e, 0x78,
    0x0, 0x3e, 0xf8, 0xf0, 0x0, 0x7d, 0xf1, 0xe0,
    0x0, 0xf3, 0xe3, 0xc0, 0x9, 0xe7, 0x87, 0x80,
    0x11, 0x80, 0xf, 0x0, 0x20, 0x0, 0x1e, 0x0,
    0xc0, 0x0, 0x3c, 0x1, 0x80, 0x0, 0x7f, 0xff,
    0x80, 0x0, 0xff, 0xff, 0x80, 0x1, 0xff, 0xfe,
    0x0, 0x0, 0xff, 0xf0, 0x0,

    /* U+5FC5 "必" */
    0x0, 0x7c, 0x0, 0x0, 0x0, 0xfc, 0x0, 0x0,
    0x1, 0xfc, 0x30, 0x0, 0x3, 0xf0, 0xf0, 0x0,
    0x7, 0xe7, 0xf0, 0x0, 0xf, 0x9f, 0x0, 0xf,
    0x3c, 0xf8, 0x0, 0x3e, 0x3, 0xe0, 0x0, 0xf0,
    0x1f, 0x0, 0x3, 0xc0, 0xf8, 0x0, 0xf, 0x3,
    0xe0, 0x2, 0x3c, 0x1f, 0x60, 0x8, 0xf0, 0xf9,
    0xc0, 0x33, 0xc3, 0xc3, 0x81, 0xcf, 0x1e, 0xf,
    0x7, 0x3c, 0xf8, 0x1e, 0x3c, 0xf7, 0x80, 0x79,
    0xf3, 0xfc, 0x1, 0xff, 0x8f, 0xe0, 0x3, 0xfe,
    0x3f, 0x0, 0xf, 0xf0, 0xf8, 0x2, 0x3f, 0x83,
    0xc0, 0x8, 0x60, 0x1f, 0x0, 0x20, 0x0, 0xfc,
    0x1, 0x80, 0xe, 0xf0, 0x6, 0x0, 0x63, 0xff,
    0xfc, 0x6, 0xf, 0xff, 0xf8, 0x20, 0x3f, 0xff,
    0xc0, 0x0, 0x3f, 0xfc, 0x0,

    /* U+5FD8 "忘" */
    0x0, 0x7, 0xc0, 0x0, 0x0, 0x1e, 0x0, 0x0,
    0x0, 0x78, 0x0, 0x0, 0x1, 0xe0, 0x18, 0x0,
    0x7, 0x80, 0xf3, 0xff, 0xff, 0xff, 0xe7, 0xff,
    0xff, 0xff, 0x80, 0xf0, 0x0, 0x0, 0x3, 0xc0,
    0x0, 0x0, 0xf, 0x0, 0x0, 0x0, 0x3c, 0x0,
    0x0, 0x0, 0xf0, 0x0, 0x0, 0x3, 0xff, 0xff,
    0xe0, 0xf, 0xff, 0xff, 0x80, 0xf, 0xff, 0xfc,
    0x0, 0x0, 0x0, 0x0, 0x0, 0x4, 0x0, 0x0,
    0x0, 0x1f, 0x0, 0x0, 0xe, 0x3e, 0x20, 0x3,
    0x3e, 0x7c, 0x70, 0xc, 0xf9, 0xf0, 0xe0, 0x33,
    0xe3, 0xc3, 0xc1, 0xcf, 0x8e, 0x47, 0x8f, 0x3e,
    0x1, 0x1f, 0x7c, 0xf8, 0x4, 0x3f, 0xf3, 0xe0,
    0x30, 0xff, 0x8f, 0xff, 0xf3, 0xde, 0x3f, 0xff,
    0xc6, 0x0, 0x7f, 0xff, 0x0, 0x0, 0xff, 0xf0,
    0x0,

    /* U+5FD9 "忙" */
    0x7, 0xc0, 0x1f, 0x0, 0xf, 0x0, 0x3c, 0x0,
    0x1e, 0x0, 0x78, 0x0, 0x3c, 0x0, 0xf0, 0x0,
    0x78, 0x1, 0xe1, 0x0, 0xf0, 0x3, 0xc7, 0x5,
    0xf0, 0x7, 0x9f, 0x8b, 0xff, 0xff, 0xff, 0x17,
    0xb3, 0xc0, 0x0, 0x2f, 0x77, 0x80, 0x0, 0xfe,
    0xef, 0x0, 0x3, 0xfd, 0xde, 0x0, 0x7, 0x79,
    0x3c, 0x0, 0xe, 0xf0, 0x78, 0x0, 0x19, 0xe0,
    0xf0, 0x0, 0x3, 0xc1, 0xe0, 0x0, 0x7, 0x83,
    0xc0, 0x0, 0xf, 0x7, 0x80, 0x0, 0x1e, 0xf,
    0x0, 0x0, 0x3c, 0x1e, 0x0, 0x0, 0x78, 0x3c,
    0x0, 0x0, 0xf0, 0x78, 0x0, 0x1, 0xe0, 0xf0,
    0x0, 0x3, 0xc1, 0xe0, 0x0, 0x7, 0x83, 0xc0,
    0x0, 0xf, 0x7, 0xff, 0xf8, 0x1e, 0xf, 0xff,
    0xf8, 0x3c, 0x1f, 0xff, 0xe0, 0x78, 0xf, 0xff,
    0x80, 0xe0, 0x0, 0x0, 0x0,

    /* U+5FF5 "念" */
    0x0, 0x1c, 0x0, 0x0, 0x0, 0x7e, 0x0, 0x0,
    0x3, 0xf0, 0x0, 0x0, 0x1f, 0xa0, 0x0, 0x0,
    0x7c, 0x60, 0x0, 0x3, 0xe0, 0xe0, 0x0, 0x1f,
    0x1, 0xf0, 0x0, 0xf0, 0x33, 0xfe, 0x7, 0x81,
    0xe7, 0xfc, 0x78, 0xff, 0xcf, 0xc3, 0xc0, 0x0,
    0x8f, 0x39, 0xff, 0xff, 0xc, 0x7, 0xff, 0xfe,
    0x0, 0x0, 0x0, 0xfc, 0x0, 0x0, 0x3, 0xc0,
    0x0, 0x0, 0x1f, 0x0, 0x0, 0x0, 0x78, 0x0,
    0x0, 0x3b, 0xe0, 0x0, 0x0, 0x7f, 0x0, 0x2,
    0x3f, 0xf0, 0xc0, 0x8, 0xf3, 0xc1, 0xc0, 0x33,
    0xc7, 0x83, 0xc1, 0xcf, 0x1c, 0x4f, 0x8f, 0x3c,
    0x1, 0x1e, 0x7c, 0xf0, 0xc, 0x7b, 0xe3, 0xc0,
    0x31, 0xef, 0x8f, 0xff, 0xe7, 0x88, 0x3f, 0xff,
    0x80, 0x0, 0x7f, 0xfc, 0x0,

    /* U+6012 "怒" */
    0x3, 0x80, 0x0, 0x0, 0x7, 0xc0, 0x0, 0xc0,
    0x1f, 0x7, 0xff, 0xc0, 0x3c, 0x4f, 0xff, 0xcf,
    0xff, 0xe4, 0xf, 0x9f, 0xff, 0xe4, 0x3e, 0x3,
    0xc7, 0xc8, 0x7c, 0x7, 0x8f, 0x18, 0xf0, 0x1e,
    0x3e, 0x13, 0xe0, 0x3c, 0x78, 0x37, 0x80, 0xfc,
    0xf0, 0x7e, 0x1, 0xff, 0xc0, 0x7c, 0x3, 0xcf,
    0xc0, 0xf8, 0x0, 0x1f, 0xc3, 0xfc, 0x0, 0x7f,
    0x8e, 0xff, 0x1, 0xef, 0x30, 0xfc, 0x7, 0xd,
    0x80, 0xf0, 0x18, 0x0, 0x0, 0xc0, 0xc0, 0x3e,
    0x0, 0x2, 0x7, 0x3e, 0x0, 0x0, 0x4f, 0xbe,
    0x38, 0x0, 0x9e, 0x3c, 0x3c, 0x3, 0x3c, 0x78,
    0x3c, 0xe, 0x78, 0x62, 0x7c, 0x7c, 0xf0, 0x4,
    0x7d, 0xf9, 0xe0, 0x18, 0xfb, 0xf3, 0xff, 0xfc,
    0xf3, 0xc7, 0xff, 0xf9, 0xc0, 0x7, 0xff, 0xc0,
    0x0,

    /* U+601D "思" */
    0xc, 0x0, 0x1, 0x80, 0x3f, 0xff, 0xff, 0x0,
    0xff, 0xff, 0xfe, 0x3, 0xc1, 0xe0, 0xf0, 0xf,
    0x7, 0x83, 0xc0, 0x3c, 0x1e, 0xf, 0x0, 0xf0,
    0x78, 0x3c, 0x3, 0xff, 0xff, 0xf0, 0xf, 0x7,
    0x83, 0xc0, 0x3c, 0x1e, 0xf, 0x0, 0xf0, 0x78,
    0x3c, 0x3, 0xc1, 0xe0, 0xf0, 0xf, 0x7, 0x83,
    0xc0, 0x3f, 0xff, 0xff, 0x0, 0xf0, 0x0, 0x3c,
    0x3, 0xc0, 0x0, 0xf0, 0xc, 0xf, 0x0, 0x0,
    0x0, 0x1f, 0x0, 0x0, 0x4f, 0xbe, 0x38, 0x1,
    0x3c, 0x78, 0x78, 0xc, 0xf0, 0xf0, 0xf0, 0x73,
    0xc3, 0x91, 0xe3, 0xcf, 0x0, 0x47, 0xdf, 0x3c,
    0x1, 0x1f, 0xfc, 0xf0, 0xc, 0x3f, 0xe3, 0xff,
    0xfc, 0xf7, 0xf, 0xff, 0xf1, 0x0, 0x1f, 0xff,
    0x0,

    /* U+6025 "急" */
    0x0, 0xf8, 0x0, 0x0, 0x3, 0xf1, 0x0, 0x0,
    0x1f, 0xff, 0x0, 0x0, 0x7f, 0xfe, 0x0, 0x3,
    0xe1, 0xf0, 0x0, 0xf, 0x7, 0x0, 0x0, 0x7f,
    0xff, 0xf8, 0x3, 0xff, 0xff, 0xf0, 0x1c, 0x0,
    0x7, 0xc0, 0xc0, 0x0, 0x1f, 0x4, 0x0, 0x0,
    0x7c, 0x0, 0xff, 0xff, 0xf0, 0x0, 0x0, 0x7,
    0xc0, 0x0, 0x0, 0x1f, 0x0, 0x0, 0x0, 0x7c,
    0x3, 0xff, 0xff, 0xf0, 0x0, 0x0, 0x7, 0xc0,
    0x0, 0x0, 0x1c, 0x0, 0x4f, 0xf8, 0x60, 0x1,
    0x3c, 0xf0, 0xf0, 0xc, 0xf1, 0xe1, 0xf0, 0x73,
    0xc7, 0x93, 0xe3, 0xcf, 0xe, 0x4f, 0x9f, 0x3c,
    0x3, 0x1f, 0xf8, 0xf0, 0xc, 0x7f, 0xe3, 0xff,
    0xfc, 0xe6, 0xf, 0xff, 0xe0, 0x0, 0x1f, 0xff,
    0x0,

    /* U+6027 "性" */
    0x7, 0x0, 0x0, 0x0, 0x7, 0xc0, 0x1f, 0x0,
    0x7, 0x80, 0x1e, 0x0, 0x7, 0x83, 0xde, 0x0,
    0x7, 0x83, 0xfe, 0x0, 0x7, 0x83, 0x9e, 0x0,
    0x7, 0xf3, 0x9e, 0x10, 0x17, 0xbf, 0x9e, 0x38,
    0x17, 0xbf, 0x1e, 0x3c, 0x17, 0xbf, 0xff, 0xfe,
    0x37, 0x9f, 0x1e, 0x0, 0x37, 0x86, 0x1e, 0x0,
    0x77, 0x8e, 0x1e, 0x0, 0xf7, 0x8c, 0x1e, 0x0,
    0x67, 0x88, 0x1e, 0x0, 0x7, 0x90, 0x1e, 0x0,
    0x7, 0x90, 0x1e, 0x30, 0x7, 0x80, 0x1e, 0x78,
    0x7, 0x87, 0xff, 0xfc, 0x7, 0x80, 0x1e, 0x0,
    0x7, 0x80, 0x1e, 0x0, 0x7, 0x80, 0x1e, 0x0,
    0x7, 0x80, 0x1e, 0x0, 0x7, 0x80, 0x1e, 0x0,
    0x7, 0x80, 0x1e, 0x0, 0x7, 0x80, 0x1e, 0x0,
    0x7, 0x80, 0x1e, 0x10, 0x7, 0x80, 0x1e, 0x1c,
    0x7, 0x80, 0x1e, 0x3e, 0x7, 0x9f, 0xff, 0xff,
    0x7, 0x80, 0x0, 0x0,

    /* U+606F "息" */
    0x0, 0x7, 0x0, 0x0, 0x0, 0x1f, 0x80, 0x0,
    0x60, 0x78, 0x20, 0x1, 0xff, 0xff, 0xe0, 0x7,
    0xff, 0xff, 0xc0, 0x1f, 0x0, 0x1e, 0x0, 0x7c,
    0x0, 0x78, 0x1, 0xf0, 0x1, 0xe0, 0x7, 0xff,
    0xff, 0x80, 0x1f, 0x0, 0x1e, 0x0, 0x7c, 0x0,
    0x78, 0x1, 0xf0, 0x1, 0xe0, 0x7, 0xff, 0xff,
    0x80, 0x1f, 0x0, 0x1e, 0x0, 0x7c, 0x0, 0x78,
    0x1, 0xf0, 0x1, 0xe0, 0x7, 0xff, 0xff, 0x80,
    0x1f, 0x0, 0x1e, 0x0, 0x78, 0x0, 0x78, 0x0,
    0x3f, 0xe0, 0x0, 0x4, 0xf3, 0xc3, 0x80, 0x33,
    0xc7, 0x87, 0x80, 0xcf, 0x1e, 0x4f, 0x8f, 0x3c,
    0x39, 0x1f, 0x7c, 0xf0, 0x4, 0x7f, 0xf3, 0xc0,
    0x30, 0xff, 0x8f, 0xff, 0xf3, 0xdc, 0x3f, 0xff,
    0x86, 0x0, 0x7f, 0xfc, 0x0,

    /* U+60AA "悪" */
    0x0, 0x0, 0x0, 0x0, 0x0, 0x0, 0x6, 0x0,
    0x0, 0x0, 0x3c, 0xff, 0xff, 0xff, 0xf0, 0x7,
    0x8f, 0x0, 0x0, 0x3c, 0x78, 0x0, 0x61, 0xe3,
    0xc6, 0x3, 0xff, 0xff, 0xf8, 0x1f, 0xff, 0xff,
    0xe0, 0xf3, 0xc7, 0x9e, 0x7, 0x9e, 0x3c, 0xf0,
    0x3c, 0xf1, 0xe7, 0x81, 0xe7, 0x8f, 0x3c, 0xf,
    0xff, 0xff, 0xe0, 0x79, 0xe3, 0xcf, 0x3, 0xcf,
    0x1e, 0x0, 0x0, 0x78, 0xf0, 0x60, 0x3, 0xc7,
    0x87, 0xbf, 0xff, 0xff, 0xfe, 0x0, 0x0, 0x0,
    0x0, 0x0, 0xe0, 0x0, 0x2, 0xfb, 0xe1, 0x80,
    0x37, 0x8f, 0x87, 0x1, 0xbc, 0x3c, 0x3c, 0x1d,
    0xe1, 0xe4, 0xf3, 0xef, 0x6, 0x27, 0xfe, 0x78,
    0x3, 0x1f, 0xf3, 0xff, 0xfc, 0xf7, 0xf, 0xff,
    0xe3, 0x80, 0x7f, 0xfe, 0x0,

    /* U+60B2 "悲" */
    0x0, 0x38, 0x70, 0x0, 0x0, 0xf1, 0xe0, 0x0,
    0x3, 0x87, 0x86, 0x0, 0xe, 0x1e, 0x3c, 0x3f,
    0xf8, 0x7f, 0xf8, 0x0, 0xe1, 0xe0, 0x0, 0x3,
    0x87, 0x80, 0x0, 0xe, 0x1e, 0x30, 0x0, 0x38,
    0x79, 0xe0, 0x7f, 0xe1, 0xff, 0xc0, 0x7, 0x87,
    0x80, 0x0, 0x1e, 0x1e, 0x0, 0x0, 0x78, 0x78,
    0x73, 0xff, 0xe1, 0xe1, 0xe7, 0xff, 0x87, 0xff,
    0xdf, 0xbc, 0x1e, 0x0, 0x38, 0xf0, 0x78, 0x0,
    0x87, 0x81, 0xe0, 0x0, 0x3d, 0x87, 0x80, 0x1,
    0xc3, 0xe0, 0x0, 0x1c, 0xc7, 0xc2, 0x0, 0x13,
    0xcf, 0x87, 0x0, 0x4f, 0x1e, 0x1f, 0x3, 0x3c,
    0x79, 0x3e, 0x1c, 0xf0, 0xc4, 0x79, 0xf3, 0xc0,
    0x11, 0xff, 0xcf, 0x0, 0xc3, 0xff, 0x3f, 0xff,
    0xcf, 0x78, 0xff, 0xff, 0x38, 0x1, 0xff, 0xf0,
    0x0,

    /* U+60C5 "情" */
    0x7, 0x80, 0x18, 0x0, 0xf, 0x80, 0x3c, 0x0,
    0x1e, 0x0, 0x70, 0xe0, 0x3c, 0x0, 0xe1, 0xe0,
    0x78, 0xff, 0xff, 0xe0, 0xf8, 0x3, 0x84, 0x5,
    0xf8, 0x7, 0x1e, 0xb, 0xdb, 0xff, 0xfe, 0x17,
    0xb8, 0x1c, 0x0, 0x6f, 0x70, 0x38, 0x30, 0xde,
    0xc0, 0x70, 0xf3, 0xbc, 0xff, 0xff, 0xf7, 0x79,
    0xff, 0xff, 0xee, 0xf0, 0x60, 0xc, 0x1, 0xe0,
    0xff, 0xfc, 0x3, 0xc1, 0xff, 0xfc, 0x7, 0x83,
    0xc0, 0xf0, 0xf, 0x7, 0x81, 0xe0, 0x1e, 0xf,
    0xff, 0xc0, 0x3c, 0x1e, 0x7, 0x80, 0x78, 0x3c,
    0xf, 0x0, 0xf0, 0x7f, 0xfe, 0x1, 0xe0, 0xf0,
    0x3c, 0x3, 0xc1, 0xe0, 0x78, 0x7, 0x83, 0xc0,
    0xf0, 0xf, 0x7, 0x8f, 0xe0, 0x1e, 0xf, 0xf,
    0xc0, 0x3c, 0x1e, 0xf, 0x80, 0x78, 0x3c, 0x1f,
    0x0, 0xe0, 0x70, 0x38, 0x0,

    /* U+610F "意" */
    0x0, 0x7, 0xc0, 0x0, 0x0, 0x3c, 0xc, 0x0,
    0x1, 0xe0, 0xf0, 0x7f, 0xff, 0xff, 0xc0, 0xc,
    0x3, 0x0, 0x0, 0x78, 0x1f, 0x0, 0x3, 0xe1,
    0xe1, 0x0, 0xe, 0xe, 0x1c, 0xff, 0xff, 0xff,
    0xf8, 0x0, 0x0, 0x0, 0x1, 0x80, 0x1, 0x80,
    0xf, 0xff, 0xfe, 0x0, 0x7f, 0xff, 0xf8, 0x3,
    0xc0, 0x7, 0x80, 0x1f, 0xff, 0xfc, 0x0, 0xf0,
    0x1, 0xe0, 0x7, 0x80, 0xf, 0x0, 0x3c, 0x0,
    0x78, 0x1, 0xff, 0xff, 0xc0, 0xf, 0x0, 0x1e,
    0x0, 0x70, 0xf8, 0x80, 0x0, 0x63, 0xe0, 0x0,
    0x23, 0xef, 0x8e, 0x1, 0x9e, 0x3c, 0xbc, 0x1c,
    0xf0, 0xc4, 0xf3, 0xe7, 0x80, 0x27, 0xff, 0x3c,
    0x3, 0x1f, 0xf1, 0xff, 0xfc, 0xf7, 0xf, 0xff,
    0xe3, 0x0, 0x3f, 0xfe, 0x0,

    /* U+611B "愛" */
    0x0, 0x0, 0xf, 0x0, 0x0, 0x3, 0xff, 0x0,
    0x3, 0xff, 0xff, 0x0, 0xff, 0xff, 0xa0, 0x0,
    0x1c, 0x70, 0xf8, 0x0, 0x1c, 0xf1, 0xe0, 0x0,
    0x39, 0xe3, 0x84, 0x7, 0xff, 0xff, 0xfc, 0x1f,
    0xff, 0xff, 0xfc, 0x78, 0xe, 0x0, 0xf9, 0xf0,
    0xff, 0x23, 0xc3, 0xcd, 0xce, 0x3c, 0x7, 0x3b,
    0x9d, 0x3c, 0x0, 0xf7, 0x2, 0x3c, 0x3, 0xef,
    0xfe, 0x78, 0x7, 0x9f, 0xfc, 0x70, 0x6, 0x1f,
    0xf8, 0xc0, 0x0, 0x78, 0x8, 0x0, 0x1, 0xf8,
    0x30, 0x0, 0x3, 0xff, 0xf0, 0x0, 0xf, 0xff,
    0xf0, 0x0, 0x3e, 0x7, 0xe0, 0x0, 0xf2, 0x1f,
    0x80, 0x3, 0x83, 0x7e, 0x0, 0x1e, 0x7, 0xf8,
    0x0, 0x60, 0xf, 0xf8, 0x1, 0x0, 0x7f, 0xff,
    0xf8, 0x3, 0xf1, 0xff, 0xc0, 0x7f, 0x0, 0xff,
    0xf, 0xc0, 0x0, 0x1e, 0x0,

    /* U+611F "感" */
    0x0, 0x0, 0x7f, 0x80, 0x0, 0x0, 0xf3, 0x80,
    0x0, 0x1, 0xe7, 0x60, 0xe0, 0x3, 0xce, 0xe1,
    0xe0, 0x7, 0x81, 0xe3, 0xff, 0xff, 0xfc, 0x7,
    0x80, 0x5e, 0x0, 0xf, 0x1, 0xde, 0x30, 0x1e,
    0x3, 0xfc, 0xfc, 0x3d, 0xff, 0xf9, 0xf0, 0x78,
    0x0, 0xfb, 0xc0, 0xf6, 0x19, 0xff, 0x81, 0xef,
    0xf9, 0xfe, 0x3, 0xdf, 0xfb, 0xf8, 0x7, 0xb8,
    0xe3, 0xf0, 0xe, 0x71, 0xc7, 0xe2, 0x1c, 0xff,
    0x8f, 0xfc, 0x39, 0xc7, 0x1f, 0xf8, 0xf3, 0x80,
    0x6f, 0xf1, 0xc4, 0x1, 0x8f, 0xe3, 0x0, 0x4,
    0xf, 0xe6, 0x0, 0xf0, 0xf, 0xd8, 0x1c, 0x78,
    0x7, 0x21, 0x3e, 0xf8, 0xe0, 0x6, 0x78, 0xf2,
    0xf0, 0x1c, 0xf0, 0xe4, 0xf0, 0xf9, 0xe0, 0x19,
    0xf3, 0xf3, 0xc0, 0x31, 0xe7, 0xc7, 0xff, 0xf3,
    0xe7, 0x8f, 0xff, 0xe3, 0x80, 0xf, 0xff, 0x82,
    0x0,

    /* U+614B "態" */
    0x0, 0x0, 0x0, 0x0, 0x1f, 0x3, 0xe0, 0x0,
    0x7a, 0xf, 0x1c, 0x3, 0x86, 0x3c, 0xf8, 0xc,
    0x1e, 0xff, 0xf3, 0xff, 0xfb, 0xc0, 0x4f, 0xf8,
    0xef, 0x1, 0x1f, 0x7, 0xbc, 0x4, 0x60, 0x18,
    0xff, 0xf8, 0xff, 0xf3, 0xff, 0xe3, 0xc3, 0xe7,
    0xff, 0xf, 0xf, 0x30, 0x0, 0x3f, 0xfc, 0xf8,
    0xe0, 0xf0, 0xf3, 0xc7, 0xc3, 0xc3, 0xcf, 0x7f,
    0x8f, 0xff, 0x3f, 0xc0, 0x3c, 0x3c, 0xf0, 0x0,
    0xf0, 0xf3, 0xc0, 0x43, 0xdf, 0xcf, 0x1, 0xf,
    0x1f, 0x3f, 0xfe, 0x3c, 0x78, 0xff, 0xf8, 0xe0,
    0xc1, 0xff, 0xc0, 0x40, 0xfc, 0x0, 0x3, 0x3e,
    0xf8, 0x70, 0x1c, 0xf1, 0xe4, 0xf1, 0xf3, 0xc3,
    0x93, 0xef, 0xcf, 0x4, 0x47, 0xfe, 0x3f, 0xff,
    0xcf, 0x70, 0xff, 0xff, 0x38, 0x1, 0xff, 0xf0,
    0x60,

    /* U+6163 "慣" */
    0xc, 0x0, 0x0, 0x40, 0xf, 0x7, 0xff, 0xe0,
    0xf, 0x7, 0xff, 0xf8, 0xf, 0xf, 0x38, 0xf0,
    0xf, 0xf, 0x38, 0xfc, 0xf, 0x3f, 0xff, 0xfe,
    0x2f, 0xcf, 0x38, 0xf0, 0x2f, 0xcf, 0x38, 0xf0,
    0x2f, 0xef, 0xff, 0xf0, 0x3f, 0xef, 0xff, 0xf0,
    0x7f, 0xec, 0x0, 0x60, 0xff, 0xf, 0xff, 0xf0,
    0xef, 0xf, 0xff, 0xf8, 0xef, 0xf, 0x0, 0xf0,
    0xf, 0xf, 0x0, 0xf0, 0xf, 0xf, 0xff, 0xf0,
    0xf, 0xf, 0x0, 0xf0, 0xf, 0xf, 0x0, 0xf0,
    0xf, 0xf, 0xff, 0xf0, 0xf, 0xf, 0x0, 0xf0,
    0xf, 0xf, 0x0, 0xf0, 0xf, 0xf, 0x0, 0xf0,
    0xf, 0xf, 0xff, 0xf0, 0xf, 0xf, 0x80, 0xf0,
    0xf, 0xd, 0xef, 0xc0, 0xf, 0x3, 0xf3, 0xf0,
    0xf, 0x7, 0xc0, 0xf8, 0xf, 0xf, 0x0, 0x7c,
    0xf, 0x3c, 0x0, 0x78, 0xe, 0xe0, 0x0, 0x0,

    /* U+61F8 "懸" */
    0x0, 0x0, 0x0, 0x40, 0x7, 0xfc, 0x7, 0xc0,
    0xf, 0xfc, 0x7f, 0xc1, 0xdc, 0x77, 0xfc, 0x43,
    0xbf, 0xe0, 0xf0, 0x7, 0x71, 0xc1, 0xd8, 0xe,
    0xe3, 0x9e, 0x7c, 0x1d, 0xff, 0x1c, 0xf0, 0x3b,
    0x8e, 0x3b, 0xc0, 0x77, 0x1c, 0x36, 0xc0, 0xef,
    0xf8, 0x18, 0xe1, 0xdc, 0x77, 0xff, 0xe3, 0x80,
    0x7f, 0xfd, 0xc7, 0xff, 0xff, 0xf3, 0x8e, 0x78,
    0x11, 0xf0, 0x6, 0xff, 0x3f, 0xd8, 0x1f, 0xef,
    0x77, 0xb8, 0x3b, 0xce, 0xcf, 0x78, 0xe7, 0x9f,
    0x9e, 0xf1, 0x8f, 0xc, 0x3c, 0xc6, 0x1e, 0x60,
    0x78, 0x0, 0x90, 0xf8, 0x60, 0x1, 0x3c, 0xf8,
    0x78, 0x6, 0x78, 0xf2, 0x78, 0x3c, 0xf0, 0xe4,
    0xf8, 0xf9, 0xe0, 0x8, 0xfb, 0xf3, 0xff, 0xfc,
    0xf7, 0xc7, 0xff, 0xf9, 0xc3, 0x7, 0xff, 0xe0,
    0x0,

    /* U+6210 "成" */
    0x0, 0x0, 0x80, 0x0, 0x0, 0x1, 0xff, 0x0,
    0x0, 0x3, 0xcf, 0x80, 0x0, 0x7, 0x8f, 0x0,
    0x0, 0xf, 0xe, 0x0, 0x0, 0x1e, 0xe, 0x3,
    0xff, 0xff, 0xff, 0x7, 0xff, 0xff, 0xfe, 0xf,
    0x0, 0xf0, 0x0, 0x1e, 0x1, 0xe0, 0x0, 0x3c,
    0x1, 0xc0, 0x0, 0x78, 0x23, 0x87, 0x0, 0xff,
    0xe7, 0xf, 0x81, 0xff, 0xef, 0x3e, 0x3, 0xc3,
    0x9e, 0x78, 0x7, 0x87, 0x3c, 0xf0, 0xf, 0xe,
    0x3b, 0xc0, 0x1e, 0x1c, 0x7f, 0x80, 0x3c, 0x38,
    0xfe, 0x0, 0x78, 0x70, 0xfc, 0x1, 0xe1, 0xe1,
    0xf0, 0x43, 0xdf, 0xc3, 0xe0, 0x87, 0x8f, 0x87,
    0xe3, 0xe, 0x1e, 0x1f, 0xfe, 0x1c, 0x38, 0x73,
    0xf8, 0x70, 0x1, 0xc7, 0xf8, 0xc0, 0x7, 0x7,
    0xf1, 0x80, 0x18, 0x7, 0xe6, 0x0, 0xc0, 0x3,
    0xd0, 0x0, 0x0, 0x0, 0x0,

    /* U+6226 "戦" */
    0x1, 0x2, 0x1f, 0x0, 0xe3, 0x8f, 0x3d, 0x0,
    0xe3, 0x9f, 0x79, 0xc1, 0xe7, 0x3c, 0xf3, 0xc1,
    0xcf, 0x71, 0xe3, 0x83, 0x9d, 0xc3, 0xc7, 0x6,
    0x3, 0x7, 0x8c, 0x1f, 0xff, 0xcf, 0x18, 0x3f,
    0xff, 0xde, 0x7c, 0x79, 0xe7, 0xbd, 0xf0, 0xf3,
    0xcf, 0xfc, 0x1, 0xe7, 0x9e, 0xf0, 0x3, 0xcf,
    0x3d, 0xe3, 0x87, 0xff, 0xfb, 0xcf, 0x8f, 0x3c,
    0xf7, 0x9e, 0x1e, 0x79, 0xe7, 0xb8, 0x3c, 0xf3,
    0xcf, 0xf0, 0x79, 0xe7, 0x9f, 0xc0, 0xff, 0xff,
    0x3f, 0x81, 0xe7, 0x9c, 0x7e, 0x3, 0x8f, 0x10,
    0x7c, 0x0, 0x1e, 0x38, 0xf0, 0x9f, 0xff, 0xf9,
    0xf1, 0x0, 0x78, 0x7, 0xf6, 0x0, 0xf0, 0xf,
    0xfc, 0x1, 0xe0, 0x33, 0xf8, 0x3, 0xc0, 0xc3,
    0xf0, 0x7, 0x83, 0x7, 0xe0, 0xf, 0x8, 0x7,
    0xe0, 0x1c, 0x0, 0x3, 0x80,

    /* U+623B "戻" */
    0x0, 0x0, 0x0, 0x60, 0x0, 0x0, 0x3, 0xc3,
    0xff, 0xff, 0xff, 0xc0, 0x0, 0x0, 0x0, 0x0,
    0x0, 0x0, 0x80, 0x3f, 0xff, 0xff, 0x0, 0xff,
    0xff, 0xff, 0x3, 0xc0, 0x0, 0x78, 0xf, 0x0,
    0x1, 0xe0, 0x3c, 0x0, 0x7, 0x80, 0xf0, 0x0,
    0x1e, 0x3, 0xff, 0xff, 0xf8, 0xf, 0x0, 0x1,
    0xe0, 0x3c, 0x7, 0xc7, 0x0, 0xf0, 0x1e, 0x0,
    0x3, 0xc0, 0x78, 0x0, 0xf, 0x1, 0xe0, 0x70,
    0x3c, 0x7, 0x83, 0xe0, 0xff, 0xff, 0xff, 0xc3,
    0xc0, 0x78, 0x0, 0xe, 0x3, 0xd0, 0x0, 0x78,
    0xf, 0x60, 0x1, 0xe0, 0x3d, 0xc0, 0x7, 0x1,
    0xe3, 0x80, 0x1c, 0x7, 0x8f, 0x80, 0xe0, 0x3c,
    0x1f, 0xe3, 0x1, 0xe0, 0x7f, 0xcc, 0x1e, 0x0,
    0xfc, 0x60, 0xe0, 0x1, 0xe2, 0x1c, 0x0, 0x1,
    0x80,

    /* U+623F "房" */
    0x0, 0x0, 0x0, 0x0, 0x0, 0x0, 0x1, 0x80,
    0x0, 0x0, 0xf, 0xf, 0xff, 0xff, 0xfe, 0x0,
    0x0, 0x0, 0x0, 0x20, 0x0, 0x2, 0x0, 0xff,
    0xff, 0xfc, 0x3, 0xff, 0xff, 0xfc, 0xf, 0x0,
    0x1, 0xe0, 0x3c, 0x0, 0x7, 0x80, 0xf0, 0x0,
    0x1e, 0x3, 0xc0, 0x0, 0x78, 0xf, 0xff, 0xff,
    0xe0, 0x3c, 0x6, 0x7, 0x80, 0xf0, 0x1e, 0x18,
    0x3, 0xc0, 0x78, 0x18, 0xf, 0x1, 0xe0, 0xf8,
    0x3f, 0xff, 0xff, 0xf0, 0xf0, 0x7c, 0x0, 0x3,
    0xc1, 0xf0, 0x0, 0xe, 0x7, 0xff, 0x80, 0x38,
    0x1f, 0xff, 0x81, 0xe0, 0x78, 0x3e, 0x7, 0x3,
    0xc0, 0xf0, 0x1c, 0xf, 0x3, 0xc0, 0x60, 0x78,
    0xf, 0x3, 0x83, 0xc0, 0x7c, 0xc, 0x1c, 0xf,
    0xf0, 0x60, 0xe0, 0x1f, 0x81, 0xe, 0x0, 0x3e,
    0x0, 0x40, 0x0, 0xe0, 0x0,

    /* U+6240 "所" */
    0x0, 0x8, 0x0, 0x20, 0x0, 0x1c, 0x1, 0xf0,
    0x0, 0x7c, 0x7, 0xf3, 0xff, 0xff, 0x1f, 0xf0,
    0x0, 0x7, 0xfc, 0x0, 0x0, 0xf, 0x0, 0x0,
    0x0, 0x1e, 0x0, 0x8, 0xc, 0x3c, 0x0, 0x1f,
    0xfc, 0x78, 0x10, 0x3f, 0xfc, 0xf0, 0x30, 0x78,
    0xf1, 0xe0, 0xf0, 0xf1, 0xe3, 0xff, 0xf1, 0xe3,
    0xc7, 0x8f, 0x3, 0xc7, 0x8f, 0x1e, 0x7, 0x8f,
    0x1e, 0x3c, 0xf, 0x1e, 0x3c, 0x78, 0x1f, 0xfc,
    0x78, 0xf0, 0x3c, 0x78, 0xf1, 0xe0, 0x78, 0xe1,
    0xc3, 0xc0, 0xf0, 0x7, 0x87, 0x83, 0xe0, 0xf,
    0xf, 0x7, 0x80, 0x1c, 0x1e, 0xf, 0x0, 0x78,
    0x3c, 0x1e, 0x0, 0xe0, 0x78, 0x38, 0x3, 0xc0,
    0xf0, 0x70, 0x7, 0x1, 0xe0, 0xc0, 0x1c, 0x3,
    0xc3, 0x0, 0x70, 0x7, 0x84, 0x1, 0x80, 0xf,
    0x10, 0x4, 0x0, 0x1c, 0x0,

    /* U+624B "手" */
    0x0, 0x0, 0x2, 0x0, 0x0, 0x0, 0x1e, 0x0,
    0x0, 0x3, 0xfe, 0x0, 0x0, 0x3f, 0xfe, 0x0,
    0xf, 0xff, 0xf2, 0x3, 0xff, 0xf8, 0x0, 0x8,
    0x1, 0xf0, 0x0, 0x0, 0x3, 0xe0, 0x0, 0x0,
    0x7, 0xc0, 0x40, 0x0, 0xf, 0x81, 0xc0, 0x0,
    0x1f, 0x3, 0xe1, 0xff, 0xff, 0xff, 0xe0, 0x0,
    0x7c, 0x0, 0x0, 0x0, 0xf8, 0x0, 0x0, 0x1,
    0xf0, 0x0, 0x0, 0x3, 0xe0, 0x10, 0x0, 0x7,
    0xc0, 0x78, 0x0, 0xf, 0x80, 0xfb, 0xff, 0xff,
    0xff, 0xf8, 0x0, 0x3e, 0x0, 0x0, 0x0, 0x7c,
    0x0, 0x0, 0x0, 0xf8, 0x0, 0x0, 0x1, 0xf0,
    0x0, 0x0, 0x3, 0xe0, 0x0, 0x0, 0x7, 0xc0,
    0x0, 0x0, 0xf, 0x80, 0x0, 0x7, 0xff, 0x0,
    0x0, 0x1, 0xfe, 0x0, 0x0, 0x1, 0xf8, 0x0,
    0x0, 0x3, 0xf0, 0x0, 0x0, 0x7, 0x80, 0x0,
    0x0,

    /* U+624D "才" */
    0x0, 0x3, 0xe0, 0x0, 0x0, 0x1e, 0x0, 0x0,
    0x0, 0xf0, 0x0, 0x0, 0x7, 0x80, 0x0, 0x0,
    0x3c, 0xc, 0x0, 0x1, 0xe0, 0x70, 0x0, 0xf,
    0x7, 0xcf, 0xff, 0xff, 0xff, 0x0, 0x3, 0xc2,
    0x0, 0x0, 0x1e, 0x38, 0x0, 0x0, 0xf3, 0xe0,
    0x0, 0x7, 0xbf, 0x80, 0x0, 0x3f, 0xf0, 0x0,
    0x1, 0xff, 0x0, 0x0, 0xf, 0xf0, 0x0, 0x0,
    0x7e, 0x0, 0x0, 0x7, 0xe0, 0x0, 0x0, 0x7e,
    0x0, 0x0, 0xf, 0xf0, 0x0, 0x0, 0xff, 0x80,
    0x0, 0x1f, 0x3c, 0x0, 0x3, 0xc1, 0xe0, 0x0,
    0x70, 0xf, 0x0, 0xc, 0x0, 0x78, 0x0, 0x80,
    0x3, 0xc0, 0x0, 0x7, 0xfe, 0x0, 0x0, 0x7,
    0xf0, 0x0, 0x0, 0x1f, 0x80, 0x0, 0x0, 0xf8,
    0x0, 0x0, 0x3, 0x80, 0x0,

    /* U+6253 "打" */
    0x7, 0xc0, 0x0, 0x0, 0x1e, 0x0, 0x1, 0x80,
    0x78, 0x0, 0x7, 0x1, 0xe0, 0x0, 0x3e, 0x7,
    0x9f, 0xff, 0xfc, 0x1e, 0x40, 0x3c, 0x0, 0x7b,
    0x80, 0xf0, 0x3f, 0xff, 0x3, 0xc0, 0x7, 0x80,
    0xf, 0x0, 0x1e, 0x0, 0x3c, 0x0, 0x78, 0x0,
    0xf0, 0x1, 0xe0, 0x3, 0xc0, 0x7, 0xbc, 0xf,
    0x0, 0x1f, 0x80, 0x3c, 0x3, 0xfc, 0x0, 0xf0,
    0x3f, 0xe0, 0x3, 0xc0, 0xff, 0x80, 0xf, 0x3,
    0xfe, 0x0, 0x3c, 0x6, 0x78, 0x0, 0xf0, 0x11,
    0xe0, 0x3, 0xc0, 0x7, 0x80, 0xf, 0x0, 0x1e,
    0x0, 0x3c, 0x0, 0x78, 0x0, 0xf0, 0x1, 0xe0,
    0x3, 0xc0, 0x7, 0x80, 0xf, 0x1, 0xfe, 0xf,
    0xfc, 0x1, 0xf8, 0x7, 0xf0, 0x3, 0xe0, 0xf,
    0x80, 0xf, 0x0, 0x3c, 0x0, 0x20, 0x0, 0x0,
    0x0,

    /* U+6255 "払" */
    0x6, 0x0, 0x0, 0x0, 0xf, 0x80, 0x60, 0x0,
    0x1e, 0x0, 0xfc, 0x0, 0x3c, 0x1, 0xf0, 0x0,
    0x78, 0x3, 0xc0, 0x0, 0xf2, 0xf, 0x80, 0x1,
    0xee, 0x1f, 0x0, 0x3, 0xdc, 0x3e, 0x0, 0x7f,
    0xfc, 0x78, 0x0, 0xf, 0x0, 0xf0, 0x0, 0x1e,
    0x1, 0xe0, 0x0, 0x3c, 0x7, 0x80, 0x0, 0x78,
    0xf, 0x0, 0x0, 0xf1, 0x9e, 0x0, 0x1, 0xfe,
    0x38, 0x0, 0x7, 0xf0, 0x70, 0x0, 0xff, 0x80,
    0xc3, 0x0, 0xff, 0x3, 0x83, 0x1, 0xfe, 0x7,
    0x7, 0x3, 0xbc, 0xc, 0x7, 0x6, 0x78, 0x18,
    0xf, 0x0, 0xf0, 0x20, 0x1f, 0x1, 0xe0, 0xc0,
    0x1e, 0x3, 0xc1, 0x0, 0x3e, 0x7, 0x82, 0x1f,
    0xfc, 0xf, 0x7f, 0xfe, 0x7d, 0xfe, 0xff, 0xe0,
    0xf8, 0xfc, 0xfe, 0x1, 0xf0, 0xf9, 0xe0, 0x3,
    0xe1, 0xe2, 0x0, 0x3, 0x82, 0x0, 0x0, 0x0,
    0x0,

    /* U+6280 "技" */
    0xc, 0x0, 0x0, 0x0, 0x1f, 0x0, 0x7c, 0x0,
    0x3c, 0x0, 0xf0, 0x0, 0x78, 0x1, 0xe0, 0x0,
    0xf0, 0x3, 0xc3, 0x1, 0xe0, 0x7, 0x8f, 0x3,
    0xdf, 0xff, 0xff, 0x7, 0xf8, 0x1e, 0x0, 0xff,
    0xf8, 0x3c, 0x0, 0x1e, 0x0, 0x78, 0x0, 0x3c,
    0x0, 0xf0, 0x0, 0x78, 0x1, 0xe2, 0x0, 0xf0,
    0x3, 0xce, 0x1, 0xe3, 0xff, 0xfe, 0x3, 0xfb,
    0xff, 0xfe, 0x7, 0xe1, 0x0, 0xfc, 0x7f, 0x2,
    0x1, 0xf1, 0xfe, 0x2, 0x7, 0xc1, 0xfc, 0x6,
    0xf, 0x83, 0xf8, 0x4, 0x3e, 0x6, 0xf0, 0xc,
    0x78, 0x1, 0xe0, 0x1d, 0xf0, 0x3, 0xc0, 0x1f,
    0xc0, 0x7, 0x80, 0x1f, 0x0, 0xf, 0x0, 0x3e,
    0x0, 0x1e, 0x0, 0xff, 0x0, 0x3c, 0x3, 0xff,
    0xc7, 0xf8, 0xf, 0x3f, 0xf3, 0xf0, 0x78, 0x3f,
    0xc3, 0xe1, 0xc0, 0x3e, 0x7, 0x8c, 0x0, 0x1c,
    0x8, 0x60, 0x0, 0x0,

    /* U+6295 "投" */
    0xf, 0x80, 0x1, 0x0, 0x1e, 0x7, 0xff, 0x0,
    0x3c, 0xf, 0xff, 0x80, 0x78, 0x1e, 0x1e, 0x0,
    0xf0, 0x3c, 0x3c, 0x1, 0xe8, 0x78, 0x78, 0x83,
    0xd8, 0xf0, 0xf1, 0x7, 0xf9, 0xe1, 0xe2, 0xff,
    0xf3, 0x83, 0xcc, 0x1e, 0xf, 0x7, 0xfc, 0x3c,
    0x1c, 0xf, 0xf8, 0x78, 0x38, 0xf, 0xe0, 0xf6,
    0xe0, 0x4, 0x1, 0xfb, 0x0, 0x1c, 0xf, 0xe7,
    0xff, 0xf8, 0x7f, 0x87, 0xff, 0xf8, 0xff, 0x1,
    0x1, 0xf8, 0xfe, 0x2, 0x3, 0xc1, 0xfc, 0x2,
    0xf, 0x82, 0x78, 0x6, 0x1e, 0x0, 0xf0, 0xe,
    0x7c, 0x1, 0xe0, 0xf, 0xf0, 0x3, 0xc0, 0x1f,
    0xc0, 0x7, 0x80, 0x1f, 0x0, 0xf, 0x0, 0x3f,
    0x80, 0x1e, 0x0, 0xff, 0xe3, 0xfc, 0x7, 0x9f,
    0xf9, 0xf8, 0x1c, 0x1f, 0xe1, 0xf0, 0xe0, 0x1f,
    0x83, 0xc6, 0x0, 0xe, 0x0, 0x10, 0x0, 0x0,
    0x0,

    /* U+62BC "押" */
    0xe, 0x0, 0x0, 0x0, 0x3e, 0x20, 0x0, 0x80,
    0xf0, 0xff, 0xff, 0x83, 0xc3, 0xff, 0xff, 0xf,
    0xf, 0x3c, 0x78, 0x3d, 0xbc, 0xf1, 0xe0, 0xff,
    0xf3, 0xc7, 0xbf, 0xff, 0xcf, 0x1e, 0xf, 0xf,
    0x3c, 0x78, 0x3c, 0x3c, 0xf1, 0xe0, 0xf0, 0xff,
    0xff, 0x83, 0xc3, 0xcf, 0x1e, 0xf, 0xf, 0x3c,
    0x78, 0x3d, 0xfc, 0xf1, 0xe0, 0xfc, 0xf3, 0xc7,
    0xbf, 0xe3, 0xcf, 0x1e, 0xff, 0xf, 0x3c, 0x79,
    0xfc, 0x3f, 0xff, 0xe7, 0xf0, 0xf3, 0xc7, 0x93,
    0xc3, 0xcf, 0x1e, 0xf, 0xe, 0x3c, 0x0, 0x3c,
    0x0, 0xf0, 0x0, 0xf0, 0x3, 0xc0, 0x3, 0xc0,
    0xf, 0x0, 0xf, 0x0, 0x3c, 0x0, 0x3c, 0x0,
    0xf0, 0x7, 0xf0, 0x3, 0xc0, 0x7, 0xc0, 0xf,
    0x0, 0x1e, 0x0, 0x3c, 0x0, 0x70, 0x0, 0xe0,
    0x0,

    /* U+62C5 "担" */
    0x7, 0xc0, 0x0, 0x0, 0x7, 0x84, 0x0, 0x60,
    0x7, 0x87, 0xff, 0xf0, 0x7, 0x87, 0xff, 0xf8,
    0x7, 0xa7, 0x80, 0xf8, 0x7, 0xb7, 0x80, 0xf8,
    0x7, 0xff, 0x80, 0xf8, 0x7f, 0xff, 0x80, 0xf8,
    0x7, 0x87, 0x80, 0xf8, 0x7, 0x87, 0x80, 0xf8,
    0x7, 0x87, 0x80, 0xf8, 0x7, 0x87, 0xff, 0xf8,
    0x7, 0xb7, 0x80, 0xf8, 0x7, 0xe7, 0x80, 0xf8,
    0x1f, 0x87, 0x80, 0xf8, 0x7f, 0x87, 0x80, 0xf8,
    0x7f, 0x87, 0x80, 0xf8, 0x7f, 0x87, 0x80, 0xf8,
    0x67, 0x87, 0x80, 0xf8, 0x7, 0x87, 0x80, 0xf8,
    0x7, 0x87, 0xff, 0xf8, 0x7, 0x87, 0x80, 0xf8,
    0x7, 0x87, 0x80, 0xe0, 0x7, 0x87, 0x0, 0x0,
    0x7, 0x80, 0x0, 0x10, 0x7f, 0x80, 0x0, 0x3c,
    0x1f, 0x80, 0x0, 0x7e, 0xf, 0xbf, 0xff, 0xff,
    0xf, 0x0, 0x0, 0x0, 0xe, 0x0, 0x0, 0x0,

    /* U+62DB "招" */
    0xf, 0x80, 0x0, 0x20, 0x3c, 0x3f, 0xff, 0xc0,
    0xf0, 0xff, 0xff, 0xc3, 0xc0, 0x3e, 0x1e, 0xf,
    0x0, 0xf0, 0x78, 0x3d, 0x83, 0xc1, 0xe0, 0xff,
    0xf, 0x7, 0xbf, 0xfe, 0x38, 0x3e, 0xf, 0x1,
    0xe0, 0xf8, 0x3c, 0x7, 0x3, 0xe0, 0xf0, 0x3c,
    0xf, 0x3, 0xc0, 0xe3, 0xfc, 0xf, 0x17, 0x3,
    0xf0, 0x3f, 0xb8, 0xf, 0x80, 0xf8, 0x80, 0x1c,
    0x3f, 0xcc, 0x0, 0x0, 0xff, 0xe, 0x0, 0x63,
    0xfc, 0x3f, 0xff, 0xc7, 0xf0, 0xff, 0xff, 0x93,
    0xc3, 0xc0, 0x3c, 0xf, 0xf, 0x0, 0xf0, 0x3c,
    0x3c, 0x3, 0xc0, 0xf0, 0xf0, 0xf, 0x3, 0xc3,
    0xc0, 0x3c, 0xf, 0xf, 0x0, 0xf3, 0xfc, 0x3c,
    0x3, 0xc3, 0xf0, 0xff, 0xff, 0x7, 0xc3, 0xc0,
    0x3c, 0x1e, 0xf, 0x0, 0xf0, 0x70, 0x38, 0x3,
    0x80,

    /* U+62E1 "拡" */
    0xf, 0x80, 0x1e, 0x0, 0x1e, 0x0, 0x3e, 0x0,
    0x3c, 0x0, 0x78, 0x0, 0x78, 0x0, 0xf0, 0x80,
    0xf0, 0x1, 0xe3, 0x81, 0xed, 0xc3, 0xc7, 0x83,
    0xff, 0xff, 0xff, 0xbf, 0xff, 0x80, 0x0, 0xf,
    0xf, 0x0, 0x0, 0x1e, 0x1e, 0x1c, 0x0, 0x3c,
    0x3c, 0x3f, 0x0, 0x78, 0x78, 0x7c, 0x0, 0xf0,
    0xf0, 0xf0, 0x1, 0xff, 0xe1, 0xe0, 0x3, 0xf3,
    0xc3, 0xc0, 0x7f, 0x87, 0x87, 0x0, 0xff, 0xf,
    0x1e, 0x0, 0xfe, 0x1e, 0x38, 0x1, 0xfc, 0x3c,
    0x72, 0x2, 0x78, 0x70, 0xe3, 0x0, 0xf0, 0xe1,
    0x87, 0x1, 0xe1, 0xc3, 0xf, 0x3, 0xc3, 0x8c,
    0xe, 0x7, 0x8e, 0x18, 0x1e, 0xf, 0x1f, 0xff,
    0xfc, 0x1e, 0x33, 0xff, 0x3f, 0xfc, 0xe7, 0xf8,
    0x79, 0xf9, 0x8f, 0x80, 0xf1, 0xf6, 0xc, 0x1,
    0xe3, 0xc8, 0x0, 0x1, 0x4, 0x0, 0x0, 0x0,
    0x0,

    /* U+62ED "拭" */
    0xc, 0x0, 0x0, 0x0, 0x1e, 0x0, 0x1f, 0x0,
    0x3c, 0x0, 0x3d, 0xc0, 0x78, 0x0, 0x79, 0xe0,
    0xf0, 0x0, 0xf3, 0xc1, 0xe8, 0x1, 0xe7, 0x83,
    0xd8, 0x3, 0xcc, 0x7, 0xf8, 0x7, 0xbc, 0xff,
    0xff, 0xff, 0xfc, 0x1e, 0x0, 0x1e, 0x0, 0x3c,
    0x0, 0x3c, 0x0, 0x78, 0x0, 0x78, 0x0, 0xf1,
    0x0, 0xf0, 0x1, 0xfc, 0xd, 0xe0, 0x3, 0xe0,
    0x3f, 0xc0, 0x1f, 0x9f, 0xff, 0x80, 0xff, 0x7,
    0x8f, 0x1, 0xfe, 0xf, 0xf, 0x3, 0xfc, 0x1e,
    0x1e, 0x3, 0x78, 0x3c, 0x3c, 0x4, 0xf0, 0x78,
    0x78, 0x1, 0xe0, 0xf0, 0xf8, 0x3, 0xc1, 0xe1,
    0xf1, 0x7, 0x83, 0xfd, 0xf2, 0xf, 0xf, 0xe3,
    0xec, 0x1e, 0xff, 0x3, 0xf8, 0x3d, 0xfc, 0x7,
    0xf3, 0xf9, 0xe0, 0x7, 0xe1, 0xf3, 0x0, 0x7,
    0xc3, 0xc0, 0x0, 0xf, 0xc7, 0x0, 0x0, 0x7,
    0x0,

    /* U+6301 "持" */
    0x7, 0xc0, 0x1f, 0x0, 0xf, 0x0, 0x3c, 0x0,
    0x1e, 0x0, 0x78, 0x80, 0x3c, 0x0, 0xf3, 0x80,
    0x78, 0x1, 0xe7, 0x80, 0xf6, 0x7f, 0xff, 0x81,
    0xee, 0x7, 0x80, 0x3f, 0xfe, 0xf, 0x8, 0x7,
    0x80, 0x1e, 0x38, 0xf, 0x0, 0x3c, 0x78, 0x1e,
    0x3f, 0xff, 0xf8, 0x3c, 0x0, 0x0, 0x0, 0x78,
    0x40, 0x3e, 0x0, 0xff, 0x0, 0x78, 0x1, 0xf8,
    0x0, 0xf6, 0x3f, 0xe0, 0x1, 0xee, 0x7f, 0x8f,
    0xff, 0xfe, 0xff, 0x0, 0x7, 0x81, 0xfe, 0xc,
    0xf, 0x1, 0x3c, 0xf, 0x1e, 0x0, 0x78, 0x1f,
    0x3c, 0x0, 0xf0, 0x1e, 0x78, 0x1, 0xe0, 0x3c,
    0xf0, 0x3, 0xc0, 0x79, 0xe0, 0x7, 0x80, 0x3,
    0xc0, 0xf, 0x0, 0x7, 0x80, 0xfe, 0x0, 0xff,
    0x0, 0x7c, 0x0, 0x7e, 0x0, 0xf0, 0x0, 0x7c,
    0x1, 0xc0, 0x0, 0xe0, 0x0,

    /* U+6307 "指" */
    0x4, 0x0, 0x0, 0x0, 0xf, 0x87, 0xc0, 0x0,
    0x1e, 0xf, 0x3, 0x80, 0x3c, 0x1e, 0xf, 0xc0,
    0x78, 0x3c, 0x7f, 0xc0, 0xf0, 0x79, 0xf8, 0x1,
    0xec, 0xff, 0x0, 0x3, 0xfd, 0xe0, 0x2, 0x7f,
    0xff, 0xc0, 0x4, 0xf, 0x7, 0x80, 0x18, 0x1e,
    0xf, 0x0, 0x30, 0x3c, 0x1f, 0xff, 0xf0, 0x78,
    0x3f, 0xff, 0xe0, 0xf3, 0x3f, 0xff, 0x1, 0xfc,
    0x0, 0x0, 0x7, 0xe1, 0x80, 0x18, 0xff, 0x83,
    0xff, 0xf8, 0xff, 0x7, 0xff, 0xf9, 0xfe, 0xf,
    0x1, 0xe3, 0xbc, 0x1e, 0x3, 0xc4, 0x78, 0x3c,
    0x7, 0x80, 0xf0, 0x78, 0xf, 0x1, 0xe0, 0xff,
    0xfe, 0x3, 0xc1, 0xe0, 0x3c, 0x7, 0x83, 0xc0,
    0x78, 0xf, 0x7, 0x80, 0xf1, 0xfe, 0xf, 0x1,
    0xe0, 0xfc, 0x1f, 0xff, 0xc0, 0xf8, 0x3c, 0x7,
    0x81, 0xe0, 0x78, 0xf, 0x3, 0x0, 0xe0, 0x1c,
    0x0,

    /* U+6319 "挙" */
    0xc, 0xc, 0x6, 0x0, 0x1c, 0x38, 0x3f, 0x0,
    0x78, 0xf0, 0xf8, 0x0, 0xf1, 0xe3, 0xc0, 0x3,
    0xc7, 0x9e, 0x0, 0xf, 0x1e, 0x71, 0x80, 0x18,
    0x21, 0xf, 0x1f, 0xff, 0xff, 0xfe, 0x0, 0xf8,
    0x20, 0x0, 0x7, 0xe0, 0x40, 0x0, 0x1f, 0x0,
    0xc0, 0x0, 0xf8, 0x3b, 0xc0, 0x7, 0xc3, 0xf7,
    0xe0, 0x1e, 0x3f, 0xef, 0xf0, 0xe7, 0xf8, 0x3f,
    0x87, 0x21, 0xe0, 0x3c, 0x30, 0x7, 0x86, 0x63,
    0x0, 0x1e, 0x3c, 0x0, 0x7f, 0xff, 0xf8, 0x0,
    0x1, 0xe0, 0x0, 0x0, 0x7, 0x80, 0x60, 0x0,
    0x1e, 0x3, 0xc7, 0xff, 0xff, 0xff, 0x80, 0x1,
    0xe0, 0x0, 0x0, 0x7, 0x80, 0x0, 0x0, 0x1e,
    0x0, 0x0, 0x0, 0x78, 0x0, 0x0, 0x3f, 0xe0,
    0x0, 0x0, 0x3f, 0x80, 0x0, 0x0, 0x7c, 0x0,
    0x0, 0x1, 0xe0, 0x0, 0x0,

    /* U+6355 "捕" */
    0xc, 0x0, 0x0, 0x0, 0x1f, 0x0, 0x7f, 0xc0,
    0x3c, 0x0, 0xf3, 0xe0, 0x78, 0x1, 0xe3, 0xc0,
    0xf0, 0x3, 0xc3, 0x81, 0xe8, 0x7, 0x87, 0x3,
    0xdf, 0xff, 0xff, 0x7, 0xf8, 0x1e, 0x0, 0x7f,
    0xf0, 0x3c, 0x0, 0x1e, 0x38, 0x78, 0x60, 0x3c,
    0x7f, 0xff, 0xe0, 0x78, 0xff, 0xff, 0xe0, 0xf1,
    0xe3, 0xc7, 0xc1, 0xe3, 0xc7, 0x8f, 0x3, 0xff,
    0x8f, 0x1e, 0x7, 0xcf, 0x1e, 0x3c, 0xff, 0x1f,
    0xff, 0xf9, 0xfe, 0x3c, 0x78, 0xf1, 0xfc, 0x78,
    0xf1, 0xe3, 0x78, 0xf1, 0xe3, 0xc4, 0xf1, 0xe3,
    0xc7, 0x81, 0xe3, 0xff, 0xff, 0x3, 0xc7, 0x8f,
    0x1e, 0x7, 0x8f, 0x1e, 0x3c, 0xf, 0x1e, 0x3c,
    0x78, 0x1e, 0x3c, 0x78, 0xf0, 0x3c, 0x78, 0xf1,
    0xe3, 0xf8, 0xf1, 0xef, 0xc1, 0xf1, 0xe3, 0xcf,
    0x83, 0xc3, 0xc7, 0x9f, 0x7, 0x7, 0xe, 0x38,
    0x0,

    /* U+6368 "捨" */
    0x8, 0x0, 0x0, 0x0, 0x1f, 0x0, 0x78, 0x0,
    0x3c, 0x1, 0xf8, 0x0, 0x78, 0x3, 0xd0, 0x0,
    0xf0, 0xf, 0xb0, 0x1, 0xe0, 0x1e, 0x70, 0x3,
    0xd8, 0x78, 0x78, 0x7, 0xf9, 0xe0, 0x7e, 0xff,
    0xfb, 0xbe, 0xfc, 0x1e, 0xe, 0x78, 0xf0, 0x3c,
    0x30, 0xf2, 0xe0, 0x78, 0xc1, 0xef, 0xc0, 0xf2,
    0x7f, 0xff, 0x1, 0xe2, 0x7, 0x80, 0x3, 0xf8,
    0xf, 0x4, 0x1f, 0xc0, 0x1e, 0x18, 0xff, 0x0,
    0x3c, 0x78, 0xfe, 0x3f, 0xff, 0xf9, 0xfc, 0x7f,
    0xff, 0xf2, 0x78, 0x0, 0x0, 0x0, 0xf0, 0x7f,
    0xfe, 0x1, 0xe0, 0xff, 0xff, 0x3, 0xc1, 0xe0,
    0x3c, 0x7, 0x83, 0xc0, 0x78, 0xf, 0x7, 0x80,
    0xf0, 0x1e, 0xf, 0x1, 0xe0, 0x3c, 0x1e, 0x3,
    0xc3, 0xf8, 0x3c, 0x7, 0x81, 0xf0, 0x7f, 0xff,
    0x3, 0xc0, 0xf0, 0x1e, 0x7, 0x1, 0xc0, 0x38,
    0x0,

    /* U+6388 "授" */
    0xc, 0x0, 0x0, 0x40, 0x1e, 0x0, 0x7, 0xc0,
    0x3c, 0x0, 0xff, 0xc0, 0x78, 0x3f, 0xff, 0xc0,
    0xf0, 0x80, 0x0, 0x1, 0xe9, 0xc, 0x1c, 0x3,
    0xd9, 0x8e, 0x3e, 0x7, 0xf3, 0x9c, 0x78, 0xff,
    0xf7, 0xbd, 0xe0, 0x1e, 0xf, 0x7b, 0x80, 0x3c,
    0x3c, 0x66, 0xc0, 0x78, 0x7f, 0xff, 0xc0, 0xf3,
    0xff, 0xff, 0xc1, 0xff, 0x80, 0xf, 0x83, 0xff,
    0x0, 0x1c, 0x1f, 0xbc, 0x0, 0x70, 0xff, 0x3f,
    0xff, 0xc1, 0xfe, 0x1f, 0xff, 0xc1, 0xfc, 0x8,
    0xf, 0xc3, 0x78, 0x8, 0x1e, 0x4, 0xf0, 0x18,
    0x7c, 0x1, 0xe0, 0x10, 0xf0, 0x3, 0xc0, 0x33,
    0xc0, 0x7, 0x80, 0x3f, 0x80, 0xf, 0x0, 0x7e,
    0x0, 0x1e, 0x0, 0xfe, 0x0, 0x3c, 0x3, 0xff,
    0x83, 0xf8, 0xf, 0x7f, 0xe3, 0xf0, 0x78, 0x7f,
    0x83, 0xc3, 0xc0, 0x3e, 0x7, 0x3c, 0x0, 0x18,
    0x0,

    /* U+639B "掛" */
    0xc, 0x0, 0x0, 0x0, 0x1f, 0x7, 0xc7, 0xc0,
    0x3c, 0xf, 0xf, 0x0, 0x78, 0x1e, 0x1e, 0x0,
    0xf0, 0x3d, 0x3c, 0x1, 0xe0, 0x7f, 0x78, 0x3,
    0xdf, 0xff, 0xf0, 0x7, 0xf9, 0xe1, 0xe0, 0x7f,
    0xf3, 0xc3, 0xc0, 0x1e, 0x7, 0x87, 0x80, 0x3c,
    0xf, 0x4f, 0x0, 0x78, 0x1f, 0xdf, 0x80, 0xf3,
    0xff, 0xff, 0x81, 0xe7, 0xff, 0xfb, 0x83, 0xf8,
    0xf8, 0xf7, 0x87, 0xc1, 0xe1, 0xe7, 0xff, 0x3,
    0xc3, 0xce, 0xfe, 0x7, 0xa7, 0x9d, 0xfc, 0xf,
    0xef, 0x3, 0x79, 0xff, 0xfe, 0x0, 0xf0, 0x3c,
    0x3c, 0x1, 0xe0, 0x78, 0x78, 0x3, 0xc0, 0xf0,
    0xf0, 0x7, 0x81, 0xe1, 0xe0, 0xf, 0x3, 0xc3,
    0xc0, 0x1e, 0x7, 0xff, 0x80, 0x3c, 0xff, 0xcf,
    0x3, 0xf9, 0xfc, 0x1e, 0x1, 0xf3, 0xe0, 0x3c,
    0x3, 0xc3, 0x0, 0x78, 0x7, 0x4, 0x0, 0xe0,
    0x0,

    /* U+63A1 "採" */
    0xc, 0x0, 0x0, 0x0, 0x1f, 0x0, 0x3, 0xc0,
    0x3c, 0x0, 0x3f, 0xc0, 0x78, 0x3, 0xff, 0xc0,
    0xf0, 0xff, 0xf8, 0x41, 0xe8, 0x0, 0x4, 0x3,
    0xd8, 0x6, 0xf, 0x7, 0xfb, 0xe, 0x3e, 0x7f,
    0xf7, 0x9e, 0x78, 0x1e, 0xf, 0x3c, 0xe0, 0x3c,
    0xf, 0x3b, 0x80, 0x78, 0x1c, 0x76, 0x0, 0xf0,
    0x38, 0x8, 0x1, 0xe6, 0x3, 0xe0, 0x3, 0xf8,
    0x7, 0x84, 0x1f, 0xc0, 0xf, 0x1c, 0xff, 0x0,
    0x1e, 0x3c, 0xfe, 0x3f, 0xff, 0xfd, 0xfc, 0x1,
    0xf8, 0x3, 0x78, 0x3, 0xf8, 0x0, 0xf0, 0xf,
    0xf8, 0x1, 0xe0, 0x3f, 0xf8, 0x3, 0xc0, 0x7f,
    0xb8, 0x7, 0x81, 0xef, 0x7c, 0xf, 0x7, 0x9e,
    0x7e, 0x1e, 0xe, 0x3c, 0xfc, 0x3c, 0x30, 0x78,
    0xe3, 0xf8, 0xc0, 0xf0, 0xc1, 0xf6, 0x1, 0xe1,
    0x3, 0xc0, 0x3, 0xc0, 0x7, 0x0, 0x7, 0x0,
    0x0,

    /* U+63A2 "探" */
    0x0, 0x0, 0x0, 0x0, 0x1f, 0x4, 0x0, 0x20,
    0x3c, 0x18, 0x0, 0xc0, 0x78, 0x3f, 0xff, 0xc0,
    0xf1, 0xff, 0xff, 0xc1, 0xe7, 0xde, 0xef, 0x3,
    0xd7, 0x3d, 0xdc, 0x7, 0xb4, 0x73, 0xa0, 0xf,
    0xf1, 0xe7, 0x9, 0xff, 0xe3, 0x8e, 0x10, 0x3c,
    0xf, 0x1f, 0xf0, 0x78, 0x38, 0x3f, 0xe0, 0xf0,
    0xe0, 0x7f, 0x81, 0xe6, 0x6, 0x0, 0x3, 0xc0,
    0xf, 0x0, 0x7, 0xf8, 0x1c, 0x10, 0x7f, 0xc0,
    0x38, 0x31, 0xfe, 0x0, 0x70, 0xf1, 0xfc, 0xff,
    0xff, 0xf3, 0xf8, 0x7, 0xe0, 0x6, 0xf0, 0xf,
    0xa0, 0x9, 0xe0, 0x3f, 0x60, 0x3, 0xc0, 0x7e,
    0xe0, 0x7, 0x81, 0xfc, 0xf0, 0xf, 0x7, 0xb9,
    0xf8, 0x1e, 0xe, 0x71, 0xf8, 0x3c, 0x30, 0xe1,
    0xe3, 0xf9, 0xc1, 0xc3, 0x81, 0xf6, 0x3, 0x83,
    0x3, 0xc0, 0x7, 0x0, 0x7, 0x0, 0xe, 0x0,
    0x0,

    /* U+63A5 "接" */
    0xf, 0x80, 0x3c, 0x0, 0x1e, 0x0, 0x7c, 0x0,
    0x3c, 0x0, 0xf0, 0xc0, 0x78, 0x1, 0xe1, 0xc0,
    0xf1, 0xff, 0xff, 0xc1, 0xe0, 0x0, 0x0, 0x3,
    0xd8, 0xe0, 0x78, 0x7, 0xf8, 0xe1, 0xf0, 0x7f,
    0xf1, 0xe3, 0xc0, 0x1e, 0x3, 0xc7, 0x20, 0x3c,
    0x7, 0x8c, 0x60, 0x78, 0x6, 0x31, 0xe0, 0xf3,
    0xff, 0xff, 0xe1, 0xe0, 0x0, 0x0, 0x3, 0xf8,
    0x3f, 0x0, 0x7, 0xe0, 0x78, 0x8, 0xff, 0x0,
    0xf0, 0x3c, 0xfe, 0x7f, 0xff, 0xfd, 0xfc, 0x7,
    0x8f, 0x83, 0x78, 0x1e, 0x1f, 0x0, 0xf0, 0x3c,
    0x3c, 0x1, 0xe0, 0xf0, 0xf8, 0x3, 0xc1, 0xe1,
    0xe0, 0x7, 0x87, 0xbf, 0xc0, 0xf, 0xf, 0x1f,
    0xc0, 0x1e, 0x0, 0x3f, 0xe3, 0xfc, 0x1, 0xff,
    0xe1, 0xf8, 0x7, 0xc7, 0xc1, 0xf0, 0x3e, 0x7,
    0xc3, 0xc3, 0xc0, 0x7, 0x6, 0x18, 0x0, 0x0,
    0x0,

    /* U+63CF "描" */
    0xf, 0x83, 0xe3, 0xc0, 0x1e, 0x7, 0x87, 0x0,
    0x3c, 0xf, 0xe, 0x40, 0x78, 0x1e, 0x1c, 0xc0,
    0xf4, 0x3c, 0x3b, 0xc1, 0xef, 0xff, 0xff, 0xc3,
    0xfc, 0xf0, 0xe0, 0x7f, 0xf9, 0xe1, 0xc0, 0xf,
    0x3, 0xc3, 0x80, 0x1e, 0x7, 0x87, 0x0, 0x3c,
    0xe, 0xc, 0x0, 0x78, 0xe0, 0x1, 0x80, 0xf1,
    0xff, 0xff, 0x81, 0xfb, 0xff, 0xff, 0x83, 0xe7,
    0x8f, 0x1e, 0x7f, 0x8f, 0x1e, 0x3c, 0xff, 0x1e,
    0x3c, 0x79, 0xfe, 0x3c, 0x78, 0xf1, 0xbc, 0x78,
    0xf1, 0xe2, 0x78, 0xff, 0xff, 0xc0, 0xf1, 0xe3,
    0xc7, 0x81, 0xe3, 0xc7, 0x8f, 0x3, 0xc7, 0x8f,
    0x1e, 0x7, 0x8f, 0x1e, 0x3c, 0xf, 0x1e, 0x3c,
    0x79, 0xfe, 0x3c, 0x78, 0xf0, 0xfc, 0x7f, 0xff,
    0xe0, 0xf8, 0xff, 0xff, 0xc1, 0xe1, 0xe0, 0x7,
    0x83, 0x83, 0x80, 0xc, 0x0,

    /* U+63D0 "提" */
    0xf, 0x84, 0x0, 0x40, 0x1e, 0xf, 0xff, 0xc0,
    0x3c, 0x1f, 0xff, 0xc0, 0x78, 0x3c, 0xf, 0x0,
    0xf4, 0x78, 0x1e, 0x1, 0xfc, 0xff, 0xfc, 0x3f,
    0xfd, 0xe0, 0x78, 0x7, 0x83, 0xc0, 0xf0, 0xf,
    0x7, 0x81, 0xe0, 0x1e, 0xf, 0xff, 0xc0, 0x3c,
    0x1e, 0x7, 0x80, 0x79, 0xb8, 0x1, 0x80, 0xfc,
    0x0, 0x7, 0x8f, 0xf3, 0xff, 0xff, 0xbf, 0xc0,
    0xf, 0x0, 0x7f, 0x80, 0x1e, 0x0, 0xff, 0xf,
    0x3c, 0x60, 0xde, 0x1f, 0x78, 0xe1, 0x3c, 0x3c,
    0xf3, 0xe0, 0x78, 0x79, 0xff, 0xe0, 0xf0, 0xf3,
    0xc0, 0x1, 0xe1, 0xe7, 0x80, 0x3, 0xc7, 0xef,
    0x0, 0x7, 0x8e, 0x7e, 0x0, 0xff, 0x3c, 0xff,
    0xfc, 0x7e, 0x70, 0xff, 0xf0, 0x79, 0xc0, 0xff,
    0xe0, 0xf3, 0x0, 0x7f, 0xc1, 0x88, 0x0, 0x0,
    0x0,

    /* U+63DB "換" */
    0x8, 0x0, 0x0, 0x0, 0x1e, 0x7, 0xe0, 0x0,
    0x38, 0xf, 0x90, 0x0, 0x70, 0x1f, 0xf8, 0x0,
    0xe0, 0x7f, 0xf8, 0x1, 0xc0, 0xe1, 0xe0, 0x3,
    0xbb, 0x87, 0x18, 0x7f, 0xff, 0xff, 0xfc, 0xe,
    0x1e, 0xee, 0x70, 0x1c, 0x7d, 0xdc, 0xe0, 0x39,
    0x7b, 0xb9, 0xc0, 0x70, 0xf6, 0x73, 0x80, 0xe3,
    0xec, 0xff, 0x1, 0xfb, 0xf0, 0xfe, 0xf, 0xc7,
    0xc0, 0x1c, 0x7f, 0xf, 0x0, 0x38, 0xfe, 0x1e,
    0x7e, 0x70, 0xfc, 0x38, 0xf8, 0x1, 0x38, 0x1,
    0xe0, 0xc0, 0x70, 0x3, 0xc3, 0xe0, 0xe3, 0xff,
    0xff, 0xc1, 0xc0, 0xf, 0x40, 0x3, 0x80, 0x3c,
    0xc0, 0x7, 0x0, 0x79, 0xc0, 0xe, 0x1, 0xe1,
    0xf1, 0xfc, 0x7, 0x83, 0xfc, 0xf8, 0x1e, 0x3,
    0xe0, 0xf0, 0x70, 0x3, 0x81, 0xc3, 0x80, 0x3,
    0x2, 0x18, 0x0, 0x0, 0x0,

    /* U+63FA "揺" */
    0xc, 0x0, 0x0, 0x20, 0x1f, 0x0, 0x3, 0xe0,
    0x3c, 0x0, 0x3f, 0xe0, 0x78, 0xf, 0xff, 0xe0,
    0xf0, 0xff, 0x0, 0x1, 0xe9, 0xc, 0x1e, 0x3,
    0xd9, 0x8c, 0x3e, 0x7, 0xfb, 0x9c, 0x78, 0x7f,
    0xf7, 0xbd, 0xe0, 0x1e, 0x7, 0x73, 0x80, 0x3c,
    0xe, 0xe6, 0x40, 0x78, 0x0, 0x19, 0xc0, 0xf0,
    0xff, 0xff, 0xc1, 0xe1, 0xff, 0xff, 0x83, 0xf8,
    0xf, 0x0, 0xf, 0xc0, 0x1e, 0xc, 0xff, 0x0,
    0x3c, 0x3c, 0xfe, 0x3f, 0xff, 0xfd, 0xfc, 0x0,
    0xf0, 0x3, 0x78, 0x1, 0xe0, 0x0, 0xf0, 0xfb,
    0xc3, 0xc1, 0xe1, 0xe7, 0x87, 0x83, 0xc3, 0xcf,
    0xf, 0x7, 0x87, 0x9e, 0x1e, 0xf, 0xf, 0x3c,
    0x3c, 0x1e, 0x1e, 0x78, 0x79, 0xfc, 0x3c, 0xf0,
    0xf1, 0xf8, 0x7f, 0xff, 0xe1, 0xf0, 0xff, 0xff,
    0xc3, 0xc1, 0xe0, 0x7, 0x87, 0x3, 0x80, 0xe,
    0x0,

    /* U+643A "携" */
    0x0, 0x0, 0x0, 0x0, 0x1f, 0x7, 0x1e, 0x0,
    0x3c, 0xf, 0xbe, 0x80, 0x78, 0x3e, 0x73, 0x80,
    0xf0, 0x7f, 0xff, 0x81, 0xe9, 0xff, 0xff, 0x83,
    0xdb, 0xe7, 0x80, 0x7, 0xff, 0xcf, 0x38, 0x7f,
    0xf7, 0xff, 0xf8, 0x1e, 0xf, 0x3c, 0x0, 0x3c,
    0x1e, 0x79, 0xc0, 0x78, 0x3f, 0xff, 0xc0, 0xf0,
    0x79, 0xe2, 0x1, 0xee, 0xf3, 0xce, 0x3, 0xf1,
    0xff, 0xff, 0x3f, 0xc3, 0xff, 0xfe, 0xff, 0x7,
    0x84, 0x0, 0xfe, 0x3f, 0xfe, 0x1, 0xfc, 0x7f,
    0xfe, 0x3, 0xf8, 0x1e, 0x7c, 0x4, 0xf0, 0x3c,
    0xf1, 0x1, 0xe0, 0x79, 0xff, 0x3, 0xc1, 0xe3,
    0xff, 0x7, 0x83, 0xc7, 0x9e, 0xf, 0x7, 0x0,
    0x78, 0x1e, 0x1e, 0x0, 0xf1, 0xfc, 0x38, 0x3f,
    0xe0, 0xf8, 0xc0, 0x1f, 0xc1, 0xe3, 0x0, 0x1f,
    0x3, 0x98, 0x0, 0x38, 0x0,

    /* U+652F "支" */
    0x0, 0x7, 0x0, 0x0, 0x0, 0x1f, 0x0, 0x0,
    0x0, 0x78, 0x0, 0x0, 0x1, 0xe0, 0x10, 0x0,
    0x7, 0x80, 0xe0, 0x0, 0x1e, 0x7, 0xc7, 0xff,
    0xff, 0xff, 0xc0, 0x1, 0xe0, 0x0, 0x0, 0x7,
    0x80, 0x0, 0x0, 0x1e, 0x0, 0x0, 0x0, 0x78,
    0x0, 0x0, 0x1, 0xe1, 0x80, 0x1f, 0xff, 0xff,
    0x0, 0x7f, 0xff, 0xfe, 0x0, 0x8, 0x0, 0xfc,
    0x0, 0x20, 0x7, 0xc0, 0x0, 0x40, 0x1f, 0x0,
    0x1, 0x80, 0xf8, 0x0, 0x3, 0x7, 0xc0, 0x0,
    0xe, 0x3f, 0x0, 0x0, 0x1c, 0xf8, 0x0, 0x0,
    0x3f, 0xc0, 0x0, 0x0, 0xfe, 0x0, 0x0, 0x1,
    0xf8, 0x0, 0x0, 0x1f, 0xf8, 0x0, 0x0, 0xfb,
    0xfc, 0x0, 0x7, 0x87, 0xff, 0x80, 0x78, 0xf,
    0xff, 0x7, 0x80, 0xf, 0xf0, 0x70, 0x0, 0xf,
    0x8e, 0x0, 0x0, 0x6, 0x0,

    /* U+6539 "改" */
    0x0, 0x0, 0xe0, 0x0, 0x1, 0x3, 0xf0, 0xf,
    0xfe, 0xf, 0x0, 0x3f, 0xfe, 0x3c, 0x0, 0x0,
    0xf1, 0xf0, 0x0, 0x3, 0xc7, 0x81, 0x80, 0xf,
    0x1e, 0xf, 0x80, 0x3c, 0x7f, 0xff, 0x0, 0xf3,
    0xc3, 0xe0, 0x3, 0xcf, 0xf, 0xc, 0xf, 0x38,
    0x3c, 0x3f, 0xfd, 0xc0, 0xf0, 0xff, 0xf7, 0x83,
    0xc3, 0xe3, 0xda, 0x1f, 0xf, 0x8c, 0xc8, 0x78,
    0x3e, 0x2, 0x11, 0xe0, 0xf8, 0x10, 0x47, 0x83,
    0xe0, 0x1, 0xbc, 0xf, 0x81, 0x6, 0xf0, 0x3e,
    0x4, 0xf, 0x80, 0xf8, 0x10, 0x3e, 0x3, 0xe0,
    0xc0, 0xf0, 0xf, 0xff, 0x87, 0xe0, 0x3f, 0xff,
    0x1f, 0xc0, 0x7f, 0xf8, 0xef, 0xc0, 0xff, 0xc7,
    0x3f, 0xc0, 0x0, 0x78, 0x7f, 0xc0, 0x3, 0x80,
    0xfc, 0x0, 0x18, 0x1, 0xe0, 0x3, 0x80, 0x1,
    0x80,

    /* U+653F "政" */
    0x0, 0x0, 0x38, 0x0, 0x0, 0x18, 0xfc, 0x0,
    0x0, 0x7d, 0xf0, 0x3, 0xff, 0xff, 0xe0, 0x0,
    0x1e, 0x7, 0x80, 0x0, 0x3c, 0xf, 0x6, 0x0,
    0x78, 0x1c, 0x1f, 0x0, 0xf0, 0x7f, 0xff, 0x39,
    0xe0, 0xe1, 0xf0, 0x7b, 0xc1, 0xc3, 0xe0, 0xe7,
    0xb7, 0x7, 0xc1, 0xcf, 0xfe, 0xf, 0x3, 0x9f,
    0xfa, 0x1e, 0x7, 0x3c, 0x64, 0x3c, 0xe, 0x78,
    0x88, 0xf8, 0x1c, 0xf0, 0x19, 0xe0, 0x39, 0xe0,
    0x13, 0xc0, 0x73, 0xc0, 0x3f, 0x80, 0xe7, 0x80,
    0x7e, 0x1, 0xcf, 0x0, 0xfc, 0x3, 0x9e, 0x8,
    0xf0, 0x7, 0x3d, 0xe3, 0xe0, 0xe, 0x7e, 0x7,
    0xe0, 0x1f, 0xf8, 0x1f, 0xe0, 0xff, 0xc0, 0x73,
    0xf0, 0xfe, 0x1, 0xc3, 0xf9, 0xe0, 0x7, 0x7,
    0xf1, 0x0, 0x38, 0x7, 0x80, 0x0, 0xc0, 0x7,
    0x0, 0x6, 0x0, 0x0, 0x0,

    /* U+6545 "故" */
    0x7, 0xe0, 0x78, 0x0, 0xf, 0x80, 0xfc, 0x0,
    0x1f, 0x1, 0xf0, 0x0, 0x3e, 0x3, 0xe0, 0x0,
    0x7c, 0x87, 0x80, 0x0, 0xf9, 0x8f, 0x7, 0x1,
    0xf7, 0xbc, 0x1f, 0x7f, 0xff, 0xff, 0xff, 0x7,
    0xc0, 0xe1, 0xf0, 0xf, 0x83, 0xc3, 0xe0, 0x1f,
    0x7, 0x7, 0xc0, 0x3e, 0xe, 0xf, 0x0, 0x7c,
    0x32, 0x1e, 0x8, 0xfa, 0x44, 0x3c, 0x1f, 0xfe,
    0x8, 0xf8, 0x3f, 0xff, 0x19, 0xe0, 0x78, 0x3c,
    0x33, 0xc0, 0xf0, 0x78, 0x3f, 0x1, 0xe0, 0xf0,
    0x7e, 0x3, 0xc1, 0xe0, 0xf8, 0x7, 0x83, 0xc0,
    0xf0, 0xf, 0x7, 0x81, 0xc0, 0x1e, 0xf, 0x7,
    0xc0, 0x3c, 0x1e, 0x1f, 0xe0, 0x7f, 0xfc, 0x3b,
    0xe0, 0xf0, 0x78, 0xe7, 0xe1, 0xe0, 0xf3, 0x87,
    0xf3, 0xc0, 0xc, 0x7, 0xc0, 0x0, 0x70, 0x7,
    0x0, 0x1, 0x80, 0x4, 0x0, 0x4, 0x0, 0x0,
    0x0,

    /* U+6557 "敗" */
    0x0, 0x0, 0x60, 0x0, 0x0, 0x60, 0xfc, 0x0,
    0xff, 0xe1, 0xf0, 0x1, 0xff, 0xe3, 0xc0, 0x3,
    0xc7, 0x87, 0x80, 0x7, 0x8f, 0xf, 0x6, 0xf,
    0x1e, 0x3c, 0xf, 0x1e, 0x3c, 0x7f, 0xff, 0x3f,
    0xf8, 0xe1, 0xf0, 0x78, 0xf3, 0xc3, 0xe0, 0xf1,
    0xe7, 0x7, 0xc1, 0xe3, 0xce, 0xf, 0x3, 0xc7,
    0xba, 0x1e, 0x7, 0x8f, 0x64, 0x3c, 0xf, 0xff,
    0x8c, 0xf8, 0x1e, 0x3c, 0x19, 0xe0, 0x3c, 0x78,
    0x13, 0xc0, 0x78, 0xf0, 0x3f, 0x80, 0xf1, 0xe0,
    0x7e, 0x1, 0xe3, 0xc0, 0x7c, 0x3, 0xff, 0x80,
    0xf0, 0x7, 0x8e, 0x1, 0xe0, 0x3, 0x78, 0x7,
    0xe0, 0xf, 0xbc, 0x1f, 0xe0, 0x1e, 0x7c, 0x3b,
    0xf0, 0x38, 0x78, 0xe3, 0xf0, 0xe0, 0xf3, 0x87,
    0xf9, 0x80, 0xcc, 0x7, 0xc6, 0x0, 0x60, 0x7,
    0x18, 0x1, 0x0, 0x4, 0x0,

    /* U+6559 "教" */
    0x3, 0xe3, 0xe, 0x0, 0x3, 0xc3, 0xcf, 0x80,
    0x3, 0xd7, 0xef, 0x0, 0x3, 0xff, 0x9f, 0x0,
    0x3f, 0xff, 0x9f, 0x0, 0x3, 0xcf, 0x1e, 0x1c,
    0x3, 0xde, 0x1e, 0x3e, 0x3, 0xde, 0x1f, 0xff,
    0x3, 0xfd, 0xbc, 0x78, 0x7f, 0xff, 0xfc, 0x78,
    0x7f, 0xff, 0xf8, 0x78, 0x0, 0xf0, 0x38, 0xf8,
    0x1, 0xe4, 0x78, 0xf8, 0x3f, 0xfe, 0x68, 0xf0,
    0x3f, 0xff, 0x68, 0xf0, 0x6, 0x1e, 0xcc, 0xf0,
    0xc, 0x38, 0x85, 0xe0, 0x18, 0xf8, 0x7, 0xe0,
    0x20, 0xf0, 0x7, 0xe0, 0x40, 0xff, 0xc7, 0xc0,
    0x3f, 0xfc, 0x3, 0xc0, 0x7f, 0xf0, 0x7, 0x80,
    0x3f, 0xf0, 0xf, 0xc0, 0x38, 0xf0, 0xf, 0xe0,
    0x0, 0xf0, 0x1d, 0xf0, 0x0, 0xf0, 0x38, 0xfc,
    0x1f, 0xf0, 0x70, 0xff, 0x3, 0xf0, 0xe0, 0x7c,
    0x1, 0xf3, 0x80, 0x38, 0x1, 0xe6, 0x0, 0x18,
    0x0, 0x8, 0x0, 0x0,

    /* U+6570 "数" */
    0x1, 0xf0, 0x1c, 0x0, 0x73, 0xde, 0x3f, 0x0,
    0x77, 0xbc, 0x78, 0x0, 0xef, 0x70, 0xf0, 0x1,
    0xde, 0xb1, 0xe1, 0x1, 0x3e, 0x73, 0x87, 0x1f,
    0xff, 0xff, 0xf, 0x3, 0xf0, 0x1f, 0xff, 0x7,
    0xfc, 0x38, 0xf8, 0x1f, 0xfc, 0x71, 0xf0, 0x3f,
    0xbc, 0xc3, 0xe0, 0xef, 0x3b, 0x87, 0x83, 0x1e,
    0x77, 0xf, 0xc, 0x30, 0xb, 0x1e, 0x0, 0xf8,
    0x22, 0x7c, 0x3, 0xe1, 0xc4, 0xf0, 0x7, 0x87,
    0xcd, 0xe0, 0xff, 0xff, 0xdb, 0xc0, 0x3c, 0x78,
    0x3f, 0x0, 0x78, 0xf0, 0x3e, 0x1, 0xe3, 0xe0,
    0x78, 0x3, 0xc7, 0x80, 0xf0, 0xf, 0xfe, 0x3,
    0xf0, 0x1e, 0x7e, 0x7, 0xf0, 0x10, 0xfe, 0x1d,
    0xf0, 0x3, 0xfc, 0x73, 0xf8, 0xe, 0x79, 0xc3,
    0xf8, 0x38, 0x66, 0x3, 0xe1, 0xc0, 0x38, 0x3,
    0x8c, 0x0, 0x80, 0x2, 0x0,

    /* U+6587 "文" */
    0x0, 0x7, 0xc0, 0x0, 0x0, 0x1e, 0x0, 0x0,
    0x0, 0x78, 0x0, 0x0, 0x1, 0xe0, 0x0, 0x0,
    0x7, 0x80, 0x40, 0x0, 0x1e, 0x3, 0x80, 0x0,
    0x78, 0x1f, 0x1f, 0xff, 0xff, 0xfe, 0x7f, 0xff,
    0xff, 0xf8, 0x4, 0x0, 0x7c, 0x0, 0x10, 0x1,
    0xf0, 0x0, 0x20, 0xf, 0x80, 0x0, 0x80, 0x3e,
    0x0, 0x3, 0x0, 0xf8, 0x0, 0x4, 0x7, 0xc0,
    0x0, 0x18, 0x1f, 0x0, 0x0, 0x30, 0xf8, 0x0,
    0x0, 0xe3, 0xe0, 0x0, 0x1, 0xdf, 0x0, 0x0,
    0x7, 0xf8, 0x0, 0x0, 0xf, 0xc0, 0x0, 0x0,
    0x3e, 0x0, 0x0, 0x0, 0xfe, 0x0, 0x0, 0x7,
    0xfe, 0x0, 0x0, 0x3d, 0xfe, 0x0, 0x1, 0xe3,
    0xff, 0x0, 0x1e, 0x7, 0xff, 0x80, 0xe0, 0x7,
    0xfc, 0xe, 0x0, 0xf, 0xe0, 0xc0, 0x0, 0xf,
    0xc, 0x0, 0x0, 0x0, 0x0,

    /* U+6599 "料" */
    0x2, 0x0, 0x1, 0x80, 0x3, 0xe0, 0x1, 0xf0,
    0x3, 0xc0, 0x1, 0xe0, 0x3, 0xc8, 0xc1, 0xe0,
    0x63, 0xcf, 0x71, 0xe0, 0x73, 0xde, 0x79, 0xe0,
    0x7b, 0xdc, 0x39, 0xe0, 0x3b, 0xdc, 0x3d, 0xe0,
    0x3b, 0xd8, 0x39, 0xe0, 0x3b, 0xd0, 0x1, 0xe0,
    0x33, 0xc0, 0x1, 0xe0, 0x3, 0xcd, 0xe1, 0xe0,
    0x3, 0xde, 0xf1, 0xe0, 0xff, 0xff, 0x79, 0xe0,
    0x7, 0xc0, 0x3d, 0xe0, 0x7, 0xc0, 0x3d, 0xe0,
    0xf, 0xf8, 0x19, 0xe0, 0xf, 0xdc, 0x1, 0xe8,
    0xf, 0xde, 0x1, 0xec, 0x1f, 0xcf, 0x1, 0xff,
    0x1f, 0xcf, 0x1, 0xf8, 0x1f, 0xce, 0xf, 0xe0,
    0x3b, 0xc1, 0xf1, 0xe0, 0x33, 0xc0, 0x1, 0xe0,
    0x63, 0xc0, 0x1, 0xe0, 0x43, 0xc0, 0x1, 0xe0,
    0x3, 0xc0, 0x1, 0xe0, 0x3, 0xc0, 0x1, 0xe0,
    0x3, 0xc0, 0x1, 0xe0, 0x3, 0xc0, 0x1, 0xe0,
    0x3, 0x80, 0x1, 0xc0,

    /* U+65AD "断" */
    0x0, 0x0, 0x0, 0x0, 0x7, 0xc0, 0x3, 0x8f,
    0x9e, 0x0, 0x1f, 0x3c, 0x78, 0x31, 0xfe, 0xf9,
    0xee, 0xff, 0x83, 0xd7, 0xbb, 0xc0, 0xf, 0x5e,
    0xef, 0x0, 0x3d, 0xff, 0x3c, 0x0, 0xf7, 0xf8,
    0xf0, 0x3, 0xdf, 0xc3, 0xc0, 0x8f, 0x5e, 0x4f,
    0x7, 0x3c, 0x7b, 0xfc, 0x1f, 0xff, 0xff, 0xff,
    0xff, 0xcf, 0x83, 0xc7, 0x8f, 0x3f, 0xf, 0x1e,
    0x3c, 0xff, 0x3c, 0x78, 0xf3, 0xee, 0xf1, 0xe3,
    0xdf, 0xbb, 0xc7, 0x8f, 0x7e, 0xef, 0x1e, 0x3d,
    0xfb, 0xbc, 0x78, 0xf5, 0xe6, 0xf1, 0xe3, 0xf7,
    0x83, 0x87, 0x8f, 0x9e, 0xe, 0x1e, 0x3c, 0x78,
    0x78, 0x78, 0xf1, 0xed, 0xc1, 0xe3, 0xc4, 0x7f,
    0x7, 0x8f, 0xff, 0xf8, 0x1e, 0x3c, 0x0, 0xe0,
    0x78, 0xf0, 0x3, 0x1, 0xe3, 0x80, 0x18, 0x7,
    0x80, 0x0, 0x80, 0x1c, 0x0,

    /* U+65B0 "新" */
    0x3, 0xe0, 0x0, 0xe0, 0xf, 0x0, 0x7, 0xc0,
    0x3c, 0x88, 0x3f, 0x80, 0xf7, 0x3f, 0xf0, 0xff,
    0xfe, 0xfc, 0x0, 0x40, 0xc3, 0xc0, 0x1, 0x83,
    0xcf, 0x0, 0x7, 0x1e, 0x3c, 0x0, 0x1e, 0x70,
    0xf0, 0x20, 0x79, 0x93, 0xc1, 0xc0, 0xc4, 0xef,
    0x7, 0xbf, 0xff, 0xff, 0xff, 0x0, 0x0, 0xf1,
    0xe0, 0xf, 0x83, 0xc7, 0x80, 0x3c, 0x8f, 0x1e,
    0x0, 0xf7, 0xbc, 0x78, 0xff, 0xff, 0xf1, 0xe0,
    0x1f, 0x3, 0xc7, 0x80, 0xff, 0xf, 0x1e, 0x3,
    0xf7, 0x38, 0x78, 0xf, 0xde, 0xe1, 0xe0, 0x7f,
    0x7f, 0x87, 0x81, 0xfc, 0xfe, 0x1e, 0xe, 0xf3,
    0x70, 0x78, 0x73, 0xc1, 0xc1, 0xe1, 0x8f, 0xe,
    0x7, 0x88, 0x3c, 0x30, 0x1e, 0x0, 0xf1, 0x80,
    0x78, 0x3, 0xc4, 0x1, 0xe0, 0xe, 0x20, 0x7,
    0x0,

    /* U+65B9 "方" */
    0x0, 0x7, 0x0, 0x0, 0x0, 0x1f, 0x0, 0x0,
    0x0, 0x7c, 0x0, 0x0, 0x1, 0xf0, 0x0, 0x0,
    0x7, 0xc0, 0x40, 0x0, 0x1f, 0x3, 0x80, 0x0,
    0x7c, 0xf, 0x3f, 0xff, 0xff, 0xfe, 0xff, 0xff,
    0xff, 0xf8, 0x0, 0xf8, 0x0, 0x0, 0x3, 0xe0,
    0x0, 0x0, 0xf, 0x80, 0x0, 0x0, 0x3e, 0x2,
    0x0, 0x0, 0xff, 0xfe, 0x0, 0x7, 0xff, 0xfc,
    0x0, 0x1f, 0x1, 0xe0, 0x0, 0x7c, 0x7, 0x80,
    0x1, 0xf0, 0x1e, 0x0, 0x7, 0x80, 0x78, 0x0,
    0x3e, 0x1, 0xe0, 0x0, 0xf0, 0x7, 0x80, 0x3,
    0xc0, 0x3e, 0x0, 0x1e, 0x0, 0xf0, 0x0, 0x78,
    0x3, 0xc0, 0x3, 0xc0, 0xf, 0x0, 0x1e, 0x0,
    0x3c, 0x0, 0x70, 0x1, 0xf0, 0x3, 0x81, 0xff,
    0x80, 0x1c, 0x0, 0x7e, 0x0, 0xc0, 0x1, 0xf0,
    0x4, 0x0, 0x7, 0x0, 0x0,

    /* U+65BD "施" */
    0x7, 0x80, 0xc0, 0x0, 0xf, 0x81, 0xf8, 0x0,
    0x1e, 0x3, 0xe0, 0x0, 0x3c, 0x7, 0x80, 0x80,
    0x79, 0x1f, 0x3, 0x80, 0xf7, 0x3c, 0xf, 0x81,
    0xef, 0x7f, 0xff, 0xff, 0xff, 0xe0, 0x0, 0xff,
    0xff, 0x8c, 0x0, 0x1c, 0x6, 0x1f, 0x0, 0x38,
    0x18, 0x3c, 0x0, 0x71, 0xaf, 0x78, 0x80, 0xff,
    0x9c, 0xf3, 0x81, 0xff, 0xb9, 0xff, 0x87, 0x9e,
    0x73, 0xce, 0xf, 0x3c, 0xff, 0x9c, 0x1e, 0x79,
    0xcf, 0x38, 0x3c, 0xff, 0x9e, 0x70, 0x79, 0xe7,
    0x3c, 0xe0, 0xf3, 0xce, 0x79, 0xc1, 0xc7, 0x9c,
    0xff, 0x83, 0x8f, 0x39, 0xee, 0x7, 0x1e, 0x73,
    0xd8, 0x1c, 0x3c, 0xe7, 0x84, 0x38, 0x79, 0xce,
    0x8, 0x71, 0xe3, 0x80, 0x10, 0xc3, 0xc7, 0x0,
    0x63, 0x7f, 0x8f, 0xff, 0xe4, 0x3f, 0x1f, 0xff,
    0xf8, 0x7c, 0x1f, 0xff, 0x20, 0x60, 0x0, 0x0,
    0x0,

    /* U+65C5 "旅" */
    0x7, 0x80, 0x40, 0x0, 0xf, 0x80, 0xf0, 0x0,
    0x1e, 0x3, 0xf0, 0x0, 0x3c, 0x7, 0xc1, 0x80,
    0x79, 0xf, 0x3, 0x80, 0xf7, 0x3e, 0xf, 0x81,
    0xef, 0x7f, 0xff, 0x7f, 0xff, 0xe0, 0x0, 0xff,
    0xff, 0xc2, 0x0, 0x1c, 0x7, 0xf, 0x0, 0x38,
    0x1c, 0x3f, 0x80, 0x71, 0xb0, 0xfc, 0x0, 0xff,
    0x83, 0xf0, 0x1, 0xff, 0x8f, 0x82, 0x3, 0x9e,
    0x3d, 0xe, 0x7, 0x3d, 0xf9, 0x1f, 0x1e, 0x7e,
    0xf2, 0x78, 0x3c, 0xf1, 0xe5, 0xe0, 0x79, 0xe3,
    0xcf, 0x0, 0xf3, 0xc7, 0x98, 0x1, 0xe7, 0x8f,
    0x38, 0x3, 0x8f, 0x1e, 0x70, 0x7, 0x1e, 0x3c,
    0x70, 0xe, 0x3c, 0x78, 0xf0, 0x38, 0x78, 0xf1,
    0xe0, 0x70, 0xe1, 0xe1, 0xe0, 0xc3, 0xc3, 0xc3,
    0xf3, 0xbf, 0x87, 0x83, 0xe6, 0x3f, 0xf, 0x7,
    0x98, 0x3c, 0x1e, 0x6, 0x20, 0x60, 0x3c, 0x4,
    0x0,

    /* U+65CF "族" */
    0x3, 0x80, 0x60, 0x0, 0x3, 0xc0, 0x7e, 0x0,
    0x3, 0xc0, 0x7c, 0x0, 0x3, 0xc0, 0x78, 0x18,
    0x3, 0xc8, 0xf8, 0x3c, 0x3, 0xdc, 0xff, 0xfe,
    0x3, 0xde, 0xe0, 0x0, 0x7f, 0xff, 0xc0, 0x0,
    0xf, 0x1, 0xa0, 0x0, 0xf, 0x3, 0x7e, 0x0,
    0xf, 0x2, 0x7c, 0x10, 0xf, 0x18, 0x78, 0x3c,
    0xf, 0xfc, 0x7f, 0xfe, 0xf, 0xfe, 0xff, 0x0,
    0xf, 0x3c, 0xef, 0x0, 0xf, 0x3c, 0xcf, 0x0,
    0xf, 0x3d, 0x8f, 0x8, 0xf, 0x3d, 0xf, 0x1c,
    0xf, 0x3c, 0xf, 0x3e, 0xe, 0x3f, 0xff, 0xff,
    0xe, 0x3c, 0xf, 0x80, 0xe, 0x3c, 0x1f, 0x80,
    0x1e, 0x3c, 0x1e, 0xc0, 0x1c, 0x3c, 0x1e, 0x60,
    0x1c, 0x7c, 0x3c, 0x70, 0x18, 0x78, 0x3c, 0x7c,
    0x33, 0xf8, 0x78, 0x3f, 0x31, 0xf8, 0xe0, 0x3c,
    0x61, 0xf3, 0x80, 0x18, 0x40, 0xc6, 0x0, 0x18,
    0x0, 0x8, 0x0, 0x0,

    /* U+65E5 "日" */
    0xc0, 0x0, 0x63, 0xff, 0xff, 0xcf, 0xff, 0xff,
    0xbc, 0x0, 0x3e, 0xf0, 0x0, 0xfb, 0xc0, 0x3,
    0xef, 0x0, 0xf, 0xbc, 0x0, 0x3e, 0xf0, 0x0,
    0xfb, 0xc0, 0x3, 0xef, 0x0, 0xf, 0xbc, 0x0,
    0x3e, 0xff, 0xff, 0xfb, 0xc0, 0x3, 0xef, 0x0,
    0xf, 0xbc, 0x0, 0x3e, 0xf0, 0x0, 0xfb, 0xc0,
    0x3, 0xef, 0x0, 0xf, 0xbc, 0x0, 0x3e, 0xf0,
    0x0, 0xfb, 0xc0, 0x3, 0xef, 0x0, 0xf, 0xbc,
    0x0, 0x3e, 0xff, 0xff, 0xfb, 0xc0, 0x3, 0xef,
    0x0, 0xf, 0xb8, 0x0, 0x38,

    /* U+65E9 "早" */
    0x8, 0x0, 0x3, 0x0, 0x3f, 0xff, 0xfe, 0x0,
    0xff, 0xff, 0xfe, 0x3, 0xc0, 0x1, 0xf0, 0xf,
    0x0, 0x7, 0xc0, 0x3c, 0x0, 0x1f, 0x0, 0xf0,
    0x0, 0x7c, 0x3, 0xff, 0xff, 0xf0, 0xf, 0x0,
    0x7, 0xc0, 0x3c, 0x0, 0x1f, 0x0, 0xf0, 0x0,
    0x7c, 0x3, 0xc0, 0x1, 0xf0, 0xf, 0x0, 0x7,
    0xc0, 0x3f, 0xff, 0xff, 0x0, 0xf0, 0xf0, 0x7c,
    0x3, 0xc3, 0xc1, 0xc0, 0xc, 0xf, 0x0, 0x60,
    0x0, 0x3c, 0x1, 0xc0, 0x0, 0xf0, 0xf, 0xbf,
    0xff, 0xff, 0xff, 0x0, 0xf, 0x0, 0x0, 0x0,
    0x3c, 0x0, 0x0, 0x0, 0xf0, 0x0, 0x0, 0x3,
    0xc0, 0x0, 0x0, 0xf, 0x0, 0x0, 0x0, 0x3c,
    0x0, 0x0, 0x0, 0xf0, 0x0, 0x0, 0x3, 0xc0,
    0x0, 0x0, 0xe, 0x0, 0x0,

    /* U+6607 "昇" */
    0x4, 0x0, 0x2, 0x0, 0x1f, 0xff, 0xfe, 0x0,
    0x7f, 0xff, 0xfc, 0x1, 0xe0, 0x1, 0xe0, 0x7,
    0x80, 0x7, 0x80, 0x1e, 0x0, 0x1e, 0x0, 0x7f,
    0xff, 0xf8, 0x1, 0xe0, 0x1, 0xe0, 0x7, 0x80,
    0x7, 0x80, 0x1e, 0x0, 0x1e, 0x0, 0x78, 0x0,
    0x78, 0x1, 0xff, 0xff, 0xe0, 0x7, 0x8c, 0x7,
    0x80, 0x1e, 0x78, 0x10, 0x0, 0x7, 0xf3, 0xc0,
    0x0, 0xff, 0xef, 0x0, 0xf, 0xf8, 0x3c, 0x1,
    0xa1, 0xe0, 0xf0, 0x80, 0x7, 0x83, 0xc7, 0x0,
    0x1e, 0xf, 0x3e, 0xff, 0xff, 0xff, 0xfc, 0x3,
    0xe0, 0xf0, 0x0, 0xf, 0x3, 0xc0, 0x0, 0x3c,
    0xf, 0x0, 0x0, 0xe0, 0x3c, 0x0, 0x7, 0x80,
    0xf0, 0x0, 0x3c, 0x3, 0xc0, 0x1, 0xc0, 0xf,
    0x0, 0x1c, 0x0, 0x3c, 0x1, 0x80, 0x0, 0xe0,
    0x0,

    /* U+660E "明" */
    0x0, 0x0, 0x0, 0x0, 0x2, 0x18, 0x7, 0x3f,
    0xf8, 0xff, 0xfd, 0xff, 0xe7, 0x83, 0xef, 0xf,
    0x3c, 0x1e, 0x78, 0x71, 0xe0, 0xf3, 0xc3, 0x8f,
    0x7, 0x9e, 0x1c, 0x78, 0x3c, 0xf0, 0xe3, 0xc1,
    0xe7, 0x87, 0x1e, 0xf, 0x3c, 0x38, 0xff, 0xf9,
    0xff, 0xc7, 0x83, 0xcf, 0xe, 0x3c, 0x1e, 0x78,
    0x71, 0xe0, 0xf3, 0xc3, 0x8f, 0x7, 0x9e, 0x1c,
    0x78, 0x3c, 0xf0, 0xe3, 0xc1, 0xe7, 0x87, 0x1f,
    0xff, 0x3c, 0x38, 0xf0, 0x79, 0xff, 0xc7, 0x3,
    0xcf, 0xe, 0x38, 0x1e, 0x78, 0x73, 0xc0, 0xf3,
    0xc3, 0x1c, 0x7, 0x9e, 0x0, 0xe0, 0x3c, 0x80,
    0xe, 0x1, 0xe0, 0x0, 0x70, 0xf, 0x0, 0x7,
    0x7, 0xf8, 0x0, 0x70, 0xf, 0xc0, 0x6, 0x0,
    0x7e, 0x0, 0x60, 0x1, 0xe0,

    /* U+6613 "易" */
    0x4, 0x0, 0x6, 0x0, 0x3f, 0xff, 0xf8, 0x1,
    0xff, 0xff, 0xe0, 0xf, 0x0, 0x1f, 0x0, 0x78,
    0x0, 0xf8, 0x3, 0xc0, 0x7, 0xc0, 0x1e, 0x0,
    0x3e, 0x0, 0xff, 0xff, 0xf0, 0x7, 0x80, 0xf,
    0x80, 0x3c, 0x0, 0x7c, 0x1, 0xe0, 0x3, 0xe0,
    0xf, 0xff, 0xff, 0x0, 0x7e, 0x0, 0xf8, 0x3,
    0xfe, 0x6, 0x0, 0x7, 0xc0, 0x1, 0x0, 0x7c,
    0x0, 0x1c, 0x3, 0xff, 0xff, 0xe0, 0x3f, 0xff,
    0xff, 0x83, 0xcf, 0xbe, 0x7c, 0x3c, 0xfb, 0xe3,
    0xc3, 0x8f, 0x9f, 0x1e, 0x30, 0x79, 0xf1, 0xf2,
    0x7, 0x8f, 0xf, 0x80, 0x78, 0xf0, 0x78, 0x7,
    0xf, 0x7, 0xc0, 0x60, 0xf0, 0x3e, 0xc, 0xf,
    0x3f, 0xe0, 0x0, 0xe0, 0x7f, 0x0, 0xc, 0x3,
    0xf0, 0x1, 0x80, 0x1e, 0x0,

    /* U+6614 "昔" */
    0x1, 0x0, 0x0, 0x0, 0xf, 0x83, 0xe0, 0x0,
    0x78, 0x1e, 0x0, 0x3, 0xc0, 0xf0, 0x0, 0x1e,
    0x7, 0xb8, 0x0, 0xf0, 0x3d, 0xe0, 0xff, 0xff,
    0xff, 0x80, 0x3c, 0xf, 0x0, 0x1, 0xe0, 0x78,
    0x0, 0xf, 0x3, 0xc0, 0x0, 0x78, 0x1e, 0x38,
    0x3, 0xc0, 0xf3, 0xef, 0xff, 0xff, 0xff, 0x80,
    0x0, 0x0, 0x0, 0x0, 0x0, 0x20, 0x0, 0xc0,
    0x1, 0x80, 0x7, 0xff, 0xfe, 0x0, 0x3f, 0xff,
    0xf8, 0x1, 0xe0, 0x7, 0x80, 0xf, 0x0, 0x3c,
    0x0, 0x78, 0x1, 0xe0, 0x3, 0xc0, 0xf, 0x0,
    0x1f, 0xff, 0xf8, 0x0, 0xf0, 0x3, 0xc0, 0x7,
    0x80, 0x1e, 0x0, 0x3c, 0x0, 0xf0, 0x1, 0xe0,
    0x7, 0x80, 0xf, 0xff, 0xfc, 0x0, 0x78, 0x1,
    0xe0, 0x3, 0xc0, 0xf, 0x0, 0x1c, 0x0, 0x70,
    0x0,

    /* U+661F "星" */
    0x6, 0x0, 0x3, 0x0, 0x1f, 0xff, 0xfe, 0x0,
    0x7f, 0xff, 0xfc, 0x1, 0xf0, 0x1, 0xf0, 0x7,
    0xc0, 0x7, 0xc0, 0x1f, 0x0, 0x1f, 0x0, 0x7f,
    0xff, 0xfc, 0x1, 0xf0, 0x1, 0xf0, 0x7, 0xc0,
    0x7, 0xc0, 0x1f, 0x0, 0x1f, 0x0, 0x7c, 0x0,
    0x7c, 0x1, 0xff, 0xff, 0xf0, 0x7, 0xc0, 0x7,
    0x80, 0x1f, 0xf, 0x80, 0x0, 0x3f, 0x3c, 0x0,
    0x0, 0xf8, 0xf0, 0x70, 0x3, 0xc3, 0xc3, 0xe0,
    0x1f, 0xff, 0xff, 0xc0, 0x78, 0x3c, 0x0, 0x3,
    0xc0, 0xf0, 0x20, 0x1c, 0x3, 0xc1, 0xc0, 0xe0,
    0xf, 0xf, 0x82, 0x7f, 0xff, 0xff, 0x0, 0x0,
    0xf0, 0x0, 0x0, 0x3, 0xc0, 0x0, 0x0, 0xf,
    0x1, 0x80, 0x0, 0x3c, 0x7, 0xbf, 0xff, 0xff,
    0xff, 0x7f, 0xff, 0xff, 0xf8,

    /* U+6620 "映" */
    0x0, 0x0, 0xc0, 0x0, 0x0, 0x3, 0xe0, 0x0,
    0x20, 0xf, 0x0, 0x3f, 0xc0, 0x3c, 0x0, 0xff,
    0x80, 0xf1, 0x3, 0x9e, 0xc3, 0xc6, 0xe, 0x73,
    0xff, 0xfc, 0x39, 0xcf, 0xff, 0xf8, 0xe7, 0x3c,
    0xf3, 0xc3, 0x9c, 0xf3, 0xcf, 0xe, 0x73, 0xcf,
    0x3c, 0x39, 0xcf, 0x3c, 0xf0, 0xe7, 0x3c, 0xf3,
    0xc3, 0xfc, 0xf3, 0xcf, 0xe, 0x73, 0xcf, 0x3c,
    0x39, 0xcf, 0x3c, 0xf4, 0xe7, 0x3c, 0xf3, 0xfb,
    0x9f, 0xff, 0xff, 0xee, 0x77, 0xff, 0xff, 0xb9,
    0xc0, 0x7a, 0x0, 0xe7, 0x1, 0xe8, 0x3, 0x9c,
    0x7, 0x30, 0xf, 0xf0, 0x3c, 0x60, 0x39, 0xc0,
    0xe1, 0xe0, 0xe7, 0x7, 0x87, 0xe3, 0x80, 0x3c,
    0xf, 0xf0, 0x1, 0xc0, 0x1f, 0x0, 0xe, 0x0,
    0x78, 0x0, 0xe0, 0x0, 0xc0, 0xc, 0x0, 0x1,
    0x0,

    /* U+6625 "春" */
    0x0, 0x1e, 0x0, 0x0, 0x0, 0x3f, 0x0, 0x80,
    0x0, 0x7c, 0x3, 0x80, 0x0, 0xf8, 0x7, 0x83,
    0xff, 0xff, 0xff, 0x80, 0x3, 0xc0, 0x0, 0x0,
    0xf, 0x80, 0x30, 0x0, 0x1f, 0x0, 0xf0, 0x1f,
    0xff, 0xff, 0xf0, 0x0, 0x78, 0x80, 0x0, 0x1,
    0xf0, 0x81, 0xc0, 0x3, 0xc1, 0x83, 0xc7, 0xff,
    0xff, 0xff, 0xc0, 0x1e, 0x3, 0x80, 0x0, 0x3c,
    0x3, 0x80, 0x0, 0xf0, 0x7, 0xc0, 0x3, 0xff,
    0xff, 0xe0, 0x7, 0xff, 0xff, 0xf0, 0x1f, 0x80,
    0x7f, 0xf8, 0x7f, 0x0, 0xff, 0xc1, 0xde, 0x1,
    0xff, 0x6, 0x3c, 0x3, 0xe6, 0x18, 0x7f, 0xff,
    0xc4, 0x40, 0xf0, 0xf, 0x80, 0x1, 0xe0, 0x1f,
    0x0, 0x3, 0xc0, 0x3e, 0x0, 0x7, 0x80, 0x7c,
    0x0, 0xf, 0xff, 0xf8, 0x0, 0x1e, 0x1, 0xf0,
    0x0, 0x38, 0x3, 0xc0, 0x0,

    /* U+6628 "昨" */
    0x0, 0x3, 0x0, 0x0, 0x0, 0x1f, 0x0, 0x0,
    0x20, 0xf8, 0x1, 0xff, 0x87, 0x80, 0xf, 0xff,
    0x7c, 0xe, 0x78, 0xf3, 0xc0, 0xfb, 0xc7, 0x9f,
    0xff, 0xfe, 0x3d, 0xef, 0x0, 0xf1, 0xee, 0x78,
    0x7, 0x8f, 0xe3, 0xc0, 0x3c, 0x7e, 0x1e, 0x31,
    0xe3, 0xe0, 0xf3, 0xcf, 0xfe, 0x7, 0xff, 0x78,
    0xf0, 0x3c, 0x3, 0xc7, 0x81, 0xe0, 0x1e, 0x3c,
    0xf, 0x0, 0xf1, 0xe0, 0x78, 0x7, 0x8f, 0x3,
    0xc6, 0x3c, 0x78, 0x1e, 0x39, 0xe3, 0xc0, 0xf3,
    0xef, 0x1e, 0x7, 0xff, 0xf8, 0xf0, 0x3c, 0x3,
    0xff, 0x81, 0xe0, 0x1e, 0x3c, 0xf, 0x0, 0xf1,
    0xe0, 0x78, 0x7, 0x8c, 0x3, 0xc0, 0x3c, 0x0,
    0x1e, 0x0, 0x0, 0x0, 0xf0, 0x0, 0x0, 0x7,
    0x80, 0x0, 0x0, 0x38, 0x0,

    /* U+663C "昼" */
    0x4, 0x0, 0x1, 0x0, 0xf, 0xff, 0xff, 0x80,
    0x1f, 0xff, 0xff, 0x80, 0x3c, 0x0, 0x1e, 0x0,
    0x78, 0x0, 0x3c, 0x0, 0xf0, 0x0, 0x78, 0x1,
    0xe0, 0x0, 0xf0, 0x3, 0xff, 0xff, 0xe0, 0x7,
    0x80, 0x13, 0xc0, 0xf, 0x0, 0x17, 0x0, 0x1e,
    0x0, 0x30, 0x0, 0x3e, 0x0, 0x70, 0x0, 0xff,
    0xff, 0xf0, 0x1, 0xff, 0xff, 0xf0, 0x3, 0xbc,
    0x7, 0xf8, 0x7, 0x78, 0xf, 0xfc, 0x1c, 0xf0,
    0x1e, 0xfe, 0x39, 0xff, 0xfd, 0xf0, 0xe3, 0xc0,
    0x78, 0xc1, 0x87, 0x80, 0xf0, 0x84, 0xf, 0x1,
    0xe0, 0x10, 0x1e, 0x3, 0xc0, 0x0, 0x3f, 0xff,
    0x80, 0x0, 0x78, 0xf, 0x0, 0x0, 0xf0, 0x1c,
    0x0, 0x1, 0x0, 0x1, 0x80, 0x0, 0x0, 0x3,
    0xc0, 0x0, 0x0, 0xf, 0xc3, 0xff, 0xff, 0xff,
    0x80,

    /* U+6642 "時" */
    0x0, 0x0, 0x7c, 0x0, 0x4, 0x1, 0xe0, 0xf,
    0xfc, 0x7, 0x80, 0x3f, 0xf8, 0x1e, 0x38, 0xf3,
    0xdf, 0xff, 0xfb, 0xcf, 0x1, 0xe0, 0xf, 0x3c,
    0x7, 0x80, 0x3c, 0xf0, 0x1e, 0x18, 0xf3, 0xc0,
    0x78, 0xf3, 0xcf, 0xff, 0xff, 0xef, 0x3d, 0xff,
    0xff, 0xbf, 0xf0, 0x1, 0xf0, 0xf3, 0xc0, 0x7,
    0xa3, 0xcf, 0x0, 0x1e, 0xcf, 0x3c, 0x0, 0x7f,
    0xbc, 0xff, 0xff, 0xff, 0xf3, 0xc0, 0x7, 0x83,
    0xcf, 0x38, 0x1e, 0xf, 0x3c, 0x70, 0x78, 0x3c,
    0xf1, 0xe1, 0xe0, 0xf3, 0xc3, 0xc7, 0x83, 0xff,
    0xf, 0x1e, 0xf, 0x3c, 0x3c, 0x78, 0x3c, 0xf0,
    0x41, 0xe0, 0xf0, 0x0, 0x7, 0x83, 0x80, 0x3,
    0xfe, 0x0, 0x0, 0x1, 0xf0, 0x0, 0x0, 0x7,
    0xc0, 0x0, 0x0, 0x1e, 0x0,

    /* U+6669 "晩" */
    0x0, 0x3, 0x80, 0x0, 0x0, 0xf, 0xc0, 0x8,
    0x18, 0x3c, 0x40, 0x3c, 0xf1, 0xff, 0x80, 0xff,
    0xe7, 0xff, 0x83, 0xcf, 0x1e, 0x3c, 0xf, 0x3c,
    0xf0, 0xe0, 0x3c, 0xf3, 0x87, 0x10, 0xf3, 0xdc,
    0x18, 0xe3, 0xcf, 0x7f, 0xff, 0xef, 0x3f, 0xe3,
    0x8f, 0x3c, 0xf7, 0x8e, 0x3c, 0xff, 0xde, 0x38,
    0xf3, 0xcf, 0x78, 0xe3, 0xcf, 0x3d, 0xe3, 0x8f,
    0x3c, 0xf7, 0x8e, 0x3c, 0xf3, 0xdf, 0xff, 0xf3,
    0xcf, 0x7f, 0xbb, 0x8f, 0x3d, 0xfc, 0xe0, 0x3c,
    0xf0, 0xf3, 0x80, 0xf3, 0xc7, 0xce, 0x3, 0xff,
    0x1e, 0x38, 0xf, 0x3c, 0x78, 0xe0, 0xbc, 0xf3,
    0xc3, 0x82, 0xf3, 0x8f, 0xe, 0x1b, 0xc0, 0x78,
    0x38, 0x68, 0x3, 0x80, 0xff, 0x80, 0x1c, 0x3,
    0xff, 0x1, 0xc0, 0x7, 0xf8, 0x8, 0x0, 0x0,
    0x0,

    /* U+666E "普" */
    0x0, 0xe0, 0x18, 0x0, 0x1, 0xe0, 0xf8, 0x0,
    0x7, 0x83, 0xc0, 0x0, 0xf, 0xe, 0x30, 0x0,
    0x3c, 0x30, 0xe0, 0xff, 0xff, 0xff, 0xc3, 0xff,
    0xff, 0xff, 0x80, 0xf, 0x1e, 0x40, 0xe, 0x3c,
    0x79, 0xc0, 0x1c, 0xf1, 0xe7, 0x80, 0x7b, 0xc7,
    0xbc, 0x1, 0xef, 0x1e, 0xe0, 0x7, 0xbc, 0x7a,
    0x20, 0x8, 0xf1, 0xf1, 0xcf, 0xff, 0xff, 0xff,
    0xc0, 0x0, 0x0, 0x0, 0x2, 0x0, 0x2, 0x0,
    0xf, 0xff, 0xfc, 0x0, 0x3f, 0xff, 0xf8, 0x0,
    0xf0, 0x1, 0xc0, 0x3, 0xc0, 0x7, 0x0, 0xf,
    0x0, 0x1c, 0x0, 0x3f, 0xff, 0xf0, 0x0, 0xf0,
    0x1, 0xc0, 0x3, 0xc0, 0x7, 0x0, 0xf, 0x0,
    0x1c, 0x0, 0x3c, 0x0, 0x70, 0x0, 0xff, 0xff,
    0xc0, 0x3, 0xc0, 0x7, 0x0, 0xe, 0x0, 0x1c,
    0x0,

    /* U+666F "景" */
    0x4, 0x0, 0x2, 0x0, 0x1f, 0xff, 0xfe, 0x0,
    0x7f, 0xff, 0xfc, 0x1, 0xe0, 0x1, 0xe0, 0x7,
    0x80, 0x7, 0x80, 0x1f, 0xff, 0xfe, 0x0, 0x78,
    0x0, 0x78, 0x1, 0xe0, 0x1, 0xe0, 0x7, 0x80,
    0x7, 0x80, 0x1f, 0xff, 0xfe, 0x0, 0x78, 0x7c,
    0x72, 0x0, 0x1, 0xe0, 0x1e, 0xff, 0xff, 0xff,
    0xfc, 0x0, 0x0, 0x0, 0x0, 0x30, 0x0, 0x60,
    0x0, 0xff, 0xff, 0xc0, 0x3, 0xff, 0xff, 0x80,
    0xf, 0x0, 0x3c, 0x0, 0x3c, 0x0, 0xf0, 0x0,
    0xf0, 0x3, 0xc0, 0x3, 0xff, 0xff, 0x0, 0xe,
    0x1e, 0x3c, 0x0, 0x18, 0x78, 0x0, 0x0, 0xf9,
    0xef, 0xc0, 0x7, 0xe7, 0x8f, 0xc0, 0x3f, 0x1e,
    0x1f, 0x81, 0xf3, 0xf8, 0x3f, 0xf, 0x3, 0xe0,
    0x7c, 0x70, 0xf, 0x0, 0xf0, 0x0, 0x38, 0x0,
    0x0,

    /* U+6674 "晴" */
    0x0, 0x0, 0x30, 0x0, 0x0, 0x1, 0xe0, 0x20,
    0x60, 0xf, 0x31, 0xe7, 0x80, 0x79, 0xef, 0xfe,
    0xff, 0xff, 0xf9, 0xe0, 0x1e, 0x3, 0xcf, 0x0,
    0xf3, 0x9e, 0x79, 0xff, 0xfe, 0xf3, 0xc0, 0x3c,
    0x7, 0x9e, 0x1, 0xe3, 0x3c, 0xf0, 0xf, 0x3d,
    0xe7, 0xbf, 0xff, 0xff, 0xfc, 0x0, 0x0, 0x79,
    0xe2, 0x0, 0x43, 0xcf, 0x1f, 0xff, 0x1e, 0x78,
    0xff, 0xfe, 0xf3, 0xc7, 0x81, 0xe7, 0x9e, 0x3c,
    0xf, 0x3c, 0xf1, 0xff, 0xf9, 0xe7, 0x8f, 0x3,
    0xcf, 0xfc, 0x78, 0x1e, 0x79, 0xe3, 0xc0, 0xf3,
    0xcf, 0x1f, 0xff, 0x9e, 0x70, 0xf0, 0x3c, 0xf0,
    0x7, 0x81, 0xe6, 0x0, 0x3c, 0xf, 0x0, 0x1,
    0xe7, 0xf8, 0x0, 0xf, 0xf, 0xc0, 0x0, 0x78,
    0x3c, 0x0, 0x3, 0x81, 0xc0,

    /* U+6687 "暇" */
    0x0, 0x0, 0x0, 0x21, 0x2, 0x7f, 0xef, 0xe3,
    0xfe, 0xff, 0xff, 0xf7, 0xff, 0xe3, 0x83, 0xcf,
    0x3b, 0xc7, 0x7, 0x9e, 0x77, 0x8e, 0xf, 0x3c,
    0xef, 0x1c, 0x1e, 0x79, 0xde, 0x38, 0x3c, 0xf3,
    0xbc, 0x70, 0x79, 0xe7, 0x7f, 0xef, 0xf3, 0xce,
    0xf1, 0x1, 0xe7, 0xfd, 0xe0, 0x0, 0xf, 0x3b,
    0xc4, 0x3, 0x1e, 0x77, 0x9f, 0xff, 0x3c, 0xef,
    0xfe, 0x1f, 0x79, 0xde, 0x4, 0x3c, 0xf3, 0xbc,
    0x4, 0x79, 0xe7, 0x78, 0x8, 0xe3, 0xce, 0xf1,
    0x13, 0xc7, 0x9d, 0xe7, 0x37, 0x8f, 0x3b, 0xff,
    0xbe, 0x1f, 0xf7, 0x80, 0x7c, 0x3c, 0xef, 0x0,
    0xf0, 0x79, 0xde, 0x1, 0xf0, 0xf0, 0x3c, 0x7,
    0xf9, 0xc0, 0x78, 0x1d, 0xfc, 0x0, 0xf0, 0x71,
    0xe0, 0x1, 0xe1, 0x83, 0x80, 0x3, 0x8c, 0x1,
    0x0,

    /* U+6691 "暑" */
    0x4, 0x0, 0x2, 0x0, 0x1f, 0xff, 0xfc, 0x0,
    0x7f, 0xff, 0xfc, 0x1, 0xe0, 0x1, 0xe0, 0x7,
    0x80, 0x7, 0x80, 0x1f, 0xff, 0xfe, 0x0, 0x78,
    0x0, 0x78, 0x1, 0xe0, 0x1, 0xe0, 0x7, 0xff,
    0xff, 0x80, 0x1e, 0x70, 0x1f, 0x80, 0x61, 0xf3,
    0x3f, 0x0, 0x7, 0x9f, 0xfe, 0x1f, 0xff, 0xff,
    0xc0, 0x0, 0x78, 0x7e, 0x0, 0x1, 0xe3, 0xe7,
    0x0, 0x7, 0xbf, 0x1e, 0xff, 0xff, 0xff, 0xfc,
    0x0, 0x1f, 0x0, 0x0, 0x11, 0xf0, 0x20, 0x0,
    0x7f, 0xff, 0xc0, 0x3, 0xff, 0xff, 0xc0, 0x7f,
    0x80, 0x1e, 0xf, 0x1e, 0x0, 0x78, 0x0, 0x7f,
    0xff, 0xe0, 0x1, 0xe0, 0x7, 0x80, 0x7, 0x80,
    0x1e, 0x0, 0x1e, 0x0, 0x78, 0x0, 0x7f, 0xff,
    0xe0, 0x1, 0xe0, 0x7, 0x80, 0x7, 0x0, 0x1c,
    0x0,

    /* U+6696 "暖" */
    0x0, 0x0, 0x0, 0x80, 0x0, 0x0, 0x1f, 0x8,
    0x10, 0xf, 0xfe, 0x3f, 0xe7, 0xff, 0xfc, 0xff,
    0xe0, 0x1, 0x3, 0xcf, 0x21, 0x8f, 0x8f, 0x3c,
    0xe7, 0x3c, 0x3c, 0xf1, 0xde, 0xe0, 0xf3, 0xc7,
    0x7b, 0xc3, 0xcf, 0x1c, 0xdb, 0x8f, 0x3d, 0xff,
    0xff, 0x3c, 0xf0, 0xf8, 0x8, 0xff, 0xc3, 0xc0,
    0x33, 0xcf, 0xf, 0x1, 0xef, 0x3f, 0xff, 0xff,
    0xfc, 0xf0, 0xf0, 0x0, 0xf3, 0xc3, 0xc0, 0x83,
    0xcf, 0xf, 0xff, 0xf, 0x3c, 0x7f, 0xfe, 0x3c,
    0xf1, 0xe0, 0xf0, 0xf3, 0xc7, 0x43, 0xc3, 0xff,
    0x39, 0x9e, 0xf, 0x3c, 0xe3, 0xf0, 0x3c, 0xf7,
    0xf, 0xc0, 0xf3, 0x18, 0x1f, 0x3, 0xc0, 0xc1,
    0xff, 0xc0, 0x6, 0xf, 0x7f, 0xc0, 0x30, 0xf0,
    0xfc, 0x1, 0xf, 0x0, 0xf0, 0x8, 0xc0, 0x0,
    0x0,

    /* U+6697 "暗" */
    0x0, 0x0, 0x7c, 0x0, 0x4, 0x1, 0xe0, 0xc,
    0x38, 0x7, 0x84, 0x3f, 0xf8, 0x1e, 0x38, 0xf3,
    0xff, 0xff, 0xfb, 0xcf, 0x0, 0x0, 0xf, 0x3c,
    0x60, 0x7c, 0x3c, 0xf1, 0xe1, 0xe0, 0xf3, 0xc3,
    0x87, 0x83, 0xcf, 0xf, 0x1c, 0xf, 0x3c, 0x3c,
    0x66, 0x3f, 0xf0, 0x61, 0x3c, 0xff, 0xff, 0xff,
    0xfb, 0xcf, 0x0, 0x0, 0xf, 0x3c, 0x0, 0x0,
    0x3c, 0xf3, 0xff, 0xf0, 0xf3, 0xcf, 0xff, 0xe3,
    0xcf, 0x3c, 0x7, 0x8f, 0x3c, 0xf0, 0x1c, 0x3c,
    0xf3, 0xc0, 0x70, 0xff, 0xcf, 0x1, 0xc3, 0xcf,
    0x3f, 0xff, 0xf, 0x3c, 0xf0, 0x1c, 0x3c, 0xe3,
    0xc0, 0x70, 0xf0, 0xf, 0x1, 0xc0, 0x0, 0x3c,
    0x7, 0x0, 0x0, 0xff, 0xfc, 0x0, 0x3, 0xc0,
    0x70, 0x0, 0xf, 0x1, 0xc0, 0x0, 0x38, 0x7,
    0x0,

    /* U+66C7 "曇" */
    0x2, 0x0, 0x6, 0x0, 0x7, 0xff, 0xfe, 0x0,
    0xf, 0xff, 0xff, 0x0, 0x1e, 0x0, 0x7c, 0x0,
    0x3f, 0xff, 0xf8, 0x0, 0x78, 0x1, 0xf0, 0x0,
    0xf0, 0x3, 0xe0, 0x1, 0xff, 0xff, 0xc0, 0x3,
    0xc0, 0xf, 0xe0, 0x3f, 0xff, 0xff, 0xf0, 0x7f,
    0xff, 0xff, 0xc0, 0x40, 0x3c, 0x1, 0xc1, 0xff,
    0xff, 0xff, 0x87, 0xff, 0xff, 0xff, 0x9e, 0x19,
    0xe1, 0x9e, 0x3d, 0xfb, 0xdf, 0xf8, 0x70, 0x27,
    0x81, 0x40, 0x0, 0xef, 0x7, 0x0, 0xf, 0xde,
    0xff, 0x0, 0x0, 0x38, 0x38, 0x0, 0xff, 0xff,
    0xfc, 0x0, 0x0, 0x0, 0xc, 0x0, 0x0, 0x0,
    0x1e, 0x3f, 0xff, 0xff, 0xfe, 0x0, 0x78, 0x30,
    0x0, 0x1, 0xc0, 0x3f, 0x0, 0x3f, 0xff, 0xff,
    0x0, 0x7f, 0xf8, 0x1f, 0x0, 0x70, 0x0, 0x1e,
    0x0, 0x0, 0x0, 0x18, 0x0,

    /* U+66DC "曜" */
    0x0, 0x0, 0x0, 0x40, 0x0, 0x7f, 0x7f, 0xc8,
    0x19, 0xff, 0xff, 0xbf, 0xf0, 0x70, 0x3c, 0xff,
    0xe1, 0xc0, 0xf3, 0xcf, 0x7f, 0x3f, 0xcf, 0x3c,
    0x1c, 0xf, 0x3c, 0xf0, 0x70, 0x3c, 0xf3, 0xdf,
    0xdf, 0xf3, 0xcf, 0x17, 0x3, 0xcf, 0x3c, 0x71,
    0xe0, 0x3c, 0xf1, 0xf7, 0x80, 0xff, 0xcf, 0x9c,
    0x43, 0xcf, 0x3c, 0xe3, 0x8f, 0x3c, 0xff, 0xff,
    0x3c, 0xf7, 0xff, 0xfe, 0xf3, 0xde, 0x3c, 0x3,
    0xcf, 0xf8, 0xf3, 0x8f, 0x3c, 0xff, 0xff, 0xbc,
    0xf3, 0x8f, 0x0, 0xf3, 0xce, 0x3c, 0x3, 0xcf,
    0x38, 0xf3, 0xf, 0xfc, 0xe3, 0xcf, 0x3c, 0xf3,
    0xff, 0xfc, 0xf3, 0xce, 0x3c, 0x3, 0xc0, 0x38,
    0xf1, 0x8c, 0x0, 0xe3, 0xcf, 0x0, 0x3, 0xff,
    0xfe, 0x0, 0xf, 0xff, 0xf8, 0x0, 0x38, 0x0,
    0x0,

    /* U+66F2 "曲" */
    0x0, 0xf9, 0xf0, 0x0, 0x1e, 0x3c, 0x0, 0x3,
    0xc7, 0x80, 0x0, 0x78, 0xf0, 0x0, 0xf, 0x1e,
    0x1, 0x81, 0xe3, 0xc2, 0x3f, 0xff, 0xff, 0xe7,
    0xff, 0xff, 0xff, 0xf0, 0xf1, 0xe3, 0xde, 0x1e,
    0x3c, 0x7b, 0xc3, 0xc7, 0x8f, 0x78, 0x78, 0xf1,
    0xef, 0xf, 0x1e, 0x3d, 0xe1, 0xe3, 0xc7, 0xbc,
    0x3c, 0x78, 0xf7, 0xff, 0xff, 0xfe, 0xf0, 0xf1,
    0xe3, 0xde, 0x1e, 0x3c, 0x7b, 0xc3, 0xc7, 0x8f,
    0x78, 0x78, 0xf1, 0xef, 0xf, 0x1e, 0x3d, 0xe1,
    0xe3, 0xc7, 0xbc, 0x3c, 0x78, 0xf7, 0x87, 0x8f,
    0x1e, 0xf0, 0xf1, 0xe3, 0xdf, 0xff, 0xff, 0xfb,
    0xc0, 0x0, 0xf, 0x78, 0x0, 0x1, 0xee, 0x0,
    0x0, 0x38,

    /* U+66F4 "更" */
    0x0, 0x0, 0x0, 0x40, 0x0, 0x0, 0x3, 0x80,
    0x0, 0x0, 0x1f, 0x1f, 0xff, 0xff, 0xfe, 0x0,
    0x7, 0x80, 0x0, 0x0, 0x1e, 0x0, 0x0, 0xc0,
    0x78, 0x10, 0x3, 0xff, 0xff, 0xf0, 0xf, 0xff,
    0xff, 0xe0, 0x3c, 0x1e, 0xf, 0x0, 0xf0, 0x78,
    0x3c, 0x3, 0xc1, 0xe0, 0xf0, 0xf, 0xff, 0xff,
    0xc0, 0x3c, 0x1e, 0xf, 0x0, 0xf0, 0x78, 0x3c,
    0x3, 0xc1, 0xe0, 0xf0, 0xf, 0x7, 0x83, 0xc0,
    0x3f, 0xff, 0xff, 0x0, 0xf0, 0x78, 0x3c, 0x3,
    0x81, 0xe0, 0xe0, 0x0, 0x8f, 0x0, 0x0, 0x3,
    0x3c, 0x0, 0x0, 0x6, 0xf0, 0x0, 0x0, 0xf,
    0x80, 0x0, 0x0, 0x3f, 0x0, 0x0, 0x1, 0xff,
    0xe0, 0x0, 0xf, 0x7f, 0xff, 0x80, 0xf0, 0x7f,
    0xfc, 0xf, 0x0, 0x3f, 0xe1, 0xe0, 0x0, 0x1f,
    0x80,

    /* U+66F8 "書" */
    0x0, 0x7, 0xc0, 0x0, 0x0, 0x1e, 0x8, 0x0,
    0xff, 0xff, 0xf0, 0x3, 0xff, 0xff, 0xf0, 0x0,
    0x7, 0x87, 0x90, 0x0, 0x1e, 0x1e, 0xef, 0xff,
    0xff, 0xff, 0xc0, 0x1, 0xe1, 0xe0, 0x0, 0x7,
    0x87, 0x80, 0x0, 0x1e, 0x1e, 0x0, 0xff, 0xff,
    0xf8, 0x0, 0x1, 0xe1, 0xe0, 0x0, 0x7, 0x81,
    0xc0, 0x7f, 0xff, 0xff, 0xc0, 0x0, 0x78, 0x2,
    0x0, 0x1, 0xe0, 0x1c, 0x0, 0x7, 0x80, 0x7b,
    0xff, 0xff, 0xff, 0xf0, 0x0, 0x0, 0x0, 0x1,
    0xff, 0xff, 0xc0, 0x7, 0xff, 0xff, 0xc0, 0x1e,
    0x0, 0x1e, 0x0, 0x78, 0x0, 0x78, 0x1, 0xff,
    0xff, 0xe0, 0x7, 0x80, 0x7, 0x80, 0x1e, 0x0,
    0x1e, 0x0, 0x78, 0x0, 0x78, 0x1, 0xff, 0xff,
    0xe0, 0x7, 0x80, 0x7, 0x80, 0x1c, 0x0, 0x1c,
    0x0,

    /* U+66FF "替" */
    0x3, 0xe0, 0x1f, 0x0, 0xf, 0x0, 0x78, 0x0,
    0x3c, 0x81, 0xe6, 0x0, 0xf7, 0x7, 0x9c, 0x7f,
    0xff, 0xff, 0xf8, 0xf, 0x0, 0x78, 0x0, 0x3c,
    0x81, 0xe3, 0x0, 0xf7, 0x7, 0x9e, 0x7f, 0xff,
    0xff, 0xfc, 0xf, 0x80, 0x78, 0x0, 0x7f, 0x83,
    0xd8, 0x1, 0xef, 0xe, 0x70, 0xf, 0x1c, 0x70,
    0xf8, 0x38, 0x73, 0xc3, 0xf1, 0xc0, 0x1c, 0x7,
    0xe, 0xc0, 0xc1, 0x8c, 0x63, 0xff, 0xff, 0x0,
    0xf, 0xff, 0xfe, 0x0, 0x3c, 0x0, 0xf8, 0x0,
    0xf0, 0x3, 0xe0, 0x3, 0xc0, 0xf, 0x80, 0xf,
    0x0, 0x3e, 0x0, 0x3f, 0xff, 0xf8, 0x0, 0xf0,
    0x3, 0xe0, 0x3, 0xc0, 0xf, 0x80, 0xf, 0x0,
    0x3e, 0x0, 0x3c, 0x0, 0xf8, 0x0, 0xff, 0xff,
    0xe0, 0x3, 0xc0, 0xf, 0x80, 0xe, 0x0, 0x3c,
    0x0,

    /* U+6700 "最" */
    0x4, 0x0, 0x3, 0x0, 0xf, 0xff, 0xff, 0x0,
    0x1f, 0xff, 0xff, 0x0, 0x3c, 0x0, 0x3c, 0x0,
    0x78, 0x0, 0x78, 0x0, 0xff, 0xff, 0xf0, 0x1,
    0xe0, 0x1, 0xe0, 0x3, 0xc0, 0x3, 0xc0, 0x7,
    0x80, 0x7, 0x80, 0xf, 0xff, 0xff, 0x40, 0x1e,
    0x0, 0x1e, 0xc0, 0x20, 0x0, 0x3, 0xcf, 0xff,
    0xff, 0xff, 0xc1, 0xe3, 0xc0, 0x0, 0x3, 0xc7,
    0x80, 0x10, 0x7, 0x8f, 0x0, 0x78, 0xf, 0xfe,
    0xff, 0xf8, 0x1e, 0x3c, 0x83, 0xe0, 0x3c, 0x78,
    0x87, 0xc0, 0x78, 0xf1, 0xf, 0x0, 0xff, 0xe3,
    0x3e, 0x1, 0xe3, 0xc3, 0x78, 0x3, 0xc7, 0x87,
    0xe0, 0x7, 0x8f, 0x7, 0xc0, 0x1f, 0xfe, 0xf,
    0xe1, 0xff, 0x3c, 0x1f, 0xf9, 0xf8, 0x78, 0x7f,
    0xe3, 0x80, 0xf1, 0x87, 0x82, 0x1, 0xe4, 0x7,
    0x0, 0x3, 0xd0, 0x0, 0x0,

    /* U+6708 "月" */
    0x2, 0x0, 0x6, 0x0, 0xff, 0xff, 0xc0, 0x3f,
    0xff, 0xf8, 0xf, 0x0, 0x3c, 0x3, 0xc0, 0xf,
    0x0, 0xf0, 0x3, 0xc0, 0x3c, 0x0, 0xf0, 0xf,
    0x0, 0x3c, 0x3, 0xc0, 0xf, 0x0, 0xff, 0xff,
    0xc0, 0x3c, 0x0, 0xf0, 0xf, 0x0, 0x3c, 0x3,
    0xc0, 0xf, 0x0, 0xf0, 0x3, 0xc0, 0x3c, 0x0,
    0xf0, 0xf, 0x0, 0x3c, 0x3, 0xff, 0xff, 0x0,
    0xf0, 0x3, 0xc0, 0x38, 0x0, 0xf0, 0x1e, 0x0,
    0x3c, 0x7, 0x80, 0xf, 0x1, 0xc0, 0x3, 0xc0,
    0x70, 0x0, 0xf0, 0x38, 0x0, 0x3c, 0xc, 0x1,
    0xff, 0x7, 0x0, 0x1f, 0xc3, 0x0, 0x3, 0xf1,
    0x80, 0x0, 0xf8, 0x80, 0x0, 0x18, 0x0,

    /* U+6709 "有" */
    0x0, 0x0, 0x0, 0x0, 0x0, 0x70, 0x0, 0x0,
    0x1, 0xf8, 0x0, 0x0, 0xf, 0x80, 0x8, 0x0,
    0x3e, 0x0, 0x70, 0x0, 0xf0, 0x3, 0xef, 0xff,
    0xff, 0xff, 0xc0, 0x1e, 0x0, 0x0, 0x0, 0xf8,
    0x0, 0x0, 0x3, 0xc0, 0x0, 0x0, 0x1e, 0x0,
    0x30, 0x0, 0x7f, 0xff, 0xe0, 0x3, 0xff, 0xff,
    0xe0, 0x1f, 0x80, 0x1f, 0x0, 0x7e, 0x0, 0x7c,
    0x3, 0xf8, 0x1, 0xf0, 0x1d, 0xe0, 0x7, 0xc0,
    0xe7, 0xff, 0xff, 0x6, 0x1e, 0x0, 0x7c, 0x20,
    0x78, 0x1, 0xf0, 0x1, 0xe0, 0x7, 0xc0, 0x7,
    0x80, 0x1f, 0x0, 0x1f, 0xff, 0xfc, 0x0, 0x78,
    0x1, 0xf0, 0x1, 0xe0, 0x7, 0xc0, 0x7, 0x80,
    0x1f, 0x0, 0x1e, 0xf, 0xfc, 0x0, 0x78, 0xf,
    0xf0, 0x1, 0xe0, 0x1f, 0x80, 0x7, 0x80, 0x3e,
    0x0, 0x1c, 0x0, 0xe0, 0x0,

    /* U+670D "服" */
    0x0, 0x40, 0x0, 0x20, 0x7f, 0xe7, 0xff, 0xe0,
    0xff, 0xef, 0xff, 0xe1, 0xe7, 0x9e, 0x3, 0xc3,
    0xcf, 0x3c, 0x7, 0x7, 0x9e, 0x78, 0xe, 0xf,
    0x3c, 0xf0, 0x1c, 0x1e, 0x79, 0xe3, 0xf8, 0x3c,
    0xf3, 0xc1, 0xf0, 0x7f, 0xe7, 0x83, 0xc0, 0xf3,
    0xcf, 0x0, 0x81, 0xe7, 0x9e, 0x1, 0x83, 0xcf,
    0x3f, 0xff, 0x87, 0x9e, 0x7f, 0xff, 0x8f, 0x3c,
    0xf4, 0x1e, 0x1e, 0x79, 0xe8, 0x3c, 0x3c, 0xf3,
    0xc8, 0x78, 0x7f, 0xe7, 0x91, 0xe0, 0xf3, 0xcf,
    0x33, 0xc1, 0xe7, 0x9e, 0x67, 0x3, 0xcf, 0x3c,
    0x6e, 0x7, 0x1e, 0x78, 0xf8, 0xe, 0x3c, 0xf1,
    0xf0, 0x1c, 0x79, 0xe1, 0xe0, 0x30, 0xf3, 0xc3,
    0xf0, 0xef, 0xe7, 0x8f, 0xf9, 0x87, 0xcf, 0x33,
    0xf3, 0xf, 0x9e, 0x47, 0xc4, 0x1e, 0x3d, 0x7,
    0x10, 0x38, 0x70, 0x0, 0x0,

    /* U+671D "朝" */
    0x3, 0x0, 0x0, 0x0, 0xf, 0x0, 0x0, 0x80,
    0x38, 0x87, 0xff, 0x80, 0xef, 0x9f, 0xff, 0xff,
    0xff, 0x78, 0x78, 0xe, 0x1, 0xe1, 0xe0, 0x39,
    0x7, 0x87, 0x9c, 0xee, 0x1e, 0x1e, 0x7f, 0xfe,
    0x78, 0x79, 0xe0, 0xf1, 0xff, 0xe7, 0x83, 0xc7,
    0x87, 0x9e, 0xf, 0x1e, 0x1e, 0x78, 0x3c, 0x78,
    0x79, 0xff, 0xf1, 0xe1, 0xe7, 0x83, 0xc7, 0x87,
    0x9e, 0xf, 0x1e, 0x1e, 0x78, 0x3c, 0x7f, 0xf9,
    0xff, 0xf1, 0xe1, 0xe7, 0xbb, 0x87, 0x87, 0x9c,
    0xe2, 0x1c, 0x1e, 0x3, 0x8c, 0xf0, 0x78, 0xe,
    0x7f, 0xc1, 0xef, 0xff, 0xff, 0x7, 0x80, 0xe0,
    0x38, 0x1e, 0x3, 0x81, 0xc0, 0x78, 0xe, 0x7,
    0x1, 0xe0, 0x38, 0x38, 0x7f, 0x80, 0xe1, 0xc0,
    0x7e, 0x3, 0x84, 0x0, 0xf0, 0xe, 0x20, 0x3,
    0x0,

    /* U+671F "期" */
    0x1f, 0x3e, 0x0, 0x10, 0x3c, 0x78, 0x7f, 0xf0,
    0x78, 0xf4, 0xff, 0xf8, 0xf1, 0xfd, 0xe1, 0xe7,
    0xff, 0xff, 0xc3, 0xc3, 0xc7, 0x87, 0x87, 0x87,
    0x8f, 0xf, 0xf, 0xf, 0x1e, 0x1e, 0x1e, 0x1f,
    0xfc, 0x3f, 0xfc, 0x3c, 0x78, 0x78, 0x78, 0x78,
    0xf0, 0xf0, 0xf0, 0xf1, 0xe1, 0xe1, 0xe1, 0xe3,
    0xc3, 0xc3, 0xc3, 0xff, 0x87, 0x87, 0x87, 0x8f,
    0xf, 0xf, 0xf, 0x1e, 0x1e, 0x1e, 0x1e, 0x3d,
    0x3f, 0xfc, 0x3c, 0x7f, 0xf8, 0x7b, 0xff, 0xff,
    0xe0, 0xf0, 0x0, 0x3, 0xc1, 0xe0, 0xe3, 0x7,
    0x83, 0xc1, 0xf7, 0x8f, 0x7, 0x83, 0xc7, 0xbc,
    0xf, 0xf, 0xf, 0x78, 0x1e, 0x1e, 0x1e, 0xe0,
    0x7c, 0x78, 0x1f, 0x87, 0xf8, 0xe0, 0x6, 0x1,
    0xf3, 0x0, 0x18, 0x3, 0xcc, 0x0, 0x40, 0x7,
    0x0,

    /* U+6728 "木" */
    0x0, 0x4, 0x0, 0x0, 0x0, 0x1f, 0x0, 0x0,
    0x0, 0x78, 0x0, 0x0, 0x1, 0xe0, 0x0, 0x0,
    0x7, 0x80, 0x0, 0x0, 0x1e, 0x1, 0x0, 0x0,
    0x78, 0xf, 0x0, 0x1, 0xe0, 0x3e, 0x7f, 0xff,
    0xff, 0xfc, 0x0, 0x7f, 0x0, 0x0, 0x1, 0xfc,
    0x0, 0x0, 0xf, 0xe8, 0x0, 0x0, 0x3f, 0xa0,
    0x0, 0x1, 0xfe, 0xc0, 0x0, 0x7, 0xfb, 0x0,
    0x0, 0x1f, 0xe6, 0x0, 0x0, 0xff, 0x9c, 0x0,
    0x3, 0xde, 0x78, 0x0, 0x1e, 0x78, 0xf0, 0x0,
    0x71, 0xe3, 0xe0, 0x3, 0xc7, 0x87, 0xc0, 0x1e,
    0x1e, 0x1f, 0x80, 0x70, 0x78, 0x3f, 0x83, 0x81,
    0xe0, 0x7f, 0x18, 0x7, 0x80, 0xf0, 0xc0, 0x1e,
    0x3, 0x86, 0x0, 0x78, 0x6, 0x20, 0x1, 0xe0,
    0x0, 0x0, 0x7, 0x80, 0x0, 0x0, 0x1e, 0x0,
    0x0, 0x0, 0x70, 0x0, 0x0,

    /* U+672A "未" */
    0x0, 0x7, 0xc0, 0x0, 0x0, 0xf, 0x0, 0x0,
    0x0, 0x1e, 0x0, 0x0, 0x0, 0x3c, 0x8, 0x0,
    0x0, 0x78, 0x18, 0x0, 0x0, 0xf0, 0x7c, 0x7,
    0xff, 0xff, 0xfc, 0x0, 0x3, 0xc0, 0x0, 0x0,
    0x7, 0x80, 0x0, 0x0, 0xf, 0x0, 0x0, 0x0,
    0x1e, 0x1, 0x80, 0x0, 0x3c, 0x3, 0x80, 0x0,
    0x78, 0xf, 0x8f, 0xff, 0xff, 0xff, 0x80, 0xf,
    0xf0, 0x0, 0x0, 0x1f, 0xd0, 0x0, 0x0, 0x7f,
    0xb0, 0x0, 0x0, 0xff, 0x30, 0x0, 0x3, 0xfe,
    0x70, 0x0, 0x7, 0xbc, 0xf0, 0x0, 0x1e, 0x78,
    0xf8, 0x0, 0x78, 0xf0, 0xf8, 0x1, 0xe1, 0xe1,
    0xfe, 0x3, 0x83, 0xc1, 0xff, 0xc, 0x7, 0x81,
    0xf8, 0x70, 0xf, 0x1, 0xe1, 0x80, 0x1e, 0x0,
    0x84, 0x0, 0x3c, 0x0, 0x0, 0x0, 0x78, 0x0,
    0x0, 0x0, 0xe0, 0x0, 0x0,

    /* U+672B "末" */
    0x0, 0x7, 0xc0, 0x0, 0x0, 0xf, 0x0, 0x0,
    0x0, 0x1e, 0x0, 0x0, 0x0, 0x3c, 0x2, 0x0,
    0x0, 0x78, 0x7, 0x0, 0x0, 0xf0, 0x1f, 0x1f,
    0xff, 0xff, 0xff, 0x0, 0x3, 0xc0, 0x0, 0x0,
    0x7, 0x80, 0x0, 0x0, 0xf, 0x0, 0x0, 0x0,
    0x1e, 0x2, 0x0, 0x0, 0x3c, 0xe, 0x0, 0x0,
    0x78, 0x1f, 0x7, 0xff, 0xff, 0xff, 0x0, 0xf,
    0xf0, 0x0, 0x0, 0x1f, 0xd0, 0x0, 0x0, 0x7f,
    0xb0, 0x0, 0x0, 0xff, 0x30, 0x0, 0x3, 0xfe,
    0x70, 0x0, 0x7, 0xbc, 0xf0, 0x0, 0x1e, 0x78,
    0xf0, 0x0, 0x78, 0xf0, 0xf8, 0x0, 0xe1, 0xe1,
    0xfc, 0x3, 0x83, 0xc1, 0xfe, 0xe, 0x7, 0x81,
    0xf8, 0x30, 0xf, 0x1, 0xe0, 0x80, 0x1e, 0x1,
    0xc6, 0x0, 0x3c, 0x0, 0x0, 0x0, 0x78, 0x0,
    0x0, 0x0, 0xe0, 0x0, 0x0,

    /* U+672C "本" */
    0x0, 0x6, 0x0, 0x0, 0x0, 0xf, 0x80, 0x0,
    0x0, 0x1e, 0x0, 0x0, 0x0, 0x3c, 0x0, 0x0,
    0x0, 0x78, 0x0, 0x0, 0x0, 0xf0, 0x4, 0x0,
    0x1, 0xe0, 0x1c, 0x0, 0x3, 0xc0, 0x7c, 0xff,
    0xff, 0xff, 0xfc, 0x0, 0x7f, 0x80, 0x0, 0x0,
    0xfe, 0x80, 0x0, 0x1, 0xfd, 0x0, 0x0, 0x7,
    0xfb, 0x0, 0x0, 0xf, 0xf3, 0x0, 0x0, 0x3f,
    0xe7, 0x0, 0x0, 0x7b, 0xcf, 0x0, 0x1, 0xf7,
    0x8f, 0x0, 0x3, 0xcf, 0x1f, 0x0, 0xf, 0x1e,
    0x1f, 0x80, 0x3c, 0x3c, 0x1f, 0x80, 0xf0, 0x79,
    0x3f, 0xe1, 0xc0, 0xf3, 0x3f, 0x6, 0x1, 0xef,
    0x3c, 0x18, 0xff, 0xff, 0x38, 0x40, 0x7, 0x80,
    0x21, 0x0, 0xf, 0x0, 0x0, 0x0, 0x1e, 0x0,
    0x0, 0x0, 0x3c, 0x0, 0x0, 0x0, 0x78, 0x0,
    0x0, 0x0, 0xf0, 0x0, 0x0, 0x1, 0xc0, 0x0,
    0x0,

    /* U+672D "札" */
    0x3, 0xe0, 0x0, 0x0, 0x7, 0x80, 0xf8, 0x0,
    0xf, 0x1, 0xe0, 0x0, 0x1e, 0x3, 0xc0, 0x0,
    0x3c, 0x7, 0x80, 0x0, 0x78, 0xf, 0x0, 0x0,
    0xf3, 0x1e, 0x0, 0x1, 0xef, 0x3c, 0x0, 0x7f,
    0xff, 0x78, 0x0, 0xf, 0x80, 0xf0, 0x0, 0x1f,
    0x1, 0xe0, 0x0, 0x3e, 0x3, 0xc0, 0x0, 0x7f,
    0x87, 0x80, 0x1, 0xfb, 0x8f, 0x0, 0x3, 0xf7,
    0x9e, 0x0, 0x7, 0xe7, 0xbc, 0x0, 0x1f, 0xcf,
    0x78, 0x0, 0x3f, 0x9c, 0xf0, 0x0, 0xef, 0x1,
    0xe0, 0x1, 0x9e, 0x3, 0xc0, 0x46, 0x3c, 0x7,
    0x80, 0x88, 0x78, 0xf, 0x1, 0x20, 0xf0, 0x1e,
    0x2, 0x1, 0xe0, 0x3c, 0xc, 0x3, 0xc0, 0x78,
    0x18, 0x7, 0x80, 0xff, 0xf8, 0xf, 0x1, 0xff,
    0xf8, 0x1e, 0x3, 0xff, 0xe0, 0x3c, 0x3, 0xff,
    0x80, 0x70, 0x0, 0x0, 0x0,

    /* U+673A "机" */
    0x7, 0xe0, 0x0, 0x0, 0xf, 0x0, 0x3, 0x0,
    0x1e, 0x7, 0xff, 0x0, 0x3c, 0xf, 0xff, 0x80,
    0x78, 0x1e, 0x3e, 0x0, 0xf2, 0x3c, 0x7c, 0x1,
    0xe6, 0x78, 0xf8, 0x3, 0xde, 0xf1, 0xf0, 0xff,
    0xff, 0xe3, 0xe0, 0x1f, 0x3, 0xc7, 0xc0, 0x3e,
    0x7, 0x8f, 0x80, 0x7e, 0xf, 0x1f, 0x0, 0xff,
    0x1e, 0x3e, 0x1, 0xf7, 0x3c, 0x7c, 0x7, 0xef,
    0x78, 0xf8, 0xf, 0xde, 0xf1, 0xf0, 0x1f, 0x9d,
    0xe3, 0xe0, 0x7f, 0x3, 0xc7, 0xc0, 0xde, 0x7,
    0x8f, 0x83, 0x3c, 0xf, 0x1f, 0x4, 0x78, 0x1c,
    0x3e, 0x10, 0xf0, 0x78, 0x7c, 0x81, 0xe0, 0xf0,
    0xf9, 0x3, 0xc1, 0xc1, 0xf2, 0x7, 0x83, 0x83,
    0xec, 0xf, 0xe, 0x7, 0xfc, 0x1e, 0x18, 0xf,
    0xf8, 0x3c, 0x60, 0x1f, 0xf0, 0x79, 0x80, 0x1f,
    0xc0, 0xe4, 0x0, 0x0, 0x0,

    /* U+6750 "材" */
    0x3, 0x80, 0x1, 0xc0, 0x3, 0xe0, 0x1, 0xf0,
    0x3, 0xc0, 0x1, 0xe0, 0x3, 0xc0, 0x1, 0xe0,
    0x3, 0xc0, 0x1, 0xe0, 0x3, 0xc0, 0x1, 0xe0,
    0x3, 0xcc, 0x1, 0xec, 0x3, 0xde, 0x1, 0xfe,
    0x7f, 0xff, 0xff, 0xff, 0x3, 0xc0, 0x7, 0xe0,
    0x7, 0xc0, 0x7, 0xe0, 0x7, 0xc0, 0x7, 0xe0,
    0x7, 0xf8, 0xf, 0xe0, 0x7, 0xdc, 0xf, 0xe0,
    0xf, 0xde, 0x1f, 0xe0, 0xf, 0xcf, 0x1f, 0xe0,
    0xf, 0xcf, 0x3d, 0xe0, 0x1f, 0xce, 0x39, 0xe0,
    0x1f, 0xc0, 0x71, 0xe0, 0x1b, 0xc0, 0xe1, 0xe0,
    0x33, 0xc0, 0xc1, 0xe0, 0x23, 0xc1, 0x81, 0xe0,
    0x43, 0xc3, 0x1, 0xe0, 0x3, 0xc6, 0x1, 0xe0,
    0x3, 0xc8, 0x1, 0xe0, 0x3, 0xc0, 0x1, 0xe0,
    0x3, 0xc0, 0x1, 0xe0, 0x3, 0xc0, 0x3f, 0xe0,
    0x3, 0xc0, 0x7, 0xe0, 0x3, 0xc0, 0x7, 0xc0,
    0x3, 0x80, 0x3, 0x0,

    /* U+6751 "村" */
    0x7, 0x0, 0x0, 0x0, 0xf, 0x80, 0x7, 0xc0,
    0x1e, 0x0, 0xf, 0x0, 0x3c, 0x0, 0x1e, 0x0,
    0x78, 0x0, 0x3c, 0x0, 0xf2, 0x0, 0x7a, 0x1,
    0xee, 0x0, 0xf6, 0x3, 0xde, 0x1, 0xfe, 0xff,
    0xfd, 0xff, 0xfe, 0x1f, 0x0, 0x7, 0x80, 0x3e,
    0x0, 0xf, 0x0, 0x7c, 0x0, 0x1e, 0x0, 0xfe,
    0x10, 0x3c, 0x1, 0xf6, 0x38, 0x78, 0x7, 0xee,
    0x78, 0xf0, 0xf, 0xde, 0x79, 0xe0, 0x1f, 0xbc,
    0xf3, 0xc0, 0x7f, 0x79, 0xe7, 0x80, 0xfe, 0x1,
    0xcf, 0x1, 0xbc, 0x3, 0x9e, 0x6, 0x78, 0x0,
    0x3c, 0x8, 0xf0, 0x0, 0x78, 0x21, 0xe0, 0x0,
    0xf0, 0x3, 0xc0, 0x1, 0xe0, 0x7, 0x80, 0x3,
    0xc0, 0xf, 0x0, 0x7, 0x80, 0x1e, 0x3, 0xff,
    0x0, 0x3c, 0x0, 0xfe, 0x0, 0x78, 0x0, 0xfc,
    0x0, 0xf0, 0x1, 0xf0, 0x1, 0xc0, 0x3, 0x80,
    0x0,

    /* U+675F "束" */
    0x0, 0xc, 0x0, 0x0, 0x0, 0x3f, 0x0, 0x0,
    0x0, 0xf8, 0x4, 0x0, 0x3, 0xe0, 0x38, 0x0,
    0xf, 0x81, 0xf3, 0xff, 0xff, 0xff, 0xf0, 0x0,
    0xf8, 0x0, 0x0, 0x3, 0xe0, 0x0, 0xc, 0xf,
    0x81, 0x0, 0x3f, 0xff, 0xfe, 0x0, 0xff, 0xff,
    0xfe, 0x3, 0xc3, 0xe0, 0xf0, 0xf, 0xf, 0x83,
    0xc0, 0x3c, 0x3e, 0xf, 0x0, 0xf0, 0xf8, 0x3c,
    0x3, 0xc3, 0xe0, 0xf0, 0xf, 0xf, 0x83, 0xc0,
    0x3f, 0xff, 0xff, 0x0, 0xf3, 0xfc, 0x3c, 0x3,
    0x9f, 0xf8, 0xc0, 0x0, 0x7f, 0xb0, 0x0, 0x3,
    0xfe, 0xf0, 0x0, 0x1f, 0xf9, 0xe0, 0x0, 0x7b,
    0xe3, 0xe0, 0x3, 0xcf, 0x87, 0xf0, 0x1e, 0x3e,
    0x1f, 0xf0, 0xe0, 0xf8, 0x3f, 0xe, 0x3, 0xe0,
    0x3c, 0x60, 0xf, 0x80, 0x62, 0x0, 0x3e, 0x0,
    0x0, 0x0, 0xe0, 0x0, 0x0,

    /* U+6761 "条" */
    0x0, 0x10, 0x0, 0x0, 0x0, 0x7e, 0x0, 0x0,
    0x0, 0xf8, 0x30, 0x0, 0x3, 0xff, 0xf0, 0x0,
    0xf, 0xff, 0xf0, 0x0, 0x1e, 0x7, 0xf0, 0x0,
    0x7c, 0x1f, 0x80, 0x1, 0xec, 0x3e, 0x0, 0x7,
    0xe, 0xf8, 0x0, 0x18, 0xf, 0xe0, 0x0, 0xc0,
    0x1f, 0xc0, 0x0, 0x0, 0x7f, 0xfc, 0x0, 0x3,
    0xff, 0xff, 0xc0, 0x1f, 0x87, 0xff, 0x0, 0xf8,
    0x3, 0xfc, 0xf, 0x3, 0xf0, 0xf0, 0xa0, 0x7,
    0xc0, 0x20, 0x0, 0xf, 0x80, 0xe0, 0x0, 0x1f,
    0x1, 0xe7, 0xff, 0xff, 0xff, 0xe0, 0x7, 0xfe,
    0x0, 0x0, 0xf, 0xfe, 0x0, 0x0, 0x3f, 0xf7,
    0x0, 0x0, 0xfb, 0xef, 0xc0, 0x3, 0xe7, 0xcf,
    0xf8, 0xf, 0xf, 0x8f, 0xf8, 0x3c, 0x1f, 0xf,
    0xe1, 0xc0, 0x3e, 0x7, 0x86, 0x0, 0x7c, 0x3,
    0x0, 0x0, 0xf0, 0x0, 0x0,

    /* U+6765 "来" */
    0x0, 0x0, 0x0, 0x0, 0x0, 0xf, 0x80, 0x0,
    0x0, 0x1e, 0x0, 0x0, 0x0, 0x3c, 0x2, 0x0,
    0x0, 0x78, 0xe, 0x0, 0x0, 0xf0, 0x3e, 0xf,
    0xff, 0xff, 0xfe, 0x2, 0x3, 0xc2, 0x0, 0x3,
    0x7, 0x87, 0x0, 0x7, 0x8f, 0xf, 0x80, 0xf,
    0x9e, 0x3e, 0x0, 0xf, 0x3c, 0x78, 0x0, 0x1e,
    0x78, 0xc0, 0x0, 0x3c, 0xf3, 0xc, 0x0, 0x31,
    0xe4, 0x1c, 0x0, 0x3, 0xc0, 0x7c, 0x7f, 0xff,
    0xff, 0xfc, 0x0, 0x7f, 0x80, 0x0, 0x0, 0xfe,
    0x80, 0x0, 0x3, 0xfd, 0x80, 0x0, 0x7, 0xf9,
    0x80, 0x0, 0x1f, 0xf3, 0xc0, 0x0, 0x7d, 0xe3,
    0xe0, 0x1, 0xf3, 0xc3, 0xf0, 0x7, 0x87, 0x87,
    0xfc, 0xe, 0xf, 0x7, 0xf8, 0x78, 0x1e, 0x3,
    0xc1, 0xc0, 0x3c, 0x3, 0x86, 0x0, 0x78, 0x0,
    0x10, 0x0, 0xf0, 0x0, 0x0, 0x1, 0xc0, 0x0,
    0x0,

    /* U+676F "杯" */
    0x7, 0xc0, 0x0, 0x20, 0x1e, 0x0, 0x1, 0xc0,
    0x78, 0x0, 0xf, 0x81, 0xe7, 0xff, 0xff, 0x7,
    0x80, 0x1f, 0x0, 0x1e, 0xc0, 0x78, 0x0, 0x7b,
    0x83, 0xe0, 0x1f, 0xff, 0xf, 0x80, 0x7, 0x80,
    0x3c, 0x0, 0x3e, 0x1, 0xf0, 0x0, 0xfe, 0x7,
    0xc0, 0x3, 0xfe, 0x3f, 0xc0, 0xf, 0xb8, 0xfd,
    0xc0, 0x7e, 0xe7, 0xf3, 0xc1, 0xfb, 0xbf, 0xcf,
    0x87, 0xe4, 0xef, 0x1f, 0x3f, 0x86, 0x3c, 0x3c,
    0xde, 0x30, 0xf0, 0xf7, 0x79, 0x83, 0xc3, 0xd9,
    0xe8, 0xf, 0x6, 0xc7, 0x80, 0x3c, 0x2, 0x1e,
    0x0, 0xf0, 0x0, 0x78, 0x3, 0xc0, 0x1, 0xe0,
    0xf, 0x0, 0x7, 0x80, 0x3c, 0x0, 0x1e, 0x0,
    0xf0, 0x0, 0x78, 0x3, 0xc0, 0x1, 0xe0, 0xf,
    0x0, 0x7, 0x80, 0x3c, 0x0, 0x1c, 0x0, 0xe0,
    0x0,

    /* U+6771 "東" */
    0x0, 0x0, 0x0, 0x0, 0x0, 0x1f, 0x0, 0x0,
    0x0, 0x78, 0x4, 0x0, 0x1, 0xe0, 0x38, 0x0,
    0x7, 0x81, 0xf9, 0xff, 0xff, 0xff, 0xf0, 0x0,
    0x78, 0x0, 0x0, 0x1, 0xe0, 0x0, 0xf, 0x7,
    0x83, 0x0, 0x3f, 0xff, 0xff, 0x0, 0xff, 0xff,
    0xfe, 0x3, 0xe1, 0xe1, 0xf0, 0xf, 0x87, 0x87,
    0xc0, 0x3e, 0x1e, 0x1f, 0x0, 0xff, 0xff, 0xfc,
    0x3, 0xe1, 0xe1, 0xf0, 0xf, 0x87, 0x87, 0xc0,
    0x3e, 0x1e, 0x1f, 0x0, 0xff, 0xff, 0xfc, 0x3,
    0xe7, 0xf1, 0xf0, 0xf, 0x3f, 0xa4, 0x0, 0x1,
    0xfe, 0xc0, 0x0, 0x7, 0xf9, 0xc0, 0x0, 0x3f,
    0xe7, 0xc0, 0x1, 0xe7, 0x8f, 0xc0, 0xf, 0x1e,
    0x1f, 0xf0, 0x70, 0x78, 0x3f, 0x87, 0x81, 0xe0,
    0x7c, 0x38, 0x7, 0x80, 0xe3, 0x0, 0x1e, 0x0,
    0x80, 0x0, 0x70, 0x0, 0x0,

    /* U+6797 "林" */
    0x3, 0xe0, 0x1f, 0x0, 0x7, 0x80, 0x3c, 0x0,
    0xf, 0x0, 0x78, 0x0, 0x1e, 0x0, 0xf0, 0x0,
    0x3c, 0x1, 0xe0, 0x0, 0x78, 0x3, 0xc2, 0x0,
    0xf6, 0x7, 0x86, 0x1, 0xfe, 0xf, 0x1e, 0x7f,
    0xff, 0xff, 0xfe, 0x7, 0x80, 0x7e, 0x0, 0x1f,
    0x0, 0xfa, 0x0, 0x3f, 0x81, 0xf4, 0x0, 0x7f,
    0x87, 0xec, 0x0, 0xfb, 0x8f, 0xd8, 0x3, 0xf7,
    0x9f, 0xb8, 0x7, 0xef, 0x7f, 0x30, 0xf, 0xde,
    0xfe, 0x70, 0x3f, 0x81, 0xfc, 0xf0, 0x6f, 0x7,
    0x79, 0xf9, 0xde, 0xe, 0xf1, 0xf3, 0x3c, 0x39,
    0xe3, 0xcc, 0x78, 0xe3, 0xc7, 0x80, 0xf1, 0x87,
    0x86, 0x1, 0xe6, 0xf, 0x4, 0x3, 0xd0, 0x1e,
    0x8, 0x7, 0x80, 0x3c, 0x0, 0xf, 0x0, 0x78,
    0x0, 0x1e, 0x0, 0xf0, 0x0, 0x3c, 0x1, 0xe0,
    0x0, 0x70, 0x3, 0x80, 0x0,

    /* U+679C "果" */
    0x4, 0x0, 0x1, 0x0, 0x1f, 0xff, 0xfe, 0x0,
    0x7f, 0xff, 0xfe, 0x1, 0xe1, 0xe0, 0xf0, 0x7,
    0x87, 0x83, 0xc0, 0x1e, 0x1e, 0xf, 0x0, 0x7f,
    0xff, 0xfc, 0x1, 0xe1, 0xe0, 0xf0, 0x7, 0x87,
    0x83, 0xc0, 0x1e, 0x1e, 0xf, 0x0, 0x78, 0x78,
    0x3c, 0x1, 0xe1, 0xe0, 0xf0, 0x7, 0xff, 0xff,
    0xc0, 0x1e, 0x1e, 0xf, 0x0, 0x60, 0x78, 0x6,
    0x0, 0x1, 0xe0, 0x3e, 0x7f, 0xff, 0xff, 0xfc,
    0x0, 0xff, 0x0, 0x0, 0x3, 0xfa, 0x0, 0x0,
    0x1f, 0xee, 0x0, 0x0, 0xff, 0x9c, 0x0, 0x7,
    0xde, 0x3c, 0x0, 0x1e, 0x78, 0xfc, 0x0, 0xf1,
    0xe1, 0xfe, 0x7, 0x7, 0x83, 0xfc, 0x70, 0x1e,
    0x7, 0xc3, 0x0, 0x78, 0x7, 0x30, 0x1, 0xe0,
    0x8, 0x0, 0x7, 0x0, 0x0,

    /* U+67F1 "柱" */
    0x7, 0xc0, 0xf0, 0x0, 0xf, 0x0, 0x78, 0x0,
    0x1e, 0x0, 0xf8, 0x0, 0x3c, 0x0, 0xf0, 0x0,
    0x78, 0x1, 0xe2, 0x0, 0xf0, 0x1, 0xc6, 0x1,
    0xec, 0x0, 0x1e, 0x3, 0xff, 0xff, 0xfe, 0xff,
    0xfc, 0x1e, 0x0, 0xf, 0x0, 0x3c, 0x0, 0x3e,
    0x0, 0x78, 0x0, 0x7e, 0x0, 0xf0, 0x0, 0xff,
    0x1, 0xe0, 0x1, 0xf7, 0x3, 0xc0, 0x7, 0xef,
    0x7, 0x98, 0xf, 0xde, 0xf, 0x7c, 0x1f, 0xbf,
    0xff, 0xfc, 0x7f, 0x0, 0x3c, 0x0, 0xde, 0x0,
    0x78, 0x3, 0x3c, 0x0, 0xf0, 0x4, 0x78, 0x1,
    0xe0, 0x10, 0xf0, 0x3, 0xc0, 0x1, 0xe0, 0x7,
    0x80, 0x3, 0xc0, 0xf, 0x0, 0x7, 0x80, 0x1e,
    0x0, 0xf, 0x0, 0x3c, 0x60, 0x1e, 0x0, 0x79,
    0xe0, 0x3c, 0x7f, 0xff, 0xe0, 0x78, 0x0, 0x0,
    0x0, 0xe0, 0x0, 0x0, 0x0,

    /* U+67FB "査" */
    0x0, 0x7, 0x0, 0x0, 0x0, 0x1f, 0x0, 0x0,
    0x0, 0x78, 0x0, 0x0, 0x1, 0xe0, 0x1c, 0x0,
    0x7, 0x80, 0xf9, 0xff, 0xff, 0xff, 0xf0, 0x1,
    0xfa, 0x0, 0x0, 0xf, 0xec, 0x0, 0x0, 0x7f,
    0x9c, 0x0, 0x3, 0xfe, 0x3c, 0x0, 0x1f, 0x78,
    0xff, 0x0, 0xf1, 0xe1, 0xff, 0x7, 0x87, 0x83,
    0xf8, 0x38, 0x1e, 0x13, 0xc3, 0xb0, 0x0, 0x67,
    0x30, 0xff, 0xff, 0xc8, 0x3, 0xff, 0xff, 0x80,
    0xf, 0x80, 0x3c, 0x0, 0x3e, 0x0, 0xf0, 0x0,
    0xf8, 0x3, 0xc0, 0x3, 0xff, 0xff, 0x0, 0xf,
    0x80, 0x3c, 0x0, 0x3e, 0x0, 0xf0, 0x0, 0xf8,
    0x3, 0xc0, 0x3, 0xff, 0xff, 0x0, 0xf, 0x80,
    0x3c, 0x0, 0x3e, 0x0, 0xf2, 0x0, 0xf8, 0x3,
    0xcc, 0x3, 0xe0, 0xf, 0x7b, 0xff, 0xff, 0xff,
    0xf0,

    /* U+67FF "柿" */
    0x6, 0x0, 0x1c, 0x0, 0xf, 0x0, 0x3c, 0x0,
    0x1e, 0x0, 0x78, 0x0, 0x3c, 0x0, 0xf0, 0x0,
    0x78, 0x1, 0xe1, 0x80, 0xf0, 0x3, 0xc7, 0x81,
    0xeb, 0xff, 0xff, 0x83, 0xdf, 0xff, 0xff, 0x7,
    0xf8, 0x1e, 0x0, 0xff, 0xf8, 0x3c, 0x20, 0x3e,
    0x1f, 0xff, 0xe0, 0x7c, 0x3f, 0xff, 0xe0, 0xf8,
    0x79, 0xe3, 0xc1, 0xfc, 0xf3, 0xc7, 0x83, 0xfd,
    0xe7, 0x8f, 0xf, 0xdf, 0xcf, 0x1e, 0x1f, 0xbf,
    0x9e, 0x3c, 0x3f, 0x7f, 0x3c, 0x78, 0xfe, 0xfe,
    0x78, 0xf1, 0xbc, 0x3c, 0xf1, 0xe2, 0x78, 0x79,
    0xe3, 0xcc, 0xf0, 0xf3, 0xc7, 0x91, 0xe1, 0xe7,
    0xff, 0x3, 0xc3, 0xcf, 0x3c, 0x7, 0x87, 0x9e,
    0x78, 0xf, 0xf, 0x3c, 0xf0, 0x1e, 0x1c, 0x78,
    0x0, 0x3c, 0x0, 0xf0, 0x0, 0x78, 0x1, 0xe0,
    0x0, 0xf0, 0x3, 0xc0, 0x1, 0xc0, 0x7, 0x0,
    0x0,

    /* U+6821 "校" */
    0x0, 0x0, 0x0, 0x0, 0xf, 0x80, 0x3e, 0x0,
    0x1e, 0x0, 0x78, 0x0, 0x3c, 0x0, 0xf0, 0x80,
    0x78, 0x1, 0xe3, 0x80, 0xf0, 0x3, 0xc7, 0x81,
    0xe7, 0xff, 0xff, 0x83, 0xdf, 0xff, 0xfe, 0x7,
    0xf8, 0x80, 0x0, 0xff, 0xf9, 0xc3, 0xc0, 0x3e,
    0x3, 0xe3, 0xe0, 0x7c, 0xf, 0x83, 0xe0, 0xf8,
    0x1c, 0x3, 0xc1, 0xf8, 0x70, 0x7, 0x83, 0xfd,
    0xc0, 0x7, 0xf, 0xde, 0x40, 0xe0, 0x1f, 0xbc,
    0x83, 0xf0, 0x3f, 0x38, 0x87, 0xc0, 0xfe, 0x71,
    0xf, 0x1, 0xbc, 0x1, 0x3e, 0x7, 0x78, 0x3,
    0x78, 0xc, 0xf0, 0x7, 0xf0, 0x31, 0xe0, 0x7,
    0xc0, 0x43, 0xc0, 0xf, 0x80, 0x7, 0x80, 0x3f,
    0xc0, 0xf, 0x0, 0xff, 0xf0, 0x1e, 0x3, 0xcf,
    0xf8, 0x3c, 0xf, 0xf, 0xe0, 0x78, 0x38, 0xf,
    0x80, 0xf1, 0xc0, 0xf, 0x1, 0xc4, 0x0, 0x4,
    0x0,

    /* U+682A "株" */
    0xf, 0x80, 0x38, 0x0, 0x3c, 0x0, 0xf0, 0x0,
    0xf0, 0x73, 0xc0, 0x3, 0xc1, 0xff, 0x0, 0xf,
    0x7, 0xbc, 0x40, 0x3c, 0x1e, 0xf1, 0x80, 0xf6,
    0x73, 0xcf, 0x3, 0xfd, 0xff, 0xfe, 0x7f, 0xfe,
    0x3c, 0x0, 0x3c, 0x30, 0xf0, 0x1, 0xf0, 0x83,
    0xc0, 0x7, 0xe4, 0xf, 0xc, 0x1f, 0xe0, 0x3c,
    0x78, 0x7d, 0xff, 0xff, 0xf1, 0xf7, 0xf, 0xe0,
    0xf, 0xdc, 0x3f, 0x80, 0x3f, 0x70, 0xff, 0x0,
    0xfc, 0x7, 0xf4, 0x6, 0xf0, 0x1f, 0xd8, 0x1b,
    0xc0, 0xff, 0x70, 0xcf, 0x3, 0xbd, 0xf2, 0x3c,
    0x1c, 0xf3, 0xf0, 0xf0, 0xf3, 0xcf, 0xc3, 0xc3,
    0xf, 0x1e, 0xf, 0x18, 0x3c, 0x78, 0x3c, 0xc0,
    0xf0, 0xc0, 0xf4, 0x3, 0xc1, 0x3, 0xc0, 0xf,
    0x0, 0xf, 0x0, 0x3c, 0x0, 0x38, 0x0, 0xe0,
    0x0,

    /* U+6839 "根" */
    0x7, 0xc2, 0x0, 0x40, 0xf, 0x7, 0xff, 0xe0,
    0x1e, 0xf, 0xff, 0xe0, 0x3c, 0x1e, 0x7, 0x80,
    0x78, 0x3c, 0xf, 0x0, 0xf6, 0x78, 0x1e, 0x1,
    0xee, 0xf0, 0x3c, 0x3f, 0xff, 0xff, 0xf8, 0xf,
    0x83, 0xc0, 0xf0, 0x1f, 0x7, 0x81, 0xe0, 0x3e,
    0xf, 0x3, 0xc0, 0x7e, 0x1e, 0x7, 0x80, 0xff,
    0x3c, 0xf, 0x3, 0xf7, 0x7f, 0xfe, 0x7, 0xee,
    0xf2, 0x3c, 0xf, 0xdf, 0xe4, 0x18, 0x3f, 0xbb,
    0xcc, 0x78, 0x6f, 0x7, 0x89, 0xf8, 0x9e, 0xf,
    0x1b, 0xc3, 0x3c, 0x1e, 0x3c, 0xc, 0x78, 0x3c,
    0x38, 0x10, 0xf0, 0x78, 0x78, 0x1, 0xe0, 0xf0,
    0xf8, 0x3, 0xc1, 0xfe, 0xfc, 0x7, 0x9f, 0xf1,
    0xfe, 0xf, 0x3f, 0xc1, 0xf8, 0x1e, 0x3e, 0x1,
    0xe0, 0x3c, 0x70, 0x1, 0x80, 0x70, 0xc0, 0x0,
    0x0,

    /* U+683C "格" */
    0x7, 0xc0, 0x60, 0x0, 0x7, 0x80, 0x7c, 0x0,
    0x7, 0x80, 0xf8, 0x20, 0x7, 0x80, 0xff, 0xf0,
    0x7, 0x80, 0xff, 0xf8, 0x7, 0xb1, 0xe0, 0xfc,
    0x7, 0xb9, 0xe1, 0xf0, 0x7f, 0xff, 0xa1, 0xe0,
    0xf, 0x83, 0x1b, 0xe0, 0xf, 0x86, 0x1f, 0xc0,
    0xf, 0xc8, 0xf, 0x80, 0xf, 0xf0, 0xf, 0xc0,
    0xf, 0xb8, 0x3f, 0xfc, 0x1f, 0xb8, 0x79, 0xfe,
    0x1f, 0xb8, 0xe0, 0xfc, 0x1f, 0x93, 0x80, 0x78,
    0x1f, 0x8f, 0xc0, 0xf8, 0x3f, 0x91, 0xff, 0xf8,
    0x37, 0x81, 0xe0, 0xf0, 0x67, 0x81, 0xe0, 0xf0,
    0x47, 0x81, 0xe0, 0xf0, 0x7, 0x81, 0xe0, 0xf0,
    0x7, 0x81, 0xe0, 0xf0, 0x7, 0x81, 0xe0, 0xf0,
    0x7, 0x81, 0xe0, 0xf0, 0x7, 0x81, 0xe0, 0xf0,
    0x7, 0x81, 0xff, 0xf0, 0x7, 0x81, 0xe0, 0xf0,
    0x7, 0x1, 0xe0, 0xf0,

    /* U+6843 "桃" */
    0xf, 0x81, 0xcc, 0x0, 0x3c, 0x7, 0xbe, 0x0,
    0xf0, 0x1c, 0xf0, 0x3, 0xc0, 0x73, 0xc0, 0xf,
    0x1, 0xcf, 0x0, 0x3c, 0x7, 0x3c, 0x80, 0xf5,
    0x9c, 0xf7, 0x83, 0xff, 0x73, 0xdf, 0xff, 0xff,
    0xcf, 0xf0, 0x3c, 0x3f, 0x3f, 0x81, 0xf0, 0xfc,
    0xfc, 0x7, 0xe3, 0xf3, 0xc0, 0x1f, 0xe5, 0xcf,
    0x0, 0x7f, 0x87, 0x3c, 0x1, 0xf7, 0x1c, 0xfc,
    0xf, 0xdc, 0xf3, 0xf8, 0x3f, 0x6f, 0xcf, 0x70,
    0xfc, 0x7f, 0x3d, 0xe7, 0xf3, 0xdc, 0xf7, 0x9b,
    0xcf, 0x73, 0xde, 0x4f, 0x19, 0xcf, 0x32, 0x3c,
    0xe, 0x3c, 0x0, 0xf0, 0x38, 0xf0, 0x3, 0xc0,
    0xe3, 0xc2, 0xf, 0x7, 0xf, 0x8, 0x3c, 0x18,
    0x3c, 0x20, 0xf0, 0xe0, 0xff, 0xc3, 0xc6, 0x3,
    0xff, 0xf, 0x30, 0x7, 0xf8, 0x39, 0x0, 0x0,
    0x0,

    /* U+6848 "案" */
    0x0, 0x7, 0xc0, 0x0, 0x0, 0x1e, 0x0, 0x0,
    0x80, 0x78, 0x6, 0x3, 0xff, 0xff, 0xfc, 0x3f,
    0xff, 0xff, 0xf9, 0xe0, 0x60, 0x3, 0xe7, 0x81,
    0xf0, 0x1c, 0x1c, 0xf, 0x80, 0x1c, 0x7f, 0xff,
    0xff, 0xfc, 0x3, 0xe0, 0xf0, 0x0, 0x1f, 0x7,
    0xc0, 0x0, 0xf8, 0x3e, 0x0, 0x7, 0xff, 0xf0,
    0x0, 0x1e, 0x1f, 0xfc, 0x0, 0x1, 0xff, 0xfc,
    0x0, 0x3f, 0x83, 0xf8, 0xf, 0xf4, 0x3, 0xe1,
    0xe0, 0x1f, 0x7, 0x0, 0x0, 0x78, 0x6, 0x0,
    0x1, 0xe0, 0x3c, 0xff, 0xff, 0xff, 0xf8, 0x1,
    0xfe, 0x80, 0x0, 0xf, 0xfb, 0x80, 0x0, 0x3f,
    0xe7, 0x80, 0x1, 0xe7, 0x8f, 0xc0, 0x1f, 0x1e,
    0x1f, 0xf0, 0xf0, 0x78, 0x3f, 0x87, 0x1, 0xe0,
    0x7c, 0x60, 0x7, 0x80, 0x62, 0x0, 0x1c, 0x0,
    0x0,

    /* U+68B0 "械" */
    0xf, 0x80, 0xf, 0x80, 0x1e, 0x0, 0x1e, 0xc0,
    0x3c, 0x0, 0x3c, 0xe0, 0x78, 0x0, 0x79, 0xc0,
    0xf0, 0x0, 0xf3, 0x81, 0xe0, 0x1, 0xe7, 0x3,
    0xd8, 0x3, 0xcf, 0x7, 0xff, 0xff, 0xff, 0xff,
    0xf0, 0xf, 0x0, 0x3e, 0x0, 0x1e, 0x0, 0x7e,
    0x3f, 0xfc, 0x0, 0xfe, 0x77, 0x79, 0xe1, 0xfe,
    0xee, 0xf3, 0x83, 0xed, 0xdd, 0xef, 0x7, 0xdb,
    0xbb, 0xde, 0x1f, 0x87, 0x7f, 0xbc, 0x3f, 0x3f,
    0xff, 0x70, 0x7e, 0x1d, 0xcf, 0xe0, 0xfc, 0x3b,
    0x9f, 0x83, 0x78, 0x77, 0x3f, 0x6, 0xf0, 0xee,
    0x7c, 0x9, 0xe1, 0x9c, 0x78, 0xa3, 0xc3, 0x38,
    0xf1, 0x7, 0x8e, 0x73, 0xf2, 0xf, 0x18, 0xe7,
    0xfc, 0x1e, 0x31, 0xdb, 0xf8, 0x3c, 0xc0, 0x63,
    0xf0, 0x79, 0x1, 0x83, 0xe0, 0xf0, 0x4, 0x7,
    0xc1, 0xc0, 0x10, 0x3, 0x80,

    /* U+68EE "森" */
    0x0, 0x7, 0xe0, 0x0, 0x0, 0xf, 0x80, 0x80,
    0x0, 0x1f, 0x3, 0x80, 0x0, 0x3e, 0x7, 0x83,
    0xff, 0xff, 0xff, 0x80, 0x7, 0xfe, 0x0, 0x0,
    0x1f, 0xf6, 0x0, 0x0, 0x3f, 0xef, 0x0, 0x0,
    0xf7, 0xcf, 0x80, 0x3, 0xcf, 0x8f, 0xf0, 0xf,
    0x1f, 0xf, 0xf0, 0x78, 0x3e, 0xf, 0x81, 0x80,
    0x7c, 0x7, 0x4, 0x70, 0xf9, 0xc0, 0x0, 0xf8,
    0x3, 0xe0, 0x1, 0xe4, 0x7, 0x88, 0x3, 0xdc,
    0xf, 0x3c, 0xff, 0xff, 0xff, 0xfc, 0x1f, 0x0,
    0xfe, 0x0, 0x3f, 0x81, 0xfc, 0x0, 0xfd, 0xc7,
    0xfc, 0x1, 0xfb, 0xcf, 0xec, 0x7, 0xf7, 0xbf,
    0xdc, 0xf, 0xee, 0x77, 0xbe, 0x3b, 0xc1, 0xcf,
    0x3e, 0x67, 0x87, 0x1e, 0x79, 0x8f, 0x18, 0x3c,
    0x64, 0x1e, 0x40, 0x78, 0x40, 0x3c, 0x0, 0xf0,
    0x0, 0x70, 0x1, 0xc0, 0x0,

    /* U+691C "検" */
    0x7, 0xc0, 0x3c, 0x0, 0xf, 0x0, 0x7c, 0x0,
    0x1e, 0x1, 0xe8, 0x0, 0x3c, 0x3, 0xd8, 0x0,
    0x78, 0xf, 0x1c, 0x0, 0xf4, 0x1c, 0x3f, 0x1,
    0xec, 0x70, 0x3f, 0x83, 0xfc, 0xc0, 0xfe, 0x7f,
    0xfb, 0x1, 0xfc, 0xf, 0xb, 0xff, 0xf0, 0x3e,
    0x20, 0x78, 0x0, 0x7c, 0x0, 0xf1, 0x80, 0xfe,
    0x71, 0xe7, 0x81, 0xfe, 0xff, 0xff, 0x87, 0xef,
    0xe7, 0x9e, 0xf, 0xdf, 0xcf, 0x3c, 0x1f, 0xbf,
    0x9e, 0x78, 0x3f, 0x2f, 0x3c, 0xf0, 0xde, 0x1e,
    0x79, 0xe1, 0xbc, 0x3f, 0xff, 0xc6, 0x78, 0x79,
    0xe7, 0x88, 0xf0, 0xc7, 0xa0, 0x1, 0xe0, 0xf,
    0x60, 0x3, 0xc0, 0x1e, 0xe0, 0x7, 0x80, 0x79,
    0xf0, 0xf, 0x1, 0xe1, 0xfc, 0x1e, 0x7, 0x83,
    0xf0, 0x3c, 0x1c, 0x3, 0xc0, 0x78, 0x60, 0x3,
    0x80, 0xe3, 0x0, 0x2, 0x0,

    /* U+696D "業" */
    0x10, 0x3e, 0xf9, 0x0, 0x1c, 0x79, 0xe7, 0xc0,
    0x3c, 0xf3, 0xcf, 0x0, 0x39, 0xe7, 0x9c, 0x0,
    0x7b, 0xcf, 0x32, 0x0, 0xf7, 0x9e, 0xcf, 0x3f,
    0xff, 0xff, 0xff, 0x7f, 0xff, 0xff, 0xfe, 0x0,
    0xe0, 0x3e, 0x0, 0x0, 0xe0, 0x78, 0x0, 0x1,
    0xe1, 0xe3, 0x0, 0x3, 0x83, 0xf, 0x83, 0xff,
    0xff, 0xff, 0x80, 0x0, 0xf0, 0x0, 0x0, 0x1,
    0xe0, 0x70, 0xf, 0xff, 0xff, 0xf0, 0x0, 0x7,
    0x80, 0x0, 0x0, 0xf, 0x0, 0xc0, 0x0, 0x1e,
    0x3, 0xe7, 0xff, 0xff, 0xff, 0xe0, 0x7, 0xfa,
    0x0, 0x0, 0xf, 0xf6, 0x0, 0x0, 0x3f, 0xe7,
    0x0, 0x0, 0xfb, 0xc7, 0xc0, 0x3, 0xc7, 0x87,
    0xf0, 0xf, 0xf, 0x7, 0xfc, 0x78, 0x1e, 0x7,
    0xe1, 0xc0, 0x3c, 0x7, 0x8c, 0x0, 0x78, 0x3,
    0x0, 0x0, 0xe0, 0x0, 0x0,

    /* U+697D "楽" */
    0x0, 0x7, 0xc0, 0x0, 0x0, 0x1e, 0x0, 0x6,
    0x4, 0x72, 0xc, 0xf, 0x1f, 0xfc, 0x38, 0x1e,
    0x7f, 0xfd, 0xf8, 0x7d, 0xe1, 0xe7, 0xc0, 0xf7,
    0x87, 0xb8, 0x3, 0xde, 0x1f, 0x80, 0x6, 0x7f,
    0xfe, 0x0, 0x3, 0xe1, 0xef, 0x80, 0xf7, 0x87,
    0x9f, 0x3f, 0x9e, 0x1e, 0x3e, 0x7c, 0x7f, 0xf8,
    0x78, 0xe1, 0xe1, 0xe0, 0xe3, 0x7, 0x60, 0x0,
    0x0, 0x1, 0xf0, 0x18, 0x0, 0x7, 0x80, 0x70,
    0x0, 0x1e, 0x3, 0xef, 0xff, 0xff, 0xff, 0xc0,
    0x1f, 0xf8, 0x0, 0x0, 0x7f, 0xb0, 0x0, 0x3,
    0xfe, 0x78, 0x0, 0x1f, 0x79, 0xfc, 0x0, 0xf1,
    0xe3, 0xff, 0x7, 0x87, 0x87, 0xf8, 0x78, 0x1e,
    0x7, 0xc3, 0x80, 0x78, 0xe, 0x30, 0x1, 0xe0,
    0x8, 0x0, 0x7, 0x0, 0x0,

    /* U+69CB "構" */
    0xf, 0x81, 0xf7, 0x80, 0x1e, 0x3, 0xcf, 0x60,
    0x3c, 0x7, 0x9e, 0xe0, 0x78, 0xff, 0xff, 0xe0,
    0xf0, 0x1e, 0x78, 0x1, 0xe0, 0x3c, 0xf4, 0x3,
    0xd8, 0x79, 0xfe, 0x7, 0xff, 0xff, 0xfc, 0xff,
    0xf9, 0xe7, 0x80, 0x3e, 0x3, 0xcf, 0x70, 0x7c,
    0xff, 0xff, 0xf0, 0xf8, 0xff, 0xff, 0xe1, 0xfc,
    0x83, 0xc4, 0x3, 0xef, 0xff, 0xfc, 0xf, 0xdf,
    0xff, 0xfe, 0x1f, 0xbf, 0x9e, 0x78, 0x3f, 0x7f,
    0x3c, 0xf0, 0x7e, 0x1e, 0x79, 0xe1, 0xfc, 0x3f,
    0xff, 0xc3, 0x78, 0x79, 0xe7, 0x84, 0xf0, 0xf3,
    0xcf, 0x91, 0xe1, 0xe7, 0x9f, 0x83, 0xcf, 0xff,
    0xff, 0x87, 0x9f, 0xff, 0xff, 0xf, 0xf, 0x0,
    0xf0, 0x1e, 0x1e, 0x1, 0xe0, 0x3c, 0x3c, 0x1f,
    0xc0, 0x78, 0x78, 0x1f, 0x80, 0xf0, 0xf0, 0x1e,
    0x1, 0xc1, 0xc0, 0x38, 0x0,

    /* U+69D8 "様" */
    0xc, 0x2, 0x1, 0x0, 0x1f, 0x7, 0x7, 0xe0,
    0x3c, 0x7, 0xf, 0x0, 0x78, 0xf, 0x1c, 0x0,
    0xf0, 0x1e, 0x32, 0x1, 0xe0, 0x18, 0xce, 0x3,
    0xcb, 0xff, 0xfe, 0x7, 0xbf, 0xff, 0xfe, 0xf,
    0xf0, 0x3c, 0x0, 0xfe, 0x0, 0x78, 0xe0, 0x3c,
    0x1f, 0xff, 0xe0, 0xf8, 0x1, 0xe0, 0x1, 0xf0,
    0x3, 0xc1, 0x3, 0xf8, 0x7, 0x87, 0x7, 0xf8,
    0xf, 0x1f, 0xf, 0xbf, 0xff, 0xfe, 0x3f, 0x70,
    0x3c, 0x0, 0x7e, 0xf8, 0x78, 0x60, 0xfd, 0xdc,
    0xf9, 0xe3, 0xf8, 0x3d, 0xf3, 0xe6, 0xf0, 0x3b,
    0xee, 0x9, 0xe0, 0x77, 0xb0, 0x23, 0xc0, 0xf,
    0x60, 0x7, 0x80, 0xfe, 0xe0, 0xf, 0x7, 0xbc,
    0xf0, 0x1e, 0x7e, 0x79, 0xfc, 0x3c, 0xf8, 0xf1,
    0xe0, 0x78, 0xef, 0xe3, 0xc0, 0xf0, 0x87, 0xc3,
    0x1, 0xe0, 0xf, 0x0, 0x3, 0x80, 0x1c, 0x0,
    0x0,

    /* U+6A21 "模" */
    0x7, 0x81, 0xe7, 0xc0, 0x7, 0x81, 0xe7, 0xe0,
    0x7, 0x81, 0xe7, 0xd8, 0x7, 0x81, 0xe7, 0xdc,
    0x7, 0x9f, 0xff, 0xfe, 0x7, 0x81, 0xe7, 0xc0,
    0x7, 0xb1, 0xe7, 0xc0, 0x7, 0xfd, 0xc0, 0x20,
    0x7f, 0xff, 0x80, 0x78, 0x7, 0x87, 0xff, 0xf8,
    0xf, 0x87, 0x80, 0x78, 0xf, 0xc7, 0x80, 0x78,
    0xf, 0xe7, 0xff, 0xf8, 0xf, 0xb7, 0x80, 0x78,
    0xf, 0xbf, 0x80, 0x78, 0x1f, 0xbf, 0x80, 0x78,
    0x1f, 0xbf, 0xff, 0xf8, 0x1f, 0x97, 0xff, 0xf8,
    0x37, 0x87, 0xbc, 0x70, 0x37, 0x86, 0x3c, 0x18,
    0x67, 0x80, 0x3c, 0x3c, 0x47, 0xbf, 0xff, 0xfe,
    0x7, 0x80, 0x7a, 0x0, 0x7, 0x80, 0x7b, 0x0,
    0x7, 0x80, 0xf3, 0xc0, 0x7, 0x80, 0xf1, 0xfe,
    0x7, 0x81, 0xe1, 0xfc, 0x7, 0x87, 0x80, 0xf8,
    0x7, 0x8e, 0x0, 0x78, 0x7, 0x70, 0x0, 0x18,

    /* U+6A2A "横" */
    0xf, 0x81, 0xe7, 0x80, 0x3c, 0x7, 0x1c, 0x0,
    0xf0, 0x1c, 0x73, 0x3, 0xc0, 0x71, 0xde, 0xf,
    0x1f, 0xff, 0xfc, 0x3d, 0x7, 0x1c, 0x0, 0xfe,
    0x1c, 0x71, 0x3f, 0xfc, 0x71, 0xcf, 0xff, 0xff,
    0xff, 0xfc, 0x3c, 0x7f, 0xff, 0xf1, 0xf0, 0x3,
    0xc2, 0x7, 0xe3, 0x8f, 0x3c, 0x1f, 0xef, 0xff,
    0xf8, 0x7d, 0xfc, 0xf3, 0xc1, 0xf7, 0xf3, 0xcf,
    0xf, 0xdf, 0xcf, 0x3c, 0x3f, 0x3f, 0xff, 0xf0,
    0xfc, 0x3c, 0xf3, 0xc7, 0xf0, 0xf3, 0xcf, 0x1b,
    0xc3, 0xcf, 0x3c, 0x4f, 0xf, 0x3c, 0xf2, 0x3c,
    0x3f, 0xff, 0xc0, 0xf0, 0xf0, 0xf, 0x3, 0xc3,
    0xc0, 0x30, 0xf, 0x1, 0xc7, 0xc0, 0x3c, 0xf,
    0xcf, 0xc0, 0xf0, 0x7e, 0x1f, 0x83, 0xc3, 0xe0,
    0x1f, 0xf, 0x1e, 0x0, 0x3c, 0x39, 0xc0, 0x0,
    0x60,

    /* U+6A4B "橋" */
    0x0, 0x0, 0x0, 0x80, 0x1f, 0x0, 0x7, 0x80,
    0x3c, 0x0, 0x7f, 0x80, 0x78, 0xf, 0xff, 0x80,
    0xf1, 0xff, 0xe0, 0x1, 0xe0, 0x1e, 0x6, 0x3,
    0xd0, 0x7c, 0x1e, 0x7, 0xbf, 0xff, 0xfe, 0xf,
    0xf3, 0xc1, 0x80, 0xfe, 0x7, 0x7, 0xf0, 0x3c,
    0x1f, 0xff, 0xf0, 0xfe, 0x6e, 0x1f, 0xc1, 0xff,
    0x1c, 0x3f, 0x83, 0xee, 0x38, 0x78, 0x7, 0xdc,
    0x7f, 0xf0, 0xf, 0xb8, 0xe1, 0xc0, 0x3f, 0x79,
    0x0, 0x30, 0x7e, 0x3f, 0xff, 0xf0, 0xfc, 0x7f,
    0xff, 0xf1, 0xf8, 0xf4, 0x31, 0xc6, 0xf1, 0xef,
    0xfb, 0x89, 0xe3, 0xdc, 0xe7, 0x23, 0xc7, 0xb9,
    0xce, 0x7, 0x8f, 0x73, 0x9c, 0xf, 0x1e, 0xe7,
    0x38, 0x1e, 0x3d, 0xfe, 0x70, 0x3c, 0x7b, 0x9c,
    0xe0, 0x78, 0xf6, 0x1, 0xc0, 0xf1, 0xe0, 0x1f,
    0x81, 0xe3, 0xc0, 0xf, 0x3, 0x87, 0x0, 0x1c,
    0x0,

    /* U+6A5F "機" */
    0xf, 0x84, 0x3c, 0x80, 0x1e, 0xf, 0x7d, 0xe0,
    0x3c, 0x1c, 0xf3, 0x80, 0x78, 0x31, 0xe6, 0x0,
    0xf0, 0xc3, 0xfb, 0x1, 0xe3, 0xbf, 0xf7, 0x83,
    0xd3, 0xff, 0x7e, 0x7, 0xf7, 0xde, 0xf8, 0x7f,
    0xff, 0xbc, 0xe0, 0x3e, 0x6, 0x79, 0xb0, 0x7c,
    0x1b, 0xf3, 0x30, 0xf8, 0x27, 0xff, 0xf1, 0xf1,
    0xff, 0xdc, 0xe3, 0xfb, 0xcf, 0xa1, 0x87, 0xfa,
    0x1f, 0x38, 0x1f, 0xb0, 0xf, 0x34, 0x3f, 0x70,
    0x1e, 0x5c, 0x7e, 0xff, 0xff, 0xfd, 0xfd, 0x9e,
    0x79, 0x83, 0x78, 0x3c, 0x7b, 0xc4, 0xf0, 0x78,
    0xff, 0x11, 0xe0, 0xfd, 0xfe, 0x43, 0xc1, 0xfd,
    0xf8, 0x87, 0x87, 0xbb, 0xe3, 0xf, 0xe, 0x77,
    0xe4, 0x1e, 0x1c, 0x1f, 0xf8, 0x3c, 0x70, 0x7f,
    0xf0, 0x78, 0xc1, 0xc7, 0xf0, 0xf3, 0x6, 0x7,
    0xe1, 0xc8, 0x30, 0x3, 0xc0,

    /* U+6B21 "次" */
    0x0, 0x6, 0x0, 0x0, 0x0, 0xf, 0xc0, 0x0,
    0x0, 0x1f, 0x0, 0x1, 0xe0, 0x7c, 0x0, 0x1,
    0xf0, 0xf8, 0x0, 0x1, 0xe1, 0xe0, 0x6, 0x3,
    0xe3, 0xc0, 0x1e, 0x3, 0xcf, 0xff, 0xfe, 0x7,
    0x9e, 0xf8, 0x7e, 0x6, 0x79, 0xf0, 0xf0, 0x0,
    0xe3, 0xe1, 0xc0, 0x1, 0x87, 0xc7, 0x0, 0x6,
    0xf, 0x8c, 0x0, 0x18, 0x1f, 0x10, 0x0, 0x20,
    0x3f, 0x0, 0x0, 0x10, 0x7e, 0x0, 0x0, 0xe1,
    0xfc, 0x0, 0x7, 0x83, 0xec, 0x0, 0x7e, 0x7,
    0x98, 0x3, 0xf0, 0x1f, 0x38, 0xf, 0xc0, 0x3c,
    0x70, 0xf, 0x0, 0xf8, 0xf0, 0x1c, 0x1, 0xe0,
    0xf0, 0x10, 0x7, 0x81, 0xf0, 0x0, 0x1e, 0x1,
    0xf8, 0x0, 0x78, 0x3, 0xfc, 0x1, 0xe0, 0x3,
    0xf0, 0x7, 0x0, 0x7, 0x80, 0x1c, 0x0, 0x7,
    0x1, 0xc0, 0x0, 0x4, 0x0,

    /* U+6B32 "欲" */
    0x0, 0x0, 0x18, 0x0, 0x6, 0x70, 0x1f, 0x0,
    0x7, 0xbc, 0x3c, 0x0, 0xf, 0xde, 0x3c, 0x0,
    0xf, 0xf, 0x3c, 0x0, 0x1e, 0xf, 0x38, 0x8,
    0x1c, 0x7, 0x7f, 0xfc, 0x39, 0x86, 0x7f, 0xfe,
    0x33, 0xf0, 0x7f, 0x3e, 0x43, 0xe0, 0xff, 0x3c,
    0x7, 0xdc, 0xdf, 0x38, 0x7, 0x8e, 0x9f, 0x30,
    0x7, 0xf, 0x1f, 0x20, 0xe, 0x7, 0x9f, 0xc0,
    0x1e, 0x7, 0x9f, 0x80, 0x1c, 0xf, 0x9f, 0x80,
    0x3f, 0xfc, 0x1f, 0x80, 0x6f, 0xff, 0x1f, 0xc0,
    0x4f, 0x1e, 0x1f, 0xc0, 0xf, 0x1e, 0x1f, 0xc0,
    0xf, 0x1e, 0x3e, 0xe0, 0xf, 0x1e, 0x3c, 0xf0,
    0xf, 0x1e, 0x3c, 0xf0, 0xf, 0x1e, 0x78, 0xf8,
    0xf, 0xfe, 0x70, 0x7c, 0xf, 0x1e, 0xe0, 0x7e,
    0xf, 0x1c, 0xc0, 0x78, 0xf, 0x1, 0x80, 0x38,
    0x8, 0x3, 0x0, 0x10, 0x0, 0x4, 0x0, 0x10,

    /* U+6B4C "歌" */
    0x0, 0x0, 0x0, 0x0, 0x0, 0xc, 0x7c, 0x0,
    0x0, 0x3c, 0xf0, 0x7, 0xff, 0xfd, 0xc0, 0x0,
    0x1, 0xe3, 0x80, 0xe, 0x63, 0xc7, 0x2, 0x1f,
    0xe7, 0x9c, 0xe, 0x3d, 0xef, 0x38, 0x1e, 0x7b,
    0x9e, 0x7f, 0xfc, 0xf7, 0x3c, 0xfc, 0xf1, 0xee,
    0x7b, 0xf9, 0xc3, 0xfe, 0xf5, 0xf3, 0x7, 0xbb,
    0xf3, 0xf4, 0xe, 0x7, 0x87, 0xe8, 0x0, 0xf,
    0x8f, 0xc0, 0x0, 0x3, 0x9f, 0x80, 0xff, 0xff,
    0xbf, 0x0, 0x0, 0x3c, 0x7e, 0x1, 0x4, 0x78,
    0xfe, 0x3, 0xfc, 0xf1, 0xfc, 0x7, 0xfd, 0xe3,
    0xf8, 0xf, 0x73, 0xc7, 0xb8, 0x1e, 0xe7, 0x8f,
    0x70, 0x3d, 0xcf, 0x3c, 0xf0, 0x7f, 0x9e, 0x79,
    0xf0, 0xf7, 0x3c, 0xe1, 0xf1, 0xe0, 0x7b, 0xc3,
    0xf0, 0x7, 0xf7, 0x7, 0xc0, 0x7, 0xec, 0x7,
    0x0, 0x7, 0xb0, 0x4, 0x0, 0x0, 0x80, 0x0,
    0x0,

    /* U+6B62 "止" */
    0x0, 0x3, 0xf0, 0x0, 0x0, 0x7, 0xc0, 0x0,
    0x0, 0xf, 0x80, 0x0, 0x0, 0x1f, 0x0, 0x0,
    0x0, 0x3e, 0x0, 0x0, 0x0, 0x7c, 0x0, 0x0,
    0x0, 0xf8, 0x0, 0x3, 0xe1, 0xf0, 0x0, 0x7,
    0x83, 0xe0, 0x0, 0xf, 0x7, 0xc1, 0x80, 0x1e,
    0xf, 0x87, 0x80, 0x3c, 0x1f, 0xf, 0x80, 0x78,
    0x3f, 0xff, 0x80, 0xf0, 0x7c, 0x0, 0x1, 0xe0,
    0xf8, 0x0, 0x3, 0xc1, 0xf0, 0x0, 0x7, 0x83,
    0xe0, 0x0, 0xf, 0x7, 0xc0, 0x0, 0x1e, 0xf,
    0x80, 0x0, 0x3c, 0x1f, 0x0, 0x0, 0x78, 0x3e,
    0x0, 0x0, 0xf0, 0x7c, 0x0, 0x1, 0xe0, 0xf8,
    0x0, 0x3, 0xc1, 0xf0, 0x0, 0x7, 0x83, 0xe0,
    0x20, 0xf, 0x7, 0xc0, 0xe0, 0x1e, 0xf, 0x83,
    0xe7, 0xff, 0xff, 0xff, 0xef, 0xff, 0xff, 0xff,
    0xc0,

    /* U+6B63 "正" */
    0x0, 0x0, 0x0, 0x80, 0x0, 0x0, 0x7, 0x80,
    0x0, 0x0, 0x3f, 0xf, 0xff, 0xff, 0xfe, 0x0,
    0x7, 0xc0, 0x0, 0x0, 0x1f, 0x0, 0x0, 0x0,
    0x7c, 0x0, 0x0, 0x1, 0xf0, 0x0, 0x0, 0x7,
    0xc0, 0x0, 0x0, 0x1f, 0x0, 0x0, 0x70, 0x7c,
    0x0, 0x1, 0xf1, 0xf0, 0x40, 0x7, 0x87, 0xc3,
    0x80, 0x1e, 0x1f, 0xf, 0x80, 0x78, 0x7f, 0xff,
    0x1, 0xe1, 0xf0, 0x0, 0x7, 0x87, 0xc0, 0x0,
    0x1e, 0x1f, 0x0, 0x0, 0x78, 0x7c, 0x0, 0x1,
    0xe1, 0xf0, 0x0, 0x7, 0x87, 0xc0, 0x0, 0x1e,
    0x1f, 0x0, 0x0, 0x78, 0x7c, 0x0, 0x1, 0xe1,
    0xf0, 0x0, 0x7, 0x87, 0xc0, 0x40, 0x1e, 0x1f,
    0x3, 0xc0, 0x78, 0x7c, 0xf, 0x9f, 0xff, 0xff,
    0xff, 0x7f, 0xff, 0xff, 0xfc,

    /* U+6B69 "歩" */
    0x0, 0x7, 0xc0, 0x0, 0x0, 0x1e, 0x0, 0x0,
    0x70, 0x78, 0x20, 0x1, 0xf1, 0xe1, 0xc0, 0x7,
    0x87, 0x8f, 0xc0, 0x1e, 0x1f, 0xff, 0x80, 0x78,
    0x78, 0x0, 0x1, 0xe1, 0xe0, 0x10, 0x7, 0x87,
    0x80, 0x60, 0x1e, 0x1e, 0x3, 0xcf, 0xff, 0xff,
    0xff, 0xc0, 0x0, 0x0, 0x0, 0x0, 0x7, 0xc0,
    0x0, 0xe, 0x1e, 0x7c, 0x0, 0x3e, 0x78, 0x7c,
    0x1, 0xf1, 0xe0, 0xfc, 0xf, 0x87, 0x81, 0xf0,
    0x3c, 0x1e, 0x33, 0xe1, 0xe0, 0x78, 0xf7, 0x8e,
    0x1f, 0xe7, 0xfe, 0x70, 0x1f, 0xbf, 0x3, 0x0,
    0x3d, 0xf8, 0x0, 0x0, 0xef, 0xc0, 0x0, 0x0,
    0x7e, 0x0, 0x0, 0x3, 0xe0, 0x0, 0x0, 0x1f,
    0x0, 0x0, 0x1, 0xf0, 0x0, 0x0, 0x1f, 0x0,
    0x0, 0x3, 0xf0, 0x0, 0x0, 0xfc, 0x0, 0x0,
    0x0,

    /* U+6B6F "歯" */
    0x0, 0x3, 0x80, 0x0, 0x0, 0x7, 0xc2, 0x0,
    0xf, 0x8f, 0x86, 0x0, 0x1e, 0x1f, 0x1e, 0x0,
    0x3c, 0x3f, 0xff, 0x0, 0x78, 0x7c, 0x0, 0x0,
    0xf0, 0xf8, 0x8, 0x1, 0xe1, 0xf0, 0x38, 0x3,
    0xc3, 0xe0, 0xf9, 0xff, 0xff, 0xff, 0xf8, 0x0,
    0x0, 0x0, 0x0, 0x0, 0x18, 0x0, 0x1, 0xf4,
    0x3c, 0x8f, 0xc3, 0xce, 0x79, 0xde, 0x7, 0x8e,
    0xf7, 0x3c, 0xf, 0x1d, 0xec, 0x78, 0x1e, 0x3b,
    0xd4, 0xf0, 0x3d, 0xff, 0xff, 0xe0, 0x78, 0x3f,
    0x3, 0xc0, 0xf0, 0x7f, 0xc7, 0x81, 0xe1, 0xfd,
    0xef, 0x3, 0xc3, 0xf9, 0xfe, 0x7, 0x8e, 0xf1,
    0xfc, 0xf, 0x31, 0xe3, 0xf8, 0x1e, 0xc3, 0xc3,
    0xf0, 0x3c, 0x7, 0x81, 0xe0, 0x78, 0x0, 0x3,
    0xc0, 0xf0, 0x0, 0x7, 0x81, 0xff, 0xff, 0xff,
    0x3, 0xc0, 0x0, 0x1e, 0x7, 0x0, 0x0, 0x3c,
    0x0,

    /* U+6B73 "歳" */
    0x0, 0x3, 0xe0, 0x0, 0x7, 0xc7, 0x83, 0x0,
    0xf, 0xf, 0xf, 0x80, 0x1e, 0x1f, 0xff, 0x80,
    0x3c, 0x3c, 0x0, 0x0, 0x78, 0x78, 0xe, 0x0,
    0xf0, 0xf0, 0x1e, 0x3f, 0xff, 0xff, 0xfe, 0x7f,
    0xff, 0xff, 0xfc, 0x0, 0x1, 0xe7, 0x60, 0x40,
    0x1, 0xcf, 0xe0, 0xff, 0xff, 0xff, 0xe1, 0xff,
    0xff, 0xff, 0xc3, 0xc0, 0x2f, 0x10, 0x7, 0x80,
    0xfe, 0x3c, 0xf, 0x7f, 0xfc, 0xf8, 0x1e, 0x1c,
    0x79, 0xe0, 0x3c, 0x38, 0xfb, 0xc0, 0x7b, 0x78,
    0xff, 0x0, 0xf7, 0xed, 0xfe, 0x1, 0xef, 0xdf,
    0xf8, 0x3, 0xbb, 0xbb, 0xf0, 0x7, 0x77, 0x77,
    0xc1, 0x1e, 0xce, 0xe7, 0xc2, 0x3b, 0x1c, 0x1f,
    0xcc, 0x74, 0xf8, 0x7f, 0xf8, 0xc0, 0xf1, 0xcf,
    0xf3, 0x81, 0xc7, 0xf, 0xe6, 0x3, 0x98, 0x7,
    0xf0, 0x0, 0x40, 0x3, 0x80,

    /* U+6B7B "死" */
    0x0, 0x0, 0x0, 0x60, 0x0, 0x0, 0x3, 0xc0,
    0x0, 0x0, 0x1f, 0xbf, 0xff, 0xff, 0xff, 0x3,
    0xc0, 0x0, 0x0, 0x1f, 0x1, 0xf0, 0x0, 0x7c,
    0x7, 0x80, 0x1, 0xe0, 0x1e, 0x0, 0x7, 0x8c,
    0x78, 0x40, 0x3f, 0xf9, 0xe1, 0x80, 0xff, 0xf7,
    0x8f, 0x3, 0x87, 0xde, 0x7e, 0x1e, 0x1e, 0x7b,
    0xf0, 0x70, 0x79, 0xff, 0x1, 0xe1, 0xe7, 0xf0,
    0xf, 0xef, 0x9e, 0x0, 0x37, 0xfc, 0x78, 0x1,
    0x8f, 0xf1, 0xe0, 0x4, 0x3f, 0x87, 0x80, 0x20,
    0x7e, 0x1e, 0x0, 0x0, 0xf0, 0x78, 0x0, 0x3,
    0xc1, 0xe0, 0x20, 0x1e, 0x7, 0x80, 0x80, 0x70,
    0x1e, 0x6, 0x3, 0x80, 0x78, 0x18, 0x1c, 0x1,
    0xff, 0xf0, 0xe0, 0x7, 0xff, 0xc7, 0x0, 0x1f,
    0xff, 0x30, 0x0, 0x3f, 0xfb, 0x0, 0x0, 0x0,
    0x0,

    /* U+6B8B "残" */
    0x0, 0x0, 0x0, 0x0, 0x0, 0x30, 0xfb, 0xe0,
    0x0, 0xf1, 0xe3, 0xe3, 0xff, 0xf3, 0xc3, 0xc0,
    0xf0, 0x7, 0x87, 0x1, 0xe0, 0xf, 0x1e, 0x3,
    0xc0, 0x1e, 0x3e, 0x7, 0x80, 0x3f, 0xf8, 0xe,
    0x37, 0xf8, 0x0, 0x3f, 0xf0, 0xf0, 0x80, 0x7f,
    0xf1, 0xe3, 0x80, 0xe3, 0xc3, 0xcf, 0xc1, 0xc7,
    0x8f, 0xfc, 0x7, 0xf, 0x6f, 0x0, 0xe, 0x1e,
    0x1e, 0xc, 0x1f, 0x38, 0x3c, 0x3c, 0x6f, 0xf0,
    0x3c, 0xfc, 0xcf, 0xe7, 0xfe, 0x81, 0x1f, 0xd0,
    0xf1, 0xc4, 0x3f, 0x1, 0xf7, 0xe0, 0x1e, 0x1,
    0xff, 0x0, 0x38, 0x3, 0xfc, 0x0, 0x70, 0x3,
    0xf1, 0x1, 0xc0, 0x7, 0xc2, 0x3, 0x80, 0x1f,
    0xc4, 0xe, 0x0, 0x7f, 0xd8, 0x18, 0x3, 0xcf,
    0xf0, 0x60, 0x1e, 0xf, 0xe1, 0x80, 0xf0, 0xf,
    0xe6, 0x6, 0x0, 0xf, 0xd0, 0x0, 0x0, 0x7,
    0x0,

    /* U+6BB5 "段" */
    0x0, 0x0, 0x0, 0x0, 0x0, 0xc0, 0x2, 0x0,
    0x3, 0xc7, 0xfe, 0x0, 0xcf, 0xcf, 0xfe, 0x1,
    0xfe, 0x1e, 0x3c, 0x3, 0xc0, 0x3c, 0x78, 0x7,
    0x80, 0x78, 0xf1, 0xf, 0x20, 0xf1, 0xe2, 0x1e,
    0xe1, 0xc3, 0xcc, 0x3d, 0xe7, 0x87, 0xf8, 0x7c,
    0xe, 0xf, 0xf8, 0xf0, 0x18, 0xf, 0xe1, 0xe4,
    0x60, 0x0, 0x3, 0xcd, 0x0, 0x18, 0x7, 0xbc,
    0x0, 0x78, 0xf, 0xfd, 0xff, 0xf8, 0x1e, 0x0,
    0x81, 0xe0, 0x3c, 0x1, 0x7, 0xc0, 0x78, 0x1,
    0xf, 0x0, 0xf3, 0xe3, 0x3e, 0x1, 0xff, 0x7,
    0x78, 0x1f, 0xf8, 0x7, 0xe0, 0x3f, 0xc0, 0xf,
    0xc0, 0x3f, 0x0, 0xf, 0x80, 0x7e, 0x0, 0x3f,
    0xc0, 0x3c, 0x1, 0xef, 0xf0, 0x78, 0x7, 0x8f,
    0xf0, 0xf0, 0x1c, 0xf, 0xc1, 0xe0, 0xe0, 0xf,
    0x3, 0x8e, 0x0, 0x4, 0x0,

    /* U+6BCD "母" */
    0x4, 0x0, 0x3, 0x0, 0x1f, 0xff, 0xfe, 0x0,
    0x7f, 0xff, 0xfc, 0x1, 0xe0, 0x1, 0xe0, 0x7,
    0x80, 0x7, 0x80, 0x1e, 0x7c, 0x1e, 0x0, 0x78,
    0x78, 0x78, 0x1, 0xe1, 0xf1, 0xe0, 0xf, 0x83,
    0xc7, 0x80, 0x3c, 0xe, 0x1e, 0x0, 0xf0, 0x0,
    0x7b, 0x3, 0xc0, 0x1, 0xfe, 0xff, 0xff, 0xff,
    0xfc, 0x3c, 0x0, 0x1e, 0x0, 0xf3, 0x80, 0x78,
    0x3, 0xc7, 0xc1, 0xe0, 0x1f, 0xf, 0x87, 0x80,
    0x78, 0x1e, 0x1e, 0x1, 0xe0, 0x78, 0x78, 0x7,
    0x80, 0xe3, 0xe8, 0x1e, 0x0, 0xf, 0x30, 0x78,
    0x0, 0x3d, 0xe1, 0xff, 0xff, 0xff, 0xcf, 0x80,
    0x3, 0xc0, 0x3c, 0x0, 0x1f, 0x0, 0xf0, 0x1f,
    0xf8, 0x0, 0x0, 0xf, 0xe0, 0x0, 0x0, 0x1f,
    0x0, 0x0, 0x0, 0x78, 0x0,

    /* U+6BCE "毎" */
    0x0, 0x0, 0x0, 0x0, 0x1, 0xc0, 0x0, 0x0,
    0x7, 0xf0, 0x1, 0x0, 0xf, 0x80, 0x7, 0x0,
    0x1f, 0x0, 0x1f, 0x0, 0x7f, 0xff, 0xff, 0x0,
    0xf0, 0x0, 0x0, 0x3, 0xc0, 0x0, 0x0, 0x7,
    0x80, 0x1, 0x80, 0x1f, 0xff, 0xff, 0x80, 0x77,
    0xff, 0xff, 0x80, 0xcf, 0x1e, 0x1e, 0x2, 0x1e,
    0x3c, 0x3c, 0x0, 0x78, 0x78, 0x78, 0x0, 0xf0,
    0xf0, 0xf4, 0x1, 0xe1, 0xe1, 0xec, 0x3, 0xc7,
    0xc3, 0xfc, 0xff, 0xff, 0xff, 0xfc, 0x1e, 0x1e,
    0x1e, 0x0, 0x3c, 0x3c, 0x3c, 0x0, 0x78, 0x78,
    0x78, 0x0, 0xf0, 0xf0, 0xf0, 0x3, 0xe3, 0xe1,
    0xec, 0x7, 0x87, 0x83, 0xdc, 0xf, 0xff, 0xff,
    0xfc, 0x1e, 0x0, 0x1e, 0x0, 0x7c, 0x0, 0x7c,
    0x0, 0x70, 0x3f, 0xf8, 0x0, 0x0, 0x1f, 0xe0,
    0x0, 0x0, 0xf, 0x80, 0x0, 0x0, 0x1c, 0x0,
    0x0,

    /* U+6BD4 "比" */
    0xf, 0x80, 0x78, 0x0, 0x1e, 0x0, 0xf8, 0x0,
    0x3c, 0x1, 0xe0, 0x0, 0x78, 0x3, 0xc0, 0x0,
    0xf0, 0x7, 0x80, 0x1, 0xe0, 0xf, 0x0, 0x3,
    0xc0, 0x1e, 0x8, 0x7, 0x80, 0x3c, 0x38, 0xf,
    0x8, 0x78, 0xf8, 0x1e, 0x38, 0xf3, 0xf8, 0x3c,
    0xf9, 0xef, 0xc0, 0x7f, 0xfb, 0xfe, 0x0, 0xf0,
    0x7, 0xe0, 0x1, 0xe0, 0xf, 0x0, 0x3, 0xc0,
    0x1e, 0x0, 0x7, 0x80, 0x3c, 0x0, 0xf, 0x0,
    0x78, 0x0, 0x1e, 0x0, 0xf0, 0x0, 0x3c, 0x1,
    0xe0, 0x0, 0x78, 0x3, 0xc0, 0x0, 0xf0, 0x7,
    0x80, 0x81, 0xe0, 0xf, 0x1, 0x3, 0xc0, 0xde,
    0x2, 0x7, 0xff, 0x3c, 0x4, 0x3f, 0xf8, 0x78,
    0x18, 0xff, 0xc0, 0xff, 0xf9, 0xfe, 0x1, 0xff,
    0xf9, 0xf0, 0x3, 0xff, 0xf3, 0x0, 0x3, 0xff,
    0x80, 0x0, 0x0, 0x0, 0x0,

    /* U+6BDB "毛" */
    0x0, 0x0, 0x1, 0x0, 0x0, 0x0, 0x1f, 0x0,
    0x0, 0x1, 0xff, 0x0, 0x0, 0x1f, 0xff, 0x80,
    0x1, 0xff, 0xc0, 0x0, 0x3f, 0xf0, 0x0, 0xf,
    0xfb, 0xe0, 0x0, 0x0, 0x7, 0xc0, 0x80, 0x0,
    0xf, 0x83, 0xc0, 0x0, 0x1f, 0x7, 0xe0, 0x0,
    0x3e, 0x1f, 0xc0, 0x0, 0x7f, 0xc0, 0x0, 0xff,
    0xf8, 0x0, 0x2, 0x1, 0xf0, 0x4, 0x0, 0x3,
    0xe0, 0x1c, 0x0, 0x7, 0xc0, 0x3e, 0x0, 0xf,
    0x80, 0xfe, 0x0, 0x1f, 0x7f, 0x0, 0x1, 0xff,
    0x0, 0x3, 0xfc, 0x7c, 0x0, 0x20, 0x0, 0xf8,
    0x0, 0x40, 0x1, 0xf0, 0x1, 0x80, 0x3, 0xe0,
    0x3, 0x0, 0x7, 0xc0, 0x6, 0x0, 0xf, 0x80,
    0x1c, 0x0, 0x1f, 0xff, 0xfc, 0x0, 0x3f, 0xff,
    0xf8, 0x0, 0x3f, 0xff, 0xf0, 0x0, 0x3f, 0xff,
    0x80,

    /* U+6C0F "氏" */
    0x0, 0x0, 0x7, 0x0, 0x0, 0x0, 0xfe, 0x0,
    0x0, 0x1f, 0xfc, 0x3, 0x87, 0xff, 0xf8, 0xf,
    0xff, 0xf0, 0x0, 0x3c, 0x7, 0x80, 0x0, 0xf0,
    0x1e, 0x0, 0x3, 0xc0, 0x78, 0x0, 0xf, 0x1,
    0xe0, 0x0, 0x3c, 0x7, 0x80, 0x0, 0xf0, 0x1e,
    0x4, 0x3, 0xc0, 0x78, 0x3c, 0xf, 0x1, 0xe0,
    0xf8, 0x3f, 0xff, 0xff, 0xf0, 0xf0, 0xf, 0x0,
    0x3, 0xc0, 0x3c, 0x0, 0xf, 0x0, 0xf0, 0x0,
    0x3c, 0x3, 0xc0, 0x0, 0xf0, 0x7, 0x80, 0x3,
    0xc0, 0x1e, 0x0, 0xf, 0x0, 0x7c, 0x0, 0x3c,
    0x0, 0xf0, 0x20, 0xf0, 0x3, 0xe0, 0x83, 0xc0,
    0xe7, 0xc2, 0xf, 0xfe, 0x1f, 0xdb, 0xff, 0xe0,
    0x3f, 0xe7, 0xfc, 0x0, 0x7f, 0x9f, 0xc0, 0x0,
    0xff, 0x38, 0x0, 0x0, 0xfc, 0x80, 0x0, 0x0,
    0xe0,

    /* U+6C11 "民" */
    0x0, 0x0, 0x0, 0x80, 0x3f, 0xff, 0xff, 0x0,
    0xff, 0xff, 0xff, 0x3, 0xc0, 0x0, 0x78, 0xf,
    0x0, 0x1, 0xe0, 0x3c, 0x0, 0x7, 0x80, 0xf0,
    0x0, 0x1e, 0x3, 0xc0, 0x0, 0x78, 0xf, 0xff,
    0xff, 0xe0, 0x3c, 0xf, 0x7, 0x80, 0xf0, 0x3c,
    0x18, 0x3, 0xc0, 0xf0, 0x10, 0xf, 0x3, 0xc0,
    0x60, 0x3c, 0xf, 0x83, 0xe0, 0xff, 0xff, 0xff,
    0xc3, 0xc0, 0x78, 0x0, 0xf, 0x1, 0xe0, 0x0,
    0x3c, 0x7, 0xc0, 0x0, 0xf0, 0xf, 0x0, 0x3,
    0xc0, 0x3e, 0x0, 0xf, 0x0, 0x7c, 0x8, 0x3c,
    0x7, 0xf8, 0x20, 0xf3, 0xe3, 0xf1, 0x83, 0xfe,
    0x7, 0xfe, 0xff, 0xe0, 0xf, 0xf9, 0xfe, 0x0,
    0x1f, 0xf3, 0xe0, 0x0, 0x1f, 0xce, 0x0, 0x0,
    0x3e, 0x0, 0x0, 0x0, 0x0,

    /* U+6C17 "気" */
    0x1, 0x0, 0x0, 0x0, 0x3, 0xc0, 0x0, 0x0,
    0x7, 0xe0, 0x0, 0x0, 0x1f, 0x80, 0x7, 0x0,
    0x3e, 0x0, 0x1f, 0x0, 0x7f, 0xff, 0xff, 0x1,
    0xf0, 0x0, 0x0, 0x3, 0xc0, 0x1, 0x80, 0xf,
    0x0, 0x7, 0xc0, 0x3d, 0xff, 0xff, 0xc0, 0x70,
    0x0, 0x0, 0x1, 0xc0, 0x0, 0x20, 0x7, 0x0,
    0x0, 0x60, 0x9, 0xff, 0xff, 0xe0, 0x23, 0xff,
    0xff, 0xf0, 0x0, 0x0, 0x7, 0x80, 0x0, 0x7,
    0xf, 0x0, 0x0, 0xf, 0xde, 0x0, 0x78, 0x3f,
    0x3e, 0x0, 0x1c, 0x7c, 0x7c, 0x0, 0x1f, 0xf0,
    0xf8, 0x0, 0x1f, 0xc0, 0xf0, 0x0, 0x1f, 0x81,
    0xe0, 0x0, 0x3f, 0x83, 0xe2, 0x0, 0xff, 0x87,
    0xc4, 0x3, 0xff, 0x87, 0xc8, 0xf, 0x1f, 0xf,
    0xf0, 0x3c, 0x3f, 0xf, 0xe0, 0xe0, 0x3e, 0x1f,
    0xc3, 0x80, 0x78, 0x1f, 0x98, 0x0, 0x70, 0x1f,
    0x40, 0x0, 0x0, 0xc,

    /* U+6C34 "水" */
    0x0, 0x7, 0xc0, 0x0, 0x0, 0x1e, 0x0, 0x0,
    0x0, 0x78, 0x0, 0x0, 0x1, 0xe0, 0x0, 0x0,
    0x7, 0x80, 0x0, 0x0, 0x1e, 0x3, 0x0, 0x0,
    0x78, 0xe, 0x0, 0x11, 0xf0, 0x7e, 0x7f, 0xf7,
    0xc1, 0xf1, 0xff, 0xff, 0xf, 0x80, 0xf, 0x7a,
    0x78, 0x0, 0x7d, 0xe9, 0xc0, 0x1, 0xe7, 0xbc,
    0x0, 0x7, 0x9e, 0xe0, 0x0, 0x1e, 0x79, 0x80,
    0x0, 0xf1, 0xe6, 0x0, 0x3, 0xc7, 0x9c, 0x0,
    0xe, 0x1e, 0x38, 0x0, 0x78, 0x78, 0xf0, 0x1,
    0xc1, 0xe1, 0xe0, 0xe, 0x7, 0x87, 0xe0, 0x38,
    0x1e, 0xf, 0xc1, 0xc0, 0x78, 0x1f, 0xce, 0x1,
    0xe0, 0x7c, 0x30, 0x7, 0x80, 0xe1, 0x3, 0xfe,
    0x1, 0x88, 0x1, 0xf8, 0x0, 0x0, 0x7, 0xe0,
    0x0, 0x0, 0xf, 0x0, 0x0, 0x0, 0x20, 0x0,
    0x0,

    /* U+6C37 "氷" */
    0x0, 0x7, 0xc0, 0x0, 0x0, 0x1e, 0x0, 0x0,
    0xf0, 0x78, 0x0, 0x1, 0xe1, 0xe0, 0x0, 0x3,
    0xc7, 0x80, 0x0, 0xf, 0x9e, 0x3, 0x0, 0x1e,
    0x78, 0xe, 0x0, 0x71, 0xe0, 0x7e, 0x0, 0x7,
    0xc1, 0xf0, 0x3, 0x1f, 0xf, 0x8f, 0xfe, 0x7c,
    0x78, 0x1f, 0xfd, 0xe9, 0xc0, 0x1, 0xe7, 0xac,
    0x0, 0x7, 0x9e, 0xe0, 0x0, 0x1e, 0x7b, 0x0,
    0x0, 0xf1, 0xe6, 0x0, 0x3, 0xc7, 0x9c, 0x0,
    0xf, 0x1e, 0x78, 0x0, 0x78, 0x78, 0xf0, 0x1,
    0xc1, 0xe3, 0xe0, 0xf, 0x7, 0x87, 0xc0, 0x38,
    0x1e, 0x1f, 0xc1, 0xc0, 0x78, 0x3f, 0x86, 0x1,
    0xe0, 0x7f, 0x30, 0x7, 0x80, 0xf1, 0x87, 0xfe,
    0x1, 0x88, 0x3, 0xf8, 0x2, 0x0, 0x7, 0xe0,
    0x0, 0x0, 0x1f, 0x0, 0x0, 0x0, 0x38, 0x0,
    0x0,

    /* U+6C42 "求" */
    0x0, 0xf, 0x0, 0x0, 0x0, 0x7f, 0x80, 0x0,
    0x3, 0xcf, 0x80, 0x0, 0x1e, 0x3c, 0x0, 0x0,
    0xf0, 0xe8, 0x0, 0x7, 0x87, 0x70, 0x0, 0x3c,
    0x7, 0xdf, 0xff, 0xff, 0xff, 0x0, 0xf, 0x0,
    0x0, 0x0, 0x78, 0x10, 0x7, 0x3, 0xc0, 0xe0,
    0x1e, 0x1e, 0xf, 0x80, 0x78, 0xf8, 0x7e, 0x3,
    0xe7, 0xc7, 0xc0, 0x1f, 0x3d, 0x38, 0x0, 0x79,
    0xeb, 0x80, 0x3, 0x8f, 0x70, 0x0, 0x0, 0x7b,
    0x80, 0x0, 0xf, 0xce, 0x0, 0x3, 0xde, 0x78,
    0x0, 0x7c, 0xf1, 0xe0, 0xf, 0xc7, 0x8f, 0xc3,
    0xfc, 0x3c, 0x3f, 0x8f, 0xc1, 0xe0, 0xff, 0x7c,
    0xf, 0x3, 0xe1, 0x80, 0x78, 0xe, 0x4, 0x3f,
    0xc0, 0x30, 0x0, 0x7e, 0x0, 0x0, 0x3, 0xe0,
    0x0, 0x0, 0xe, 0x0, 0x0,

    /* U+6C5A "汚" */
    0x1c, 0x0, 0x0, 0x30, 0x1f, 0x0, 0x0, 0xf0,
    0x3e, 0xff, 0xff, 0xf8, 0x3e, 0x7, 0xc0, 0x0,
    0x38, 0xf, 0x80, 0x0, 0x24, 0x1e, 0x0, 0x38,
    0x8, 0x3c, 0x4, 0x3c, 0x20, 0x78, 0x1c, 0x3c,
    0x41, 0xf0, 0x3c, 0x7d, 0xff, 0xff, 0xfc, 0x7a,
    0x7, 0x80, 0x0, 0x6c, 0xf, 0x0, 0x0, 0x18,
    0x3e, 0x0, 0x0, 0x60, 0x7c, 0xc, 0x1, 0xc0,
    0xff, 0xfc, 0x3, 0x83, 0xff, 0xfc, 0xe, 0x7,
    0xc0, 0xf8, 0x1c, 0xf, 0x81, 0xe0, 0x78, 0x0,
    0x3, 0xc3, 0xf0, 0x0, 0x7, 0x83, 0xc0, 0x0,
    0xf, 0x3, 0xc0, 0x0, 0x3e, 0x7, 0x80, 0x0,
    0x78, 0xf, 0x0, 0x0, 0xf0, 0x1f, 0x0, 0x3,
    0xe0, 0x3e, 0x1, 0xff, 0xc0, 0x7c, 0x0, 0x7f,
    0x0, 0xf8, 0x0, 0x7c, 0x1, 0xe0, 0x0, 0xf0,
    0x0,

    /* U+6C60 "池" */
    0xe, 0x0, 0x3f, 0x0, 0x1f, 0x0, 0x7c, 0x0,
    0x1e, 0x0, 0xf8, 0x0, 0x1c, 0x7d, 0xf0, 0x0,
    0x3a, 0xf3, 0xe0, 0x0, 0x9, 0xe7, 0xc6, 0x0,
    0x13, 0xcf, 0x9e, 0x3c, 0x27, 0x9f, 0xfe, 0x3c,
    0xcf, 0x3e, 0x78, 0x79, 0x1f, 0xfc, 0xf0, 0x76,
    0x3c, 0xf9, 0xe0, 0x4c, 0xf9, 0xf3, 0xc0, 0x16,
    0xf3, 0xe7, 0x80, 0x61, 0xe7, 0xcf, 0x0, 0xc3,
    0xcf, 0x9e, 0x3, 0x87, 0x9f, 0x3c, 0x6, 0xf,
    0x3f, 0xf0, 0x1c, 0x1e, 0x7d, 0xe0, 0x38, 0x3c,
    0xfb, 0xc3, 0xf0, 0x79, 0xf6, 0x41, 0xe0, 0xf3,
    0xe0, 0x81, 0xc1, 0xe7, 0x81, 0x3, 0x83, 0xc0,
    0x6, 0x7, 0x87, 0x80, 0xc, 0xf, 0xf, 0xff,
    0xfe, 0x1e, 0x1f, 0xff, 0xfc, 0x3c, 0x1f, 0xff,
    0xf0, 0x78, 0x1f, 0xff, 0x80, 0xe0, 0x0, 0x0,
    0x0,

    /* U+6C7A "決" */
    0x0, 0x0, 0x0, 0x0, 0x3c, 0x1, 0xf0, 0x0,
    0x3e, 0x3, 0xc0, 0x0, 0x3c, 0x7, 0x80, 0x0,
    0x7c, 0xf, 0x0, 0x0, 0x74, 0x1e, 0x10, 0x0,
    0xf, 0xff, 0xf0, 0x60, 0x2f, 0xff, 0xf8, 0x78,
    0x40, 0xf1, 0xe0, 0x79, 0x81, 0xe3, 0xc0, 0xf2,
    0x3, 0xc7, 0x80, 0xec, 0x7, 0x8f, 0x0, 0x98,
    0xf, 0x1e, 0x0, 0x60, 0x1e, 0x3f, 0x0, 0xc0,
    0x3c, 0x7f, 0x3, 0xbf, 0xff, 0xfe, 0x7, 0x0,
    0xf8, 0x0, 0x1c, 0x1, 0xf0, 0x0, 0x38, 0x7,
    0xa0, 0x0, 0xf0, 0xf, 0x60, 0x7, 0xe0, 0x1e,
    0x60, 0x7, 0x80, 0x38, 0xc0, 0x7, 0x0, 0xf1,
    0xc0, 0xf, 0x1, 0xc1, 0xe0, 0x1e, 0x7, 0x3,
    0xe0, 0x3e, 0x1c, 0x3, 0xf8, 0x7c, 0x70, 0x7,
    0xf0, 0xf9, 0xc0, 0x7, 0xc1, 0xf6, 0x0, 0x7,
    0x3, 0xd0, 0x0, 0x2, 0x0,

    /* U+6C88 "沈" */
    0x30, 0x0, 0xf8, 0x0, 0x3c, 0x1, 0xe0, 0x0,
    0x7c, 0x3, 0xc0, 0x0, 0x78, 0x7, 0x80, 0x0,
    0xf1, 0xf, 0x1, 0x1, 0xd3, 0xff, 0xff, 0x0,
    0x27, 0xff, 0xff, 0x40, 0x5c, 0x78, 0x1e, 0x71,
    0x78, 0xf0, 0x78, 0xf2, 0xf1, 0xe0, 0xe0, 0xfd,
    0xe3, 0xc1, 0x1, 0xfb, 0x87, 0xf8, 0x1, 0xa0,
    0x1f, 0xe0, 0x0, 0xc0, 0x3f, 0xc0, 0x1, 0x80,
    0x7f, 0x80, 0x7, 0x0, 0xff, 0x0, 0xc, 0x1,
    0xfe, 0x0, 0x18, 0x3, 0xfc, 0x0, 0x70, 0xf,
    0x78, 0x3, 0xe0, 0x1e, 0xf0, 0x43, 0xc0, 0x79,
    0xe0, 0x83, 0x80, 0xf3, 0xc1, 0x7, 0x3, 0xc7,
    0x82, 0xf, 0x7, 0xf, 0xc, 0x1e, 0x1c, 0x1f,
    0xfc, 0x3c, 0x70, 0x3f, 0xfc, 0x79, 0xc0, 0x7f,
    0xf0, 0xf6, 0x0, 0x7f, 0xc1, 0xd0, 0x0, 0x0,
    0x0,

    /* U+6CB9 "油" */
    0x0, 0x0, 0x30, 0x0, 0x3c, 0x0, 0x7c, 0x0,
    0x3e, 0x0, 0xf0, 0x0, 0x3e, 0x1, 0xe0, 0x0,
    0x3c, 0x3, 0xc0, 0x0, 0x78, 0x7, 0x80, 0x0,
    0x44, 0xf, 0x4, 0x0, 0xe, 0x1e, 0x1c, 0x60,
    0x3f, 0xff, 0xfe, 0xf8, 0xbc, 0x78, 0x70, 0xf9,
    0x78, 0xf0, 0xe0, 0xf6, 0xf1, 0xe1, 0xc1, 0xe9,
    0xe3, 0xc3, 0x81, 0x33, 0xc7, 0x87, 0x0, 0x67,
    0x8f, 0xe, 0x1, 0x8f, 0x1e, 0x1c, 0x3, 0x1e,
    0x3c, 0x38, 0xe, 0x3f, 0xff, 0xf0, 0x18, 0x78,
    0xf0, 0xe0, 0x70, 0xf1, 0xe1, 0xc1, 0xe1, 0xe3,
    0xc3, 0x8f, 0xc3, 0xc7, 0x87, 0xf, 0x7, 0x8f,
    0xe, 0xf, 0xf, 0x1e, 0x1c, 0x1e, 0x1e, 0x3c,
    0x38, 0x3c, 0x3c, 0x78, 0x70, 0x7c, 0x78, 0xf0,
    0xe0, 0xf8, 0xff, 0xff, 0xc1, 0xf1, 0xff, 0xff,
    0x83, 0xe3, 0xc0, 0x7, 0x7, 0x87, 0x80, 0xe,
    0x0,

    /* U+6CBB "治" */
    0x0, 0x0, 0x80, 0x0, 0xf0, 0x3, 0xe0, 0x1,
    0xf0, 0xf, 0xc0, 0x3, 0xe0, 0x3c, 0x0, 0x7,
    0x81, 0xe0, 0x0, 0x1e, 0x87, 0x8c, 0x0, 0x24,
    0x1c, 0x1c, 0x30, 0x10, 0x60, 0x3c, 0x78, 0x43,
    0x0, 0xf9, 0xf2, 0xc, 0x1, 0xe3, 0xcb, 0xff,
    0xff, 0xcf, 0x6f, 0xff, 0x8f, 0x19, 0x9f, 0xe0,
    0x3c, 0xc, 0x78, 0x0, 0xe0, 0x31, 0x0, 0x0,
    0x1, 0xc0, 0x0, 0x30, 0x6, 0xe, 0x1, 0xf0,
    0x38, 0x3f, 0xff, 0xe0, 0xe0, 0xf0, 0x1f, 0x7,
    0x83, 0xc0, 0x7c, 0x7c, 0xf, 0x1, 0xf0, 0xf0,
    0x3c, 0x7, 0xc1, 0xc0, 0xf0, 0x1f, 0x7, 0x83,
    0xc0, 0x7c, 0x1e, 0xf, 0x1, 0xf0, 0x7c, 0x3c,
    0x7, 0xc1, 0xf0, 0xff, 0xff, 0x7, 0xc3, 0xc0,
    0x7c, 0x1f, 0xf, 0x1, 0xf0, 0x78, 0x38, 0x7,
    0x80,

    /* U+6CC1 "況" */
    0xe, 0x0, 0x0, 0x20, 0xf, 0x1c, 0x1, 0xf0,
    0x1f, 0x3f, 0xff, 0xf0, 0x1e, 0x78, 0x7, 0xc0,
    0x1d, 0xf0, 0xf, 0x80, 0x13, 0xe0, 0x1f, 0x0,
    0xb, 0xc0, 0x3e, 0x7c, 0x17, 0x80, 0x7c, 0x3c,
    0x4f, 0x0, 0xf8, 0x7d, 0x9e, 0x1, 0xf0, 0x7b,
    0x3c, 0x3, 0xe0, 0xec, 0x78, 0x7, 0xc0, 0x18,
    0xff, 0xff, 0x80, 0x71, 0xfd, 0xff, 0x1, 0xc3,
    0xfb, 0xf0, 0x3, 0x80, 0xf7, 0xc0, 0xe, 0x1,
    0xef, 0x80, 0x1c, 0x3, 0xdf, 0x0, 0x78, 0xf,
    0x3e, 0x7, 0xf0, 0x1e, 0x7c, 0x3, 0xe0, 0x3c,
    0xf8, 0x43, 0xc0, 0x71, 0xf0, 0x87, 0x81, 0xe3,
    0xe1, 0xf, 0x3, 0x87, 0xc2, 0x1f, 0xe, 0xf,
    0x8c, 0x3e, 0x38, 0x1f, 0xfc, 0x7c, 0x60, 0x1f,
    0xf8, 0xf9, 0x80, 0x3f, 0xe1, 0xec, 0x0, 0x0,
    0x0, 0x0, 0x0, 0x0, 0x0,

    /* U+6CCA "泊" */
    0x0, 0x0, 0x60, 0x0, 0xf0, 0x1, 0xf8, 0x1,
    0xf0, 0x7, 0xc0, 0x3, 0xe0, 0x1e, 0x0, 0x7,
    0x80, 0x70, 0x60, 0x1e, 0x73, 0x83, 0xc0, 0x31,
    0xff, 0xff, 0xa0, 0x17, 0x80, 0x3e, 0x70, 0x5e,
    0x0, 0xf9, 0xe1, 0x78, 0x3, 0xe3, 0xc9, 0xe0,
    0xf, 0x8f, 0x27, 0x80, 0x3e, 0x19, 0x1e, 0x0,
    0xf8, 0xc, 0x78, 0x3, 0xe0, 0x31, 0xe0, 0xf,
    0x81, 0x87, 0x80, 0x3e, 0x6, 0x1f, 0xff, 0xf8,
    0x38, 0x78, 0x3, 0xe0, 0xc1, 0xe0, 0xf, 0x87,
    0x7, 0x80, 0x3e, 0xfc, 0x1e, 0x0, 0xf8, 0xe0,
    0x78, 0x3, 0xe3, 0xc1, 0xe0, 0xf, 0x8f, 0x7,
    0x80, 0x3e, 0x3c, 0x1e, 0x0, 0xf8, 0xf8, 0x78,
    0x3, 0xe3, 0xe1, 0xff, 0xff, 0x8f, 0x87, 0x80,
    0x3e, 0x3e, 0x1e, 0x0, 0xf8, 0xf0, 0x78, 0x3,
    0x80,

    /* U+6CD5 "法" */
    0x1c, 0x0, 0x7c, 0x0, 0x3c, 0x1, 0xe0, 0x0,
    0xf8, 0x7, 0x80, 0x1, 0xf0, 0x1e, 0x0, 0x3,
    0xa0, 0x78, 0x60, 0x4, 0x81, 0xe3, 0xee, 0x5,
    0xff, 0xff, 0x9e, 0x10, 0x1e, 0x0, 0x3c, 0xc0,
    0x78, 0x0, 0xf2, 0x1, 0xe0, 0x1, 0xd8, 0x7,
    0x82, 0x2, 0x60, 0x1e, 0x1c, 0x3, 0x80, 0x78,
    0xfc, 0xd, 0xff, 0xff, 0xf0, 0x70, 0xf, 0x80,
    0x1, 0xc0, 0x7c, 0x0, 0xe, 0x1, 0xe0, 0x0,
    0x38, 0x7, 0x98, 0x1, 0xe0, 0x1c, 0x38, 0x1f,
    0x80, 0xe0, 0x70, 0x3c, 0x3, 0x81, 0xf0, 0x78,
    0xc, 0x3, 0xc1, 0xe0, 0x60, 0xf, 0x87, 0x9f,
    0xff, 0xff, 0x1f, 0x7f, 0xff, 0x7c, 0x7c, 0xff,
    0xc1, 0xf1, 0xf3, 0xf8, 0x3, 0xc7, 0xc6, 0x0,
    0xe, 0x1e, 0x0, 0x0, 0x0,

    /* U+6CE2 "波" */
    0x1c, 0x0, 0x3e, 0x0, 0x3e, 0x0, 0x78, 0x0,
    0x3c, 0x0, 0xf0, 0x0, 0x3c, 0x1, 0xe0, 0x0,
    0x71, 0x3, 0xc3, 0x0, 0x3, 0xff, 0xff, 0x0,
    0x17, 0xff, 0xff, 0x0, 0x2f, 0x1e, 0x3e, 0xe0,
    0x9e, 0x3c, 0x70, 0xf1, 0x3c, 0x78, 0xc0, 0xf6,
    0x78, 0xf1, 0x1, 0xc8, 0xf1, 0xe2, 0x0, 0x31,
    0xff, 0xff, 0x0, 0x63, 0xff, 0xff, 0x0, 0x87,
    0xa0, 0x3e, 0x3, 0xf, 0x40, 0xf8, 0x6, 0x1e,
    0x41, 0xe0, 0x1c, 0x3c, 0x87, 0xc0, 0x30, 0x79,
    0x8f, 0x0, 0xe0, 0xe1, 0xbe, 0x7, 0xc1, 0xc3,
    0xf8, 0x7, 0x83, 0x83, 0xe0, 0x7, 0x6, 0x7,
    0x80, 0xe, 0x1c, 0x1f, 0xc0, 0x1e, 0x30, 0x3f,
    0xc0, 0x3c, 0x61, 0xef, 0xf0, 0x79, 0x87, 0x8f,
    0xf8, 0xf2, 0x1c, 0xf, 0xc1, 0xe8, 0xe0, 0x7,
    0x3, 0xa6, 0x0, 0x4, 0x0,

    /* U+6CE3 "泣" */
    0x1e, 0x0, 0x3e, 0x0, 0xf, 0x80, 0x3c, 0x0,
    0x7, 0xc0, 0x3c, 0x0, 0x3, 0xc0, 0x3c, 0x0,
    0x3, 0xc0, 0x3c, 0x30, 0x1, 0x80, 0x3c, 0x78,
    0x0, 0x3f, 0xff, 0xfc, 0x70, 0x0, 0x0, 0x0,
    0x7c, 0x0, 0x0, 0x0, 0x3e, 0x48, 0x1, 0xc0,
    0x1e, 0x44, 0x1, 0xf8, 0x1e, 0x86, 0x1, 0xf0,
    0x0, 0x86, 0x1, 0xf0, 0x1, 0x83, 0x1, 0xe0,
    0x3, 0x3, 0x81, 0xe0, 0x3, 0x3, 0x81, 0xe0,
    0x7, 0x3, 0x81, 0xc0, 0x6, 0x3, 0xc3, 0xc0,
    0xe, 0x3, 0xc3, 0x80, 0x1e, 0x3, 0xc3, 0x80,
    0x7e, 0x3, 0xc3, 0x80, 0x3c, 0x3, 0xc3, 0x0,
    0x1e, 0x3, 0xc3, 0x0, 0x1e, 0x3, 0xc6, 0x0,
    0x1f, 0x3, 0x86, 0x10, 0x1f, 0x0, 0x4, 0x38,
    0x1f, 0x0, 0x4, 0x3c, 0x1f, 0x7f, 0xff, 0xfe,
    0x1f, 0x7f, 0xff, 0xfe, 0x1e, 0x0, 0x0, 0x0,

    /* U+6CE8 "注" */
    0x0, 0x2, 0x0, 0x0, 0xf0, 0x7, 0x0, 0x1,
    0xf0, 0xf, 0x0, 0x3, 0xe0, 0x3e, 0x0, 0x7,
    0x80, 0x78, 0x0, 0x1e, 0x81, 0xe1, 0xc0, 0x32,
    0x3, 0xf, 0xb8, 0x17, 0xff, 0xff, 0x78, 0x40,
    0x78, 0x0, 0xf3, 0x1, 0xe0, 0x3, 0xc8, 0x7,
    0x80, 0x7, 0x60, 0x1e, 0x0, 0x19, 0x80, 0x78,
    0x0, 0xc, 0x1, 0xe0, 0x0, 0x30, 0x7, 0x8e,
    0x1, 0xc0, 0x1e, 0x3c, 0x7, 0x1f, 0xff, 0xf8,
    0x38, 0x1, 0xe0, 0x0, 0xe0, 0x7, 0x80, 0x7,
    0x80, 0x1e, 0x0, 0x7e, 0x0, 0x78, 0x0, 0xf0,
    0x1, 0xe0, 0x1, 0xe0, 0x7, 0x80, 0x7, 0x80,
    0x1e, 0x0, 0x1e, 0x0, 0x78, 0x20, 0x7c, 0x1,
    0xe1, 0xc1, 0xf0, 0x7, 0x8f, 0x87, 0xdf, 0xff,
    0xff, 0x1f, 0x0, 0x0, 0x0, 0x78, 0x0, 0x0,
    0x0,

    /* U+6CF3 "泳" */
    0x0, 0x0, 0x60, 0x0, 0x1e, 0x1, 0xfc, 0x0,
    0xf, 0x80, 0x7e, 0x0, 0x7, 0xc0, 0x3f, 0x0,
    0x3, 0xc0, 0xf, 0x0, 0x3, 0xc0, 0xe, 0x0,
    0x0, 0x20, 0x10, 0x0, 0x0, 0x2f, 0xfc, 0x0,
    0x70, 0x4f, 0xfe, 0x0, 0x7c, 0x40, 0x3c, 0x0,
    0x3c, 0xc0, 0x3c, 0x38, 0x1c, 0x80, 0x3c, 0x3c,
    0x1d, 0x82, 0x3c, 0x7e, 0x1, 0xff, 0x3e, 0x78,
    0x3, 0x7f, 0xfe, 0xe0, 0x3, 0x7, 0xbe, 0xc0,
    0x7, 0x7, 0x3f, 0x0, 0x7, 0xf, 0x3d, 0x0,
    0xe, 0xf, 0x3d, 0x80, 0xe, 0xe, 0x3d, 0xc0,
    0x1e, 0xe, 0x3d, 0xc0, 0x7e, 0x1e, 0x3c, 0xe0,
    0x3c, 0x1c, 0x3c, 0xf8, 0x1e, 0x18, 0x3c, 0xfc,
    0x1e, 0x38, 0x3c, 0x7f, 0x1e, 0x30, 0x3c, 0x7c,
    0x1f, 0x60, 0x3c, 0x38, 0x1f, 0x83, 0xfc, 0x10,
    0x1f, 0x0, 0xfc, 0x0, 0x1f, 0x0, 0x78, 0x0,
    0x1e, 0x0, 0x70, 0x0,

    /* U+6D0B "洋" */
    0x0, 0x0, 0x2, 0x0, 0xf0, 0x38, 0x1f, 0x81,
    0xf0, 0x78, 0x7c, 0x3, 0xe1, 0xf1, 0xe0, 0x7,
    0x83, 0xcf, 0x0, 0x1e, 0x8f, 0x39, 0x80, 0x12,
    0x18, 0x8f, 0x0, 0x1f, 0xff, 0xfe, 0xf0, 0x40,
    0x78, 0x1, 0xf3, 0x1, 0xe0, 0x3, 0xc8, 0x7,
    0x80, 0xf, 0x60, 0x1e, 0x0, 0x1d, 0x80, 0x78,
    0xe0, 0xc, 0x1, 0xe7, 0xc0, 0x31, 0xff, 0xff,
    0x81, 0xc0, 0x1e, 0x0, 0x6, 0x0, 0x78, 0x0,
    0x38, 0x1, 0xe0, 0x0, 0xe0, 0x7, 0x82, 0x7,
    0x80, 0x1e, 0x1c, 0x7c, 0x0, 0x78, 0xf8, 0xf1,
    0xff, 0xff, 0xf1, 0xe0, 0x7, 0x80, 0x7, 0x80,
    0x1e, 0x0, 0x1e, 0x0, 0x78, 0x0, 0x7c, 0x1,
    0xe0, 0x1, 0xf0, 0x7, 0x80, 0x7, 0xc0, 0x1e,
    0x0, 0x1f, 0x0, 0x78, 0x0, 0x78, 0x1, 0xc0,
    0x0,

    /* U+6D17 "洗" */
    0x0, 0x0, 0x20, 0x0, 0xe, 0x8, 0x3e, 0x0,
    0xf, 0x8f, 0xfc, 0x0, 0x7, 0x8f, 0xbc, 0x0,
    0x3, 0xcf, 0x3c, 0x20, 0x3, 0xaf, 0x3c, 0x30,
    0x0, 0x2f, 0x3c, 0x78, 0x80, 0x4f, 0xff, 0xfc,
    0x70, 0x5e, 0x3c, 0x0, 0x3c, 0xdc, 0x3c, 0x0,
    0x3c, 0x98, 0x3c, 0x0, 0x3c, 0x98, 0x3c, 0x0,
    0x19, 0xb0, 0x3c, 0x30, 0x1, 0xa0, 0x3c, 0x38,
    0x3, 0x0, 0x3c, 0x7c, 0x3, 0x7f, 0xff, 0xfe,
    0x7, 0x3, 0xef, 0x0, 0x7, 0x3, 0xef, 0x0,
    0xe, 0x3, 0xef, 0x0, 0xe, 0x3, 0xef, 0x0,
    0x1e, 0x7, 0xcf, 0x0, 0x7e, 0x7, 0xcf, 0x4,
    0x1e, 0x7, 0xcf, 0x4, 0xe, 0x7, 0x8f, 0x4,
    0xe, 0xf, 0x8f, 0x4, 0xf, 0xf, 0xf, 0xc,
    0xf, 0x1e, 0xf, 0xfe, 0xf, 0x1c, 0xf, 0xff,
    0xf, 0x38, 0xf, 0xfe, 0x1f, 0x60, 0x7, 0xfc,
    0xe, 0x80, 0x0, 0x0,

    /* U+6D3B "活" */
    0x0, 0x0, 0x0, 0x80, 0xf0, 0x0, 0xf, 0x1,
    0xf0, 0x1, 0xfe, 0x3, 0xe0, 0x3f, 0xfc, 0xf,
    0x8f, 0xfe, 0x0, 0x1e, 0xc1, 0xe0, 0x0, 0x20,
    0x7, 0x80, 0x38, 0x10, 0x1e, 0x8, 0x78, 0x80,
    0x78, 0x70, 0xf2, 0x1, 0xe1, 0xe3, 0xdf, 0xff,
    0xff, 0xcf, 0x40, 0x1e, 0x0, 0x3, 0x0, 0x78,
    0x0, 0xc, 0x1, 0xe0, 0x0, 0x60, 0x7, 0x80,
    0x1, 0x80, 0x1e, 0x0, 0xe, 0x18, 0x78, 0x40,
    0x30, 0x7f, 0xff, 0xc1, 0xc1, 0xff, 0xff, 0x87,
    0x7, 0x80, 0x3c, 0xfc, 0x1e, 0x0, 0xf1, 0xf0,
    0x78, 0x3, 0xc3, 0xc1, 0xe0, 0xf, 0xf, 0x7,
    0x80, 0x3c, 0x3e, 0x1e, 0x0, 0xf0, 0xf8, 0x78,
    0x3, 0xc3, 0xe1, 0xff, 0xff, 0xf, 0x87, 0x80,
    0x3c, 0x3e, 0x1e, 0x0, 0xf0, 0xf0, 0x70, 0x3,
    0x80,

    /* U+6D3E "派" */
    0x0, 0x0, 0x0, 0x0, 0x38, 0x0, 0x3, 0xc0,
    0x3c, 0x0, 0x1f, 0xc0, 0x78, 0xc1, 0xff, 0xc0,
    0x79, 0xff, 0xf8, 0x0, 0xe3, 0xc0, 0x0, 0x0,
    0x17, 0x80, 0x10, 0x0, 0x4f, 0x0, 0xf0, 0xf0,
    0x9e, 0xf, 0xf0, 0xf1, 0x3d, 0xff, 0xf0, 0xf6,
    0x7f, 0xc8, 0x1, 0xe8, 0xf7, 0x90, 0x1, 0x91,
    0xef, 0x20, 0x0, 0x63, 0xde, 0x46, 0x0, 0x87,
    0xbc, 0x8e, 0x3, 0xf, 0x79, 0xbe, 0x6, 0x1e,
    0xf3, 0xf0, 0x1c, 0x3d, 0xe3, 0x80, 0x30, 0x7b,
    0xc6, 0x0, 0xe0, 0xf7, 0x8c, 0x1, 0xc1, 0xcf,
    0x18, 0xf, 0x87, 0x9e, 0x38, 0xf, 0xf, 0x3c,
    0x78, 0xe, 0x1c, 0x78, 0x70, 0x1c, 0x38, 0xf0,
    0xf0, 0x3c, 0xe1, 0xe1, 0xf0, 0x79, 0xc3, 0xc1,
    0xf0, 0xf3, 0x7, 0x83, 0xe1, 0xec, 0xf, 0x3,
    0x83, 0xf0, 0x1e, 0x6, 0x7, 0x40, 0x0, 0x4,
    0x0,

    /* U+6D41 "流" */
    0x0, 0x0, 0x0, 0x0, 0x38, 0x1, 0xf0, 0x0,
    0x7c, 0x3, 0xc1, 0x80, 0x78, 0x7, 0x87, 0x80,
    0x77, 0xff, 0xff, 0xc0, 0xe0, 0x3c, 0x0, 0x0,
    0x0, 0x71, 0x0, 0x70, 0x41, 0xe3, 0xc0, 0x78,
    0x83, 0x83, 0xe0, 0x71, 0x6, 0x3, 0xe0, 0xf5,
    0xff, 0xff, 0xc1, 0xeb, 0xff, 0xc7, 0xc0, 0x33,
    0xf0, 0x7, 0x80, 0x44, 0x0, 0x6, 0x1, 0x87,
    0xfe, 0xf8, 0x3, 0xf, 0x79, 0xe0, 0xe, 0x1e,
    0xf3, 0xc0, 0x18, 0x3d, 0xe7, 0x80, 0x70, 0x7b,
    0xcf, 0x0, 0xe0, 0xf7, 0x9e, 0x7, 0xc1, 0xef,
    0x3c, 0x47, 0x83, 0xde, 0x78, 0x87, 0x7, 0x3c,
    0xf3, 0xe, 0x1e, 0x79, 0xe6, 0x1e, 0x38, 0xf3,
    0xcc, 0x3c, 0x71, 0xe7, 0xf8, 0x79, 0xc3, 0xcf,
    0xf8, 0xf3, 0x7, 0x9f, 0xe1, 0xec, 0x0, 0x1f,
    0x83, 0xa0, 0x0, 0x0, 0x0,

    /* U+6D45 "浅" */
    0x3c, 0x1, 0xff, 0x0, 0x3c, 0x3, 0xcf, 0x80,
    0x3c, 0x7, 0x8f, 0x0, 0x78, 0xf, 0x1f, 0x0,
    0x74, 0x1e, 0x1f, 0x80, 0x8, 0x3c, 0x3f, 0x80,
    0x21, 0xff, 0x80, 0x78, 0x5c, 0xf0, 0x20, 0x78,
    0x81, 0xe0, 0xf0, 0x7b, 0x3, 0xc3, 0xf0, 0xf4,
    0x3, 0xff, 0x1, 0xd9, 0xff, 0x0, 0x0, 0x30,
    0xe, 0x6, 0x0, 0x40, 0x1e, 0xf, 0x1, 0x80,
    0x3c, 0x3f, 0x3, 0x0, 0x7f, 0xe0, 0xe, 0xff,
    0xf0, 0xc0, 0x18, 0x0, 0xf3, 0xe0, 0x70, 0x1,
    0xe7, 0xe0, 0xe0, 0x1, 0xff, 0x7, 0xc0, 0x3,
    0xfc, 0x7, 0x80, 0x7, 0xf0, 0x87, 0x0, 0x7,
    0xc1, 0xe, 0x0, 0x1f, 0xc6, 0x1e, 0x0, 0xff,
    0xcc, 0x3c, 0x3, 0xef, 0xf0, 0x78, 0x1f, 0xf,
    0xf0, 0xf0, 0x78, 0xf, 0xe1, 0xe3, 0x80, 0xf,
    0xe3, 0x98, 0x0, 0x7, 0x80,

    /* U+6D74 "浴" */
    0x20, 0x4, 0x0, 0x0, 0xf0, 0x3c, 0x78, 0x1,
    0xe0, 0xfc, 0x78, 0x7, 0x83, 0xc0, 0xf8, 0xe,
    0x1e, 0x3, 0xe0, 0x3a, 0x70, 0x7, 0xc0, 0xb,
    0x88, 0xf, 0x20, 0x4c, 0x7e, 0x3c, 0xf1, 0x61,
    0xf0, 0x71, 0xe6, 0xf, 0xc0, 0x7, 0xa0, 0x3c,
    0x80, 0xe, 0x81, 0xe3, 0x0, 0x36, 0x7, 0x7,
    0x0, 0x18, 0x38, 0x1f, 0x0, 0xc1, 0xc0, 0x3f,
    0x3, 0xe, 0x0, 0x7f, 0xc, 0x70, 0x1, 0xf8,
    0x63, 0xf0, 0x1f, 0xc1, 0x99, 0xff, 0xfe, 0xe,
    0x87, 0x81, 0xf0, 0xf8, 0x1e, 0x7, 0xc1, 0xe0,
    0x78, 0x1f, 0x3, 0x81, 0xe0, 0x7c, 0xe, 0x7,
    0x81, 0xf0, 0x3c, 0x1e, 0x7, 0xc0, 0xf0, 0x78,
    0x1f, 0x3, 0xc1, 0xff, 0xfc, 0xf, 0x7, 0x81,
    0xf0, 0x3c, 0x1e, 0x7, 0xc0, 0xe0, 0x78, 0x1e,
    0x0,

    /* U+6D77 "海" */
    0x18, 0x6, 0x0, 0x0, 0x3c, 0xf, 0x80, 0x0,
    0x3c, 0x3e, 0x0, 0x80, 0x7c, 0x7c, 0x3, 0x80,
    0x78, 0xf0, 0x7, 0x80, 0xeb, 0xff, 0xff, 0x80,
    0x27, 0x80, 0x0, 0x0, 0x4e, 0x0, 0x20, 0x70,
    0xbf, 0xff, 0xe0, 0x72, 0x7f, 0xff, 0xe0, 0xf5,
    0xb9, 0xe7, 0xc1, 0xfe, 0xf3, 0xcf, 0x1, 0xf1,
    0xe7, 0x9e, 0x0, 0x43, 0xcf, 0x3c, 0x1, 0x87,
    0x9e, 0x7b, 0x3, 0xf, 0x3c, 0xfe, 0xe, 0xff,
    0xff, 0xfe, 0x18, 0x78, 0xe3, 0xc0, 0x70, 0xf1,
    0xc7, 0x80, 0xe1, 0xe3, 0x8f, 0x7, 0xc3, 0xcf,
    0x1e, 0x7, 0x87, 0x9e, 0x3f, 0x7, 0xf, 0x3c,
    0x7f, 0xe, 0x3f, 0xff, 0xff, 0x1e, 0x78, 0x3,
    0xe0, 0x3c, 0xf0, 0x7, 0x80, 0x78, 0xc1, 0xff,
    0x0, 0xf0, 0x0, 0xfe, 0x1, 0xe0, 0x0, 0xf8,
    0x3, 0x80, 0x1, 0xc0, 0x0,

    /* U+6D88 "消" */
    0x18, 0x0, 0x3e, 0x0, 0x7c, 0x0, 0xf1, 0x0,
    0xf9, 0x83, 0xc7, 0x1, 0xe7, 0x8f, 0x1f, 0x7,
    0x8f, 0x3c, 0xf0, 0x1e, 0xbc, 0xf3, 0x80, 0x2,
    0x7b, 0xcc, 0x20, 0x11, 0xcf, 0x60, 0x78, 0x52,
    0x3d, 0x61, 0xf3, 0x7f, 0xff, 0xc3, 0xc9, 0xff,
    0xff, 0x8f, 0x67, 0x80, 0x3e, 0x19, 0x9e, 0x0,
    0xf0, 0xc, 0x78, 0x3, 0xc0, 0x31, 0xe0, 0xf,
    0x1, 0xc7, 0xff, 0xfc, 0x7, 0x1e, 0x0, 0xf0,
    0x38, 0x78, 0x3, 0xc0, 0xe1, 0xe0, 0xf, 0x7,
    0x87, 0x80, 0x3c, 0x7e, 0x1f, 0xff, 0xf0, 0x70,
    0x78, 0x3, 0xc1, 0xe1, 0xe0, 0xf, 0x7, 0x87,
    0x80, 0x3c, 0x1f, 0x1e, 0x0, 0xf0, 0x7c, 0x78,
    0x1f, 0xc1, 0xf1, 0xe0, 0x3f, 0x7, 0xc7, 0x80,
    0x7c, 0x1f, 0x1e, 0x1, 0xf0, 0x78, 0x70, 0x7,
    0x0,

    /* U+6DBC "涼" */
    0x0, 0x0, 0x20, 0x0, 0x1e, 0x0, 0x3e, 0x0,
    0xf, 0x80, 0x3c, 0x0, 0x7, 0x80, 0x3c, 0x38,
    0x7, 0xc0, 0x3c, 0x3c, 0x3, 0xbf, 0xff, 0xfe,
    0x0, 0x0, 0x0, 0x0, 0x70, 0x48, 0x0, 0x40,
    0x3c, 0x4e, 0x0, 0xf0, 0x3e, 0x4f, 0xff, 0xf8,
    0x1e, 0x8f, 0x0, 0xf0, 0x1c, 0x8f, 0x0, 0xf0,
    0x1, 0x8f, 0x0, 0xf0, 0x1, 0xf, 0x0, 0xf0,
    0x3, 0xf, 0x0, 0xf0, 0x3, 0xf, 0xff, 0xf0,
    0x7, 0xf, 0x3c, 0xf0, 0xe, 0xf, 0x3c, 0xe0,
    0xe, 0xe, 0x3c, 0x0, 0x1e, 0x4, 0x3c, 0x0,
    0x7e, 0x7, 0x3d, 0xe0, 0x3c, 0xf, 0xbc, 0xf8,
    0x1e, 0xf, 0x3c, 0x7c, 0x1e, 0x1e, 0x3c, 0x3c,
    0x1e, 0x1c, 0x3c, 0x3e, 0x1f, 0x38, 0x3c, 0x1e,
    0x1f, 0x61, 0xfc, 0x1e, 0x1f, 0x0, 0x7c, 0x0,
    0x1f, 0x0, 0x78, 0x0, 0x1e, 0x0, 0x60, 0x0,

    /* U+6DF1 "深" */
    0x1c, 0x0, 0x0, 0x20, 0x3c, 0x10, 0x0, 0xe0,
    0x3c, 0x7f, 0xff, 0xe0, 0x79, 0xde, 0x73, 0xe0,
    0x77, 0xbc, 0xe7, 0x0, 0x1f, 0x79, 0xcc, 0x0,
    0x1c, 0xe3, 0x90, 0x0, 0x3, 0xc7, 0x4, 0x78,
    0x87, 0xe, 0x18, 0x79, 0xe, 0x1f, 0xf8, 0xf2,
    0x38, 0x3f, 0xf0, 0xe8, 0xe0, 0x7f, 0xc0, 0x13,
    0x7, 0xc0, 0x0, 0x68, 0xf, 0x4, 0x0, 0x80,
    0x1e, 0x8, 0x3, 0x0, 0x3c, 0x38, 0x6, 0x0,
    0x78, 0x78, 0x1c, 0xff, 0xff, 0xf8, 0x30, 0x7,
    0xf0, 0x0, 0xe0, 0x1f, 0xf0, 0x7, 0xc0, 0x3f,
    0xb0, 0x7, 0x80, 0xff, 0x70, 0x7, 0x1, 0xfe,
    0x78, 0xe, 0x7, 0xbc, 0xfc, 0x1e, 0x1c, 0x78,
    0xfc, 0x3c, 0x70, 0xf0, 0xf0, 0x79, 0xc1, 0xe1,
    0xc0, 0xf6, 0x3, 0xc0, 0x81, 0xe0, 0x7, 0x80,
    0x3, 0x80, 0xe, 0x0, 0x0,

    /* U+6DF7 "混" */
    0x1c, 0x0, 0x0, 0x40, 0x1e, 0x38, 0x1, 0xc0,
    0x3c, 0x7f, 0xff, 0xc0, 0x3c, 0xf0, 0xf, 0x0,
    0x71, 0xe0, 0x1e, 0x0, 0xb, 0xc0, 0x3c, 0x0,
    0x17, 0x80, 0x78, 0x0, 0x4f, 0xff, 0xf0, 0x70,
    0x9e, 0x1, 0xe0, 0x79, 0x3c, 0x3, 0xc0, 0xf4,
    0x78, 0x7, 0x81, 0xc8, 0xff, 0xff, 0x0, 0x31,
    0xe0, 0x1e, 0x0, 0x63, 0x80, 0x30, 0x1, 0x87,
    0xc3, 0xe0, 0x3, 0xf, 0x7, 0x80, 0xe, 0x1e,
    0xf, 0x10, 0x18, 0x3c, 0x9e, 0x70, 0x70, 0x7b,
    0xbd, 0xf0, 0xe0, 0xf7, 0xff, 0xd7, 0xc1, 0xff,
    0xfe, 0x7, 0x83, 0xc1, 0xe0, 0x7, 0x7, 0x83,
    0xc1, 0xe, 0xf, 0x7, 0x82, 0x1e, 0x1e, 0x3f,
    0xc, 0x3c, 0xff, 0x9e, 0x18, 0x7b, 0xfc, 0x3f,
    0xf8, 0xf3, 0xe0, 0x7f, 0xf1, 0xe7, 0x0, 0x7f,
    0xc3, 0x84, 0x0, 0x0, 0x0,

    /* U+6E07 "渇" */
    0x38, 0x10, 0x0, 0xc0, 0x3c, 0x3c, 0x1, 0xc0,
    0x3c, 0x7f, 0xff, 0xe0, 0x78, 0xf0, 0xf, 0x0,
    0x75, 0xe0, 0x1e, 0x0, 0x13, 0xc0, 0x3c, 0x0,
    0x27, 0xff, 0xf8, 0x60, 0x4f, 0x0, 0xf0, 0x71,
    0x9e, 0x1, 0xe0, 0xf2, 0x3c, 0x3, 0xc0, 0xe4,
    0x78, 0x7, 0x81, 0xd8, 0xff, 0xff, 0x0, 0x31,
    0xfc, 0x0, 0x0, 0xc3, 0xf8, 0x0, 0x1, 0x83,
    0xe0, 0x8, 0x3, 0xf, 0xff, 0xfc, 0xe, 0x1f,
    0xff, 0xfc, 0x18, 0x7c, 0x0, 0xf0, 0x70, 0xf8,
    0xc1, 0xe0, 0xe3, 0xf3, 0xc3, 0xc7, 0xcf, 0xef,
    0xc7, 0x87, 0xb3, 0xfe, 0xf, 0x7, 0x87, 0x81,
    0x1e, 0xe, 0xf, 0x2, 0x3c, 0x1e, 0x1e, 0xc,
    0xf8, 0x3c, 0x3f, 0xfd, 0xf0, 0x78, 0x7f, 0xff,
    0xc0, 0xf0, 0x7f, 0xff, 0x81, 0xe0, 0x0, 0x1e,
    0x3, 0x80, 0x0, 0x38, 0x0,

    /* U+6E08 "済" */
    0x1c, 0x0, 0x3e, 0x0, 0x1e, 0x0, 0x78, 0x30,
    0x3e, 0x0, 0xf0, 0xf0, 0x3d, 0xff, 0xff, 0xf0,
    0x78, 0x40, 0x3e, 0x0, 0x0, 0x40, 0xf8, 0x38,
    0x10, 0x63, 0xe0, 0x3c, 0x20, 0xe7, 0x80, 0x3c,
    0x40, 0xfe, 0x0, 0x7d, 0x0, 0xfe, 0x0, 0x72,
    0x3, 0xff, 0xf8, 0x4c, 0x1e, 0x7f, 0xe0, 0x10,
    0xe0, 0x3f, 0x80, 0x6d, 0x0, 0xf, 0x0, 0xc3,
    0xe0, 0x7e, 0x3, 0x87, 0x80, 0xf0, 0xe, 0xf,
    0x1, 0xe0, 0x1c, 0x1f, 0xff, 0xc0, 0x78, 0x3c,
    0x7, 0x83, 0xf0, 0x78, 0xf, 0x3, 0xe1, 0xf0,
    0x1e, 0x3, 0xc3, 0xff, 0xfc, 0x7, 0x87, 0x80,
    0x78, 0xf, 0x8f, 0x0, 0xf0, 0x1f, 0x1c, 0x1,
    0xe0, 0x3e, 0x78, 0x3, 0xc0, 0x7c, 0xe0, 0x7,
    0x80, 0xfb, 0x0, 0xf, 0x1, 0xe8, 0x0, 0x1c,
    0x0,

    /* U+6E09 "渉" */
    0x1e, 0x0, 0x3e, 0x0, 0x1f, 0x0, 0x78, 0x0,
    0x1e, 0x3e, 0xf1, 0x80, 0x3d, 0x79, 0xe3, 0x80,
    0x3c, 0xf3, 0xff, 0x80, 0x9, 0xe7, 0x80, 0x3e,
    0x13, 0xcf, 0x0, 0x3e, 0x67, 0x9e, 0x18, 0x3c,
    0x8f, 0x3c, 0x38, 0x3b, 0xff, 0xff, 0xf8, 0x76,
    0x0, 0x0, 0x0, 0x18, 0x1, 0xf0, 0x0, 0x30,
    0xe3, 0xdc, 0x0, 0x61, 0xf7, 0x9f, 0x1, 0xc3,
    0xcf, 0x1f, 0x3, 0xf, 0x9e, 0x1e, 0xe, 0x1e,
    0x3c, 0x3e, 0x1c, 0x38, 0x78, 0x38, 0x78, 0xef,
    0xf3, 0x83, 0xf1, 0x87, 0xef, 0xc3, 0xc4, 0x7,
    0xdf, 0x3, 0xc0, 0xf, 0x7c, 0x7, 0x80, 0x1,
    0xf0, 0xf, 0x0, 0xf, 0xc0, 0x1f, 0x0, 0x3f,
    0x0, 0x3e, 0x0, 0xf8, 0x0, 0x7c, 0x7, 0xc0,
    0x0, 0xf8, 0x7e, 0x0, 0x1, 0xe7, 0xc0, 0x0,
    0x0,

    /* U+6E1B "減" */
    0x18, 0x0, 0x7, 0x80, 0x3c, 0x0, 0xe, 0xe0,
    0x3c, 0x0, 0x1c, 0xe0, 0x78, 0x0, 0x39, 0xc0,
    0x70, 0x0, 0x73, 0x80, 0xe8, 0x0, 0xe7, 0x1,
    0x9f, 0xff, 0xff, 0x80, 0x7f, 0xff, 0xff, 0xe1,
    0x70, 0x7, 0x0, 0xf2, 0xe0, 0x4e, 0x0, 0xe5,
    0xc1, 0xdc, 0xe1, 0xdb, 0xbf, 0xf9, 0xf3, 0xa7,
    0x0, 0x73, 0xc0, 0xce, 0x0, 0xe7, 0x1, 0x9d,
    0xfd, 0xfe, 0x7, 0x3b, 0xff, 0xfc, 0xc, 0x77,
    0x3b, 0xf0, 0x18, 0xee, 0x77, 0xe0, 0x71, 0xdc,
    0xef, 0xc0, 0xe3, 0xb9, 0xdf, 0xf, 0xc7, 0x73,
    0xbe, 0x23, 0x8e, 0xff, 0x7c, 0x47, 0x1d, 0xce,
    0xf8, 0x8e, 0x33, 0x93, 0xfb, 0x1e, 0xe7, 0xe,
    0xfc, 0x3d, 0xc0, 0x39, 0xf8, 0x7b, 0x0, 0xe1,
    0xf0, 0xf4, 0x3, 0x1, 0xf1, 0xf8, 0x18, 0x3,
    0xe3, 0xa0, 0x40, 0x1, 0xc0,

    /* U+6E21 "渡" */
    0x18, 0x0, 0x3f, 0x0, 0x3c, 0x0, 0x7c, 0x20,
    0x3d, 0x0, 0xf8, 0xe0, 0x3f, 0xff, 0xff, 0xe0,
    0x7f, 0xff, 0xff, 0xe0, 0xef, 0x18, 0x20, 0x0,
    0x3e, 0x3c, 0x78, 0x30, 0x7c, 0x78, 0xf4, 0x79,
    0x78, 0xf1, 0xfc, 0x7a, 0xff, 0xff, 0xfc, 0xf5,
    0xe3, 0xc7, 0x81, 0xfb, 0xc7, 0x8f, 0x1, 0xa7,
    0x8f, 0x1e, 0x0, 0xcf, 0x1e, 0x3c, 0x1, 0x9e,
    0x3f, 0xf8, 0x3, 0x3c, 0x78, 0xf0, 0xe, 0x78,
    0xc1, 0xa0, 0x18, 0xff, 0xff, 0xe0, 0x71, 0xff,
    0xff, 0xe0, 0xe3, 0xc4, 0x7, 0xc7, 0xc7, 0x88,
    0x1f, 0x7, 0x8f, 0x8, 0x7c, 0x7, 0x1c, 0x1c,
    0xf0, 0xe, 0x38, 0x1f, 0xe0, 0x1e, 0x70, 0x1f,
    0x0, 0x3c, 0xc0, 0x3f, 0xc0, 0x7b, 0x1, 0xff,
    0xf8, 0xf6, 0xf, 0x9f, 0xe1, 0xf8, 0x78, 0xf,
    0x83, 0xa7, 0x80, 0x6, 0x0,

    /* U+6E29 "温" */
    0x1c, 0x0, 0x0, 0x80, 0xf, 0x1c, 0x1, 0xc0,
    0xf, 0x9f, 0xff, 0xf0, 0x7, 0x9e, 0x1, 0xe0,
    0x7, 0x9e, 0x1, 0xe0, 0x3, 0x1e, 0x1, 0xe0,
    0x0, 0x5e, 0x1, 0xe0, 0x80, 0x5f, 0xff, 0xe0,
    0x70, 0x9e, 0x1, 0xe0, 0x78, 0x9e, 0x1, 0xe0,
    0x3d, 0x9e, 0x1, 0xe0, 0x3d, 0x1e, 0x1, 0xe0,
    0x3b, 0x1f, 0xff, 0xe0, 0x3, 0x1e, 0x1, 0xe0,
    0x6, 0x1e, 0x1, 0xc0, 0x6, 0x0, 0x0, 0x40,
    0xe, 0x78, 0x0, 0xf0, 0xe, 0x7f, 0xff, 0xf8,
    0x1c, 0x79, 0xce, 0xf0, 0x3c, 0x79, 0xce, 0xf0,
    0xfc, 0x79, 0xce, 0xf0, 0x3c, 0x79, 0xce, 0xf0,
    0x1c, 0x79, 0xce, 0xf0, 0x1c, 0x79, 0xce, 0xf0,
    0x1e, 0x79, 0xce, 0xf0, 0x1e, 0x79, 0xce, 0xf0,
    0x1e, 0x79, 0xce, 0xf4, 0x1e, 0x79, 0xce, 0xfe,
    0x1f, 0xff, 0xff, 0xfe, 0x1c, 0x0, 0x0, 0x0,

    /* U+6E2F "港" */
    0x38, 0xf, 0x9f, 0x0, 0x78, 0x3c, 0x78, 0x1,
    0xe0, 0xf1, 0xe0, 0x3, 0xc3, 0xc7, 0x98, 0xf,
    0xf, 0x1e, 0xf0, 0x1b, 0xff, 0xff, 0xe0, 0x0,
    0xf1, 0xe0, 0x38, 0x43, 0xc7, 0x80, 0x71, 0xf,
    0x1e, 0x61, 0xe4, 0x3c, 0x79, 0xc3, 0xbf, 0xff,
    0xff, 0x8e, 0x83, 0xe1, 0x0, 0x32, 0x1f, 0x6,
    0x0, 0x18, 0x78, 0xc, 0x0, 0x43, 0xe0, 0xb8,
    0x3, 0xf, 0xff, 0xf0, 0xc, 0x7f, 0xff, 0xf8,
    0x63, 0xc0, 0x7b, 0xf1, 0x8d, 0x1, 0xef, 0xe,
    0x67, 0x87, 0x98, 0xfa, 0x1f, 0xfe, 0x1, 0xe0,
    0x78, 0x78, 0x3, 0x81, 0xe0, 0x2, 0xe, 0x7,
    0x80, 0x8, 0x3c, 0x1e, 0x0, 0x60, 0xf0, 0x78,
    0x1, 0x83, 0xc1, 0xff, 0xff, 0xf, 0x3, 0xff,
    0xfc, 0x3c, 0xf, 0xff, 0xe0, 0xe0, 0x0, 0x0,
    0x0,

    /* U+6E56 "湖" */
    0x38, 0xf, 0x80, 0x10, 0x3c, 0x1e, 0x1f, 0xf0,
    0x3c, 0x3c, 0x3f, 0xf0, 0x78, 0x78, 0x71, 0xc0,
    0xf0, 0xf0, 0xe3, 0x80, 0x21, 0xed, 0xc7, 0x20,
    0x43, 0xff, 0x8e, 0x78, 0xff, 0xff, 0x1c, 0x7b,
    0xf, 0xe, 0x38, 0xf6, 0x1e, 0x1f, 0xf1, 0xe8,
    0x3c, 0x38, 0xe1, 0xb0, 0x78, 0x71, 0xc0, 0x60,
    0xf0, 0xe3, 0x81, 0xdd, 0xe9, 0xc7, 0x3, 0xbf,
    0xfb, 0x8e, 0x6, 0x7f, 0xf7, 0x1c, 0x1c, 0xf1,
    0xef, 0xf8, 0x39, 0xe3, 0xdc, 0x70, 0xf3, 0xc7,
    0xb8, 0xe7, 0xe7, 0x8f, 0x71, 0xc3, 0xcf, 0x1f,
    0xe3, 0x83, 0x9e, 0x3f, 0x87, 0x7, 0x3f, 0xff,
    0xe, 0xf, 0x78, 0xfe, 0x1c, 0x1e, 0xf1, 0xf8,
    0x38, 0x3d, 0xe0, 0x67, 0xf0, 0x7b, 0xc1, 0x81,
    0xe0, 0xf7, 0x2, 0x3, 0xc1, 0xc0, 0x8, 0x6,
    0x0,

    /* U+6E96 "準" */
    0x1c, 0xe, 0x1c, 0x0, 0x3c, 0x3f, 0x7c, 0x0,
    0xf0, 0xf3, 0xc6, 0x1, 0xd7, 0xce, 0x3c, 0x0,
    0x9f, 0xff, 0xfb, 0xc2, 0x78, 0xf0, 0x7, 0x9b,
    0xe3, 0xc4, 0xe, 0x4f, 0x8f, 0x3c, 0x3b, 0x7f,
    0xff, 0xf8, 0x1b, 0x78, 0xf0, 0x0, 0x61, 0xe3,
    0xc4, 0x3, 0x7, 0x8f, 0x38, 0x1c, 0x1f, 0xff,
    0xf0, 0xf0, 0x78, 0xf0, 0x1, 0xc1, 0xe3, 0xc2,
    0x7, 0x87, 0x8f, 0x1c, 0x1e, 0x1f, 0xff, 0xf8,
    0x78, 0x7f, 0xff, 0xf3, 0xc1, 0xe0, 0x0, 0x0,
    0x1, 0xe0, 0x0, 0x0, 0x7, 0x80, 0x70, 0x0,
    0x1e, 0x3, 0xef, 0xff, 0xff, 0xff, 0xc0, 0x1,
    0xe0, 0x0, 0x0, 0x7, 0x80, 0x0, 0x0, 0x1e,
    0x0, 0x0, 0x0, 0x78, 0x0, 0x0, 0x1, 0xe0,
    0x0, 0x0, 0x7, 0x80, 0x0, 0x0, 0x1c, 0x0,
    0x0,

    /* U+6F22 "漢" */
    0x3c, 0x3, 0xc7, 0x80, 0x3c, 0x7, 0xe, 0x0,
    0x3c, 0xe, 0x1c, 0xc0, 0x78, 0x1c, 0x3b, 0xc0,
    0x77, 0xff, 0xff, 0xc0, 0x0, 0x70, 0xe0, 0x0,
    0x8, 0xe1, 0xc0, 0x0, 0x21, 0xc3, 0x20, 0x70,
    0x5f, 0xff, 0xe0, 0x79, 0x3f, 0xff, 0xf0, 0xf2,
    0x71, 0xe3, 0xc0, 0xec, 0xe3, 0xc7, 0x80, 0x11,
    0xc7, 0x8f, 0x0, 0x63, 0x8f, 0x1e, 0x0, 0xc7,
    0xff, 0xfc, 0x3, 0xe, 0x3c, 0x70, 0x6, 0x18,
    0x78, 0x60, 0x1c, 0x0, 0xf1, 0xe0, 0x30, 0xff,
    0xff, 0xe0, 0xe0, 0x3, 0xc1, 0x7, 0xc0, 0x7,
    0x87, 0x3, 0x9f, 0xff, 0xff, 0x87, 0x0, 0x3d,
    0x0, 0xe, 0x0, 0xf3, 0x0, 0x1e, 0x1, 0xe7,
    0x80, 0x3c, 0x7, 0x87, 0xfc, 0x78, 0x1c, 0x7,
    0xe0, 0xf0, 0xf0, 0x7, 0x81, 0xe7, 0x0, 0x7,
    0x3, 0xb0, 0x0, 0x6, 0x0,

    /* U+6FC3 "濃" */
    0x38, 0x0, 0xef, 0x0, 0x3c, 0x1, 0x9c, 0x40,
    0x3c, 0x7f, 0xff, 0xc0, 0x78, 0xff, 0xff, 0xe0,
    0x71, 0xcc, 0xe7, 0x80, 0x13, 0x99, 0xcf, 0x0,
    0x27, 0xff, 0xfe, 0x30, 0x8e, 0x67, 0x3c, 0x79,
    0x1c, 0xce, 0x78, 0x72, 0x39, 0x9c, 0xf0, 0xfc,
    0x7f, 0xff, 0xe1, 0xf0, 0xff, 0xff, 0xc3, 0xe5,
    0xc0, 0x7, 0x3, 0xcf, 0xff, 0xff, 0x81, 0x9f,
    0xff, 0xff, 0x7, 0x3c, 0x0, 0x70, 0xc, 0x7f,
    0xff, 0xf8, 0x18, 0xf0, 0x0, 0x20, 0x71, 0xe0,
    0x0, 0xf0, 0xe3, 0xff, 0xff, 0xf7, 0xc7, 0x9c,
    0x82, 0x7, 0x8f, 0x38, 0x86, 0x7, 0x1e, 0x71,
    0x9e, 0xe, 0x38, 0xe1, 0xfa, 0x1e, 0xf1, 0xc3,
    0x80, 0x3d, 0xc3, 0xfb, 0xc0, 0x7b, 0xbf, 0xc7,
    0xf8, 0xf6, 0x3f, 0x7, 0xe1, 0xf8, 0x78, 0x3,
    0x83, 0xa0, 0x40, 0x3, 0x0,

    /* U+706B "火" */
    0x0, 0xf, 0xc0, 0x0, 0x0, 0x1f, 0x0, 0x0,
    0x0, 0x3e, 0x0, 0x0, 0x0, 0x7c, 0x0, 0x0,
    0x0, 0xf8, 0x0, 0x0, 0x1, 0xf0, 0x0, 0x0,
    0x83, 0xe0, 0x38, 0x1, 0x87, 0xc0, 0x78, 0x3,
    0xf, 0x81, 0xfc, 0x6, 0x1f, 0x83, 0xe0, 0x1c,
    0x3f, 0xf, 0x80, 0x38, 0x7e, 0x3c, 0x1, 0xf0,
    0xfc, 0x70, 0x3, 0xe3, 0xfd, 0xc0, 0xf, 0xc7,
    0xde, 0x0, 0x1f, 0xf, 0xb0, 0x0, 0x1c, 0x1f,
    0x70, 0x0, 0x0, 0x3e, 0xe0, 0x0, 0x0, 0xf8,
    0xe0, 0x0, 0x1, 0xf1, 0xe0, 0x0, 0x7, 0xc3,
    0xe0, 0x0, 0xf, 0x83, 0xe0, 0x0, 0x3e, 0x7,
    0xe0, 0x0, 0xf8, 0x7, 0xf0, 0x1, 0xe0, 0x7,
    0xf8, 0x7, 0x80, 0xf, 0xfc, 0x3c, 0x0, 0xf,
    0xf0, 0xe0, 0x0, 0xf, 0x83, 0x0, 0x0, 0x7,
    0x18, 0x0, 0x0, 0x4, 0x0,

    /* U+707D "災" */
    0x7, 0x3, 0x80, 0xc0, 0xf, 0x87, 0xc3, 0xe0,
    0x3e, 0x1f, 0xf, 0xa0, 0x70, 0x78, 0x1e, 0x1,
    0x80, 0xc0, 0x70, 0x6, 0x2, 0x1, 0x80, 0x7,
    0x3, 0x81, 0xc0, 0x7, 0x83, 0xc1, 0xe0, 0x7,
    0x83, 0xe1, 0xf0, 0xf, 0x87, 0xc1, 0xe0, 0xf,
    0x7, 0x83, 0xe0, 0x1e, 0xf, 0x3, 0x80, 0x10,
    0xfc, 0x2, 0x0, 0x1, 0xf0, 0x0, 0x0, 0x43,
    0xe0, 0x60, 0x0, 0x87, 0xc0, 0xf0, 0x3, 0xf,
    0x83, 0xf0, 0xe, 0x1f, 0xf, 0x80, 0x7c, 0x7f,
    0x1c, 0x1, 0xf8, 0xfa, 0x70, 0x3, 0xe1, 0xf7,
    0x80, 0x3, 0x83, 0xee, 0x0, 0x0, 0xf, 0x8e,
    0x0, 0x0, 0x3e, 0x1f, 0x0, 0x0, 0x78, 0x1f,
    0xe0, 0x1, 0xe0, 0x3f, 0xfc, 0xf, 0x80, 0x3f,
    0xe0, 0x38, 0x0, 0x1f, 0x83, 0xc0, 0x0, 0x1f,
    0x18, 0x0, 0x0, 0x6, 0x0,

    /* U+70B9 "点" */
    0x0, 0x7, 0xc0, 0x0, 0x0, 0x1e, 0x0, 0x0,
    0x0, 0x78, 0x4, 0x0, 0x1, 0xe0, 0x38, 0x0,
    0x7, 0x80, 0xf0, 0x0, 0x1f, 0xff, 0xe0, 0x0,
    0x78, 0x0, 0x0, 0x1, 0xe0, 0x0, 0x0, 0x7,
    0x80, 0x0, 0x18, 0x1e, 0x4, 0x0, 0x7f, 0xff,
    0xfc, 0x1, 0xff, 0xff, 0xf8, 0x7, 0x80, 0x3,
    0xc0, 0x1e, 0x0, 0xf, 0x0, 0x78, 0x0, 0x3c,
    0x1, 0xe0, 0x0, 0xf0, 0x7, 0x80, 0x3, 0xc0,
    0x1e, 0x0, 0xf, 0x0, 0x7f, 0xff, 0xfc, 0x1,
    0xe0, 0x0, 0xf0, 0x7, 0x0, 0x3, 0x80, 0x10,
    0x0, 0x0, 0x0, 0x42, 0xc, 0x1c, 0x1, 0xc,
    0x38, 0x3c, 0xc, 0x38, 0x70, 0xf8, 0x70, 0xe1,
    0xe1, 0xf7, 0xc3, 0xc7, 0x83, 0xff, 0xf, 0xf,
    0xf, 0xf8, 0x3c, 0x38, 0x3d, 0xc0, 0xe0, 0xe0,
    0x60,

    /* U+7121 "無" */
    0x3, 0x0, 0x0, 0x0, 0xf, 0xc0, 0x0, 0x0,
    0x1f, 0x0, 0x1, 0x0, 0x7e, 0x0, 0x3, 0x0,
    0xf8, 0x0, 0xf, 0x3, 0xff, 0xff, 0xff, 0x7,
    0xcf, 0x79, 0xe0, 0x1f, 0x9e, 0xf3, 0xc0, 0x7f,
    0x3d, 0xe7, 0x80, 0xde, 0x7b, 0xcf, 0x2, 0x3c,
    0xf7, 0x9e, 0xc0, 0x79, 0xef, 0x3d, 0xcf, 0xff,
    0xff, 0xff, 0xe1, 0xe7, 0xbc, 0xf0, 0x3, 0xcf,
    0x79, 0xe0, 0x7, 0x9e, 0xf3, 0xc0, 0xf, 0x3d,
    0xe7, 0x80, 0x1e, 0x7b, 0xcf, 0x20, 0x3c, 0xf7,
    0x9e, 0xc0, 0x79, 0xef, 0x3d, 0xcf, 0xff, 0xff,
    0xff, 0xdf, 0xff, 0xff, 0xff, 0x80, 0x0, 0x1,
    0x0, 0x2, 0x10, 0xc1, 0xc0, 0x4, 0x30, 0xe1,
    0xe0, 0x18, 0x71, 0xe1, 0xe0, 0xf0, 0xe1, 0xc3,
    0xe3, 0xe1, 0xe3, 0xc3, 0xcf, 0xc3, 0x87, 0x83,
    0xdf, 0x7, 0xe, 0x7, 0x8, 0x0, 0x0, 0x4,
    0x0,

    /* U+7136 "然" */
    0x4, 0x0, 0x0, 0x0, 0xf, 0x0, 0x60, 0x0,
    0x1f, 0x0, 0xf8, 0x0, 0x3c, 0x21, 0xee, 0x0,
    0xff, 0xe3, 0xcf, 0x1, 0xff, 0xe7, 0x9e, 0x3,
    0x87, 0xcf, 0x38, 0xf, 0xcf, 0x1e, 0x3c, 0x1f,
    0xdf, 0xff, 0xfc, 0x73, 0xfc, 0x78, 0x0, 0xc7,
    0xf0, 0xf8, 0x3, 0xf1, 0xe1, 0xf0, 0xc, 0xf7,
    0x87, 0xa0, 0x0, 0xee, 0xf, 0x60, 0x1, 0xbc,
    0x3c, 0xe0, 0x0, 0xf0, 0x78, 0xe0, 0x1, 0xc1,
    0xe1, 0xf0, 0x7, 0x7, 0x83, 0xf8, 0x1c, 0x1e,
    0x3, 0xf0, 0x70, 0x70, 0x7, 0x81, 0xc3, 0x80,
    0x7, 0x6, 0x8, 0x0, 0x4, 0x31, 0x10, 0x60,
    0xc0, 0x2, 0x10, 0x70, 0xe0, 0xc, 0x30, 0xf0,
    0xf0, 0x38, 0x70, 0xf1, 0xf1, 0xf0, 0xe1, 0xe1,
    0xe7, 0xe1, 0xe3, 0xc3, 0xef, 0x83, 0x83, 0x83,
    0xde, 0x7, 0x6, 0x7, 0x0,

    /* U+7159 "煙" */
    0x0, 0x0, 0x0, 0x0, 0x1f, 0x0, 0x0, 0x60,
    0x3c, 0x0, 0x1, 0xe0, 0x79, 0xff, 0xff, 0xe0,
    0xf0, 0xe, 0x70, 0x1, 0xe0, 0x1c, 0xe0, 0x3,
    0xc0, 0x39, 0xcc, 0x7, 0xac, 0x73, 0xbc, 0x2f,
    0x7f, 0xff, 0xfc, 0x5e, 0xf9, 0xce, 0xf0, 0xbf,
    0xf3, 0x9d, 0xe3, 0xff, 0xe7, 0x3b, 0xc7, 0xf9,
    0xce, 0x77, 0x9f, 0xe3, 0x9c, 0xef, 0x3f, 0xc7,
    0x39, 0xde, 0x77, 0x8e, 0x73, 0xbc, 0xef, 0x1f,
    0xff, 0xf8, 0x1e, 0x3f, 0xff, 0xf0, 0x3c, 0x70,
    0xf9, 0xe0, 0x78, 0x1, 0xe0, 0x0, 0xfc, 0x3,
    0xc7, 0x3, 0xdc, 0x7, 0x8f, 0x7, 0xbf, 0xff,
    0xff, 0xe, 0x78, 0x1e, 0x0, 0x1c, 0xf0, 0x3c,
    0x0, 0x38, 0xc0, 0x78, 0x0, 0xe0, 0x0, 0xf0,
    0x81, 0x80, 0x1, 0xe1, 0x87, 0x0, 0x3, 0xc7,
    0x8c, 0xf, 0xff, 0xff, 0xa0, 0x0, 0x0, 0x0,
    0x0,

    /* U+71B1 "熱" */
    0x3, 0xe0, 0x3e, 0x0, 0x7, 0x90, 0x78, 0x0,
    0xf, 0x70, 0xf0, 0x1, 0xff, 0xf1, 0xe0, 0x0,
    0x3c, 0x3, 0xcc, 0x0, 0x79, 0xdf, 0xfe, 0x1f,
    0xff, 0xcf, 0x38, 0xf, 0x38, 0x1e, 0x70, 0x1e,
    0x72, 0x3c, 0xe0, 0x38, 0xe7, 0x79, 0xc0, 0x71,
    0xff, 0xf3, 0x81, 0xd3, 0xf3, 0xe7, 0x3, 0x3c,
    0x87, 0xce, 0x8, 0x79, 0x8f, 0xdc, 0x0, 0xf7,
    0x9f, 0xb8, 0x1f, 0xff, 0x3f, 0xf8, 0x3, 0xc0,
    0xee, 0xf4, 0x7, 0x81, 0xcd, 0xe8, 0xf, 0xff,
    0x1, 0xf3, 0xff, 0x18, 0x3, 0xe7, 0xf8, 0x60,
    0x3, 0xe7, 0x81, 0x0, 0x3, 0xc8, 0x88, 0x20,
    0xf3, 0x1, 0x1c, 0x70, 0xf8, 0x6, 0x3c, 0x78,
    0xf8, 0x1c, 0x38, 0xf0, 0xf8, 0xf8, 0x78, 0xf0,
    0xf3, 0xe0, 0xf1, 0xe1, 0xe7, 0xc1, 0xc3, 0x83,
    0xcf, 0x0, 0x0, 0x3, 0x80,

    /* U+7236 "父" */
    0x0, 0xc0, 0x30, 0x0, 0x3, 0xe0, 0x78, 0x0,
    0xf, 0xc0, 0xf8, 0x0, 0x7c, 0x1, 0xf0, 0x1,
    0xe0, 0x3, 0xe0, 0xf, 0x0, 0xf, 0xc0, 0x78,
    0x0, 0x1f, 0x1, 0xc0, 0x0, 0x3c, 0xe, 0x0,
    0x20, 0xf0, 0x71, 0x0, 0xf1, 0xc3, 0x4, 0x3,
    0xf0, 0x10, 0x10, 0x1f, 0x0, 0x0, 0x20, 0x7c,
    0x0, 0x0, 0xc1, 0xf0, 0x0, 0x1, 0xf, 0x80,
    0x0, 0x6, 0x3e, 0x0, 0x0, 0xd, 0xf0, 0x0,
    0x0, 0x3f, 0x80, 0x0, 0x0, 0x7e, 0x0, 0x0,
    0x1, 0xf0, 0x0, 0x0, 0xf, 0xe0, 0x0, 0x0,
    0x7f, 0xe0, 0x0, 0x3, 0xef, 0xe0, 0x0, 0x1f,
    0x1f, 0xe0, 0x0, 0xf0, 0x3f, 0xf0, 0x7, 0x80,
    0x7f, 0xf0, 0x78, 0x0, 0x7f, 0x7, 0x0, 0x0,
    0x78, 0xe0, 0x0, 0x0, 0x40,

    /* U+7247 "片" */
    0x0, 0x0, 0xf8, 0x0, 0xf, 0x83, 0xc0, 0x0,
    0x3c, 0xf, 0x0, 0x0, 0xf0, 0x3c, 0x0, 0x3,
    0xc0, 0xf0, 0x0, 0xf, 0x3, 0xc0, 0x0, 0x3c,
    0xf, 0x2, 0x0, 0xf0, 0x3c, 0x1c, 0x3, 0xc0,
    0xf0, 0xf8, 0xf, 0xff, 0xff, 0xf0, 0x3f, 0xff,
    0xff, 0xc0, 0xf0, 0x0, 0x0, 0x3, 0xc0, 0x0,
    0x0, 0xf, 0x0, 0x0, 0x0, 0x3c, 0x1, 0x0,
    0x1, 0xff, 0xfe, 0x0, 0x7, 0xff, 0xfe, 0x0,
    0x1f, 0x0, 0xf0, 0x0, 0x78, 0x3, 0xc0, 0x1,
    0xe0, 0xf, 0x0, 0x7, 0x80, 0x3c, 0x0, 0x1c,
    0x0, 0xf0, 0x0, 0xf0, 0x3, 0xc0, 0x3, 0xc0,
    0xf, 0x0, 0xe, 0x0, 0x3c, 0x0, 0x70, 0x0,
    0xf0, 0x1, 0xc0, 0x3, 0xc0, 0xc, 0x0, 0xf,
    0x0, 0x60, 0x0, 0x3c, 0x1, 0x0, 0x0, 0xe0,
    0x0,

    /* U+725B "牛" */
    0x0, 0x7, 0xc0, 0x0, 0x8, 0x1e, 0x0, 0x0,
    0x7c, 0x78, 0x0, 0x1, 0xf9, 0xe0, 0x0, 0x7,
    0xc7, 0x80, 0x0, 0x1e, 0x1e, 0x4, 0x0, 0xf8,
    0x78, 0x3c, 0x3, 0xc1, 0xe0, 0xf8, 0xf, 0xff,
    0xff, 0xf0, 0x78, 0x1e, 0x0, 0x1, 0xc0, 0x78,
    0x0, 0xe, 0x1, 0xe0, 0x0, 0x30, 0x7, 0x80,
    0x1, 0x80, 0x1e, 0x1, 0x0, 0x0, 0x78, 0xf,
    0x0, 0x1, 0xe0, 0x3e, 0xff, 0xff, 0xff, 0xfc,
    0x0, 0x1e, 0x0, 0x0, 0x0, 0x78, 0x0, 0x0,
    0x1, 0xe0, 0x0, 0x0, 0x7, 0x80, 0x0, 0x0,
    0x1e, 0x0, 0x0, 0x0, 0x78, 0x0, 0x0, 0x1,
    0xe0, 0x0, 0x0, 0x7, 0x80, 0x0, 0x0, 0x1e,
    0x0, 0x0, 0x0, 0x78, 0x0, 0x0, 0x1, 0xe0,
    0x0, 0x0, 0x7, 0x80, 0x0, 0x0, 0x1c, 0x0,
    0x0,

    /* U+7269 "物" */
    0x7, 0xc3, 0x80, 0x0, 0xf, 0x7, 0xe0, 0x1,
    0x9e, 0xf, 0x0, 0x3, 0xfc, 0x1e, 0x0, 0x7,
    0x78, 0x3c, 0x3, 0xe, 0xf4, 0xff, 0xff, 0x1d,
    0xed, 0xff, 0xff, 0xb3, 0xff, 0xbb, 0xfe, 0x7f,
    0xff, 0xf7, 0xf9, 0xcf, 0x1d, 0xef, 0xf3, 0x1e,
    0x73, 0xbd, 0xe6, 0x3c, 0xc7, 0x7b, 0xc8, 0x7b,
    0x1c, 0xf7, 0x90, 0xf0, 0x39, 0xcf, 0x1, 0xe0,
    0xe7, 0x9e, 0x3, 0xfd, 0xcf, 0x3c, 0x7, 0xe7,
    0x1c, 0x78, 0xff, 0xc, 0x78, 0xf3, 0xfe, 0x30,
    0xe1, 0xe7, 0xfc, 0x43, 0x83, 0xc7, 0x79, 0x7,
    0x7, 0x88, 0xf4, 0x1c, 0x1f, 0x1, 0xe0, 0x30,
    0x3e, 0x3, 0xc0, 0xc0, 0x78, 0x7, 0x83, 0x0,
    0xf0, 0xf, 0xc, 0x3, 0xe0, 0x1e, 0x31, 0xff,
    0xc0, 0x3c, 0x80, 0x7f, 0x0, 0x78, 0x0, 0x7c,
    0x0, 0xf0, 0x0, 0xe0, 0x0,

    /* U+7279 "特" */
    0x7, 0x80, 0x3e, 0x0, 0xf, 0x80, 0x78, 0x0,
    0x1e, 0x0, 0xf0, 0x3, 0xfc, 0x1, 0xe3, 0x7,
    0xf8, 0x3, 0xcf, 0xe, 0xf0, 0xff, 0xff, 0x1d,
    0xec, 0xf, 0x0, 0x3b, 0xfc, 0x1e, 0x0, 0x7f,
    0xfc, 0x3c, 0x30, 0xcf, 0x0, 0x78, 0xf1, 0x9e,
    0x7f, 0xff, 0xf6, 0x3c, 0xff, 0xff, 0xec, 0x78,
    0x0, 0x3e, 0x10, 0xf0, 0x80, 0x7a, 0x1, 0xfe,
    0x0, 0xf6, 0xf, 0xf0, 0x1, 0xfe, 0xff, 0x9f,
    0xff, 0xff, 0xff, 0x0, 0x7, 0x83, 0xfe, 0x1c,
    0xf, 0x3, 0xbc, 0x3c, 0x1e, 0x4, 0x78, 0x3c,
    0x3c, 0x0, 0xf0, 0x7c, 0x78, 0x1, 0xe0, 0x70,
    0xf0, 0x3, 0xc0, 0xe1, 0xe0, 0x7, 0x80, 0x3,
    0xc0, 0xf, 0x0, 0xf, 0x80, 0x1e, 0x1, 0xff,
    0x0, 0x3c, 0x0, 0xfc, 0x0, 0x78, 0x0, 0xf8,
    0x0, 0xe0, 0x1, 0xc0, 0x0,

    /* U+72AC "犬" */
    0x0, 0xe, 0x0, 0x0, 0x0, 0x1f, 0x80, 0x0,
    0x0, 0x3e, 0x70, 0x0, 0x0, 0x7c, 0x7c, 0x0,
    0x0, 0xf8, 0xf8, 0x0, 0x1, 0xf0, 0xf8, 0x0,
    0x3, 0xe0, 0xf0, 0x0, 0x7, 0xc1, 0xd0, 0x0,
    0xf, 0x80, 0x70, 0x0, 0x1f, 0x1, 0xf9, 0xff,
    0xff, 0xff, 0xf8, 0x0, 0x7c, 0x0, 0x0, 0x0,
    0xfc, 0x0, 0x0, 0x1, 0xf8, 0x0, 0x0, 0x7,
    0xd0, 0x0, 0x0, 0xf, 0x90, 0x0, 0x0, 0x1f,
    0x20, 0x0, 0x0, 0x3e, 0x60, 0x0, 0x0, 0xf8,
    0xc0, 0x0, 0x1, 0xf0, 0xc0, 0x0, 0x3, 0xc1,
    0xc0, 0x0, 0xf, 0x83, 0xc0, 0x0, 0x3e, 0x3,
    0xe0, 0x0, 0x78, 0x7, 0xe0, 0x1, 0xe0, 0x7,
    0xf0, 0x7, 0x80, 0x7, 0xfc, 0x1e, 0x0, 0x7,
    0xf0, 0x70, 0x0, 0x7, 0xc3, 0x80, 0x0, 0x7,
    0xc, 0x0, 0x0, 0x6, 0x0,

    /* U+72AF "犯" */
    0x0, 0xc0, 0x0, 0x0, 0xc3, 0xc0, 0x0, 0x80,
    0x47, 0xef, 0xff, 0xc0, 0xff, 0x1f, 0xff, 0xc0,
    0xfc, 0x3c, 0xf, 0x0, 0xf0, 0x78, 0x1e, 0x3,
    0xc0, 0xf0, 0x3c, 0x7, 0xc1, 0xe0, 0x78, 0x1f,
    0xc3, 0xc0, 0xf0, 0x67, 0x87, 0x81, 0xe1, 0xf,
    0xf, 0x3, 0xc0, 0x1e, 0x1e, 0x7, 0x80, 0x7e,
    0x3c, 0xf, 0x0, 0xfc, 0x79, 0xfe, 0x3, 0xf8,
    0xf0, 0xfc, 0x7, 0xf1, 0xe0, 0xf8, 0x1d, 0xe3,
    0xc1, 0xe0, 0x73, 0xc7, 0x83, 0x0, 0xc7, 0x8f,
    0x0, 0x22, 0xf, 0x1e, 0x0, 0x40, 0x1e, 0x3c,
    0x0, 0x80, 0x3c, 0x78, 0x3, 0x0, 0x78, 0xf0,
    0x6, 0x1, 0xe1, 0xe0, 0xc, 0x3, 0xc3, 0xff,
    0xfc, 0x7f, 0x87, 0xff, 0xfc, 0x3e, 0xf, 0xff,
    0xf0, 0x7c, 0xf, 0xff, 0x80, 0xe0, 0x0, 0x0,
    0x0,

    /* U+72B6 "状" */
    0x3, 0xe0, 0x7e, 0x0, 0x3, 0xc0, 0x7c, 0x0,
    0x3, 0xc0, 0x7c, 0xf0, 0x3, 0xc0, 0x7c, 0x78,
    0x3, 0xc0, 0x7c, 0x38, 0x63, 0xc0, 0x7c, 0x38,
    0x3b, 0xc0, 0x7c, 0x38, 0x3f, 0xc0, 0x7c, 0x10,
    0x3f, 0xc0, 0x7c, 0x18, 0x3f, 0xc0, 0x7c, 0x3c,
    0x3f, 0xdf, 0xff, 0xfe, 0x1f, 0xc0, 0x7c, 0x0,
    0x3, 0xc0, 0x7c, 0x0, 0x3, 0xc0, 0x7c, 0x0,
    0x3, 0xc0, 0x7c, 0x0, 0x3, 0xc0, 0x7e, 0x0,
    0x7, 0xc0, 0x7e, 0x0, 0xf, 0xc0, 0xfa, 0x0,
    0x3f, 0xc0, 0xfb, 0x0, 0xfb, 0xc0, 0xfb, 0x80,
    0x7b, 0xc0, 0xf3, 0x80, 0x73, 0xc0, 0xf1, 0xc0,
    0x33, 0xc1, 0xe1, 0xe0, 0x23, 0xc1, 0xe1, 0xf8,
    0x3, 0xc3, 0xc0, 0xfe, 0x3, 0xc3, 0x80, 0xfe,
    0x3, 0xc7, 0x0, 0x78, 0x3, 0xce, 0x0, 0x38,
    0x3, 0xdc, 0x0, 0x10, 0x3, 0xb0, 0x0, 0x0,

    /* U+72EC "独" */
    0x40, 0xc0, 0x1f, 0x0, 0x30, 0xf0, 0x1e, 0x0,
    0x19, 0xf8, 0x1e, 0x0, 0xd, 0xe0, 0x1e, 0x0,
    0xf, 0xc8, 0x1e, 0x10, 0x7, 0x8f, 0xff, 0xfc,
    0x7, 0x8f, 0xff, 0xfe, 0xf, 0x8f, 0x1e, 0x3c,
    0x1f, 0xcf, 0x1e, 0x3c, 0x3b, 0xcf, 0x1e, 0x3c,
    0x23, 0xcf, 0x1e, 0x3c, 0x43, 0xef, 0x1e, 0x3c,
    0x3, 0xef, 0x1e, 0x3c, 0x7, 0xef, 0x1e, 0x3c,
    0x7, 0xef, 0x1e, 0x3c, 0xf, 0xef, 0xff, 0xfc,
    0xf, 0xef, 0x1e, 0x3c, 0x1d, 0xef, 0x1e, 0x30,
    0x31, 0xe8, 0x1e, 0x0, 0x61, 0xe0, 0x1e, 0x60,
    0x81, 0xe0, 0x1e, 0x70, 0x1, 0xe0, 0x1e, 0x38,
    0x1, 0xe0, 0x1e, 0x3c, 0x3, 0xe0, 0x1f, 0xfe,
    0x3, 0xff, 0xff, 0xde, 0x3f, 0xdf, 0xfc, 0x1f,
    0xf, 0xcf, 0xe0, 0xf, 0xf, 0x8f, 0x0, 0xe,
    0xf, 0x8, 0x0, 0xe,

    /* U+72ED "狭" */
    0x0, 0x0, 0x60, 0x0, 0x3, 0x80, 0xf8, 0x0,
    0x7, 0xc1, 0xf0, 0x3, 0x1f, 0x3, 0xe1, 0x3,
    0x3c, 0x7, 0xc3, 0x3, 0xf0, 0xf, 0x8f, 0x3,
    0xcf, 0xff, 0xff, 0x7, 0x0, 0x3e, 0x0, 0x1f,
    0x18, 0x7c, 0xc0, 0x3e, 0x18, 0xf9, 0xf0, 0xde,
    0x39, 0xf3, 0xc3, 0x1c, 0x7b, 0xef, 0x8, 0x78,
    0x77, 0x9c, 0x0, 0xf8, 0xef, 0x30, 0x1, 0xf1,
    0xde, 0x44, 0x7, 0xe0, 0x3c, 0x1c, 0xf, 0xc0,
    0x78, 0x7c, 0x3f, 0xff, 0xff, 0xfc, 0x7f, 0x1,
    0xf0, 0x1, 0xde, 0x7, 0xe0, 0x7, 0x3c, 0xf,
    0x40, 0x8, 0x78, 0x1e, 0x40, 0x20, 0xf0, 0x3c,
    0xc0, 0x1, 0xe0, 0xf1, 0xc0, 0x3, 0xc1, 0xc1,
    0xc0, 0x7, 0x87, 0x83, 0xe0, 0x1f, 0x1e, 0x7,
    0xf1, 0xfc, 0x70, 0x7, 0xf1, 0xf9, 0xc0, 0x7,
    0x81, 0xe6, 0x0, 0x6, 0x3, 0xb0, 0x0, 0x4,
    0x0,

    /* U+732B "猫" */
    0x3, 0x3, 0xe3, 0xe0, 0x7, 0x87, 0x87, 0x81,
    0x9f, 0x8f, 0xf, 0x1, 0xbc, 0x1e, 0x1e, 0xc1,
    0xf0, 0x3c, 0x3d, 0xc1, 0xe7, 0xff, 0xff, 0xc7,
    0x80, 0xf0, 0xf0, 0x1f, 0x81, 0xe1, 0xe0, 0x37,
    0x3, 0xc3, 0xc0, 0xcf, 0x7, 0x87, 0x82, 0x1e,
    0x4c, 0x8, 0x80, 0x3c, 0xe0, 0x3, 0xc0, 0xfd,
    0xff, 0xff, 0xc1, 0xfb, 0xc7, 0x8f, 0x3, 0xf7,
    0x8f, 0x1e, 0xf, 0xef, 0x1e, 0x3c, 0x1f, 0xde,
    0x3c, 0x78, 0x77, 0xbc, 0x78, 0xf0, 0xcf, 0x78,
    0xf1, 0xe3, 0x1e, 0xff, 0xff, 0xcc, 0x3d, 0xe3,
    0xc7, 0x80, 0x7b, 0xc7, 0x8f, 0x0, 0xf7, 0x8f,
    0x1e, 0x1, 0xef, 0x1e, 0x3c, 0x3, 0xde, 0x3c,
    0x78, 0xf, 0xbc, 0x78, 0xf1, 0xfe, 0x7f, 0xff,
    0xe0, 0xfc, 0xf0, 0x3, 0xc1, 0xf1, 0xe0, 0x7,
    0x83, 0x83, 0x80, 0xe, 0x0,

    /* U+733F "猿" */
    0x0, 0x0, 0x30, 0x0, 0xe, 0x0, 0xf0, 0x0,
    0x3e, 0x3, 0xcc, 0x19, 0xf0, 0xf, 0x7c, 0x37,
    0x9f, 0xff, 0xf8, 0x7c, 0x0, 0xf0, 0x0, 0xe0,
    0x3, 0xc2, 0x7, 0x80, 0xf, 0xc, 0x1f, 0x0,
    0x3c, 0x78, 0xdc, 0xff, 0xff, 0xf6, 0x78, 0x0,
    0x0, 0x21, 0xe3, 0x0, 0x38, 0x7, 0x8f, 0xff,
    0xf0, 0x3f, 0x3c, 0x7, 0x80, 0xfc, 0xf0, 0x1e,
    0x3, 0xf3, 0xc0, 0x78, 0x1f, 0xcf, 0x1, 0xe0,
    0x7f, 0x3f, 0xff, 0x83, 0xbc, 0xff, 0x9e, 0xc,
    0xf3, 0xbd, 0x8, 0x63, 0xc1, 0xe4, 0x73, 0xf,
    0xf, 0x9b, 0xe0, 0x3c, 0x7e, 0x6f, 0xc0, 0xf7,
    0xf8, 0xe0, 0x3, 0xf3, 0xe3, 0xc0, 0xf, 0xf,
    0x8f, 0x80, 0x7c, 0x3f, 0xdf, 0x8f, 0xe7, 0xfc,
    0x3f, 0x1f, 0x9f, 0xc0, 0xf0, 0x7c, 0x3c, 0x1,
    0x81, 0xe0, 0x40, 0x0, 0x0,

    /* U+73FE "現" */
    0x0, 0x40, 0x0, 0x0, 0x1, 0xcc, 0x0, 0xe0,
    0x3, 0xdf, 0xff, 0xe7, 0xff, 0xfc, 0x7, 0xe0,
    0xf0, 0x78, 0xf, 0x81, 0xe0, 0xf0, 0x1f, 0x3,
    0xc1, 0xe0, 0x3e, 0x7, 0x83, 0xff, 0xfc, 0xf,
    0x7, 0x80, 0xf8, 0x1e, 0x8f, 0x1, 0xf0, 0x3d,
    0x9e, 0x3, 0xe0, 0x7f, 0xbc, 0x7, 0xc7, 0xff,
    0x7f, 0xff, 0x81, 0xe0, 0xf0, 0x1f, 0x3, 0xc1,
    0xe0, 0x3e, 0x7, 0x83, 0xc0, 0x7c, 0xf, 0x7,
    0x80, 0xf8, 0x1e, 0xf, 0xff, 0xf0, 0x3c, 0x1f,
    0x9f, 0xc0, 0x7b, 0xaf, 0x3c, 0x0, 0xfc, 0x1e,
    0x78, 0xf, 0xf0, 0x7c, 0xf0, 0xbf, 0x80, 0xf1,
    0xe1, 0x7e, 0x1, 0xe3, 0xc2, 0x70, 0x7, 0x87,
    0x8c, 0x80, 0x1e, 0xf, 0xfc, 0x0, 0x78, 0x1f,
    0xf8, 0x1, 0xc0, 0x3f, 0xf0, 0xe, 0x0, 0x3f,
    0xc0, 0x60, 0x0, 0x0, 0x0,

    /* U+7403 "球" */
    0x0, 0x0, 0x60, 0x0, 0x0, 0x40, 0x7e, 0xc0,
    0x0, 0xe0, 0x7c, 0x78, 0x0, 0xf0, 0x7c, 0x78,
    0x7f, 0xf0, 0x7c, 0x38, 0xf, 0x0, 0x7c, 0x18,
    0xf, 0x0, 0x7c, 0x3c, 0xf, 0x3f, 0xff, 0xfe,
    0xf, 0x0, 0x7c, 0x0, 0xf, 0x0, 0x7c, 0x20,
    0xf, 0x58, 0x7c, 0x30, 0xf, 0x7c, 0x7c, 0x7c,
    0xf, 0xee, 0x7c, 0x7e, 0x7f, 0xff, 0x7e, 0x70,
    0xf, 0xf, 0x7e, 0xe0, 0xf, 0xf, 0x7e, 0x80,
    0xf, 0x6, 0x7f, 0x0, 0xf, 0x0, 0x7f, 0x80,
    0xf, 0x0, 0x7f, 0x80, 0xf, 0x21, 0x7f, 0xc0,
    0xf, 0xc7, 0x7d, 0xe0, 0xf, 0x8e, 0x7d, 0xf0,
    0x3f, 0x3c, 0x7c, 0xf8, 0xfe, 0xfc, 0x7c, 0xfe,
    0x7c, 0x78, 0x7c, 0x7e, 0x78, 0x70, 0x7c, 0x78,
    0x30, 0x30, 0x7c, 0x38, 0x20, 0x7, 0xfc, 0x10,
    0x0, 0x1, 0xfc, 0x0, 0x0, 0x0, 0xf8, 0x0,
    0x0, 0x0, 0xf0, 0x0,

    /* U+7406 "理" */
    0x0, 0x40, 0x0, 0x20, 0x1, 0xdc, 0x0, 0xe0,
    0x3, 0xff, 0xff, 0xf3, 0xff, 0xf8, 0xf3, 0xe0,
    0xf0, 0xf1, 0xe7, 0x81, 0xe1, 0xe3, 0xcf, 0x3,
    0xc3, 0xc7, 0x9e, 0x7, 0x87, 0x8f, 0x3c, 0xf,
    0xf, 0x1e, 0x78, 0x1e, 0x1f, 0xff, 0xf0, 0x3d,
    0xbc, 0x79, 0xe0, 0x7f, 0xf8, 0xf3, 0xc7, 0xff,
    0xf1, 0xe7, 0x81, 0xe1, 0xe3, 0xcf, 0x3, 0xc3,
    0xc7, 0x9e, 0x7, 0x87, 0xff, 0xfc, 0xf, 0xf,
    0x1e, 0x78, 0x1e, 0x1c, 0x3c, 0x0, 0x3c, 0x0,
    0x78, 0x80, 0x78, 0x80, 0xf1, 0x80, 0xfe, 0x1,
    0xe7, 0x81, 0xf9, 0xff, 0xff, 0xbf, 0xe0, 0x7,
    0x80, 0x3f, 0x0, 0xf, 0x0, 0x7c, 0x0, 0x1e,
    0x0, 0xe0, 0x0, 0x3c, 0x20, 0x80, 0x0, 0x78,
    0xe0, 0x0, 0x0, 0xf1, 0xe0, 0x7, 0xff, 0xff,
    0xe0,

    /* U+7518 "甘" */
    0x3, 0xe0, 0x1f, 0x80, 0xf, 0x0, 0x7c, 0x0,
    0x3c, 0x1, 0xf0, 0x0, 0xf0, 0x7, 0xc0, 0x3,
    0xc0, 0x1f, 0x20, 0xf, 0x0, 0x7c, 0xc0, 0x3c,
    0x1, 0xf7, 0xbf, 0xff, 0xff, 0xff, 0x3, 0xc0,
    0x1f, 0x0, 0xf, 0x0, 0x7c, 0x0, 0x3c, 0x1,
    0xf0, 0x0, 0xf0, 0x7, 0xc0, 0x3, 0xc0, 0x1f,
    0x0, 0xf, 0x0, 0x7c, 0x0, 0x3c, 0x1, 0xf0,
    0x0, 0xf0, 0x7, 0xc0, 0x3, 0xff, 0xff, 0x0,
    0xf, 0x0, 0x7c, 0x0, 0x3c, 0x1, 0xf0, 0x0,
    0xf0, 0x7, 0xc0, 0x3, 0xc0, 0x1f, 0x0, 0xf,
    0x0, 0x7c, 0x0, 0x3c, 0x1, 0xf0, 0x0, 0xf0,
    0x7, 0xc0, 0x3, 0xc0, 0x1f, 0x0, 0xf, 0x0,
    0x7c, 0x0, 0x3f, 0xff, 0xf0, 0x0, 0xf0, 0x7,
    0xc0, 0x3, 0xc0, 0x1f, 0x0, 0xe, 0x0, 0x70,
    0x0,

    /* U+751F "生" */
    0x0, 0x7, 0x0, 0x0, 0x4, 0xf, 0xc0, 0x0,
    0x1f, 0x1f, 0x0, 0x0, 0x3f, 0x3e, 0x0, 0x0,
    0x7c, 0x7c, 0x0, 0x0, 0xf0, 0xf8, 0x0, 0x3,
    0xe1, 0xf0, 0x38, 0x7, 0xc3, 0xe0, 0xf8, 0xf,
    0xff, 0xff, 0xf8, 0x3c, 0xf, 0x80, 0x0, 0x78,
    0x1f, 0x0, 0x0, 0xe0, 0x3e, 0x0, 0x3, 0x80,
    0x7c, 0x0, 0x6, 0x0, 0xf8, 0x0, 0x18, 0x1,
    0xf0, 0x0, 0x20, 0x3, 0xe0, 0xe0, 0x80, 0x7,
    0xc3, 0xe0, 0x1f, 0xff, 0xff, 0xe0, 0x0, 0x1f,
    0x0, 0x0, 0x0, 0x3e, 0x0, 0x0, 0x0, 0x7c,
    0x0, 0x0, 0x0, 0xf8, 0x0, 0x0, 0x1, 0xf0,
    0x0, 0x0, 0x3, 0xe0, 0x0, 0x0, 0x7, 0xc0,
    0x20, 0x0, 0xf, 0x80, 0xe0, 0x0, 0x1f, 0x3,
    0xe7, 0xff, 0xff, 0xff, 0xf0,

    /* U+7523 "産" */
    0x0, 0x7, 0x80, 0x0, 0x0, 0x1e, 0x2, 0x0,
    0x0, 0x78, 0xc, 0x0, 0x1, 0xe0, 0x7c, 0x3f,
    0xff, 0xff, 0xf8, 0x1, 0x0, 0x40, 0x0, 0x7,
    0x81, 0xf0, 0x0, 0x1e, 0xf, 0x0, 0x0, 0x3c,
    0x38, 0x60, 0x0, 0xf0, 0xc3, 0xc1, 0xff, 0xff,
    0xff, 0x87, 0xff, 0xff, 0xff, 0x1e, 0x0, 0x0,
    0x0, 0x78, 0xc7, 0xc0, 0x1, 0xe7, 0xde, 0x0,
    0x7, 0x9e, 0x78, 0x60, 0x1e, 0x79, 0xe3, 0xc0,
    0x79, 0xff, 0xff, 0xc1, 0xe6, 0x1e, 0x0, 0x7,
    0xb8, 0x78, 0x0, 0x1e, 0xc1, 0xe0, 0x0, 0xf6,
    0x7, 0x86, 0x3, 0xc0, 0x1e, 0x3c, 0xf, 0x1f,
    0xff, 0xf8, 0x3c, 0x1, 0xe0, 0x0, 0xe0, 0x7,
    0x80, 0x3, 0x80, 0x1e, 0x0, 0x1c, 0x0, 0x78,
    0x18, 0x60, 0x1, 0xe0, 0xf9, 0x1f, 0xff, 0xff,
    0xf8, 0x0, 0x0, 0x0, 0x0,

    /* U+7528 "用" */
    0x0, 0x0, 0x0, 0x0, 0xc0, 0x0, 0x6, 0x7,
    0xc0, 0x0, 0x78, 0x3f, 0xff, 0xff, 0xf1, 0xf0,
    0x78, 0x1f, 0x8f, 0x83, 0xc0, 0xf8, 0x7c, 0x1e,
    0x7, 0xc3, 0xe0, 0xf0, 0x3e, 0x1f, 0x7, 0x81,
    0xf0, 0xf8, 0x3c, 0xf, 0x87, 0xc1, 0xe0, 0x7c,
    0x3f, 0xff, 0xff, 0xe1, 0xf0, 0x78, 0x1f, 0xf,
    0x83, 0xc0, 0xf8, 0x7c, 0x1e, 0x7, 0xc3, 0xe0,
    0xf0, 0x3e, 0x1f, 0x7, 0x81, 0xf0, 0xf8, 0x3c,
    0xf, 0x87, 0xff, 0xff, 0xfc, 0x3e, 0xf, 0x3,
    0xe1, 0xe0, 0x78, 0x1f, 0xf, 0x3, 0xc0, 0xf8,
    0x78, 0x1e, 0x7, 0xc3, 0xc0, 0xf0, 0x3e, 0x1c,
    0x7, 0x81, 0xf0, 0xe0, 0x3c, 0xf, 0x8e, 0x1,
    0xe7, 0xfc, 0x60, 0xf, 0xf, 0xe7, 0x0, 0x78,
    0x3e, 0x30, 0x3, 0xc1, 0xf2, 0x0, 0x1c, 0xe,
    0x0,

    /* U+7530 "田" */
    0x80, 0x0, 0x2, 0x38, 0x0, 0x1, 0xef, 0xff,
    0xff, 0xff, 0xc0, 0xf0, 0x1e, 0xf0, 0x3c, 0x7,
    0xbc, 0xf, 0x1, 0xef, 0x3, 0xc0, 0x7b, 0xc0,
    0xf0, 0x1e, 0xf0, 0x3c, 0x7, 0xbc, 0xf, 0x1,
    0xef, 0x3, 0xc0, 0x7b, 0xc0, 0xf0, 0x1e, 0xf0,
    0x3c, 0x7, 0xbf, 0xff, 0xff, 0xef, 0x3, 0xc0,
    0x7b, 0xc0, 0xf0, 0x1e, 0xf0, 0x3c, 0x7, 0xbc,
    0xf, 0x1, 0xef, 0x3, 0xc0, 0x7b, 0xc0, 0xf0,
    0x1e, 0xf0, 0x3c, 0x7, 0xbc, 0xf, 0x1, 0xef,
    0x3, 0xc0, 0x7b, 0xc0, 0xf0, 0x1e, 0xff, 0xff,
    0xff, 0xbc, 0x0, 0x1, 0xef, 0x0, 0x0, 0x7b,
    0x80, 0x0, 0x1c,

    /* U+7531 "由" */
    0x0, 0x3e, 0x0, 0x0, 0x7, 0x80, 0x0, 0x0,
    0xf0, 0x0, 0x0, 0x1e, 0x0, 0x0, 0x3, 0xc0,
    0x1, 0x80, 0x78, 0x6, 0x3f, 0xff, 0xff, 0xe7,
    0xff, 0xff, 0xff, 0xf0, 0x3c, 0x7, 0xde, 0x7,
    0x80, 0xf3, 0xc0, 0xf0, 0x1e, 0x78, 0x1e, 0x3,
    0xcf, 0x3, 0xc0, 0x79, 0xe0, 0x78, 0xf, 0x3c,
    0xf, 0x1, 0xe7, 0xff, 0xff, 0xfc, 0xf0, 0x3c,
    0x7, 0x9e, 0x7, 0x80, 0xf3, 0xc0, 0xf0, 0x1e,
    0x78, 0x1e, 0x3, 0xcf, 0x3, 0xc0, 0x79, 0xe0,
    0x78, 0xf, 0x3c, 0xf, 0x1, 0xe7, 0x81, 0xe0,
    0x3c, 0xf0, 0x3c, 0x7, 0x9f, 0xff, 0xff, 0xf3,
    0xc0, 0x0, 0x1e, 0x78, 0x0, 0x3, 0xce, 0x0,
    0x0, 0x70,

    /* U+7533 "申" */
    0x0, 0x18, 0x0, 0x0, 0x7, 0xc0, 0x0, 0x1,
    0xe0, 0x0, 0x0, 0x78, 0x0, 0xc0, 0x1e, 0x2,
    0x3f, 0xff, 0xff, 0xcf, 0xff, 0xff, 0xff, 0xe0,
    0x78, 0x1e, 0xf8, 0x1e, 0x7, 0xbe, 0x7, 0x81,
    0xef, 0x81, 0xe0, 0x7b, 0xe0, 0x78, 0x1e, 0xff,
    0xff, 0xff, 0xbe, 0x7, 0x81, 0xef, 0x81, 0xe0,
    0x7b, 0xe0, 0x78, 0x1e, 0xf8, 0x1e, 0x7, 0xbe,
    0x7, 0x81, 0xef, 0x81, 0xe0, 0x7b, 0xff, 0xff,
    0xfe, 0xf8, 0x1e, 0x7, 0xbe, 0x7, 0x81, 0xef,
    0x1, 0xe0, 0x40, 0x0, 0x78, 0x0, 0x0, 0x1e,
    0x0, 0x0, 0x7, 0x80, 0x0, 0x1, 0xe0, 0x0,
    0x0, 0x78, 0x0, 0x0, 0x1e, 0x0, 0x0, 0x7,
    0x0, 0x0,

    /* U+7537 "男" */
    0xc, 0x0, 0x1, 0x0, 0x7f, 0xff, 0xfe, 0x3,
    0xff, 0xff, 0xf8, 0x1e, 0xf, 0x7, 0x80, 0xf0,
    0x78, 0x3c, 0x7, 0x83, 0xc1, 0xe0, 0x3c, 0x1e,
    0xf, 0x1, 0xff, 0xff, 0xf8, 0xf, 0x7, 0x83,
    0xc0, 0x78, 0x3c, 0x1e, 0x3, 0xc1, 0xe0, 0xf0,
    0x1e, 0xf, 0x7, 0x80, 0xff, 0xff, 0xfc, 0x7,
    0xff, 0xff, 0xe0, 0x3c, 0x3f, 0xf, 0x1, 0x81,
    0xf0, 0x0, 0x0, 0xf, 0x0, 0x43, 0xff, 0xff,
    0xff, 0xf, 0xff, 0xff, 0xfc, 0x0, 0x3e, 0x3,
    0xe0, 0x1, 0xe0, 0x1e, 0x0, 0x1f, 0x0, 0xf0,
    0x0, 0xf0, 0x7, 0x80, 0xf, 0x0, 0x7c, 0x0,
    0xf0, 0x3, 0xe0, 0xf, 0x7, 0xfe, 0x1, 0xe0,
    0x7, 0xf0, 0x3c, 0x0, 0x1f, 0x6, 0x0, 0x0,
    0xe0, 0x0,

    /* U+753A "町" */
    0x0, 0x0, 0x0, 0x63, 0x0, 0x30, 0x3, 0xcf,
    0xff, 0xe0, 0xf, 0xbf, 0xff, 0xff, 0xff, 0xf3,
    0x9e, 0x7, 0x83, 0xce, 0x78, 0x1e, 0xf, 0x39,
    0xe0, 0x78, 0x3c, 0xe7, 0x81, 0xe0, 0xf3, 0x9e,
    0x7, 0x83, 0xce, 0x78, 0x1e, 0xf, 0x39, 0xe0,
    0x78, 0x3c, 0xe7, 0x81, 0xe0, 0xff, 0xfe, 0x7,
    0x83, 0xce, 0x78, 0x1e, 0xf, 0x39, 0xe0, 0x78,
    0x3c, 0xe7, 0x81, 0xe0, 0xf3, 0x9e, 0x7, 0x83,
    0xce, 0x78, 0x1e, 0xf, 0x39, 0xe0, 0x78, 0x3c,
    0xe7, 0x81, 0xe0, 0xf3, 0x9e, 0x7, 0x83, 0xce,
    0x78, 0x1e, 0xf, 0xff, 0xe0, 0x78, 0x3c, 0x7,
    0x81, 0xe0, 0xf0, 0x1e, 0x7, 0x83, 0xc0, 0x63,
    0xfe, 0xe, 0x0, 0x3, 0xf8, 0x0, 0x0, 0x7,
    0xe0, 0x0, 0x0, 0xf, 0x0, 0x0, 0x0, 0x38,
    0x0,

    /* U+753B "画" */
    0x0, 0x0, 0x0, 0x40, 0x0, 0x0, 0x7, 0x0,
    0x0, 0x0, 0x7f, 0xff, 0xff, 0xff, 0xf0, 0x0,
    0x78, 0x0, 0x0, 0x3, 0xc0, 0x0, 0x0, 0x1e,
    0x0, 0xf, 0x60, 0xf1, 0x1f, 0x7b, 0xff, 0xfc,
    0xf3, 0xdf, 0xff, 0xf7, 0x9e, 0xf1, 0xe7, 0xbc,
    0xf7, 0x8f, 0x3d, 0xe7, 0xbc, 0x79, 0xef, 0x3d,
    0xe3, 0xcf, 0x79, 0xef, 0x1e, 0x7b, 0xcf, 0x7f,
    0xff, 0xde, 0x7b, 0xc7, 0x9e, 0xf3, 0xde, 0x3c,
    0xf7, 0x9e, 0xf1, 0xe7, 0xbc, 0xf7, 0x8f, 0x3d,
    0xe7, 0xbc, 0x79, 0xef, 0x3d, 0xe3, 0xcf, 0x79,
    0xef, 0xff, 0xfb, 0xcf, 0x78, 0x3, 0xde, 0x7b,
    0xc0, 0x1e, 0xf3, 0xdc, 0x0, 0x87, 0x9e, 0x0,
    0x0, 0x3c, 0xff, 0xff, 0xff, 0xe7, 0x80, 0x0,
    0xf, 0x3c, 0x0, 0x0, 0x79, 0xc0, 0x0, 0x3,
    0x80,

    /* U+754C "界" */
    0x4, 0x0, 0x0, 0xc0, 0xf, 0x0, 0x3, 0xc0,
    0x1f, 0xff, 0xff, 0xc0, 0x3c, 0x1e, 0xf, 0x80,
    0x78, 0x3c, 0x1e, 0x0, 0xf0, 0x78, 0x3c, 0x1,
    0xe0, 0xf0, 0x78, 0x3, 0xff, 0xff, 0xf0, 0x7,
    0x83, 0xc1, 0xe0, 0xf, 0x7, 0x83, 0xc0, 0x1e,
    0xf, 0x7, 0x80, 0x3c, 0x1e, 0xf, 0x0, 0x7f,
    0xff, 0xfe, 0x0, 0xff, 0xff, 0xfc, 0x1, 0xef,
    0x84, 0x70, 0x0, 0x3e, 0x6, 0x0, 0x0, 0xf8,
    0xf, 0x80, 0x3, 0xf0, 0x3f, 0xf0, 0x1f, 0xf0,
    0x7f, 0xf8, 0x7b, 0xe0, 0xff, 0xc3, 0x87, 0xc1,
    0xe7, 0x88, 0xf, 0x83, 0xc2, 0x0, 0x1e, 0x7,
    0x80, 0x0, 0x3c, 0xf, 0x0, 0x0, 0x78, 0x1e,
    0x0, 0x1, 0xe0, 0x3c, 0x0, 0x7, 0x80, 0x78,
    0x0, 0x1e, 0x0, 0xf0, 0x0, 0xf0, 0x1, 0xe0,
    0x6, 0x0, 0x3, 0x80, 0x0,

    /* U+7559 "留" */
    0x0, 0x10, 0x0, 0x0, 0x0, 0xe0, 0x0, 0x81,
    0xc7, 0xdf, 0xff, 0x7, 0xff, 0xff, 0xfe, 0x1f,
    0x0, 0x38, 0x70, 0x79, 0x0, 0xe1, 0xc1, 0xe3,
    0x83, 0x87, 0x7, 0x87, 0xe, 0x1c, 0x1e, 0x1e,
    0x70, 0xf0, 0x7b, 0xf9, 0xc3, 0xc1, 0xfc, 0xee,
    0x7f, 0x3f, 0xe3, 0x70, 0xf8, 0x7e, 0x3, 0x83,
    0xe1, 0xf0, 0x18, 0xe, 0x3, 0x70, 0x80, 0x18,
    0x9, 0xff, 0xff, 0xf0, 0x7, 0xff, 0xff, 0xe0,
    0x1e, 0xf, 0xf, 0x0, 0x78, 0x3c, 0x3c, 0x1,
    0xe0, 0xf0, 0xf0, 0x7, 0x83, 0xc3, 0xc0, 0x1f,
    0xff, 0xff, 0x0, 0x78, 0x3c, 0x3c, 0x1, 0xe0,
    0xf0, 0xf0, 0x7, 0x83, 0xc3, 0xc0, 0x1e, 0xf,
    0xf, 0x0, 0x7f, 0xff, 0xfc, 0x1, 0xe0, 0x0,
    0xf0, 0x7, 0x80, 0x3, 0xc0, 0x1c, 0x0, 0xe,
    0x0,

    /* U+756A "番" */
    0x0, 0x0, 0x3, 0x80, 0x0, 0x0, 0x3f, 0xc0,
    0x0, 0xf, 0xff, 0xe0, 0x3, 0xff, 0xff, 0xf0,
    0xc, 0x7, 0xc6, 0x0, 0x1, 0xc7, 0xc7, 0x80,
    0x1, 0xe7, 0xc7, 0xe0, 0x0, 0xe7, 0xcf, 0x90,
    0x0, 0xf7, 0xce, 0x18, 0x0, 0xf7, 0xc8, 0x3c,
    0x7f, 0xff, 0xff, 0xfe, 0x7f, 0xff, 0xff, 0xfe,
    0x0, 0x7f, 0xd0, 0x0, 0x0, 0xff, 0xcc, 0x0,
    0x1, 0xf7, 0xcf, 0x0, 0x1, 0xe7, 0xc7, 0xe0,
    0x3, 0xc7, 0xc3, 0xfe, 0x7, 0x87, 0x81, 0xfe,
    0x1f, 0xff, 0xff, 0xfc, 0x3b, 0xff, 0xff, 0xf8,
    0x43, 0xc7, 0xc3, 0xe8, 0x3, 0xc7, 0xc3, 0xe0,
    0x3, 0xc7, 0xc3, 0xe0, 0x3, 0xff, 0xff, 0xe0,
    0x3, 0xc7, 0xc3, 0xe0, 0x3, 0xc7, 0xc3, 0xe0,
    0x3, 0xc7, 0xc3, 0xe0, 0x3, 0xc7, 0xc3, 0xe0,
    0x3, 0xff, 0xff, 0xe0, 0x3, 0xff, 0xff, 0xe0,
    0x3, 0x80, 0x3, 0xc0,

    /* U+7570 "異" */
    0x8, 0x0, 0x1, 0x80, 0x3c, 0x0, 0xf, 0x0,
    0xff, 0xff, 0xfe, 0x3, 0xc1, 0xe0, 0xf8, 0xf,
    0x7, 0x83, 0xc0, 0x3c, 0x1e, 0xf, 0x0, 0xf0,
    0x78, 0x3c, 0x3, 0xff, 0xff, 0xf0, 0xf, 0x7,
    0x83, 0xc0, 0x3c, 0x1e, 0xf, 0x0, 0xf0, 0x78,
    0x3c, 0x3, 0xff, 0xff, 0xf0, 0xf, 0x0, 0x3,
    0xc0, 0x39, 0xc1, 0xec, 0x0, 0x7, 0xc7, 0xcc,
    0x0, 0x1e, 0x1e, 0x7c, 0x3f, 0xff, 0xff, 0xf8,
    0x1, 0xe1, 0xe0, 0x0, 0x7, 0x87, 0x80, 0x0,
    0x1e, 0x1e, 0x8, 0x0, 0x78, 0x78, 0x70, 0x1,
    0xe1, 0xe3, 0xef, 0xff, 0xff, 0xff, 0xc0, 0x0,
    0x0, 0x0, 0x0, 0xe0, 0x0, 0x0, 0x7, 0xc0,
    0xfe, 0x0, 0x3f, 0xc0, 0x7f, 0x1, 0xf8, 0x0,
    0xfe, 0x1f, 0x0, 0x0, 0xf9, 0xe0, 0x0, 0x1,
    0xe8, 0x0, 0x0, 0x2, 0x0,

    /* U+75B2 "疲" */
    0x0, 0x1, 0xf0, 0x0, 0x0, 0x3, 0xc0, 0x0,
    0x10, 0x7, 0x80, 0xc0, 0x3f, 0xff, 0xff, 0xe0,
    0x7f, 0xff, 0xff, 0xe0, 0xf0, 0x7, 0xc0, 0x11,
    0xe0, 0xf, 0x0, 0x3b, 0xc0, 0x1e, 0x0, 0x77,
    0x9f, 0xff, 0xf0, 0x7f, 0x3f, 0xff, 0xf8, 0xfe,
    0x78, 0xf1, 0xf1, 0xfc, 0xf1, 0xe3, 0x83, 0x79,
    0xe3, 0xc6, 0x0, 0xf3, 0xc7, 0x80, 0x1, 0xe7,
    0x8f, 0x10, 0x3, 0xcf, 0xff, 0xf0, 0x3f, 0x9f,
    0xff, 0xf1, 0xff, 0x3d, 0x3, 0xf3, 0xde, 0x7a,
    0x7, 0x83, 0xbc, 0xf2, 0xf, 0x6, 0x71, 0xc4,
    0x3c, 0x8, 0xe7, 0x8c, 0xf8, 0x3, 0xcf, 0x1d,
    0xe0, 0x7, 0x1c, 0x1f, 0x80, 0xe, 0x38, 0x1e,
    0x0, 0x38, 0xe0, 0x7f, 0xc0, 0x71, 0x81, 0xff,
    0xf9, 0xc7, 0xf, 0x3f, 0xc3, 0xc, 0x78, 0x1f,
    0xc, 0x23, 0x80, 0xe, 0x0, 0x0, 0x0, 0x4,
    0x0,

    /* U+75C5 "病" */
    0x0, 0x0, 0xf8, 0x0, 0x0, 0x1, 0xe0, 0x20,
    0x8, 0x3, 0xc1, 0xe0, 0x1f, 0xff, 0xff, 0xe0,
    0x3f, 0xff, 0xff, 0xe8, 0x78, 0x0, 0x0, 0x18,
    0xf0, 0x0, 0xc, 0x19, 0xe0, 0x0, 0x3e, 0x3b,
    0xdf, 0xff, 0xfe, 0x77, 0x80, 0x70, 0x0, 0xef,
    0x0, 0xe0, 0x1, 0xde, 0x1, 0xc0, 0x1, 0xbd,
    0x83, 0x83, 0x0, 0x7b, 0xff, 0xff, 0x0, 0xf7,
    0xff, 0xff, 0x7, 0xef, 0x1c, 0x3e, 0x3f, 0xde,
    0x38, 0x79, 0xff, 0xbc, 0x78, 0xf1, 0xde, 0x79,
    0xd9, 0xe3, 0xbc, 0xf3, 0xbb, 0xc2, 0x79, 0xe6,
    0x7f, 0x84, 0xf3, 0xdc, 0x7f, 0x1, 0xc7, 0xb0,
    0xfe, 0x7, 0x8f, 0xc0, 0xbc, 0xe, 0x1e, 0x0,
    0x78, 0x3c, 0x3c, 0x0, 0xf0, 0x70, 0x78, 0x1f,
    0xe1, 0xc0, 0xf0, 0xf, 0xc3, 0x1, 0xe0, 0xf,
    0x88, 0x3, 0x80, 0x1c, 0x0,

    /* U+75DB "痛" */
    0x0, 0x0, 0xf8, 0x0, 0x0, 0x1, 0xe0, 0x0,
    0x8, 0x3, 0xc0, 0xe0, 0x1f, 0xff, 0xff, 0xe0,
    0x3f, 0xff, 0xff, 0xe0, 0x78, 0x0, 0x0, 0x18,
    0xf0, 0x0, 0x18, 0x19, 0xef, 0xff, 0xf8, 0x3b,
    0xdf, 0xff, 0xf8, 0x77, 0x80, 0x3, 0xf0, 0xef,
    0x7, 0xfe, 0x1, 0xde, 0x3, 0xe0, 0x3, 0xbc,
    0x3, 0xe2, 0x0, 0x7b, 0xff, 0xff, 0x1, 0xf7,
    0xff, 0xff, 0xf, 0xef, 0x1e, 0x3c, 0x7f, 0xde,
    0x3c, 0x79, 0xff, 0xbc, 0x78, 0xf1, 0xde, 0x7f,
    0xff, 0xe3, 0x3c, 0xf1, 0xe3, 0xc2, 0x79, 0xe3,
    0xc7, 0x80, 0xf3, 0xc7, 0x8f, 0x1, 0xc7, 0xff,
    0xfe, 0x7, 0x8f, 0x1e, 0x3c, 0xe, 0x1e, 0x3c,
    0x78, 0x1c, 0x3c, 0x7b, 0xf0, 0x70, 0x78, 0xf3,
    0xe0, 0xc0, 0xf1, 0xe7, 0xc3, 0x1, 0xe3, 0xc7,
    0x88, 0x3, 0x87, 0xc, 0x0,

    /* U+767A "発" */
    0x0, 0x0, 0x80, 0x0, 0x0, 0x11, 0xe, 0x0,
    0x3f, 0xf9, 0x1e, 0x0, 0x7f, 0xfa, 0x7e, 0x0,
    0x3, 0xe7, 0xe2, 0x3, 0x87, 0xc6, 0xf, 0x7,
    0xdf, 0xe, 0x3f, 0x7, 0xbe, 0xe, 0x78, 0xf,
    0xf8, 0x1f, 0x80, 0x1f, 0xe0, 0x1f, 0x0, 0x1f,
    0x80, 0x1f, 0x80, 0x1e, 0x0, 0xdf, 0xe0, 0x78,
    0x3, 0xdf, 0xc1, 0xff, 0xff, 0xde, 0x6, 0x1e,
    0x1e, 0x1c, 0x30, 0x3c, 0x3c, 0x0, 0x0, 0x78,
    0x78, 0x0, 0x0, 0xf0, 0xf1, 0x80, 0x1, 0xe1,
    0xe7, 0x81, 0xff, 0xff, 0xff, 0xc0, 0x7, 0x87,
    0x80, 0x0, 0x1e, 0xf, 0x0, 0x0, 0x3c, 0x1e,
    0x4, 0x0, 0x78, 0x3c, 0x8, 0x1, 0xe0, 0x78,
    0x10, 0x7, 0x80, 0xff, 0xf0, 0x1e, 0x1, 0xff,
    0xf0, 0x70, 0x3, 0xff, 0xe3, 0x80, 0x3, 0xff,
    0x8, 0x0, 0x0, 0x0, 0x0,

    /* U+767D "白" */
    0x0, 0x30, 0x0, 0x0, 0x1f, 0xc0, 0x0, 0x7,
    0xc0, 0x0, 0x1, 0xe0, 0x0, 0x0, 0x70, 0x0,
    0x30, 0x18, 0x1, 0x8f, 0xff, 0xff, 0xf3, 0xff,
    0xff, 0xfe, 0xf8, 0x0, 0xf, 0xbe, 0x0, 0x3,
    0xcf, 0x80, 0x0, 0xf3, 0xe0, 0x0, 0x3c, 0xf8,
    0x0, 0xf, 0x3e, 0x0, 0x3, 0xcf, 0x80, 0x0,
    0xf3, 0xe0, 0x0, 0x3c, 0xff, 0xff, 0xff, 0x3e,
    0x0, 0x3, 0xcf, 0x80, 0x0, 0xf3, 0xe0, 0x0,
    0x3c, 0xf8, 0x0, 0xf, 0x3e, 0x0, 0x3, 0xcf,
    0x80, 0x0, 0xf3, 0xe0, 0x0, 0x3c, 0xf8, 0x0,
    0xf, 0x3e, 0x0, 0x3, 0xcf, 0xff, 0xff, 0xf3,
    0xe0, 0x0, 0x3c, 0xf8, 0x0, 0xf, 0x3c, 0x0,
    0x3, 0x80,

    /* U+767E "百" */
    0x0, 0x0, 0x0, 0x80, 0x0, 0x0, 0xe, 0x0,
    0x0, 0x0, 0xf9, 0xff, 0xff, 0xff, 0xe0, 0x1,
    0xf0, 0x0, 0x0, 0xf, 0x0, 0x0, 0x0, 0x78,
    0x0, 0x0, 0x3, 0x80, 0x0, 0xc, 0x18, 0x6,
    0x0, 0x7f, 0xff, 0xf8, 0x3, 0xff, 0xff, 0xe0,
    0x1e, 0x0, 0x1e, 0x0, 0xf0, 0x0, 0xf0, 0x7,
    0x80, 0x7, 0x80, 0x3c, 0x0, 0x3c, 0x1, 0xe0,
    0x1, 0xe0, 0xf, 0x0, 0xf, 0x0, 0x7f, 0xff,
    0xf8, 0x3, 0xc0, 0x3, 0xc0, 0x1e, 0x0, 0x1e,
    0x0, 0xf0, 0x0, 0xf0, 0x7, 0x80, 0x7, 0x80,
    0x3c, 0x0, 0x3c, 0x1, 0xe0, 0x1, 0xe0, 0xf,
    0x0, 0xf, 0x0, 0x78, 0x0, 0x78, 0x3, 0xff,
    0xff, 0xc0, 0x1e, 0x0, 0x1e, 0x0, 0xf0, 0x0,
    0xf0, 0x7, 0x0, 0x7, 0x0,

    /* U+7684 "的" */
    0x6, 0x0, 0xe0, 0x0, 0x7e, 0x7, 0xe0, 0x3,
    0xc0, 0x3e, 0x0, 0x1e, 0x1, 0xe0, 0x0, 0xe4,
    0x1f, 0x6, 0x66, 0x70, 0xf0, 0x7b, 0xa3, 0xe7,
    0x83, 0xfe, 0xff, 0x7b, 0xfe, 0xf0, 0xf3, 0xc0,
    0xf7, 0x87, 0x9c, 0x7, 0xbc, 0x3d, 0xc0, 0x3d,
    0xe1, 0xec, 0x1, 0xef, 0xf, 0x40, 0xf, 0x78,
    0x7d, 0x80, 0x7b, 0xc3, 0xc7, 0x3, 0xde, 0x1e,
    0x1e, 0x1e, 0xff, 0xf0, 0xf0, 0xf7, 0x87, 0x83,
    0xc7, 0xbc, 0x3c, 0x1e, 0x3d, 0xe1, 0xe0, 0xe1,
    0xef, 0xf, 0x0, 0xf, 0x78, 0x78, 0x0, 0x73,
    0xc3, 0xc0, 0x3, 0x9e, 0x1e, 0x0, 0x1c, 0xf0,
    0xf0, 0x1, 0xe7, 0xff, 0x80, 0xf, 0x3c, 0x3c,
    0x10, 0x79, 0xe1, 0xe0, 0x7f, 0x8f, 0x8, 0x0,
    0xfc, 0x60, 0x0, 0x3, 0xc0, 0x0, 0x0, 0x1c,
    0x0,

    /* U+7686 "皆" */
    0x18, 0x1, 0x0, 0x0, 0xf8, 0xf, 0x80, 0x7,
    0x80, 0x78, 0x0, 0x3c, 0x3, 0xc3, 0x1, 0xe3,
    0x1e, 0x3e, 0xf, 0x3c, 0xf7, 0xf8, 0x7f, 0xf7,
    0xfe, 0x3, 0xc0, 0x3f, 0x0, 0x1e, 0x1, 0xe0,
    0x10, 0xf0, 0xf, 0x0, 0x87, 0x80, 0x78, 0xc,
    0x3c, 0xfb, 0xc0, 0x6f, 0xff, 0x1f, 0xff, 0xff,
    0xc0, 0xff, 0xfd, 0xf8, 0x63, 0xff, 0xcf, 0x3,
    0xf0, 0x0, 0xc, 0x1e, 0x4, 0x0, 0x7f, 0xff,
    0xf8, 0x3, 0xff, 0xff, 0xe0, 0x1e, 0x0, 0x1e,
    0x0, 0xf0, 0x0, 0xf0, 0x7, 0x80, 0x7, 0x80,
    0x3c, 0x0, 0x3c, 0x1, 0xff, 0xff, 0xe0, 0xf,
    0x0, 0xf, 0x0, 0x78, 0x0, 0x78, 0x3, 0xc0,
    0x3, 0xc0, 0x1e, 0x0, 0x1e, 0x0, 0xff, 0xff,
    0xf0, 0x7, 0x80, 0x7, 0x80, 0x3c, 0x0, 0x38,
    0x0,

    /* U+76BF "皿" */
    0x0, 0x0, 0x1, 0x0, 0x38, 0x0, 0xf, 0x0,
    0xff, 0xff, 0xfe, 0x3, 0xcf, 0x3c, 0xf0, 0xf,
    0x3c, 0xf3, 0xc0, 0x3c, 0xf3, 0xcf, 0x0, 0xf3,
    0xcf, 0x3c, 0x3, 0xcf, 0x3c, 0xf0, 0xf, 0x3c,
    0xf3, 0xc0, 0x3c, 0xf3, 0xcf, 0x0, 0xf3, 0xcf,
    0x3c, 0x3, 0xcf, 0x3c, 0xf0, 0xf, 0x3c, 0xf3,
    0xc0, 0x3c, 0xf3, 0xcf, 0x0, 0xf3, 0xcf, 0x3c,
    0x3, 0xcf, 0x3c, 0xf0, 0xf, 0x3c, 0xf3, 0xc0,
    0x3c, 0xf3, 0xcf, 0x0, 0xf3, 0xcf, 0x3c, 0x3,
    0xcf, 0x3c, 0xf0, 0xf, 0x3c, 0xf3, 0xc0, 0x3c,
    0xf3, 0xcf, 0x40, 0xf3, 0xcf, 0x3f, 0x83, 0xcf,
    0x3c, 0xfe, 0xff, 0xff, 0xff, 0xff, 0xff, 0xff,
    0xff, 0xf0,

    /* U+76D7 "盗" */
    0x78, 0x7, 0x80, 0x0, 0xf8, 0x1f, 0x80, 0x1,
    0xf0, 0x78, 0x0, 0x3, 0xc9, 0xe0, 0x18, 0xf,
    0x6f, 0xff, 0xf0, 0x3, 0x3f, 0xff, 0xe0, 0x19,
    0xcf, 0x8f, 0xc0, 0xc7, 0x7d, 0x3c, 0x7, 0x39,
    0xf5, 0xc0, 0x38, 0x87, 0xdc, 0x1, 0xc4, 0x1e,
    0x70, 0x3f, 0x0, 0x78, 0xe0, 0x7c, 0x3, 0xc3,
    0xc0, 0xf0, 0x1e, 0xf, 0xc3, 0xe0, 0xf0, 0x1f,
    0xcf, 0x87, 0x0, 0x3c, 0x3e, 0x30, 0x0, 0xf0,
    0xf3, 0x0, 0xc, 0x80, 0xe0, 0x0, 0x78, 0x3,
    0xff, 0xff, 0xf8, 0xf, 0x3d, 0xe7, 0x80, 0x3c,
    0xf7, 0x9e, 0x0, 0xf3, 0xde, 0x78, 0x3, 0xcf,
    0x79, 0xe0, 0xf, 0x3d, 0xe7, 0x80, 0x3c, 0xf7,
    0x9e, 0x40, 0xf3, 0xde, 0x7b, 0x83, 0xcf, 0x79,
    0xef, 0xff, 0xff, 0xff, 0xfc,

    /* U+76EE "目" */
    0xc0, 0x0, 0x63, 0xff, 0xff, 0xcf, 0xff, 0xff,
    0xfc, 0x0, 0x3e, 0xf0, 0x0, 0xfb, 0xc0, 0x3,
    0xef, 0x0, 0xf, 0xbc, 0x0, 0x3e, 0xf0, 0x0,
    0xfb, 0xff, 0xff, 0xef, 0x0, 0xf, 0xbc, 0x0,
    0x3e, 0xf0, 0x0, 0xfb, 0xc0, 0x3, 0xef, 0x0,
    0xf, 0xbc, 0x0, 0x3e, 0xf0, 0x0, 0xfb, 0xff,
    0xff, 0xef, 0x0, 0xf, 0xbc, 0x0, 0x3e, 0xf0,
    0x0, 0xfb, 0xc0, 0x3, 0xef, 0x0, 0xf, 0xbc,
    0x0, 0x3e, 0xf0, 0x0, 0xfb, 0xff, 0xff, 0xef,
    0x0, 0xf, 0xbc, 0x0, 0x3e, 0xe0, 0x0, 0xe0,

    /* U+76F4 "直" */
    0x0, 0xf, 0xc0, 0x0, 0x0, 0x7c, 0x8, 0x0,
    0x3, 0xe0, 0xf0, 0x0, 0x1f, 0xf, 0xcf, 0xff,
    0xff, 0xff, 0x0, 0x7, 0x80, 0x0, 0x0, 0x3c,
    0x0, 0x0, 0x19, 0xe0, 0x80, 0x0, 0xff, 0xfe,
    0x3, 0xc7, 0xff, 0xfc, 0x1e, 0x3c, 0x3, 0xc0,
    0xf1, 0xe0, 0x1e, 0x7, 0x8f, 0x0, 0xf0, 0x3c,
    0x7f, 0xff, 0x81, 0xe3, 0xc0, 0x3c, 0xf, 0x1e,
    0x1, 0xe0, 0x78, 0xf0, 0xf, 0x3, 0xc7, 0xff,
    0xf8, 0x1e, 0x3c, 0x3, 0xc0, 0xf1, 0xe0, 0x1e,
    0x7, 0x8f, 0x0, 0xf0, 0x3c, 0x78, 0x7, 0x81,
    0xe3, 0xff, 0xfc, 0xf, 0x1e, 0x1, 0xe0, 0x78,
    0xe0, 0xc, 0x83, 0xc0, 0x0, 0xe, 0x1e, 0x0,
    0x0, 0xfc, 0xff, 0xff, 0xff, 0xf7, 0x80, 0x0,
    0x0, 0x38, 0x0, 0x0, 0x0,

    /* U+76F8 "相" */
    0x7, 0x0, 0x0, 0x0, 0x1e, 0x8, 0x0, 0x80,
    0x78, 0x3f, 0xff, 0x81, 0xe0, 0xff, 0xff, 0x7,
    0x83, 0xc0, 0x78, 0x1e, 0xf, 0x1, 0xe0, 0x7b,
    0x3c, 0x7, 0x81, 0xee, 0xf0, 0x1e, 0x7f, 0xff,
    0xc0, 0x78, 0x3e, 0xf, 0x1, 0xe0, 0xf8, 0x3f,
    0xff, 0x83, 0xe0, 0xf0, 0x1e, 0xf, 0xe3, 0xc0,
    0x78, 0x3e, 0xef, 0x1, 0xe1, 0xfb, 0xbc, 0x7,
    0x87, 0xef, 0xf0, 0x1e, 0x1f, 0xbf, 0xc0, 0x78,
    0xfe, 0x6f, 0x1, 0xe3, 0x78, 0x3f, 0xff, 0x99,
    0xe0, 0xf0, 0x1e, 0x47, 0x83, 0xc0, 0x7a, 0x1e,
    0xf, 0x1, 0xe0, 0x78, 0x3c, 0x7, 0x81, 0xe0,
    0xf0, 0x1e, 0x7, 0x83, 0xc0, 0x78, 0x1e, 0xf,
    0xff, 0xe0, 0x78, 0x3c, 0x7, 0x81, 0xe0, 0xf0,
    0x1e, 0x7, 0x83, 0xc0, 0x78, 0x1c, 0xe, 0x1,
    0xc0,

    /* U+771F "真" */
    0x0, 0x7, 0xc0, 0x0, 0x0, 0x1e, 0x0, 0x0,
    0x0, 0x78, 0xe, 0x0, 0x1, 0xe0, 0x7c, 0x3f,
    0xff, 0xff, 0xf8, 0x0, 0x1e, 0x0, 0x0, 0x30,
    0x78, 0x60, 0x0, 0xff, 0xff, 0xc0, 0x3, 0xff,
    0xff, 0x80, 0xf, 0x0, 0x3c, 0x0, 0x3c, 0x0,
    0xf0, 0x0, 0xff, 0xff, 0xc0, 0x3, 0xc0, 0xf,
    0x0, 0xf, 0x0, 0x3c, 0x0, 0x3c, 0x0, 0xf0,
    0x0, 0xff, 0xff, 0xc0, 0x3, 0xc0, 0xf, 0x0,
    0xf, 0x0, 0x3c, 0x0, 0x3f, 0xff, 0xf0, 0x0,
    0xf0, 0x3, 0xc8, 0x3, 0x80, 0x8, 0x70, 0x8,
    0x0, 0x3, 0xe7, 0xff, 0xff, 0xff, 0xc0, 0x8,
    0x0, 0x0, 0x0, 0x70, 0x78, 0x0, 0x7, 0xf0,
    0x7f, 0x0, 0x3f, 0xc0, 0x7f, 0x3, 0xf0, 0x0,
    0xfc, 0x1e, 0x0, 0x1, 0xf1, 0x80, 0x0, 0x1,
    0xc0,

    /* U+7720 "眠" */
    0x81, 0x8, 0x0, 0x63, 0xfe, 0x3c, 0x3, 0xef,
    0xfe, 0xff, 0xff, 0xbc, 0xf3, 0xc0, 0x3c, 0xf3,
    0xcf, 0x0, 0xf3, 0xcf, 0x3c, 0x3, 0xcf, 0x3c,
    0xf0, 0xf, 0x3c, 0xf3, 0xc0, 0x3c, 0xff, 0xcf,
    0xff, 0xf3, 0xcf, 0x3c, 0xf3, 0x8f, 0x3c, 0xf3,
    0xc0, 0x3c, 0xf3, 0xcf, 0x0, 0xf3, 0xcf, 0x3c,
    0x23, 0xcf, 0x3c, 0xf1, 0xef, 0x3c, 0xff, 0xff,
    0xff, 0xf3, 0xc7, 0x80, 0xf3, 0xcf, 0x1e, 0x3,
    0xcf, 0x3c, 0x78, 0xf, 0x3c, 0xf1, 0xe0, 0x3c,
    0xf3, 0xc7, 0xc0, 0xf3, 0xcf, 0xf, 0x7, 0xcf,
    0x3c, 0x3e, 0x1f, 0xfc, 0xf1, 0xfc, 0xbc, 0xf3,
    0xfd, 0xfe, 0xf3, 0xff, 0xc3, 0xfb, 0xc1, 0xfe,
    0xf, 0xfe, 0x3, 0xe0, 0x1f, 0xc0, 0xf, 0x0,
    0x3f, 0x0, 0x10, 0x0, 0x38, 0x0, 0x0, 0x0,
    0x0,

    /* U+7740 "着" */
    0x1, 0xe0, 0x3c, 0x0, 0x3, 0xc0, 0xf8, 0x0,
    0xf, 0x83, 0x8c, 0x0, 0x1e, 0x1c, 0x78, 0x3f,
    0xff, 0xff, 0xf0, 0x0, 0x1e, 0x0, 0x0, 0x0,
    0x78, 0x18, 0x0, 0x1, 0xe0, 0xf8, 0x1f, 0xff,
    0xff, 0xf0, 0x0, 0x1e, 0x1, 0x0, 0x0, 0x78,
    0x6, 0x0, 0x1, 0xe0, 0x3e, 0x7f, 0xff, 0xff,
    0xfc, 0x7, 0xe0, 0x0, 0x0, 0x1f, 0x0, 0x30,
    0x0, 0x7f, 0xff, 0xe0, 0x3, 0xff, 0xff, 0xe0,
    0xf, 0xc0, 0x1f, 0x0, 0x7f, 0x0, 0x7c, 0x1,
    0xff, 0xff, 0xf0, 0xf, 0xf0, 0x7, 0xc0, 0x3f,
    0xc0, 0x1f, 0x1, 0xef, 0x0, 0x7c, 0x7, 0x3f,
    0xff, 0xf0, 0x38, 0xf0, 0x7, 0xc1, 0x83, 0xc0,
    0x1f, 0xc, 0xf, 0x0, 0x7c, 0x0, 0x3f, 0xff,
    0xf0, 0x0, 0xf0, 0x7, 0xc0, 0x3, 0x80, 0x1e,
    0x0,

    /* U+77E5 "知" */
    0x1c, 0x0, 0x0, 0x0, 0x3f, 0x0, 0x0, 0x0,
    0x78, 0x1, 0x0, 0xc0, 0xf0, 0x43, 0xff, 0xc3,
    0xc1, 0xe7, 0xff, 0xc7, 0xff, 0xef, 0xf, 0x8e,
    0xf0, 0x1e, 0x1f, 0x19, 0xe0, 0x3c, 0x3e, 0x73,
    0xc0, 0x78, 0x7c, 0xc7, 0x80, 0xf0, 0xfb, 0xf,
    0x1, 0xe1, 0xf0, 0x1e, 0x73, 0xc3, 0xe0, 0x3d,
    0xf7, 0x87, 0xdf, 0xff, 0xff, 0xf, 0x80, 0xf0,
    0x1e, 0x1f, 0x1, 0xe0, 0x3c, 0x3e, 0x3, 0x80,
    0x78, 0x7c, 0xf, 0xc0, 0xf0, 0xf8, 0x1f, 0xe1,
    0xe1, 0xf0, 0x3d, 0xe3, 0xc3, 0xe0, 0x71, 0xe7,
    0x87, 0xc1, 0xe3, 0xcf, 0xf, 0x83, 0x87, 0xde,
    0x1f, 0xf, 0x7, 0x3f, 0xfe, 0x1c, 0x4, 0x78,
    0x7c, 0x70, 0x0, 0xf0, 0xf8, 0xc0, 0x1, 0xe1,
    0xc2, 0x0, 0x0, 0x0, 0x8, 0x0, 0x0, 0x0,
    0x0,

    /* U+77ED "短" */
    0x18, 0x0, 0x0, 0x20, 0x3e, 0x0, 0x0, 0x60,
    0x78, 0x0, 0x1, 0xe0, 0xf0, 0x3f, 0xff, 0xe1,
    0xc3, 0x0, 0x0, 0x7, 0x8f, 0x0, 0x0, 0xf,
    0xff, 0x0, 0x10, 0x1f, 0xc1, 0xff, 0xf8, 0x37,
    0x83, 0xff, 0xf8, 0xcf, 0x7, 0x81, 0xe1, 0x1e,
    0xf, 0x3, 0xc4, 0x3d, 0x9e, 0x7, 0x80, 0x7b,
    0xbc, 0xf, 0xf, 0xff, 0xf8, 0x1e, 0x1, 0xe0,
    0xf0, 0x3c, 0x3, 0xc1, 0xff, 0xf8, 0x7, 0x83,
    0xc0, 0xf0, 0xf, 0x7, 0x81, 0x0, 0x1f, 0x8,
    0x0, 0x0, 0x3b, 0x84, 0xf, 0x0, 0xf7, 0x8c,
    0x1f, 0x1, 0xcf, 0x9c, 0x3c, 0x3, 0x8f, 0x3c,
    0xf0, 0x6, 0x1e, 0x79, 0xc0, 0x1c, 0x3c, 0x73,
    0x80, 0x30, 0x30, 0xe6, 0x20, 0xc0, 0x1, 0x98,
    0xe3, 0x1, 0xff, 0xff, 0xe4, 0x1, 0xff, 0xff,
    0xe0,

    /* U+77F3 "石" */
    0x0, 0x0, 0x0, 0x20, 0x0, 0x0, 0x0, 0xe0,
    0x0, 0x0, 0x3, 0xf3, 0xff, 0xff, 0xff, 0xf0,
    0x3, 0xe0, 0x0, 0x0, 0x7, 0x80, 0x0, 0x0,
    0x1f, 0x0, 0x0, 0x0, 0x3e, 0x0, 0x0, 0x0,
    0x78, 0x0, 0x0, 0x1, 0xf0, 0x0, 0x0, 0x3,
    0xc0, 0x0, 0x0, 0xf, 0x0, 0x0, 0x0, 0x1e,
    0x0, 0x0, 0x0, 0x78, 0x0, 0x18, 0x0, 0xff,
    0xff, 0xf8, 0x3, 0xff, 0xff, 0xfc, 0x7, 0xe0,
    0x1, 0xf0, 0x1f, 0xc0, 0x3, 0xe0, 0x77, 0x80,
    0x7, 0xc0, 0xcf, 0x0, 0xf, 0x82, 0x1e, 0x0,
    0x1f, 0x8, 0x3c, 0x0, 0x3e, 0x0, 0x78, 0x0,
    0x7c, 0x0, 0xf0, 0x0, 0xf8, 0x1, 0xe0, 0x1,
    0xf0, 0x3, 0xc0, 0x3, 0xe0, 0x7, 0xff, 0xff,
    0xc0, 0xf, 0x0, 0xf, 0x80, 0x1e, 0x0, 0x1f,
    0x0, 0x38, 0x0, 0x3c, 0x0,

    /* U+7802 "砂" */
    0x0, 0x10, 0xc, 0x0, 0x0, 0x38, 0xf, 0x0,
    0x0, 0x7c, 0xf, 0x0, 0x7f, 0xfe, 0xf, 0x0,
    0x7, 0x80, 0xf, 0x0, 0xf, 0x0, 0xcf, 0x60,
    0xf, 0x0, 0xff, 0x38, 0xf, 0x0, 0xef, 0x3c,
    0xf, 0x1, 0xef, 0x1e, 0xe, 0x1, 0xcf, 0x1e,
    0xe, 0x21, 0xcf, 0x1e, 0x1f, 0xf1, 0x8f, 0x1e,
    0x1f, 0xff, 0x8f, 0x1e, 0x1e, 0x7b, 0xf, 0xe,
    0x1e, 0x7a, 0xf, 0x20, 0x1e, 0x7c, 0xf, 0x38,
    0x3e, 0x78, 0xff, 0x7e, 0x3e, 0x78, 0x3f, 0x7c,
    0x7e, 0x78, 0x1f, 0xf8, 0x5e, 0x78, 0x1e, 0xf8,
    0x1e, 0x78, 0x1, 0xf0, 0x1e, 0x78, 0x3, 0xe0,
    0x1e, 0x78, 0x3, 0xe0, 0x1f, 0xf8, 0x7, 0xc0,
    0x1e, 0x78, 0xf, 0x80, 0x1e, 0x78, 0x1e, 0x0,
    0x1e, 0x70, 0x7c, 0x0, 0x1e, 0x0, 0xf0, 0x0,
    0x10, 0x3, 0xc0, 0x0, 0x0, 0xe, 0x0, 0x0,
    0x0, 0x30, 0x0, 0x0,

    /* U+7814 "研" */
    0x0, 0x20, 0x0, 0x0, 0x0, 0xe0, 0x0, 0xe0,
    0x3, 0xe0, 0x3, 0xe7, 0xff, 0xff, 0xff, 0xe0,
    0xf0, 0x1e, 0x3c, 0x1, 0xc0, 0x3c, 0x78, 0x7,
    0x80, 0x78, 0xf0, 0xf, 0x0, 0xf1, 0xe0, 0x1e,
    0x1, 0xe3, 0xc0, 0x38, 0x3, 0xc7, 0x80, 0x71,
    0x7, 0x8f, 0x0, 0xff, 0xf, 0x1e, 0x83, 0xff,
    0x9e, 0x3d, 0x87, 0x9e, 0x3c, 0x7f, 0x8f, 0x3f,
    0xff, 0xff, 0x9e, 0x78, 0xf1, 0xe0, 0x7c, 0xf1,
    0xe3, 0xc0, 0xf9, 0xe3, 0xc7, 0x83, 0xf3, 0xc7,
    0x8f, 0x5, 0xe7, 0x8f, 0x1e, 0x3, 0xcf, 0x3c,
    0x3c, 0x7, 0x9e, 0x78, 0x78, 0xf, 0x3c, 0xf0,
    0xf0, 0x1f, 0xf9, 0xc1, 0xe0, 0x3c, 0xf7, 0x83,
    0xc0, 0x79, 0xee, 0x7, 0x80, 0xf0, 0x38, 0xf,
    0x1, 0xc0, 0x60, 0x1e, 0x0, 0x1, 0x80, 0x3c,
    0x0, 0x4, 0x0, 0x70, 0x0,

    /* U+7834 "破" */
    0x0, 0x0, 0x18, 0x0, 0x1, 0x80, 0x7c, 0x0,
    0x7, 0x1, 0xe0, 0x3f, 0xfe, 0x7, 0x80, 0x1e,
    0x0, 0x1e, 0x20, 0x78, 0x1f, 0xff, 0xc1, 0xe0,
    0x7f, 0xff, 0x87, 0x81, 0xe7, 0x9f, 0x1e, 0x7,
    0x9e, 0x70, 0x70, 0x1e, 0x79, 0x83, 0xc0, 0x79,
    0xe8, 0xf, 0x11, 0xe7, 0x98, 0x3c, 0xf7, 0xff,
    0xf0, 0xff, 0xdf, 0xff, 0xe3, 0xcf, 0x7a, 0xf,
    0x1f, 0x3d, 0xe8, 0x3c, 0x7c, 0xf7, 0xa1, 0xe1,
    0xf3, 0xde, 0x47, 0x8f, 0xcf, 0x79, 0x1e, 0x2f,
    0x3d, 0xe6, 0xf0, 0x3c, 0xf7, 0x1f, 0x80, 0xf3,
    0xdc, 0x3e, 0x3, 0xcf, 0xf0, 0xf0, 0xf, 0xff,
    0x83, 0xe0, 0x3c, 0xfe, 0x1f, 0xe0, 0xf3, 0x30,
    0xef, 0xe3, 0xc1, 0xc7, 0x1f, 0xcc, 0x6, 0x70,
    0x3c, 0x0, 0x33, 0x0, 0x60, 0x0, 0x30, 0x0,
    0x80,

    /* U+78BA "確" */
    0x0, 0x0, 0x38, 0x0, 0x0, 0xc0, 0x7c, 0x0,
    0x3, 0xe0, 0xf0, 0x7, 0xff, 0xf1, 0xe0, 0x80,
    0xf0, 0x7f, 0xff, 0x83, 0xc0, 0xff, 0xff, 0x87,
    0x87, 0x9c, 0xf, 0xf, 0xf, 0x7b, 0xd8, 0x1e,
    0x1c, 0xe7, 0x60, 0x3c, 0x39, 0xcc, 0x40, 0x70,
    0x7, 0xff, 0xe1, 0xe2, 0xf, 0xff, 0xe3, 0xfe,
    0x38, 0xf0, 0x7, 0xff, 0xf1, 0xe0, 0xf, 0x3d,
    0xe3, 0xc8, 0x1e, 0x7d, 0xc7, 0xb8, 0x7c, 0xf3,
    0xff, 0xf8, 0xf9, 0xe7, 0x1e, 0x1, 0xf3, 0xce,
    0x3c, 0x5, 0xe7, 0x9c, 0x79, 0x3, 0xcf, 0x38,
    0xf7, 0x7, 0x9e, 0x7f, 0xff, 0xf, 0x3c, 0xe3,
    0xc0, 0x1e, 0x79, 0xc7, 0x80, 0x3f, 0xf3, 0x8f,
    0x0, 0x79, 0xe7, 0x1e, 0x60, 0xf3, 0x8f, 0xff,
    0xf1, 0xe6, 0x1f, 0xff, 0xe3, 0x80, 0x38, 0x0,
    0x0, 0x0, 0x70, 0x0, 0x0,

    /* U+793A "示" */
    0x0, 0x0, 0x2, 0x0, 0x0, 0x0, 0x1c, 0x0,
    0x0, 0x0, 0xf8, 0x3, 0xff, 0xff, 0xf8, 0x0,
    0x0, 0x0, 0x0, 0x0, 0x0, 0x0, 0x0, 0x0,
    0x0, 0x0, 0x0, 0x0, 0x0, 0x0, 0x0, 0x0,
    0x0, 0x40, 0x0, 0x0, 0x3, 0x80, 0x0, 0x0,
    0x1f, 0xbf, 0xff, 0xff, 0xff, 0x0, 0x7, 0x80,
    0x0, 0x0, 0x1e, 0x0, 0x0, 0x0, 0x78, 0x0,
    0x0, 0xc1, 0xe0, 0x0, 0x7, 0xc7, 0x8e, 0x0,
    0x1f, 0x9e, 0x1e, 0x0, 0x78, 0x78, 0x3c, 0x3,
    0xc1, 0xe0, 0x78, 0xf, 0x7, 0x81, 0xf0, 0x78,
    0x1e, 0x3, 0xe1, 0xc0, 0x78, 0xf, 0x8e, 0x1,
    0xe0, 0x1e, 0x70, 0x7, 0x80, 0x79, 0x7, 0xfe,
    0x1, 0xe8, 0x3, 0xf8, 0x0, 0x0, 0x7, 0xe0,
    0x0, 0x0, 0x1f, 0x0, 0x0, 0x0, 0x38, 0x0,
    0x0,

    /* U+793C "礼" */
    0x2, 0x0, 0x0, 0x0, 0x7, 0xc0, 0xf8, 0x0,
    0xf, 0x1, 0xe0, 0x0, 0x1e, 0x3, 0xc0, 0x0,
    0x3c, 0x7, 0x80, 0x0, 0x79, 0xf, 0x0, 0x0,
    0xf7, 0x1e, 0x0, 0x3f, 0xff, 0x3c, 0x0, 0x7f,
    0xfe, 0x78, 0x0, 0x0, 0xf8, 0xf0, 0x0, 0x1,
    0xf1, 0xe0, 0x0, 0x7, 0xc3, 0xc0, 0x0, 0xf,
    0x7, 0x80, 0x0, 0x3c, 0xf, 0x0, 0x0, 0xfc,
    0x1e, 0x0, 0x1, 0xfe, 0x3c, 0x0, 0x7, 0xde,
    0x78, 0x0, 0x1f, 0xbc, 0xf0, 0x0, 0x6f, 0x3d,
    0xe0, 0x1, 0x9e, 0x73, 0xc0, 0x4, 0x3c, 0x47,
    0x80, 0x0, 0x78, 0xf, 0x0, 0x0, 0xf0, 0x1e,
    0x2, 0x1, 0xe0, 0x3c, 0x4, 0x3, 0xc0, 0x78,
    0x8, 0x7, 0x80, 0xf0, 0x10, 0xf, 0x1, 0xe0,
    0x60, 0x1e, 0x3, 0xff, 0xf0, 0x3c, 0x7, 0xff,
    0xe0, 0x78, 0xf, 0xff, 0xc0, 0xf0, 0x7, 0xfe,
    0x0,

    /* U+793E "社" */
    0x7, 0xc0, 0x1f, 0x0, 0xf, 0x0, 0x3c, 0x0,
    0x1e, 0x0, 0x78, 0x0, 0x3c, 0x0, 0xf0, 0x0,
    0x7b, 0x1, 0xe0, 0x0, 0xfe, 0x3, 0xc0, 0x1f,
    0xfe, 0x7, 0x80, 0x0, 0x7e, 0xf, 0x0, 0x0,
    0xf8, 0x1e, 0x0, 0x1, 0xe0, 0x3c, 0x60, 0x7,
    0x80, 0x79, 0xe0, 0xf, 0x3f, 0xff, 0xe0, 0x3c,
    0x1, 0xe0, 0x0, 0xfe, 0x3, 0xc0, 0x1, 0xfe,
    0x7, 0x80, 0x7, 0xde, 0xf, 0x0, 0x1f, 0x9c,
    0x1e, 0x0, 0x6f, 0x38, 0x3c, 0x1, 0x9e, 0x0,
    0x78, 0x4, 0x3c, 0x0, 0xf0, 0x0, 0x78, 0x1,
    0xe0, 0x0, 0xf0, 0x3, 0xc0, 0x1, 0xe0, 0x7,
    0x80, 0x3, 0xc0, 0xf, 0x0, 0x7, 0x80, 0x1e,
    0x0, 0xf, 0x0, 0x3c, 0x20, 0x1e, 0x0, 0x78,
    0xe0, 0x3c, 0x0, 0xf3, 0xe0, 0x79, 0xff, 0xff,
    0xe0, 0xf0, 0x0, 0x0, 0x0,

    /* U+7956 "祖" */
    0x7, 0xc0, 0x0, 0x0, 0xf, 0x0, 0x0, 0x80,
    0x1e, 0xe, 0x3, 0xc0, 0x3c, 0x1f, 0xff, 0xc0,
    0x78, 0x3c, 0xf, 0x0, 0xf6, 0x78, 0x1e, 0x1f,
    0xfe, 0xf0, 0x3c, 0x3f, 0xfd, 0xe0, 0x78, 0x0,
    0xf3, 0xc0, 0xf0, 0x3, 0xe7, 0x81, 0xe0, 0x7,
    0x8f, 0x3, 0xc0, 0x1e, 0x1f, 0xff, 0x80, 0x3c,
    0x3c, 0xf, 0x0, 0xfc, 0x78, 0x1e, 0x3, 0xfe,
    0xf0, 0x3c, 0x7, 0xdd, 0xe0, 0x78, 0x1f, 0xbb,
    0xc0, 0xf0, 0x6f, 0x37, 0x81, 0xe1, 0x1e, 0xf,
    0x3, 0xc4, 0x3c, 0x1f, 0xff, 0x80, 0x78, 0x3c,
    0xf, 0x0, 0xf0, 0x78, 0x1e, 0x1, 0xe0, 0xf0,
    0x3c, 0x3, 0xc1, 0xe0, 0x78, 0x7, 0x83, 0xc0,
    0xf0, 0xf, 0x7, 0x81, 0xe0, 0x1e, 0xf, 0x3,
    0xd0, 0x3c, 0x1e, 0x7, 0xe0, 0x7b, 0xff, 0xff,
    0xe0, 0xe7, 0xff, 0xff, 0xc0,

    /* U+795D "祝" */
    0x0, 0x0, 0x0, 0x0, 0xf, 0x88, 0x0, 0x40,
    0x1e, 0x1e, 0x1, 0xe0, 0x3c, 0x3f, 0xff, 0xe0,
    0x78, 0x7c, 0x7, 0xc0, 0xf4, 0xf8, 0xf, 0x1,
    0xfd, 0xf0, 0x1e, 0x3f, 0xff, 0xe0, 0x3c, 0x7f,
    0xff, 0xc0, 0x78, 0x1, 0xef, 0x80, 0xf0, 0x7,
    0xdf, 0x1, 0xe0, 0xf, 0x3e, 0x3, 0xc0, 0x3c,
    0x7c, 0x7, 0x80, 0x78, 0xf8, 0xf, 0x1, 0xf9,
    0xff, 0xfe, 0x3, 0xff, 0xfd, 0xfc, 0xf, 0xbf,
    0xfb, 0xc0, 0x3f, 0x79, 0xe7, 0x80, 0xfe, 0x73,
    0xcf, 0x3, 0x3c, 0x7, 0x9e, 0x4, 0x78, 0xf,
    0x3c, 0x0, 0xf0, 0x3e, 0x78, 0x1, 0xe0, 0x78,
    0xf1, 0x3, 0xc0, 0xf1, 0xe2, 0x7, 0x81, 0xe3,
    0xc4, 0xf, 0x7, 0x87, 0x88, 0x1e, 0xe, 0xf,
    0x10, 0x3c, 0x38, 0x1f, 0xf0, 0x78, 0xe0, 0x3f,
    0xe0, 0xf3, 0x80, 0x7f, 0xc1, 0xec, 0x0, 0x7f,
    0x0,

    /* U+795E "神" */
    0x0, 0x0, 0x0, 0x0, 0xf, 0x80, 0x3e, 0x0,
    0x1e, 0x0, 0x78, 0x0, 0x3c, 0x0, 0xf0, 0x0,
    0x78, 0x1, 0xe1, 0x0, 0xf4, 0xc3, 0xc7, 0x1,
    0xfd, 0xff, 0xff, 0x3f, 0xff, 0xcf, 0x1f, 0x7f,
    0xff, 0x9e, 0x3c, 0x1, 0xff, 0x3c, 0x78, 0x7,
    0xde, 0x78, 0xf0, 0xf, 0x3c, 0xf1, 0xe0, 0x3e,
    0x79, 0xe3, 0xc0, 0x78, 0xff, 0xff, 0x81, 0xf9,
    0xe7, 0x8f, 0x7, 0xfb, 0xcf, 0x1e, 0xf, 0xbf,
    0x9e, 0x3c, 0x3f, 0x7f, 0x3c, 0x78, 0xde, 0xfe,
    0x78, 0xf3, 0x3c, 0x3c, 0xf1, 0xe8, 0x78, 0x7f,
    0xff, 0xc0, 0xf0, 0xf3, 0xc7, 0x81, 0xe1, 0xe7,
    0x8f, 0x3, 0xc3, 0x8f, 0x10, 0x7, 0x80, 0x1e,
    0x0, 0xf, 0x0, 0x3c, 0x0, 0x1e, 0x0, 0x78,
    0x0, 0x3c, 0x0, 0xf0, 0x0, 0x78, 0x1, 0xe0,
    0x0, 0xf0, 0x3, 0xc0, 0x1, 0xc0, 0x7, 0x0,
    0x0,

    /* U+796D "祭" */
    0x2, 0x1, 0x0, 0x0, 0xf, 0x4, 0x1, 0x0,
    0x7e, 0xc8, 0xe, 0x1, 0xff, 0xaf, 0xfc, 0xf,
    0xff, 0xc1, 0xf8, 0x3e, 0x79, 0x87, 0x81, 0xdf,
    0xe7, 0x3c, 0x6, 0x7f, 0xe, 0xc0, 0x3c, 0x7c,
    0x3e, 0x1, 0x39, 0xe0, 0x7c, 0x0, 0xef, 0x1,
    0xf8, 0x3, 0xf8, 0xb, 0xfc, 0x1, 0xc0, 0x77,
    0xfc, 0xe, 0x1, 0xef, 0xc0, 0xf7, 0xff, 0xce,
    0x7, 0x0, 0x0, 0x18, 0x60, 0x0, 0x1, 0x80,
    0x0, 0x0, 0xf, 0x1, 0xff, 0xff, 0xff, 0x0,
    0x1, 0xe0, 0x0, 0x1, 0x87, 0x80, 0x0, 0xf,
    0x1e, 0xf8, 0x0, 0x7f, 0x78, 0xf8, 0x1, 0xf1,
    0xe1, 0xf0, 0xf, 0x87, 0x83, 0xe0, 0x78, 0x1e,
    0x7, 0xc1, 0xc3, 0xf8, 0xf, 0xc, 0x7, 0xe0,
    0x38, 0x40, 0xf, 0x0, 0x0, 0x0, 0x38, 0x0,
    0x0,

    /* U+7981 "禁" */
    0x2, 0x0, 0x0, 0x0, 0x7, 0x80, 0x1f, 0x0,
    0xf, 0x0, 0x3c, 0x0, 0x1e, 0x80, 0x79, 0x80,
    0x3f, 0xc0, 0xf7, 0x8f, 0xff, 0xff, 0xff, 0x83,
    0xf0, 0xf, 0xe0, 0x7, 0xf0, 0x3f, 0xe0, 0xf,
    0xf8, 0x7f, 0xe0, 0x3f, 0xb9, 0xfe, 0xf0, 0x7f,
    0x77, 0xbd, 0xf9, 0xde, 0xee, 0x79, 0xc6, 0x3c,
    0x30, 0xf3, 0x88, 0x79, 0x81, 0xe2, 0x0, 0xe0,
    0x3, 0x60, 0x0, 0x0, 0x1, 0xe0, 0xf, 0xff,
    0xff, 0xe0, 0x0, 0x0, 0x0, 0x0, 0x0, 0x0,
    0x0, 0x80, 0x0, 0x0, 0x3, 0x80, 0x0, 0x0,
    0xf, 0x8f, 0xff, 0xff, 0xff, 0x80, 0x1, 0xe0,
    0x0, 0x1, 0xc3, 0xc7, 0x0, 0x7, 0xe7, 0x87,
    0xc0, 0xf, 0x8f, 0x7, 0xe0, 0x3c, 0x1e, 0x7,
    0xe0, 0xf1, 0xfc, 0x7, 0xc3, 0x81, 0xf8, 0x7,
    0x88, 0x1, 0xe0, 0x7, 0x0, 0x3, 0x80, 0x0,
    0x0,

    /* U+79C0 "秀" */
    0x0, 0x0, 0xe, 0x0, 0x0, 0x3, 0xfc, 0x0,
    0x0, 0xff, 0xf8, 0x0, 0xff, 0xff, 0x30, 0x4,
    0x7, 0x80, 0x0, 0x0, 0x1e, 0x1, 0xc0, 0x0,
    0x78, 0xf, 0x9f, 0xff, 0xff, 0xff, 0x0, 0x3f,
    0xb0, 0x0, 0x1, 0xfe, 0x60, 0x0, 0x7, 0xf8,
    0xf0, 0x0, 0x3d, 0xe3, 0xf8, 0x1, 0xe7, 0x87,
    0xfc, 0xf, 0x1e, 0x7, 0xe0, 0xf0, 0x63, 0xf,
    0x7, 0xff, 0xfe, 0x8, 0x33, 0xff, 0xfc, 0x1,
    0x0, 0xf1, 0xf0, 0x0, 0x3, 0xc7, 0x8c, 0x0,
    0xf, 0x1f, 0xf8, 0x0, 0x78, 0x7f, 0xf0, 0x1,
    0xe1, 0xe7, 0x80, 0x7, 0x87, 0x1e, 0x0, 0x3c,
    0x0, 0x78, 0x0, 0xe0, 0x3, 0xe0, 0x7, 0x0,
    0xf, 0x80, 0x38, 0x7, 0xfc, 0x1, 0xc0, 0x7,
    0xf0, 0xc, 0x0, 0xf, 0x80, 0xc0, 0x0, 0x3c,
    0x0,

    /* U+79C1 "私" */
    0x0, 0x30, 0x0, 0x0, 0x0, 0xf0, 0x38, 0x0,
    0x7, 0xf0, 0x7e, 0x0, 0x3f, 0xf0, 0xf8, 0x3,
    0xfe, 0x1, 0xf0, 0x14, 0x78, 0x3, 0xc0, 0x0,
    0xf0, 0xf, 0x80, 0x1, 0xe4, 0x1f, 0x0, 0x3,
    0xcc, 0x3e, 0x0, 0x7, 0xbc, 0x78, 0x3, 0xff,
    0xfc, 0xf0, 0x0, 0x3e, 0x1, 0xe0, 0x0, 0x7c,
    0x3, 0x80, 0x0, 0xfc, 0xf, 0x0, 0x1, 0xfe,
    0x1e, 0x0, 0x7, 0xee, 0x38, 0x0, 0xf, 0xde,
    0x71, 0x0, 0x1f, 0xbc, 0xe3, 0x0, 0x7f, 0x39,
    0x87, 0x0, 0xde, 0x67, 0x7, 0x3, 0xbc, 0xc,
    0xf, 0x6, 0x78, 0x18, 0xf, 0x18, 0xf0, 0x20,
    0x1e, 0x61, 0xe0, 0x40, 0x3e, 0x3, 0xdf, 0xff,
    0xbc, 0x7, 0x9f, 0xfc, 0x78, 0xf, 0x3f, 0xe0,
    0xf8, 0x1e, 0x3e, 0x1, 0xf0, 0x3c, 0x60, 0x3,
    0xc0, 0x78, 0x80, 0x3, 0x80,

    /* U+79CB "秋" */
    0x0, 0x60, 0x3e, 0x0, 0x1, 0xf0, 0x3f, 0x0,
    0x3, 0xf8, 0x3e, 0x0, 0xf, 0xfc, 0x3e, 0x0,
    0x3f, 0x80, 0x3e, 0x0, 0xc7, 0x80, 0x3e, 0x0,
    0x7, 0x80, 0x3e, 0x0, 0x7, 0x91, 0x3e, 0x18,
    0x7, 0xb9, 0x3e, 0x3e, 0x7, 0xbd, 0xbe, 0x3e,
    0x7f, 0xff, 0xbe, 0x7c, 0xf, 0x87, 0xbf, 0x70,
    0xf, 0x8f, 0xbf, 0x60, 0xf, 0x8f, 0x3f, 0xc0,
    0xf, 0xef, 0x3f, 0x80, 0x1f, 0xf0, 0x3f, 0x0,
    0x1f, 0xb8, 0x3f, 0x80, 0x1f, 0xbc, 0x7f, 0x80,
    0x3f, 0xbc, 0x7f, 0x80, 0x3f, 0xb8, 0x7f, 0xc0,
    0x37, 0x80, 0x7b, 0xe0, 0x67, 0x80, 0xf9, 0xe0,
    0xc7, 0x80, 0xf1, 0xf0, 0x87, 0x81, 0xe1, 0xfc,
    0x7, 0x81, 0xe0, 0xfe, 0x7, 0x83, 0xc0, 0xfe,
    0x7, 0x87, 0x0, 0x7c, 0x7, 0x8e, 0x0, 0x78,
    0x7, 0x98, 0x0, 0x30, 0x7, 0x60, 0x0, 0x10,

    /* U+79D1 "科" */
    0x0, 0x20, 0x0, 0x0, 0x0, 0xf0, 0x1, 0xf0,
    0x1, 0xfc, 0x1, 0xe0, 0x7, 0xfe, 0x81, 0xe0,
    0x3f, 0xc0, 0xf1, 0xe0, 0x43, 0xc0, 0x79, 0xe0,
    0x3, 0xc0, 0x7d, 0xe0, 0x3, 0xc0, 0x3d, 0xe0,
    0x3, 0xd8, 0x39, 0xe0, 0x3, 0xde, 0x1, 0xe0,
    0x7f, 0xfe, 0x1, 0xe0, 0x7, 0xc1, 0x81, 0xe0,
    0x7, 0xc0, 0xe1, 0xe0, 0x7, 0xf0, 0xf9, 0xe0,
    0x7, 0xfc, 0x79, 0xe0, 0xf, 0xdc, 0x79, 0xe0,
    0xf, 0xde, 0x39, 0xec, 0xf, 0xce, 0x1, 0xee,
    0x1f, 0xcc, 0x1, 0xff, 0x1b, 0xc0, 0x1, 0xf0,
    0x3b, 0xc0, 0x7f, 0xe0, 0x33, 0xc7, 0x81, 0xe0,
    0x63, 0xc0, 0x1, 0xe0, 0x3, 0xc0, 0x1, 0xe0,
    0x3, 0xc0, 0x1, 0xe0, 0x3, 0xc0, 0x1, 0xe0,
    0x3, 0xc0, 0x1, 0xe0, 0x3, 0xc0, 0x1, 0xe0,
    0x3, 0xc0, 0x1, 0xe0, 0x3, 0x80, 0x1, 0xc0,

    /* U+79D8 "秘" */
    0x0, 0xc0, 0xf0, 0x0, 0x3, 0xc0, 0xf8, 0x80,
    0x1f, 0xc0, 0xf9, 0xe0, 0xff, 0xc0, 0xf3, 0xe7,
    0xf8, 0x1, 0xef, 0x80, 0xf0, 0x1, 0xde, 0x1,
    0xe0, 0x3c, 0x3c, 0x3, 0xd8, 0x78, 0x78, 0x7,
    0xb8, 0xf1, 0xe0, 0xff, 0xf9, 0xe3, 0xc0, 0x3e,
    0x3, 0xcf, 0x80, 0x7c, 0x7, 0x9e, 0x0, 0xff,
    0x2f, 0x3f, 0x1, 0xff, 0xde, 0xf7, 0x3, 0xef,
    0xbd, 0xef, 0xf, 0xdf, 0x7f, 0x8f, 0x1f, 0x9e,
    0xfe, 0x1e, 0x3f, 0x3d, 0xfc, 0x3c, 0xfe, 0xfb,
    0xf0, 0x79, 0xbd, 0xe7, 0xc0, 0xe3, 0x79, 0x8f,
    0x0, 0xc, 0xf0, 0x1e, 0x4, 0x11, 0xe0, 0x7c,
    0x8, 0x43, 0xc0, 0xf8, 0x10, 0x7, 0x83, 0xf0,
    0x20, 0xf, 0xd, 0xff, 0xf0, 0x1e, 0x23, 0xff,
    0xe0, 0x3c, 0x87, 0xff, 0xc0, 0x78, 0x7, 0xfe,
    0x0, 0xe0, 0x0, 0x0, 0x0,

    /* U+79FB "移" */
    0x0, 0xc0, 0x10, 0x0, 0x3, 0xc0, 0x7e, 0x0,
    0xf, 0xe0, 0xf0, 0xc0, 0x7f, 0xe3, 0xff, 0xc3,
    0xfc, 0x7, 0xff, 0xcf, 0xf0, 0x1c, 0x1f, 0x81,
    0xe0, 0x70, 0x3e, 0x3, 0xc0, 0xfc, 0xf8, 0x7,
    0xb2, 0x3d, 0xe0, 0xf, 0xf8, 0x3f, 0xc1, 0xff,
    0xf0, 0x7f, 0x0, 0x7c, 0x0, 0x78, 0x0, 0xf8,
    0x1, 0xe0, 0x1, 0xf0, 0x7, 0xc0, 0x3, 0xf8,
    0x3f, 0xe0, 0x7, 0xf9, 0xef, 0xc, 0x1f, 0xbc,
    0x3f, 0xfc, 0x3f, 0x78, 0xff, 0xfc, 0x7e, 0xf3,
    0xc1, 0xf9, 0xfd, 0xc7, 0x3, 0xc3, 0x78, 0x1f,
    0xcf, 0x86, 0xf0, 0x63, 0xde, 0x19, 0xe3, 0x7,
    0xf8, 0x23, 0xc0, 0xf, 0xe0, 0x87, 0x80, 0x7,
    0x80, 0xf, 0x0, 0x1e, 0x0, 0x1e, 0x0, 0xf0,
    0x0, 0x3c, 0x7, 0x80, 0x0, 0x78, 0x3c, 0x0,
    0x0, 0xe3, 0x80, 0x0, 0x0,

    /* U+7A0B "程" */
    0x0, 0x40, 0x0, 0x0, 0x1, 0xc4, 0x0, 0x80,
    0xf, 0xcf, 0xff, 0xc0, 0x7f, 0xdf, 0xff, 0xc1,
    0xfc, 0x3c, 0xf, 0x1e, 0xf0, 0x78, 0x1e, 0x1,
    0xe0, 0xf0, 0x3c, 0x3, 0xc1, 0xe0, 0x78, 0x7,
    0xb3, 0xc0, 0xf0, 0xf, 0xf7, 0x81, 0xe1, 0xff,
    0xef, 0xff, 0xc0, 0x7c, 0x1e, 0x7, 0x80, 0xf8,
    0x38, 0x0, 0x1, 0xfc, 0x0, 0x6, 0x3, 0xfe,
    0x0, 0x1f, 0xf, 0xdf, 0xff, 0xfe, 0x1f, 0xbc,
    0x1e, 0x0, 0x3f, 0x78, 0x3c, 0x0, 0xfe, 0xe0,
    0x78, 0x1, 0xbc, 0x0, 0xf1, 0x86, 0x78, 0x1,
    0xe7, 0x88, 0xf0, 0xff, 0xff, 0xa1, 0xe0, 0x7,
    0x80, 0x3, 0xc0, 0xf, 0x0, 0x7, 0x80, 0x1e,
    0x0, 0xf, 0x0, 0x3c, 0x20, 0x1e, 0x0, 0x78,
    0x60, 0x3c, 0x0, 0xf1, 0xe0, 0x79, 0xff, 0xff,
    0xe0, 0xf3, 0xff, 0xff, 0xc0,

    /* U+7A2E "種" */
    0x0, 0x40, 0x0, 0xe0, 0x1, 0xe0, 0x7, 0xf0,
    0x3, 0xf0, 0x3f, 0xf8, 0xf, 0xff, 0xff, 0xe4,
    0x3f, 0x80, 0x1e, 0x18, 0x47, 0x80, 0x1e, 0x3c,
    0x7, 0x8f, 0xff, 0xfe, 0x7, 0xa0, 0x1e, 0x0,
    0x7, 0xb4, 0x1e, 0x10, 0x7, 0xff, 0x1e, 0x38,
    0x7f, 0xff, 0xff, 0xfc, 0xf, 0x87, 0x9e, 0x3c,
    0xf, 0x87, 0x9e, 0x3c, 0xf, 0xc7, 0x9e, 0x3c,
    0xf, 0xf7, 0xff, 0xfc, 0xf, 0xff, 0x9e, 0x3c,
    0x1f, 0xbf, 0x9e, 0x3c, 0x1f, 0xbf, 0x9e, 0x3c,
    0x1f, 0xbf, 0x9e, 0x3c, 0x3f, 0x87, 0xff, 0xfc,
    0x37, 0x87, 0x9e, 0x3c, 0x67, 0x86, 0x1e, 0x30,
    0x47, 0x80, 0x1e, 0x38, 0x87, 0x87, 0xff, 0xfe,
    0x7, 0x80, 0x1e, 0x0, 0x7, 0x80, 0x1e, 0x8,
    0x7, 0x80, 0x1e, 0x1c, 0x7, 0x80, 0x1e, 0x1c,
    0x7, 0x9f, 0xff, 0xfe, 0x7, 0x80, 0x0, 0x0,

    /* U+7A4D "積" */
    0x0, 0x80, 0x1f, 0x0, 0x3, 0x80, 0x3c, 0x20,
    0xf, 0x80, 0x78, 0xe0, 0x7f, 0xff, 0xff, 0xe3,
    0xf8, 0x1, 0xe0, 0x18, 0xf0, 0x3, 0xc6, 0x1,
    0xe1, 0xff, 0xff, 0x3, 0xd0, 0xf, 0x0, 0x7,
    0xb0, 0x1e, 0x18, 0xf, 0xf0, 0x3c, 0x79, 0xff,
    0xff, 0xff, 0xf0, 0x7c, 0x18, 0x1, 0x0, 0xf8,
    0x3f, 0xff, 0x1, 0xf0, 0x7f, 0xff, 0x3, 0xf0,
    0xf0, 0x1e, 0xf, 0xf9, 0xe0, 0x3c, 0x1f, 0xfb,
    0xff, 0xf8, 0x3f, 0x77, 0x80, 0xf0, 0x7e, 0xef,
    0x1, 0xe1, 0xfc, 0x1f, 0xff, 0xc3, 0x78, 0x3c,
    0x7, 0x8c, 0xf0, 0x78, 0xf, 0x11, 0xe0, 0xff,
    0xfe, 0x43, 0xc1, 0xe0, 0x30, 0x7, 0x83, 0x63,
    0xc0, 0xf, 0x1, 0xf1, 0xf0, 0x1e, 0x7, 0xf1,
    0xf0, 0x3c, 0x3f, 0x1, 0xe0, 0x78, 0xf0, 0x3,
    0xc0, 0xe7, 0x0, 0x3, 0x0,

    /* U+7A76 "究" */
    0x0, 0xf, 0xc0, 0x0, 0x0, 0x1f, 0x0, 0x0,
    0x10, 0x3e, 0x1, 0x80, 0x60, 0x7c, 0x7, 0x80,
    0xff, 0xff, 0xff, 0x87, 0x8f, 0x1f, 0x1f, 0x9f,
    0x1e, 0x3e, 0x3c, 0x3e, 0x7c, 0x7c, 0xe0, 0x78,
    0xf0, 0xf9, 0x20, 0xe3, 0xe1, 0xf0, 0x40, 0x7,
    0x83, 0xff, 0xe0, 0x1e, 0x7, 0xff, 0xc0, 0x73,
    0xf7, 0xff, 0x1, 0xc7, 0xc0, 0x0, 0xc, 0xf,
    0x80, 0x0, 0x0, 0x1f, 0x4, 0x0, 0x0, 0x3e,
    0xc, 0x0, 0x7f, 0xff, 0xfc, 0x0, 0xff, 0xff,
    0xfc, 0x0, 0x1, 0xe0, 0xf0, 0x0, 0x7, 0xc1,
    0xe0, 0x0, 0xf, 0x3, 0xc0, 0x0, 0x3e, 0x7,
    0x82, 0x0, 0x78, 0xf, 0x4, 0x1, 0xe0, 0x1e,
    0x8, 0x7, 0x80, 0x3f, 0xf8, 0x1e, 0x0, 0x7f,
    0xf8, 0x70, 0x0, 0xff, 0xe3, 0x80, 0x0, 0xff,
    0x98, 0x0, 0x0, 0x0, 0x0,

    /* U+7A7A "空" */
    0x0, 0x7, 0xc0, 0x0, 0x0, 0x1e, 0x0, 0x0,
    0x0, 0x78, 0x2, 0x2, 0x1, 0xe0, 0x18, 0x18,
    0x7, 0x80, 0xf0, 0x7f, 0xff, 0xff, 0xe3, 0x87,
    0xcf, 0x8f, 0xde, 0x1f, 0x3e, 0x3e, 0xf8, 0x78,
    0xf9, 0xe3, 0xc3, 0xe3, 0xe7, 0x7, 0xf, 0x8f,
    0x91, 0x0, 0x3c, 0x3e, 0x4, 0x1, 0xe0, 0xf8,
    0x10, 0xf, 0x3, 0xff, 0xf0, 0x78, 0x7, 0xff,
    0xc3, 0xc0, 0x1f, 0xfe, 0x1c, 0x0, 0x0, 0x81,
    0x80, 0x0, 0x7, 0x0, 0x0, 0x0, 0x3e, 0x7,
    0xff, 0xff, 0xfc, 0x0, 0x7, 0x80, 0x0, 0x0,
    0x1e, 0x0, 0x0, 0x0, 0x78, 0x0, 0x0, 0x1,
    0xe0, 0x0, 0x0, 0x7, 0x80, 0x0, 0x0, 0x1e,
    0x0, 0x80, 0x0, 0x78, 0x7, 0x0, 0x1, 0xe0,
    0x3e, 0xff, 0xff, 0xff, 0xfc,

    /* U+7A93 "窓" */
    0x0, 0x7, 0x0, 0x0, 0x0, 0xf, 0xc0, 0x0,
    0x10, 0x1f, 0x0, 0xc0, 0x20, 0x3e, 0x7, 0x80,
    0xff, 0xff, 0xff, 0x87, 0x87, 0x8f, 0x1f, 0x9f,
    0xf, 0x1e, 0x3e, 0x3e, 0x3e, 0x3c, 0xe4, 0x78,
    0x78, 0x78, 0x18, 0x1, 0xe0, 0xff, 0xf8, 0x7,
    0x81, 0xff, 0xf0, 0x3c, 0xfd, 0xff, 0xc0, 0xe1,
    0xf0, 0x0, 0xc, 0x3, 0x81, 0xe0, 0x0, 0x6,
    0x1, 0xf0, 0x7, 0xff, 0xff, 0xf0, 0x7, 0xff,
    0xe1, 0xf0, 0xf, 0xf8, 0x1, 0xe0, 0x1c, 0x18,
    0x3, 0xc0, 0x0, 0x7f, 0x3, 0x0, 0x6, 0x3f,
    0x20, 0x0, 0x8f, 0x3e, 0x3c, 0x1, 0x9e, 0x3c,
    0x3c, 0x7, 0x3c, 0x31, 0x3e, 0x1e, 0x78, 0x2,
    0x7c, 0xfc, 0xf0, 0xc, 0x7f, 0xf1, 0xe0, 0x18,
    0xff, 0xc3, 0xff, 0xf8, 0xe7, 0x7, 0xff, 0xf0,
    0x80, 0x7, 0xff, 0xc0, 0x0,

    /* U+7ACB "立" */
    0x0, 0xc, 0x0, 0x0, 0x0, 0x3e, 0x0, 0x0,
    0x0, 0xf8, 0x0, 0x0, 0x3, 0xe0, 0x0, 0x0,
    0xf, 0x80, 0x80, 0x0, 0x3e, 0x7, 0x0, 0x0,
    0xf8, 0x3e, 0x1f, 0xff, 0xff, 0xfc, 0x0, 0x0,
    0x0, 0x0, 0x0, 0x0, 0x0, 0x0, 0x0, 0x1,
    0xc0, 0x0, 0x80, 0x7, 0xe0, 0x3, 0x0, 0x1f,
    0x0, 0xe, 0x0, 0x78, 0x0, 0x1c, 0x3, 0xe0,
    0x0, 0x70, 0xf, 0x80, 0x1, 0xe0, 0x3c, 0x0,
    0x7, 0x80, 0xf0, 0x0, 0x1e, 0x3, 0x80, 0x0,
    0x3c, 0xe, 0x0, 0x0, 0xf0, 0x78, 0x0, 0x3,
    0xc1, 0xc0, 0x0, 0xf, 0x7, 0x0, 0x0, 0x3c,
    0x18, 0x0, 0x0, 0xf0, 0x60, 0x0, 0x1, 0x83,
    0x1, 0x0, 0x0, 0xc, 0x1f, 0x3f, 0xff, 0xff,
    0xfe,

    /* U+7B11 "笑" */
    0x0, 0x0, 0x0, 0x0, 0x1c, 0x1, 0xc0, 0x0,
    0x7c, 0x7, 0xc0, 0x3, 0xe3, 0x3e, 0xc, 0xf,
    0xe, 0xf0, 0x78, 0x3f, 0xff, 0xff, 0xf1, 0xee,
    0xe, 0xe0, 0x7, 0x3c, 0x71, 0xe0, 0x38, 0x71,
    0x87, 0x80, 0xc1, 0xec, 0xe, 0x6, 0x7, 0x21,
    0xf0, 0x10, 0x0, 0x7f, 0xe0, 0x0, 0x1f, 0xff,
    0xc0, 0x7, 0xff, 0xe0, 0x1, 0xff, 0xf8, 0x0,
    0x0, 0x1, 0xe0, 0x0, 0x0, 0x7, 0x80, 0x70,
    0x0, 0x1e, 0x3, 0xe7, 0xff, 0xff, 0xff, 0xc0,
    0x3, 0xe0, 0x0, 0x0, 0xf, 0x40, 0x0, 0x0,
    0x3d, 0x80, 0x0, 0x1, 0xe7, 0x0, 0x0, 0xf,
    0x8e, 0x0, 0x0, 0x3c, 0x1e, 0x0, 0x1, 0xe0,
    0x7f, 0x0, 0xf, 0x0, 0xff, 0xc0, 0xf0, 0x1,
    0xfe, 0xf, 0x0, 0x1, 0xf0, 0xe0, 0x0, 0x1,
    0x84, 0x0, 0x0, 0x0, 0x0,

    /* U+7B26 "符" */
    0xe, 0x0, 0x70, 0x0, 0x1f, 0x80, 0xfc, 0x0,
    0x3c, 0x31, 0xe0, 0xc0, 0xf8, 0x77, 0xc3, 0xc1,
    0xff, 0xff, 0xff, 0xc3, 0xdc, 0x1d, 0xe0, 0xf,
    0x3c, 0x71, 0xe0, 0x1c, 0x78, 0xc3, 0xc0, 0x70,
    0xf3, 0x3, 0x80, 0x87, 0x0, 0x2, 0x2, 0xf,
    0xc0, 0x1f, 0x0, 0x1e, 0x0, 0x3c, 0x80, 0x7c,
    0x0, 0x79, 0x80, 0xf0, 0x0, 0xf7, 0x83, 0xcf,
    0xff, 0xff, 0x87, 0xc0, 0x3, 0xc0, 0x1f, 0xc8,
    0x7, 0x80, 0x3f, 0xe, 0xf, 0x0, 0xfe, 0x1e,
    0x1e, 0x3, 0x3c, 0x1e, 0x3c, 0x4, 0x78, 0x3c,
    0x78, 0x0, 0xf0, 0x78, 0xf0, 0x1, 0xe0, 0xf1,
    0xe0, 0x3, 0xc0, 0x43, 0xc0, 0x7, 0x80, 0x7,
    0x80, 0xf, 0x0, 0xf, 0x0, 0x1e, 0x3, 0xfe,
    0x0, 0x3c, 0x0, 0xfc, 0x0, 0x78, 0x1, 0xf0,
    0x0, 0xe0, 0x1, 0x80, 0x0,

    /* U+7B2C "第" */
    0xc, 0x0, 0x40, 0x0, 0x1f, 0x1, 0xf0, 0x0,
    0x3c, 0x63, 0xf0, 0xc0, 0xf8, 0xe7, 0x83, 0xe1,
    0xff, 0xff, 0xff, 0xe3, 0xb8, 0x39, 0xc0, 0xf,
    0x38, 0xe3, 0xc0, 0x1c, 0x71, 0x87, 0x80, 0x70,
    0xe6, 0x6, 0x80, 0xff, 0xff, 0xff, 0x82, 0x7f,
    0xff, 0xff, 0xc0, 0x0, 0x3c, 0xf, 0x0, 0x0,
    0x78, 0x1e, 0x1, 0x0, 0xf0, 0x3c, 0x3, 0xff,
    0xff, 0xf8, 0x7, 0xff, 0xff, 0xf0, 0x1e, 0x7,
    0x81, 0xe0, 0x3c, 0xf, 0x3, 0x0, 0x7f, 0xff,
    0xff, 0x80, 0xff, 0xff, 0xff, 0xc3, 0xc3, 0xf8,
    0xf, 0x87, 0x8f, 0xf0, 0x1e, 0xf, 0x3f, 0xe0,
    0x3c, 0x0, 0x7f, 0xc0, 0x78, 0x1, 0xf7, 0x81,
    0xf0, 0x7, 0xcf, 0x3f, 0xe0, 0x1e, 0x1e, 0x1f,
    0x80, 0xf0, 0x3c, 0x1f, 0x3, 0x80, 0x78, 0x38,
    0x18, 0x0, 0xe0, 0x0, 0x0,

    /* U+7B46 "筆" */
    0x4, 0x0, 0x40, 0x0, 0x1f, 0x0, 0xf8, 0x20,
    0x3c, 0x23, 0xe0, 0x60, 0x78, 0xf7, 0x81, 0xe1,
    0xff, 0xff, 0xff, 0xe3, 0xdc, 0x39, 0xe0, 0x7,
    0x3c, 0x61, 0xc0, 0x1c, 0x79, 0x3, 0xc0, 0x30,
    0x67, 0xc7, 0x80, 0xc0, 0xf, 0x7, 0x83, 0x3f,
    0xff, 0xff, 0x80, 0x0, 0x3c, 0x1f, 0x40, 0x0,
    0x78, 0x3e, 0xc0, 0x0, 0xf0, 0x7f, 0xff, 0xff,
    0xff, 0xff, 0x80, 0x3, 0xc1, 0xf0, 0x0, 0x7,
    0x83, 0xe0, 0x0, 0xf, 0x7, 0xc0, 0x3f, 0xff,
    0xff, 0x80, 0x0, 0x3c, 0x1e, 0x0, 0x0, 0x78,
    0xe, 0x3, 0xff, 0xff, 0xff, 0x0, 0x1, 0xe0,
    0x0, 0x0, 0x3, 0xc0, 0x1c, 0x0, 0x7, 0x80,
    0x3d, 0xff, 0xff, 0xff, 0xfc, 0x0, 0x1e, 0x0,
    0x0, 0x0, 0x3c, 0x0, 0x0, 0x0, 0x78, 0x0,
    0x0, 0x0, 0xf0, 0x0, 0x0, 0x1, 0xc0, 0x0,
    0x0,

    /* U+7B49 "等" */
    0xc, 0x0, 0xc0, 0x0, 0x3e, 0x3, 0xe0, 0x0,
    0xf0, 0x8f, 0x3, 0x7, 0xc7, 0x3c, 0x1e, 0x1f,
    0xff, 0xff, 0xfc, 0x77, 0x7, 0x38, 0x3, 0x9e,
    0x38, 0xf0, 0x1c, 0x38, 0xc1, 0xc0, 0x60, 0xe7,
    0xc7, 0x82, 0x3, 0x1e, 0xf, 0x1, 0xff, 0xff,
    0xff, 0x0, 0x1, 0xe0, 0x0, 0x0, 0x7, 0x80,
    0x20, 0x0, 0x1e, 0x0, 0xc0, 0x0, 0x78, 0x7,
    0xbf, 0xff, 0xff, 0xff, 0x0, 0x0, 0x0, 0x0,
    0x0, 0x0, 0x7c, 0x80, 0x0, 0x1, 0xe7, 0x1f,
    0xff, 0xff, 0xff, 0x1, 0x0, 0x1e, 0x0, 0x7,
    0x80, 0x78, 0x0, 0xf, 0x1, 0xe0, 0x0, 0x1e,
    0x7, 0x80, 0x0, 0x78, 0x1e, 0x0, 0x1, 0xef,
    0xf8, 0x0, 0x3, 0xf, 0xe0, 0x0, 0x0, 0x1f,
    0x80, 0x0, 0x0, 0x7c, 0x0, 0x0, 0x0, 0x80,
    0x0,

    /* U+7B54 "答" */
    0x7, 0x0, 0x30, 0x0, 0xf, 0x80, 0x7c, 0x0,
    0x3e, 0x11, 0xf0, 0xc0, 0x78, 0x7b, 0xc1, 0xe0,
    0xff, 0xff, 0xff, 0xe3, 0xf0, 0x1c, 0xe0, 0x7,
    0x78, 0x31, 0xe0, 0x1c, 0x73, 0x81, 0xe0, 0x30,
    0xef, 0xe3, 0xc0, 0xc1, 0xdf, 0x87, 0x0, 0x0,
    0x7d, 0x80, 0x0, 0x1, 0xf1, 0xc0, 0x0, 0x7,
    0xc1, 0xe0, 0x0, 0x1f, 0x1, 0xf8, 0x0, 0x7c,
    0xd, 0xff, 0x1, 0xf0, 0x3d, 0xff, 0x7, 0xbf,
    0xfd, 0xf8, 0x3c, 0x0, 0x0, 0xf0, 0xe4, 0x0,
    0x8, 0x42, 0xf, 0xff, 0xf8, 0x0, 0x1f, 0xff,
    0xfc, 0x0, 0x3c, 0x0, 0xf0, 0x0, 0x78, 0x1,
    0xe0, 0x0, 0xf0, 0x3, 0xc0, 0x1, 0xe0, 0x7,
    0x80, 0x3, 0xc0, 0xf, 0x0, 0x7, 0xff, 0xfe,
    0x0, 0xf, 0x0, 0x3c, 0x0, 0x1e, 0x0, 0x78,
    0x0, 0x38, 0x0, 0xe0, 0x0,

    /* U+7B56 "策" */
    0x4, 0x0, 0x40, 0x0, 0x1e, 0x1, 0xf0, 0x20,
    0x3e, 0x23, 0xf0, 0x60, 0x78, 0xef, 0x81, 0xe1,
    0xff, 0xff, 0xff, 0xe3, 0xdc, 0x79, 0xe0, 0xf,
    0x3c, 0xe1, 0xe0, 0x1c, 0x7b, 0x3, 0xc0, 0x60,
    0xef, 0xc7, 0x20, 0x80, 0xf, 0x0, 0xe0, 0x0,
    0x1e, 0x1, 0xe3, 0xff, 0xff, 0xff, 0xe0, 0x0,
    0x78, 0x0, 0x0, 0x0, 0xf0, 0x0, 0x3, 0x81,
    0xe0, 0x30, 0x7, 0xff, 0xff, 0xf0, 0xf, 0xff,
    0xff, 0xf0, 0x1e, 0x1f, 0x3, 0xc0, 0x3c, 0x3f,
    0x7, 0x80, 0x78, 0xfd, 0xf, 0x0, 0xf1, 0xfa,
    0xfe, 0x1, 0xe7, 0xf6, 0x7c, 0x3, 0xdf, 0xe7,
    0xf0, 0x0, 0x3f, 0xcf, 0x0, 0x0, 0xf7, 0x8f,
    0x80, 0x3, 0xcf, 0xf, 0xe0, 0x1e, 0x1e, 0xf,
    0xf8, 0x70, 0x3c, 0xf, 0xc3, 0x80, 0x78, 0xf,
    0x88, 0x0, 0xf0, 0x6, 0x0, 0x1, 0xc0, 0x0,
    0x0,

    /* U+7B97 "算" */
    0x8, 0x0, 0x40, 0x0, 0x3c, 0x3, 0xe0, 0x0,
    0xf8, 0xcf, 0x6, 0x3, 0x87, 0xb8, 0x3c, 0x1f,
    0xff, 0xff, 0xf8, 0x73, 0x87, 0x78, 0x1, 0xce,
    0x38, 0xe0, 0xe, 0x3c, 0x83, 0x80, 0x33, 0x60,
    0xf, 0x1, 0x8f, 0xff, 0xfe, 0x8, 0x3f, 0xff,
    0xfc, 0x0, 0xe0, 0x3, 0xe0, 0x3, 0x80, 0xf,
    0x80, 0xf, 0xff, 0xfe, 0x0, 0x38, 0x0, 0xf8,
    0x0, 0xe0, 0x3, 0xe0, 0x3, 0xff, 0xff, 0x80,
    0xe, 0x0, 0x3e, 0x0, 0x38, 0x0, 0xf8, 0x0,
    0xff, 0xff, 0xe0, 0x3, 0x80, 0xf, 0x0, 0x3,
    0xe1, 0xf0, 0x80, 0xf, 0x7, 0x87, 0x0, 0x3c,
    0x1e, 0x1e, 0x7f, 0xff, 0xff, 0xfc, 0x3, 0xc1,
    0xe0, 0x0, 0x1e, 0x7, 0x80, 0x0, 0xf8, 0x1e,
    0x0, 0x7, 0x80, 0x78, 0x0, 0x78, 0x1, 0xe0,
    0xf, 0x0, 0x7, 0x80, 0x0,

    /* U+7BA1 "管" */
    0x0, 0x0, 0x0, 0x0, 0xe, 0x0, 0xf0, 0x0,
    0x3e, 0x31, 0xf0, 0xc0, 0x78, 0xf7, 0xc3, 0xc1,
    0xff, 0xff, 0xff, 0xc3, 0xdc, 0x3c, 0xe0, 0xf,
    0x3c, 0xf0, 0xe0, 0x1c, 0x7b, 0xf1, 0xc0, 0x64,
    0xe3, 0xc3, 0x91, 0x8, 0x7, 0x80, 0x30, 0x3f,
    0xff, 0xff, 0xf0, 0xff, 0xff, 0xff, 0xe3, 0xc0,
    0x0, 0x3, 0xef, 0xbf, 0xff, 0xe8, 0xe, 0x7f,
    0xff, 0xf0, 0x18, 0xf0, 0x3, 0xc0, 0x1, 0xe0,
    0x7, 0x80, 0x3, 0xc0, 0xf, 0x0, 0x7, 0x80,
    0x1e, 0x0, 0xf, 0xff, 0xfc, 0x0, 0x1e, 0x0,
    0x70, 0x0, 0x3c, 0x0, 0x20, 0x0, 0x7f, 0xff,
    0xf0, 0x0, 0xff, 0xff, 0xf0, 0x1, 0xe0, 0x3,
    0xe0, 0x3, 0xc0, 0x7, 0xc0, 0x7, 0x80, 0xf,
    0x80, 0xf, 0x0, 0x1f, 0x0, 0x1f, 0xff, 0xfe,
    0x0, 0x3c, 0x0, 0x7c, 0x0, 0x70, 0x0, 0xf0,
    0x0,

    /* U+7BC0 "節" */
    0x4, 0x0, 0x60, 0x0, 0x1f, 0x0, 0xf8, 0x0,
    0x3e, 0x23, 0xe0, 0xc0, 0x78, 0xe7, 0xc3, 0xe1,
    0xff, 0xef, 0xff, 0xe3, 0x9c, 0x3c, 0xe0, 0xf,
    0x3c, 0x71, 0xe0, 0x18, 0x79, 0x83, 0xc0, 0x60,
    0xf2, 0x7, 0xa1, 0xbf, 0xf8, 0xff, 0xe0, 0x7f,
    0xf9, 0xff, 0xf0, 0xf0, 0xf3, 0xc3, 0xc1, 0xe1,
    0xe7, 0x87, 0x83, 0xc3, 0xcf, 0xf, 0x7, 0xff,
    0x9e, 0x1e, 0xf, 0xf, 0x3c, 0x3c, 0x1e, 0x1e,
    0x78, 0x78, 0x3c, 0x3c, 0xf0, 0xf0, 0x78, 0x79,
    0xe1, 0xe0, 0xff, 0xf3, 0xc3, 0xc1, 0xe1, 0xc7,
    0x87, 0x83, 0xc8, 0xf, 0xf, 0x7, 0x8c, 0x1f,
    0xfe, 0xf, 0x1e, 0x3c, 0xfc, 0x1e, 0x7e, 0x78,
    0xf9, 0xff, 0xbc, 0xf1, 0xe1, 0xfc, 0x39, 0xe3,
    0x3, 0xe0, 0x73, 0xc0, 0x3, 0x0, 0x47, 0x80,
    0x0, 0x0, 0xe, 0x0, 0x0,

    /* U+7C21 "簡" */
    0x0, 0x0, 0x0, 0x0, 0x38, 0x1, 0xc0, 0x1,
    0xf8, 0xcf, 0xc6, 0x7, 0x87, 0xbc, 0x1c, 0x1f,
    0xff, 0xff, 0xfc, 0xf7, 0x87, 0x3c, 0x3, 0x8e,
    0x18, 0x78, 0x1c, 0x38, 0xc1, 0xd0, 0x78, 0x1a,
    0xe0, 0x63, 0x7f, 0xfb, 0xff, 0xc9, 0xc3, 0xcf,
    0xf, 0x7, 0xf, 0x3c, 0x38, 0x1f, 0xfc, 0xff,
    0xe0, 0x70, 0xf3, 0xc3, 0x81, 0xc3, 0xcf, 0xe,
    0x7, 0xf, 0x3c, 0x38, 0x1f, 0xfc, 0xff, 0xe0,
    0x70, 0xf3, 0x83, 0x81, 0xc2, 0x2, 0xe, 0x7,
    0xf, 0xfc, 0x38, 0x1c, 0x3f, 0xfc, 0xe0, 0x70,
    0xe1, 0xe3, 0x81, 0xc3, 0x87, 0x8e, 0x7, 0xf,
    0xfe, 0x38, 0x1c, 0x38, 0x78, 0xe0, 0x70, 0xe1,
    0xe3, 0x81, 0xc3, 0xff, 0x8e, 0x7, 0xe, 0x1e,
    0xf8, 0x1c, 0x38, 0x61, 0xe0, 0x70, 0x0, 0x7,
    0x81, 0x80, 0x0, 0x1c, 0x0,

    /* U+7C73 "米" */
    0x0, 0x4, 0x0, 0x0, 0x0, 0xf, 0xc0, 0x0,
    0x0, 0x1f, 0x0, 0x0, 0xc0, 0x3e, 0xe, 0x0,
    0xe0, 0x7c, 0x3f, 0x1, 0xe0, 0xf8, 0x7e, 0x1,
    0xe1, 0xf0, 0xf0, 0x3, 0xe3, 0xe3, 0xc0, 0x3,
    0xc7, 0xc7, 0x0, 0x7, 0x8f, 0x9c, 0x0, 0xf,
    0x1f, 0x20, 0x80, 0x4, 0x3e, 0x83, 0x80, 0x0,
    0x7c, 0xf, 0xcf, 0xff, 0xff, 0xff, 0xc0, 0x7,
    0xf0, 0x0, 0x0, 0x1f, 0xf0, 0x0, 0x0, 0x3f,
    0xf0, 0x0, 0x0, 0xff, 0xb0, 0x0, 0x1, 0xff,
    0x70, 0x0, 0x7, 0xfe, 0x70, 0x0, 0xf, 0x7c,
    0xf8, 0x0, 0x3c, 0xf8, 0xf8, 0x0, 0xf1, 0xf0,
    0xfc, 0x3, 0xc3, 0xe1, 0xff, 0xf, 0x7, 0xc1,
    0xfc, 0x38, 0xf, 0x81, 0xf0, 0xe0, 0x1f, 0x1,
    0xc3, 0x0, 0x3e, 0x0, 0x88, 0x0, 0x7c, 0x0,
    0x0, 0x0, 0xf8, 0x0, 0x0, 0x1, 0xc0, 0x0,
    0x0,

    /* U+7CD6 "糖" */
    0xf, 0x0, 0x10, 0x0, 0xf, 0x80, 0x1e, 0x20,
    0xf, 0x40, 0x1e, 0x78, 0x4f, 0x7f, 0xff, 0xfc,
    0x6f, 0x7f, 0xff, 0xfe, 0x6f, 0x7f, 0x1e, 0x0,
    0x7f, 0x6f, 0x1c, 0x0, 0x7f, 0x4f, 0xff, 0xf0,
    0x7f, 0x4f, 0x7f, 0xfc, 0x6f, 0xf, 0x1c, 0xf8,
    0xf, 0x6f, 0x1c, 0xf8, 0xf, 0xff, 0x1c, 0xfe,
    0x7f, 0xff, 0xff, 0xff, 0x1f, 0xf, 0x1c, 0xf8,
    0x1f, 0xcf, 0x1c, 0xf8, 0x1f, 0x6f, 0x1c, 0xf8,
    0x1f, 0x7f, 0xff, 0xf8, 0x3f, 0x7f, 0xff, 0xf8,
    0x3f, 0x7f, 0x0, 0xe0, 0x3f, 0x7f, 0xff, 0xf0,
    0x7f, 0xf, 0xff, 0xf8, 0x6f, 0xf, 0xe0, 0xf8,
    0x4f, 0x1f, 0xe0, 0xf8, 0x8f, 0x1f, 0xe0, 0xf8,
    0xf, 0x1d, 0xe0, 0xf8, 0xf, 0x1d, 0xe0, 0xf8,
    0xf, 0x19, 0xff, 0xf8, 0xf, 0x31, 0xe0, 0xf8,
    0xf, 0x31, 0xe0, 0xf8, 0xf, 0x21, 0xc0, 0xe0,

    /* U+7D00 "紀" */
    0x4, 0x0, 0x0, 0x0, 0x1e, 0x0, 0x1, 0x0,
    0x7e, 0x3f, 0xfe, 0x1, 0xe0, 0xff, 0xfe, 0xf,
    0x40, 0x0, 0xf3, 0xb1, 0xe0, 0x3, 0xc7, 0x8f,
    0xc0, 0xf, 0xe, 0x3c, 0x0, 0x3c, 0x3d, 0xe0,
    0x0, 0xf0, 0xff, 0x0, 0x3, 0xc1, 0x3c, 0x0,
    0xf, 0x1, 0xdc, 0x70, 0x3c, 0x6, 0x39, 0xff,
    0xf3, 0xff, 0xf7, 0x83, 0xcf, 0xf9, 0xde, 0xf,
    0x1f, 0xe7, 0x78, 0x30, 0x47, 0x99, 0xe0, 0x0,
    0x1f, 0x7, 0x80, 0x3, 0xff, 0x1e, 0x0, 0xf,
    0xee, 0x78, 0x0, 0x3f, 0xbd, 0xe0, 0x11, 0xde,
    0xf7, 0x80, 0x47, 0x79, 0xde, 0x1, 0x19, 0xe7,
    0x78, 0x4, 0x67, 0x99, 0xe0, 0x33, 0x1e, 0x7,
    0xff, 0xf8, 0x78, 0x1f, 0xff, 0xc1, 0xe0, 0x3f,
    0xff, 0x7, 0x80, 0x7f, 0xf0, 0x1c, 0x0, 0x0,
    0x0,

    /* U+7D04 "約" */
    0x4, 0x0, 0x80, 0x0, 0x1f, 0x1, 0xe0, 0x0,
    0x3f, 0x7, 0xe0, 0x0, 0x78, 0xf, 0x80, 0x0,
    0xe8, 0x1e, 0x0, 0x1b, 0x1e, 0x3c, 0x6, 0x1c,
    0x3e, 0x7f, 0xfe, 0x1c, 0xf9, 0xff, 0xfe, 0x3d,
    0xe3, 0x80, 0x78, 0x3f, 0x6, 0x0, 0xf0, 0x7d,
    0x18, 0x1, 0xe0, 0x33, 0xa4, 0x3, 0xc0, 0xc3,
    0x86, 0x7, 0x9f, 0xff, 0x8e, 0xf, 0x3f, 0xef,
    0x1e, 0x1e, 0x7f, 0xce, 0x1e, 0x3c, 0x67, 0x98,
    0x3c, 0x78, 0xf, 0x0, 0x78, 0xf1, 0xdf, 0x80,
    0xf1, 0xe3, 0xfd, 0xc0, 0xc3, 0xc7, 0xfb, 0x80,
    0x7, 0x8e, 0xf7, 0x80, 0x1e, 0x1d, 0xef, 0x0,
    0x3c, 0x33, 0xce, 0x0, 0x78, 0x67, 0x9c, 0x0,
    0xf1, 0x8f, 0x0, 0x3, 0xe2, 0x1e, 0x0, 0xff,
    0x80, 0x3c, 0x0, 0x7f, 0x0, 0x78, 0x0, 0x7c,
    0x0, 0xe0, 0x0, 0xe0, 0x0,

    /* U+7D19 "紙" */
    0x6, 0x0, 0x0, 0x60, 0x1f, 0x0, 0x3, 0xe0,
    0x3e, 0x10, 0x1f, 0xe0, 0x78, 0x3d, 0xff, 0xe0,
    0xec, 0x7f, 0xf8, 0xf, 0x9e, 0xf0, 0xf0, 0xe,
    0x7d, 0xe1, 0xe0, 0x1e, 0xf3, 0xc3, 0xc0, 0x3f,
    0xc7, 0x87, 0x80, 0x3f, 0xf, 0xf, 0x0, 0x7c,
    0x1e, 0x1e, 0x0, 0x32, 0x3c, 0x3c, 0x40, 0xc6,
    0x78, 0x79, 0xc1, 0xe, 0xf0, 0xf7, 0xff, 0xff,
    0xff, 0xf0, 0x3f, 0xdf, 0xc3, 0xc0, 0x77, 0xb7,
    0x87, 0x80, 0xf, 0x8f, 0x7, 0x0, 0xff, 0x9e,
    0xf, 0x1, 0xff, 0xbc, 0x1e, 0x3, 0xfb, 0xf8,
    0x3c, 0xe, 0xf7, 0xf0, 0x7c, 0x5d, 0xef, 0xe0,
    0x78, 0xb3, 0xc3, 0xc3, 0xfb, 0x67, 0x87, 0xf9,
    0xfe, 0x8f, 0x7f, 0xe1, 0xfe, 0x1e, 0xff, 0x1,
    0xf8, 0x3c, 0xf8, 0x3, 0xf0, 0x79, 0xc0, 0x3,
    0xe0, 0xe1, 0x0, 0x3, 0xc0,

    /* U+7D30 "細" */
    0x6, 0x0, 0x0, 0x0, 0x1f, 0x80, 0x0, 0x60,
    0x3c, 0x1c, 0x1, 0xe0, 0x70, 0x3f, 0xff, 0xf0,
    0xcc, 0x79, 0xe7, 0x8f, 0x1f, 0xf3, 0xcf, 0xe,
    0x79, 0xe7, 0x9e, 0x1e, 0xf3, 0xcf, 0x3c, 0x1f,
    0xc7, 0x9e, 0x78, 0x3f, 0xf, 0x3c, 0xf0, 0x1d,
    0x1e, 0x79, 0xe0, 0x33, 0x3c, 0xf3, 0xc0, 0xc7,
    0x79, 0xe7, 0x9f, 0xff, 0xf3, 0xcf, 0x1f, 0xef,
    0xff, 0xfe, 0x3f, 0xdf, 0xcf, 0x3c, 0x47, 0x97,
    0x9e, 0x78, 0xf, 0x8f, 0x3c, 0xf0, 0xff, 0x9e,
    0x79, 0xe1, 0xfd, 0xbc, 0xf3, 0xc3, 0xfb, 0xf9,
    0xe7, 0x86, 0xf7, 0xf3, 0xcf, 0x1d, 0xef, 0xe7,
    0x9e, 0x3b, 0xdf, 0xcf, 0x3c, 0x67, 0x87, 0x9e,
    0x78, 0xcf, 0xf, 0x3c, 0xf3, 0x1e, 0x1f, 0xff,
    0xe4, 0x3c, 0x3f, 0xff, 0xc0, 0x78, 0x78, 0x7,
    0x80, 0xf0, 0xe0, 0xe, 0x0,

    /* U+7D39 "紹" */
    0xe, 0x0, 0x0, 0x10, 0x3f, 0x0, 0x0, 0xe0,
    0xf0, 0x0, 0x3, 0xc3, 0x80, 0xff, 0xfe, 0xc,
    0xe0, 0x7c, 0x3a, 0x63, 0xe1, 0xf0, 0xe7, 0x1f,
    0x7, 0xc3, 0x9e, 0x78, 0x1e, 0xe, 0x3b, 0xc0,
    0xf8, 0x78, 0xee, 0x3, 0xe1, 0xe1, 0xb8, 0xf,
    0x7, 0x1, 0xd0, 0x78, 0xfc, 0x6, 0x71, 0xc1,
    0xf0, 0x30, 0xee, 0x3, 0xcf, 0xff, 0xb0, 0xc,
    0x1f, 0xef, 0x0, 0x8, 0x7f, 0xb9, 0xc0, 0x71,
    0x1e, 0x47, 0xff, 0xe0, 0x7c, 0x1e, 0x7, 0x9f,
    0xfc, 0x78, 0x1e, 0x7f, 0xb9, 0xe0, 0x79, 0xde,
    0xe7, 0x81, 0xe7, 0x7b, 0xde, 0x7, 0x9d, 0xee,
    0x78, 0x1e, 0x67, 0x99, 0xe0, 0x79, 0x1e, 0x7,
    0x81, 0xec, 0x78, 0x1f, 0xff, 0xa1, 0xe0, 0x78,
    0x1e, 0x7, 0x81, 0xe0, 0x78, 0x1e, 0x7, 0x1,
    0xc0,

    /* U+7D42 "終" */
    0x0, 0x0, 0x0, 0x0, 0x1e, 0x0, 0x70, 0x0,
    0x3f, 0x1, 0xf0, 0x0, 0x78, 0x3, 0xc2, 0x0,
    0xe4, 0xf, 0xfe, 0x3, 0x9f, 0x1f, 0xfe, 0x3e,
    0x3e, 0x38, 0x7c, 0x38, 0xf8, 0xf0, 0xf0, 0x79,
    0xe3, 0xb3, 0xc0, 0x77, 0x86, 0x27, 0x80, 0xee,
    0x18, 0x7e, 0x0, 0x3a, 0x40, 0x78, 0x0, 0x67,
    0x1, 0xf0, 0x1, 0x7, 0x87, 0xfc, 0x3f, 0xff,
    0x1c, 0xfe, 0x7f, 0xde, 0x70, 0xfe, 0x77, 0x83,
    0x80, 0xf8, 0xf, 0x1c, 0xfc, 0x61, 0x9f, 0x80,
    0x7c, 0x3, 0xfd, 0x80, 0x7c, 0x7, 0xfb, 0x80,
    0x78, 0xe, 0xf7, 0x80, 0x60, 0x1d, 0xef, 0x0,
    0x0, 0x33, 0xde, 0xfe, 0x0, 0xe7, 0x98, 0x7f,
    0x81, 0x8f, 0x0, 0x3f, 0x82, 0x1e, 0x0, 0x1f,
    0x80, 0x3c, 0x0, 0x1f, 0x80, 0x78, 0x0, 0x1e,
    0x0, 0xe0, 0x0, 0xc, 0x0,

    /* U+7D44 "組" */
    0x4, 0x0, 0x0, 0x0, 0x1e, 0x8, 0x2, 0x0,
    0xfc, 0x3f, 0xfc, 0x3, 0xc0, 0xff, 0xfc, 0xe,
    0xc3, 0xc1, 0xe3, 0x73, 0xcf, 0x7, 0x87, 0x9f,
    0xbc, 0x1e, 0x1e, 0x78, 0xf0, 0x78, 0x3b, 0xc3,
    0xc1, 0xe0, 0xee, 0xf, 0x7, 0x80, 0x78, 0x3c,
    0x1e, 0x1, 0x9c, 0xff, 0xf8, 0xc, 0x3b, 0xc1,
    0xe0, 0x60, 0xff, 0x7, 0x8f, 0xff, 0xfc, 0x1e,
    0x3f, 0xe7, 0xf0, 0x78, 0x77, 0x9f, 0xc1, 0xe0,
    0x1f, 0xf, 0x7, 0x83, 0xff, 0x3c, 0x1e, 0x1f,
    0xee, 0xff, 0xf8, 0x7f, 0xbf, 0xc1, 0xe1, 0xde,
    0x7f, 0x7, 0x87, 0x79, 0xfc, 0x1e, 0x19, 0xe7,
    0xf0, 0x78, 0xc7, 0x83, 0xc1, 0xe3, 0x1e, 0xf,
    0x7, 0x88, 0x78, 0x3c, 0x1f, 0x1, 0xe0, 0xf0,
    0x7e, 0x7, 0x9f, 0xff, 0xfc, 0x1e, 0x7f, 0xff,
    0xf0,

    /* U+7D4C "経" */
    0x6, 0x0, 0x0, 0x60, 0x1f, 0xf, 0xff, 0xe0,
    0x3c, 0x1f, 0xff, 0xe0, 0x70, 0x4, 0x7, 0x81,
    0xcf, 0xc, 0x1f, 0x1b, 0x1f, 0x88, 0x3c, 0x1c,
    0x7c, 0x18, 0xf0, 0x3c, 0xf0, 0x1f, 0xc0, 0x3b,
    0xc0, 0x1f, 0x0, 0x77, 0x0, 0x3e, 0x0, 0x1d,
    0x0, 0xff, 0x0, 0x33, 0x83, 0xbf, 0xe0, 0x83,
    0x9c, 0x1f, 0x9f, 0xff, 0xc0, 0xe, 0x3f, 0xef,
    0x7, 0xc4, 0x3b, 0xce, 0xf, 0x0, 0x7, 0x80,
    0x1e, 0x20, 0x8f, 0x80, 0x3c, 0xe1, 0xff, 0xc0,
    0x79, 0xe3, 0xfd, 0xdf, 0xff, 0xe7, 0x7b, 0xc1,
    0xe0, 0xe, 0xf7, 0x83, 0xc0, 0x19, 0xef, 0x7,
    0x80, 0x73, 0xce, 0xf, 0x0, 0xc7, 0x80, 0x1e,
    0x1, 0xf, 0x0, 0x3c, 0x60, 0x1e, 0x0, 0x79,
    0xe0, 0x3c, 0xff, 0xff, 0xe0, 0x78, 0xff, 0xff,
    0xc0,

    /* U+7D50 "結" */
    0x0, 0x0, 0xc, 0x0, 0x7, 0x0, 0xf, 0x0,
    0x7, 0xe0, 0xf, 0x0, 0x7, 0x80, 0xf, 0x0,
    0xf, 0x0, 0xf, 0x18, 0xe, 0x60, 0xf, 0x3e,
    0xf8, 0xfb, 0xff, 0xff, 0x70, 0xf0, 0xf, 0x0,
    0x39, 0xe0, 0xf, 0x0, 0x3b, 0xc0, 0xf, 0x0,
    0x3b, 0x80, 0xf, 0x10, 0x17, 0x40, 0xf, 0x38,
    0x6, 0x30, 0xf, 0x7c, 0xc, 0x3b, 0xff, 0xfe,
    0x8, 0x3f, 0xff, 0xfe, 0xff, 0xfc, 0x0, 0x0,
    0x7f, 0x9d, 0x0, 0x30, 0x7f, 0x9d, 0xc0, 0x78,
    0x47, 0x81, 0xff, 0xfe, 0x7, 0xe1, 0xe0, 0x78,
    0x3f, 0xb1, 0xe0, 0x78, 0x7f, 0xb9, 0xe0, 0x78,
    0x77, 0xbd, 0xe0, 0x78, 0x77, 0x9d, 0xe0, 0x78,
    0x67, 0x9d, 0xe0, 0x78, 0x67, 0x89, 0xe0, 0x78,
    0xc7, 0x81, 0xe0, 0x78, 0x87, 0x81, 0xff, 0xf8,
    0x7, 0x81, 0xe0, 0x78, 0x7, 0x81, 0xe0, 0x78,
    0x7, 0x81, 0xe0, 0x78,

    /* U+7D61 "絡" */
    0x0, 0x0, 0x0, 0x0, 0x1e, 0x0, 0xf0, 0x0,
    0x3f, 0x1, 0xf0, 0x0, 0x78, 0x3, 0xc2, 0x0,
    0xe4, 0xf, 0xfe, 0x3, 0x9e, 0x1f, 0xff, 0x3e,
    0x3e, 0x78, 0x7c, 0x38, 0xf8, 0xf0, 0xf0, 0x79,
    0xe3, 0xa3, 0xe0, 0x77, 0x86, 0x67, 0x80, 0xee,
    0x18, 0x7e, 0x0, 0xbc, 0x40, 0x78, 0x0, 0x67,
    0x1, 0xf8, 0x1, 0x7, 0x7, 0xfc, 0x3f, 0xff,
    0x1e, 0xff, 0x7f, 0xde, 0x70, 0xff, 0x67, 0xb9,
    0x80, 0x78, 0xf, 0xf, 0x81, 0xe1, 0x9f, 0xa7,
    0xff, 0xe3, 0xfd, 0x8f, 0x7, 0x87, 0xfb, 0x9e,
    0xf, 0xe, 0xf7, 0xbc, 0x1e, 0x1d, 0xef, 0x78,
    0x3c, 0x33, 0xde, 0xf0, 0x78, 0xc7, 0x99, 0xe0,
    0xf1, 0x8f, 0x3, 0xc1, 0xe2, 0x1e, 0x7, 0xff,
    0xc0, 0x3c, 0xf, 0x7, 0x80, 0x78, 0x1e, 0xf,
    0x0, 0xe0, 0x3c, 0x1c, 0x0,

    /* U+7D66 "給" */
    0x6, 0x0, 0x3c, 0x0, 0xf, 0x80, 0x7c, 0x0,
    0x3e, 0x0, 0xf8, 0x0, 0x78, 0x3, 0xf8, 0x0,
    0xe8, 0x7, 0x90, 0x11, 0x9e, 0xe, 0x30, 0x1e,
    0x7e, 0x3c, 0x38, 0x3c, 0xf0, 0x70, 0x78, 0x3f,
    0xc1, 0xc0, 0x7c, 0x7f, 0x7, 0x2, 0xfc, 0x6e,
    0xc, 0xe, 0xf0, 0x3a, 0x30, 0x1e, 0xc0, 0x67,
    0xdf, 0xfe, 0x81, 0x87, 0x0, 0x0, 0x3f, 0xfe,
    0x0, 0x0, 0x3f, 0xdc, 0x0, 0x30, 0x7f, 0xbb,
    0x80, 0xf0, 0x8f, 0x7, 0xff, 0xf0, 0x1f, 0xf,
    0x3, 0xc1, 0xff, 0x9e, 0x7, 0x87, 0xfb, 0xbc,
    0xf, 0xe, 0xf7, 0x78, 0x1e, 0x1d, 0xee, 0xf0,
    0x3c, 0x3b, 0xdd, 0xe0, 0x78, 0x67, 0x93, 0xc0,
    0xf0, 0x8f, 0x7, 0x81, 0xe3, 0x1e, 0xf, 0xff,
    0xc4, 0x3c, 0x1e, 0x7, 0x80, 0x78, 0x3c, 0xf,
    0x0, 0xf0, 0x70, 0x1c, 0x0,

    /* U+7D75 "絵" */
    0x4, 0x0, 0x20, 0x0, 0xf, 0x0, 0x7c, 0x0,
    0x3f, 0x0, 0xf0, 0x0, 0x78, 0x3, 0xf0, 0x0,
    0xe0, 0x7, 0x90, 0x11, 0x9e, 0xe, 0x30, 0x1e,
    0x3f, 0x3c, 0x38, 0x3c, 0xf8, 0x70, 0x7c, 0x39,
    0xe1, 0xc0, 0x7e, 0x7f, 0x87, 0x0, 0x78, 0xee,
    0xc, 0x6, 0xf0, 0x3a, 0x20, 0x1e, 0xc0, 0x67,
    0x9f, 0xfe, 0x1, 0x8f, 0x0, 0x0, 0x2, 0xe,
    0x0, 0x0, 0x7f, 0xfc, 0x0, 0x0, 0x7f, 0xb8,
    0x0, 0x30, 0xff, 0x70, 0x0, 0xf1, 0x1e, 0x1f,
    0xff, 0xf0, 0x3f, 0x3, 0xc0, 0x3, 0xfb, 0x7,
    0x80, 0xf, 0xf7, 0xe, 0x40, 0x1d, 0xee, 0x1c,
    0x70, 0x3b, 0xde, 0x70, 0x70, 0x67, 0xb8, 0xc0,
    0xf0, 0xcf, 0x1, 0x80, 0xf3, 0x1e, 0x3f, 0xff,
    0xf4, 0x3c, 0x7f, 0xf1, 0xe0, 0x78, 0x7f, 0x3,
    0xc0, 0xf0, 0xf0, 0x7, 0x1, 0xc0, 0x80, 0x0,
    0x0,

    /* U+7D9A "続" */
    0xc, 0x0, 0x3e, 0x0, 0x1f, 0x0, 0x78, 0x0,
    0x3c, 0x0, 0xf0, 0xc0, 0xf0, 0x1, 0xe3, 0xc1,
    0xd8, 0xff, 0xff, 0xde, 0x3c, 0x7, 0x80, 0x1c,
    0xfc, 0xf, 0x8, 0x1d, 0xe0, 0x1e, 0x38, 0x3b,
    0x87, 0xff, 0xf8, 0x7e, 0x0, 0x0, 0x0, 0x1e,
    0x0, 0x0, 0x0, 0x77, 0x20, 0x0, 0x80, 0xc7,
    0x7f, 0xff, 0x82, 0xe, 0xff, 0xff, 0xbf, 0xff,
    0x80, 0xe, 0x7f, 0xbf, 0xc3, 0x98, 0xef, 0x1d,
    0xf7, 0xc0, 0x1e, 0x33, 0xcf, 0x1, 0xbf, 0x7,
    0x9e, 0x3, 0xfb, 0xf, 0x3c, 0x7, 0xf7, 0x1e,
    0x78, 0xf, 0xee, 0x3c, 0xf0, 0x9b, 0xde, 0x71,
    0xe1, 0x37, 0xb9, 0xe3, 0xc6, 0xcf, 0x3, 0x87,
    0x8d, 0x9e, 0xf, 0xf, 0x1a, 0x3c, 0x1c, 0x1f,
    0xf0, 0x78, 0x60, 0x3f, 0xf0, 0xf1, 0x80, 0x3f,
    0xc1, 0xcc, 0x0, 0x0, 0x0,

    /* U+7DD1 "緑" */
    0xc, 0x0, 0x1, 0x80, 0x1e, 0x7, 0xff, 0xc0,
    0x3c, 0xf, 0xff, 0xc0, 0x70, 0x0, 0x1f, 0x1,
    0xce, 0x0, 0x3e, 0x1b, 0x1f, 0x0, 0x7c, 0x1c,
    0x78, 0xff, 0xf8, 0x1c, 0xf0, 0x1, 0xf0, 0x3b,
    0xc0, 0x3, 0xe8, 0x77, 0x0, 0x7, 0xf8, 0x4c,
    0x0, 0xf, 0xf0, 0x3a, 0x7f, 0xff, 0xf0, 0x66,
    0xff, 0xff, 0xe1, 0x8e, 0x7, 0xc0, 0x3f, 0xff,
    0x8f, 0x8e, 0x3f, 0xfd, 0x9f, 0x1e, 0x7f, 0xbb,
    0xbf, 0x3e, 0x8f, 0x67, 0x7e, 0xe0, 0x1f, 0xe,
    0xff, 0x81, 0xbf, 0x9d, 0xfc, 0x3, 0xfb, 0x83,
    0xfc, 0xf, 0xf7, 0x1f, 0xfc, 0x1d, 0xee, 0x6f,
    0xbc, 0x3b, 0xdb, 0xdf, 0x7e, 0x67, 0x9f, 0x3e,
    0x7e, 0xcf, 0x3c, 0x7c, 0xf3, 0x1e, 0x3b, 0xf8,
    0xe4, 0x3c, 0x23, 0xf0, 0x80, 0x78, 0x3, 0xc0,
    0x0, 0xe0, 0x6, 0x0, 0x0,

    /* U+7DD2 "緒" */
    0xe, 0x0, 0x7c, 0x0, 0x1f, 0x80, 0xf0, 0xc0,
    0x3c, 0x1, 0xe1, 0xe0, 0x70, 0x3, 0xdf, 0xe0,
    0xce, 0x7, 0xbf, 0x1b, 0x1f, 0xff, 0xfe, 0x1c,
    0x7c, 0x1e, 0x78, 0x3c, 0xf0, 0x3d, 0xe0, 0x3b,
    0xc0, 0x7f, 0xd8, 0x77, 0x0, 0xff, 0x78, 0x5c,
    0x7f, 0xff, 0xf8, 0x32, 0x0, 0xf0, 0x0, 0xc7,
    0x3, 0xc0, 0x1f, 0xff, 0xf, 0x4, 0x1f, 0xee,
    0x7c, 0x3c, 0x3f, 0xdc, 0xff, 0xfc, 0x67, 0xbb,
    0xe0, 0xf0, 0xf, 0xf, 0xc1, 0xe0, 0x9f, 0x37,
    0x83, 0xc1, 0xff, 0x8f, 0x7, 0x87, 0xfb, 0x9e,
    0xf, 0xe, 0xf7, 0x3f, 0xfe, 0x1d, 0xee, 0x78,
    0x3c, 0x33, 0xdc, 0xf0, 0x78, 0x67, 0x91, 0xe0,
    0xf0, 0x8f, 0x3, 0xc1, 0xe2, 0x1e, 0x7, 0xff,
    0xc0, 0x3c, 0xf, 0x7, 0x80, 0x78, 0x1e, 0xf,
    0x0, 0xe0, 0x3c, 0x1c, 0x0,

    /* U+7DDA "線" */
    0xe, 0x0, 0x1f, 0x80, 0x1f, 0x0, 0x3e, 0x0,
    0x3c, 0x0, 0x78, 0x80, 0x70, 0x1c, 0xe3, 0x81,
    0xc8, 0x3f, 0xff, 0x83, 0x1e, 0x7f, 0xff, 0xbc,
    0x7c, 0xf0, 0x1e, 0x3c, 0xf1, 0xe0, 0x3c, 0x3d,
    0xc3, 0xff, 0xf8, 0x7f, 0x7, 0x80, 0xf0, 0x4e,
    0xf, 0x1, 0xe0, 0x3a, 0x1e, 0x3, 0xc0, 0x67,
    0x3c, 0x7, 0x81, 0x8e, 0x7f, 0xff, 0x3f, 0xfe,
    0xf7, 0xd0, 0x3f, 0xfd, 0xf, 0x88, 0x7f, 0xf8,
    0x1f, 0x18, 0x8f, 0x7f, 0xfe, 0x7c, 0x1e, 0x3f,
    0xfa, 0xe1, 0xff, 0xf, 0xf7, 0x3, 0xff, 0x1f,
    0xec, 0xf, 0xfe, 0x7b, 0xdc, 0x1d, 0xfe, 0xe7,
    0x9c, 0x3b, 0xfd, 0xcf, 0x3e, 0x67, 0xb7, 0x1e,
    0x7e, 0xcf, 0x1c, 0x3c, 0x7b, 0x1e, 0x37, 0xf8,
    0x64, 0x3c, 0x81, 0xf0, 0x80, 0x78, 0x3, 0xc0,
    0x0, 0xe0, 0x3, 0x0, 0x0,

    /* U+7DE0 "締" */
    0x6, 0x0, 0xf, 0x80, 0xf, 0xc0, 0xf, 0x0,
    0xf, 0x0, 0xf, 0x8, 0xe, 0x0, 0xf, 0x1c,
    0xe, 0x87, 0xff, 0xfe, 0xc, 0xe7, 0xff, 0xfe,
    0x79, 0xf8, 0xe0, 0xf8, 0x39, 0xe0, 0x70, 0xf0,
    0x3b, 0xc2, 0x78, 0xe0, 0x3f, 0x82, 0x78, 0xcc,
    0x3f, 0x3, 0xff, 0xfe, 0x6, 0x47, 0xff, 0xff,
    0x4, 0x7f, 0xe, 0x1e, 0x8, 0x3f, 0xf, 0x18,
    0x7f, 0xff, 0xf, 0x18, 0x7f, 0xbb, 0xff, 0xfc,
    0x77, 0x9b, 0xcf, 0x3e, 0x7, 0x83, 0xcf, 0x3c,
    0x27, 0xc3, 0xcf, 0x3c, 0x3f, 0xa3, 0xcf, 0x3c,
    0x3f, 0xb3, 0xcf, 0x3c, 0x37, 0xbb, 0xcf, 0x3c,
    0x37, 0xbb, 0xcf, 0x3c, 0x77, 0xbb, 0xcf, 0xfc,
    0x67, 0xbb, 0xcf, 0x7c, 0x67, 0x83, 0xcf, 0x3c,
    0x47, 0x83, 0xcf, 0x38, 0x47, 0x83, 0x8f, 0x30,
    0x7, 0x80, 0xf, 0x0, 0x7, 0x80, 0xe, 0x0,

    /* U+7DE9 "緩" */
    0x0, 0x0, 0x0, 0x0, 0xe, 0x0, 0x1, 0xe0,
    0x3f, 0x0, 0x1f, 0xe0, 0x78, 0x3, 0xff, 0xe0,
    0xe0, 0xff, 0xc4, 0x1, 0x9c, 0x42, 0xf, 0x1e,
    0x3e, 0xe7, 0x1f, 0x3c, 0xf9, 0xef, 0x78, 0x39,
    0xe1, 0xde, 0xe0, 0x7f, 0x83, 0xbd, 0xa0, 0xee,
    0x2, 0x2, 0xe0, 0x38, 0x3f, 0xff, 0xe0, 0x64,
    0x7f, 0xff, 0xe1, 0x8e, 0x1f, 0x2, 0x3f, 0xfe,
    0x3e, 0xf, 0x3f, 0xdf, 0xff, 0xff, 0x7f, 0xbc,
    0xf0, 0x0, 0xcf, 0x71, 0xe0, 0xc0, 0x1f, 0x3,
    0xff, 0xc1, 0xbf, 0x87, 0xff, 0xc3, 0xfb, 0x1f,
    0xf, 0xf, 0xf7, 0x3d, 0x3e, 0x1d, 0xee, 0x73,
    0x78, 0x3b, 0xdd, 0xe7, 0xf0, 0x67, 0xbb, 0x87,
    0xc0, 0xcf, 0x26, 0xf, 0x81, 0x1e, 0x1c, 0x3f,
    0xf6, 0x3c, 0x30, 0xef, 0xf8, 0x78, 0xc7, 0x8f,
    0x80, 0xf3, 0x18, 0xe, 0x1, 0xc8, 0xc0, 0x4,
    0x0,

    /* U+7DF4 "練" */
    0xe, 0x0, 0x1f, 0x0, 0xf, 0x80, 0x1e, 0x10,
    0xf, 0x0, 0x1e, 0x18, 0xe, 0x0, 0x1e, 0x3c,
    0x1c, 0xcf, 0xff, 0xfe, 0x98, 0xf8, 0x1e, 0x0,
    0x71, 0xf6, 0x1e, 0x10, 0x79, 0xe7, 0xff, 0xf8,
    0x3b, 0xc7, 0xff, 0xfc, 0x3b, 0x87, 0x9e, 0x3c,
    0x17, 0x7, 0x9e, 0x3c, 0x6, 0x67, 0x9e, 0x3c,
    0x4, 0x77, 0xff, 0xfc, 0x7f, 0xff, 0x9e, 0x3c,
    0x7f, 0xbf, 0x9e, 0x3c, 0x7f, 0xbf, 0x9e, 0x3c,
    0x7f, 0xbf, 0x9e, 0x3c, 0x27, 0x87, 0xff, 0xfc,
    0x7, 0xc7, 0xff, 0x30, 0x3f, 0xe0, 0x7f, 0x80,
    0x3f, 0xb0, 0xff, 0xc0, 0x3f, 0xb8, 0xfe, 0xe0,
    0x77, 0xb9, 0xfe, 0xf8, 0x77, 0xbb, 0xde, 0x7e,
    0x67, 0x83, 0x9e, 0x7e, 0x67, 0x86, 0x1e, 0x38,
    0x47, 0x8c, 0x1e, 0x18, 0x7, 0xb0, 0x1e, 0x0,
    0x7, 0x80, 0x1e, 0x0, 0x7, 0x0, 0x1c, 0x0,

    /* U+7E3E "績" */
    0xc, 0x0, 0x1e, 0x0, 0x1f, 0x0, 0x3e, 0x30,
    0x3c, 0x0, 0x78, 0xf0, 0x78, 0x7f, 0xff, 0xf0,
    0xec, 0x1, 0xe1, 0x13, 0xbe, 0x3, 0xc7, 0x1e,
    0x79, 0xff, 0xff, 0x3c, 0xe0, 0xf, 0x8, 0x3b,
    0xc0, 0x1e, 0x3c, 0x77, 0x1f, 0xff, 0xfc, 0x7c,
    0x0, 0x0, 0x0, 0x30, 0x1c, 0x3, 0x80, 0xc6,
    0x3f, 0xff, 0xc1, 0xe, 0x78, 0xf, 0x3f, 0xfe,
    0xf0, 0x1e, 0x3f, 0xfd, 0xff, 0xfc, 0x77, 0xfb,
    0xc0, 0x78, 0x8f, 0x47, 0x80, 0xf0, 0x1e, 0xf,
    0x1, 0xe1, 0xfe, 0x1f, 0xff, 0xc3, 0xfe, 0x3c,
    0x7, 0x8e, 0xfe, 0x78, 0xf, 0x1d, 0xfe, 0xff,
    0xfe, 0x3b, 0xfd, 0xe0, 0x3c, 0x67, 0xf3, 0xa0,
    0x0, 0x8f, 0x0, 0xf7, 0xe3, 0x1e, 0x3, 0xf1,
    0xf4, 0x3c, 0x1f, 0x81, 0xf0, 0x78, 0x78, 0x3,
    0xe0, 0xe3, 0x0, 0x3, 0x80,

    /* U+7E54 "織" */
    0x8, 0x0, 0x0, 0x0, 0x1e, 0xf, 0xcf, 0x80,
    0x3c, 0x1f, 0x1e, 0x0, 0x70, 0x3e, 0xbd, 0x1,
    0xc0, 0x7f, 0xfb, 0x9b, 0x7, 0xff, 0xf7, 0x9c,
    0xe0, 0x1, 0xe7, 0x3d, 0xfc, 0x3b, 0xce, 0x3b,
    0x8c, 0x7f, 0x9c, 0x7f, 0x1c, 0xef, 0x0, 0xfc,
    0x39, 0x9e, 0x40, 0x38, 0x76, 0x3d, 0xc0, 0xcb,
    0xff, 0xff, 0xc1, 0x1c, 0x0, 0xf0, 0x3f, 0xfc,
    0x9, 0xe0, 0x3f, 0xff, 0xfb, 0xd0, 0x7f, 0xff,
    0xff, 0xbc, 0x9e, 0xbc, 0xff, 0x78, 0x3c, 0x79,
    0xfe, 0xe3, 0xfc, 0xf3, 0xdf, 0xc7, 0xfd, 0xff,
    0xbf, 0xf, 0xff, 0xcf, 0x7e, 0x5f, 0xff, 0x9e,
    0xf9, 0x37, 0xff, 0x3c, 0xf2, 0x6f, 0x7e, 0x7b,
    0xe4, 0xde, 0x3f, 0xf7, 0xf9, 0x3c, 0x79, 0xff,
    0xf4, 0x78, 0xf2, 0x77, 0xe0, 0xf1, 0x81, 0x87,
    0xe1, 0xe0, 0xc, 0x7, 0xc3, 0x80, 0x20, 0x3,
    0x0,

    /* U+7E70 "繰" */
    0xc, 0x0, 0x1, 0x0, 0x1f, 0x83, 0x83, 0xc0,
    0x1f, 0x3, 0xff, 0xf0, 0x1c, 0x3, 0xc3, 0xc0,
    0x99, 0xc3, 0xc3, 0xc0, 0x71, 0xf3, 0xc3, 0xc0,
    0x7b, 0xe3, 0xff, 0xc0, 0x3b, 0xc3, 0xc3, 0x80,
    0x3f, 0x88, 0x64, 0x18, 0x17, 0xf, 0xf7, 0xfe,
    0x6, 0x8e, 0xe6, 0x3c, 0xc, 0xee, 0xe6, 0x3c,
    0x18, 0x6e, 0xe6, 0x3c, 0xff, 0xfe, 0xe6, 0x3c,
    0xff, 0x7f, 0xe7, 0xfc, 0xff, 0x7e, 0xe6, 0x3c,
    0x4f, 0x2c, 0xbe, 0x0, 0xf, 0x80, 0x3c, 0x30,
    0x7f, 0xc0, 0x3c, 0x7c, 0x7f, 0x6f, 0xff, 0xfe,
    0x7f, 0x71, 0xfe, 0x0, 0x7f, 0x71, 0xff, 0x0,
    0x6f, 0x73, 0xfd, 0xc0, 0x6f, 0x73, 0xfd, 0xf0,
    0xcf, 0x7, 0x3c, 0xfe, 0xcf, 0xe, 0x3c, 0x7c,
    0x8f, 0x1c, 0x3c, 0x38, 0xf, 0x30, 0x3c, 0x18,
    0xf, 0x0, 0x3c, 0x0, 0xe, 0x0, 0x38, 0x0,

    /* U+7F6E "置" */
    0x10, 0x0, 0x0, 0x80, 0x7f, 0xff, 0xff, 0x81,
    0xff, 0xff, 0xff, 0x7, 0x8f, 0x3c, 0x7c, 0x1e,
    0x3c, 0xf1, 0xf0, 0x78, 0xf3, 0xc7, 0xc1, 0xff,
    0xff, 0xff, 0x7, 0x81, 0xf0, 0x7c, 0x1c, 0x7,
    0x81, 0xe0, 0x0, 0x1e, 0x3, 0xcf, 0xff, 0xff,
    0xff, 0x80, 0x1, 0xc0, 0x0, 0x0, 0x67, 0x2,
    0x0, 0x81, 0xff, 0xfe, 0x3, 0xe7, 0xff, 0xfc,
    0xf, 0x1e, 0x1, 0xe0, 0x3c, 0x7f, 0xff, 0x80,
    0xf1, 0xe0, 0x1e, 0x3, 0xc7, 0x80, 0x78, 0xf,
    0x1e, 0x1, 0xe0, 0x3c, 0x7f, 0xff, 0x80, 0xf1,
    0xe0, 0x1e, 0x3, 0xc7, 0x80, 0x78, 0xf, 0x1f,
    0xff, 0xe0, 0x3c, 0x78, 0x7, 0x0, 0xf1, 0xc0,
    0x1, 0xc3, 0xc0, 0x0, 0xf, 0x8f, 0xff, 0xff,
    0xff, 0x3c, 0x0, 0x0, 0x0, 0xe0, 0x0, 0x0,
    0x0,

    /* U+7F8E "美" */
    0x1, 0xe0, 0x1c, 0x0, 0x1, 0xf0, 0x7e, 0x0,
    0x1, 0xe0, 0xf0, 0x0, 0x3, 0xc1, 0xc6, 0x0,
    0x3, 0x3, 0x1f, 0x3, 0xff, 0xff, 0xff, 0x0,
    0x1, 0xe0, 0x0, 0x0, 0x3, 0xc0, 0x0, 0x0,
    0x7, 0x83, 0x80, 0x0, 0xf, 0xf, 0x80, 0x1f,
    0xff, 0xff, 0x80, 0x0, 0x3c, 0x0, 0x0, 0x0,
    0x78, 0x6, 0x0, 0x0, 0xf0, 0x1e, 0xf, 0xff,
    0xff, 0xfe, 0x1f, 0xff, 0xff, 0xfc, 0x0, 0xf,
    0xc0, 0x0, 0x0, 0x1f, 0x0, 0x40, 0x0, 0x3e,
    0x1, 0xc0, 0x0, 0x7c, 0x7, 0xc7, 0xff, 0xff,
    0xff, 0xc0, 0x1, 0xf0, 0x0, 0x0, 0x7, 0xd0,
    0x0, 0x0, 0xf, 0x18, 0x0, 0x0, 0x3e, 0x3c,
    0x0, 0x0, 0xf8, 0x3f, 0xc0, 0x3, 0xc0, 0x3f,
    0xf0, 0x1f, 0x0, 0x3f, 0xc0, 0xf0, 0x0, 0x1f,
    0xe, 0x0, 0x0, 0x6, 0x0,

    /* U+7FD2 "習" */
    0x0, 0x10, 0x0, 0x23, 0xff, 0xcf, 0xff, 0x9f,
    0xff, 0x3f, 0xfe, 0x38, 0x70, 0xf0, 0xe0, 0xe3,
    0x83, 0xc7, 0x7, 0x9c, 0x1e, 0x38, 0x3c, 0xe0,
    0x61, 0xc0, 0xc7, 0x0, 0xe, 0x0, 0x78, 0x3,
    0xf0, 0x7d, 0xc3, 0xf3, 0xbf, 0x8e, 0x7f, 0x1c,
    0xfb, 0xf1, 0xe7, 0xe7, 0x7, 0x8e, 0xf, 0x10,
    0x3f, 0xa0, 0x78, 0x1, 0xdf, 0x83, 0x80, 0x7f,
    0xff, 0xf0, 0x3, 0xff, 0xff, 0xc0, 0x1e, 0x0,
    0x3e, 0x0, 0xf0, 0x1, 0xf0, 0x7, 0x80, 0xf,
    0x80, 0x3c, 0x0, 0x7c, 0x1, 0xff, 0xff, 0xe0,
    0xf, 0x0, 0x1f, 0x0, 0x78, 0x0, 0xf8, 0x3,
    0xc0, 0x7, 0xc0, 0x1e, 0x0, 0x3e, 0x0, 0xff,
    0xff, 0xf0, 0x7, 0x80, 0xf, 0x80, 0x38, 0x0,
    0x78, 0x0,

    /* U+8003 "考" */
    0x0, 0x18, 0x0, 0x0, 0x0, 0x7c, 0x4, 0x0,
    0x1, 0xe0, 0x1c, 0x0, 0x7, 0x9c, 0xfc, 0x0,
    0x1e, 0xff, 0xe0, 0x7f, 0xff, 0xff, 0x0, 0x1,
    0xe1, 0xf8, 0x0, 0x7, 0x8f, 0xc8, 0x0, 0x1e,
    0x7e, 0x30, 0x0, 0x7b, 0xf1, 0xe7, 0xff, 0xff,
    0xff, 0xc0, 0x0, 0xf8, 0x0, 0x0, 0x7, 0xc0,
    0x0, 0x0, 0xfc, 0x8, 0x0, 0x7, 0xe0, 0xf8,
    0x0, 0x1e, 0xf, 0xf0, 0x1, 0xf9, 0xff, 0xe0,
    0xf, 0xff, 0x80, 0x0, 0xef, 0x80, 0x0, 0xe,
    0x3c, 0x0, 0x40, 0xc0, 0xff, 0xff, 0x80, 0x3,
    0xff, 0xff, 0x0, 0x1f, 0x0, 0x7c, 0x0, 0x7c,
    0x1, 0xe0, 0x0, 0xe0, 0x7, 0x80, 0x0, 0x0,
    0x3e, 0x0, 0x0, 0x0, 0xf0, 0x0, 0x0, 0x7f,
    0xc0, 0x0, 0x0, 0x7e, 0x0, 0x0, 0x1, 0xf8,
    0x0, 0x0, 0x3, 0x80, 0x0,

    /* U+8005 "者" */
    0x0, 0x1f, 0x80, 0x0, 0x0, 0x3e, 0x1, 0x80,
    0x0, 0x7c, 0x3, 0xc0, 0x0, 0xf9, 0xcf, 0xc0,
    0x1, 0xf7, 0xff, 0x1, 0xff, 0xff, 0xfc, 0x0,
    0x7, 0xc3, 0xf0, 0x0, 0xf, 0x8f, 0xc0, 0x0,
    0x1f, 0x3f, 0x0, 0x0, 0x3e, 0xfc, 0x60, 0x0,
    0x7f, 0xe1, 0xf3, 0xff, 0xff, 0xff, 0xf0, 0x0,
    0x3e, 0x0, 0x0, 0x1, 0xf0, 0x0, 0x0, 0x27,
    0xc0, 0x40, 0x0, 0x7f, 0xff, 0xc0, 0x0, 0xff,
    0xff, 0xe0, 0x7, 0xe0, 0x7, 0x80, 0x1f, 0xc0,
    0xf, 0x0, 0xc7, 0x80, 0x1e, 0x6, 0xf, 0x0,
    0x3c, 0x0, 0x1f, 0xff, 0xf8, 0x0, 0x3c, 0x0,
    0xf0, 0x0, 0x78, 0x1, 0xe0, 0x0, 0xf0, 0x3,
    0xc0, 0x1, 0xe0, 0x7, 0x80, 0x3, 0xff, 0xff,
    0x0, 0x7, 0x80, 0x1e, 0x0, 0xf, 0x0, 0x3c,
    0x0, 0x1c, 0x0, 0x70, 0x0,

    /* U+8033 "耳" */
    0x0, 0x0, 0x0, 0x40, 0x0, 0x0, 0x3, 0x80,
    0x0, 0x0, 0x1f, 0x9f, 0xff, 0xff, 0xff, 0x3,
    0xe0, 0x1f, 0x0, 0xf, 0x80, 0x7c, 0x0, 0x3e,
    0x1, 0xf0, 0x0, 0xf8, 0x7, 0xc0, 0x3, 0xe0,
    0x1f, 0x0, 0xf, 0xff, 0xfc, 0x0, 0x3e, 0x1,
    0xf0, 0x0, 0xf8, 0x7, 0xc0, 0x3, 0xe0, 0x1f,
    0x0, 0xf, 0x80, 0x7c, 0x0, 0x3e, 0x1, 0xf0,
    0x0, 0xff, 0xff, 0xc0, 0x3, 0xe0, 0x1f, 0x0,
    0xf, 0x80, 0x7c, 0x0, 0x3e, 0x1, 0xf0, 0x0,
    0xf8, 0x7, 0xc0, 0x3, 0xe0, 0x1f, 0xf8, 0xf,
    0x9f, 0xfe, 0xf, 0xff, 0xff, 0xf0, 0x1f, 0xff,
    0xc7, 0xc0, 0x7f, 0xe0, 0x1f, 0x1, 0xe0, 0x0,
    0x7c, 0x0, 0x0, 0x1, 0xf0, 0x0, 0x0, 0x7,
    0xc0, 0x0, 0x0, 0x1f, 0x0, 0x0, 0x0, 0x78,
    0x0,

    /* U+805E "聞" */
    0xc0, 0x20, 0x1, 0x8f, 0xff, 0x3f, 0xfc, 0xff,
    0xfb, 0xff, 0xef, 0x7, 0x3c, 0x3e, 0xf0, 0x73,
    0xc3, 0xef, 0xff, 0x3f, 0xfe, 0xf0, 0x73, 0xc3,
    0xef, 0x7, 0x3c, 0x3e, 0xf0, 0x73, 0xc3, 0xef,
    0xff, 0x3f, 0xfe, 0xf0, 0x73, 0xc3, 0xef, 0x0,
    0x2, 0x3e, 0xf0, 0x0, 0x7b, 0xef, 0x7f, 0xff,
    0xfe, 0xf1, 0xe0, 0xf3, 0xef, 0x1e, 0xf, 0x3e,
    0xf1, 0xff, 0xf3, 0xef, 0x1e, 0xf, 0x3e, 0xf1,
    0xe0, 0xf3, 0xef, 0x1f, 0xff, 0x3e, 0xf1, 0xe0,
    0xf3, 0xef, 0x1e, 0xf, 0x3e, 0xf1, 0xef, 0xf3,
    0xef, 0x7f, 0xcf, 0x3e, 0xf7, 0xe0, 0xf3, 0xef,
    0x38, 0xf, 0xfe, 0xf2, 0x0, 0xf7, 0xcf, 0x0,
    0xe, 0x7c, 0xe0, 0x0, 0x3, 0x0,

    /* U+8077 "職" */
    0x0, 0x63, 0xc7, 0xc0, 0x1, 0xe7, 0xf, 0x1,
    0xff, 0xfe, 0x1e, 0x1, 0xcf, 0x1d, 0xbd, 0x83,
    0x9e, 0x3b, 0x7b, 0x87, 0x3f, 0xff, 0xf3, 0x8e,
    0x7f, 0xff, 0xe7, 0x1c, 0xf2, 0x3b, 0xce, 0x3f,
    0xe6, 0x77, 0x80, 0x73, 0xce, 0xcf, 0x30, 0xe7,
    0x9d, 0x1e, 0x71, 0xcf, 0xff, 0xff, 0xf3, 0x9f,
    0xff, 0xff, 0xe7, 0x3d, 0x4, 0xf2, 0xe, 0x7b,
    0x9d, 0xe7, 0x9f, 0xf7, 0xff, 0xde, 0x39, 0xee,
    0x77, 0xb8, 0x73, 0xdc, 0xe7, 0xf0, 0xe7, 0xb9,
    0xcf, 0xe1, 0xcf, 0x7f, 0x9f, 0x83, 0x9e, 0xe7,
    0x3e, 0x7, 0x7d, 0xce, 0x7c, 0x7f, 0xfb, 0x9c,
    0x78, 0xbe, 0xf7, 0x39, 0xf3, 0x79, 0xef, 0xf7,
    0xf4, 0xc3, 0xdc, 0xfd, 0xf9, 0x7, 0xb8, 0x73,
    0xf0, 0xf, 0x1, 0x83, 0xf0, 0x1e, 0x6, 0x3,
    0xe0, 0x38, 0x10, 0x3, 0xc0,

    /* U+8089 "肉" */
    0x0, 0x1e, 0x0, 0x0, 0x3, 0xe0, 0x0, 0x0,
    0x78, 0x0, 0x60, 0xf, 0x0, 0x8f, 0xff, 0xff,
    0xf9, 0xff, 0xff, 0xff, 0xfc, 0xf, 0x0, 0xf7,
    0x81, 0xe0, 0x1e, 0xf0, 0x3f, 0x3, 0xde, 0xf,
    0x7c, 0x7b, 0xc1, 0xc7, 0xcf, 0x78, 0x70, 0x79,
    0xef, 0x1d, 0x87, 0xbd, 0xe6, 0x3e, 0xe7, 0xbd,
    0xf, 0x80, 0xf7, 0x81, 0xe0, 0x1e, 0xf0, 0x3c,
    0x3, 0xde, 0xf, 0xf0, 0x7b, 0xc1, 0xef, 0x8f,
    0x78, 0x38, 0xf9, 0xef, 0xe, 0xf, 0x3d, 0xe3,
    0x80, 0xf7, 0xbc, 0xe0, 0x1e, 0xf7, 0xb0, 0x1,
    0x9e, 0xf0, 0x0, 0x3, 0xde, 0x0, 0x1f, 0xfb,
    0xc0, 0x0, 0x7f, 0x78, 0x0, 0x7, 0xcf, 0x0,
    0x0, 0xf9, 0xc0, 0x0, 0xc, 0x0,

    /* U+80A9 "肩" */
    0x0, 0x0, 0x0, 0x80, 0x0, 0x0, 0xc, 0x0,
    0x0, 0x1, 0xe7, 0xff, 0xff, 0xff, 0x0, 0x0,
    0x0, 0x0, 0x80, 0x0, 0x30, 0xf, 0xff, 0xff,
    0x80, 0xff, 0xff, 0xfc, 0xf, 0x0, 0x7, 0xc0,
    0xf0, 0x0, 0x7c, 0xf, 0x0, 0x7, 0xc0, 0xf0,
    0x0, 0x7c, 0xf, 0xff, 0xff, 0xc0, 0xf0, 0x0,
    0x7c, 0xf, 0x80, 0x7, 0x0, 0xff, 0xff, 0xf8,
    0xf, 0xff, 0xff, 0xe0, 0xff, 0x0, 0x7c, 0xe,
    0xf0, 0x7, 0xc0, 0xef, 0xff, 0xfc, 0xe, 0xf0,
    0x7, 0xc1, 0xef, 0x0, 0x7c, 0x1c, 0xf0, 0x7,
    0xc1, 0xcf, 0xff, 0xfc, 0x1c, 0xf0, 0x7, 0xc3,
    0x8f, 0x0, 0x7c, 0x30, 0xf0, 0x7, 0xc6, 0xf,
    0x3, 0xfc, 0x40, 0xf0, 0xf, 0xc8, 0xf, 0x0,
    0xf8, 0x0, 0xe0, 0xf, 0x0,

    /* U+80B2 "育" */
    0x0, 0xc, 0x0, 0x0, 0x0, 0x78, 0x0, 0x0,
    0x3, 0xc0, 0x20, 0x0, 0x1e, 0x3, 0xc0, 0x0,
    0xf0, 0x1f, 0x7f, 0xff, 0xff, 0xf8, 0x1, 0xe0,
    0x0, 0x0, 0x1e, 0x7, 0x0, 0x0, 0xe0, 0x1e,
    0x0, 0x6, 0x0, 0x7c, 0xf, 0xff, 0xff, 0xf0,
    0x7f, 0xff, 0xf, 0x81, 0xff, 0x0, 0x3c, 0xf,
    0x0, 0x4, 0xe0, 0x5c, 0x0, 0x30, 0x0, 0xff,
    0xff, 0xc0, 0x7, 0xff, 0xff, 0x0, 0x3c, 0x0,
    0xf0, 0x1, 0xe0, 0x7, 0x80, 0xf, 0xff, 0xfc,
    0x0, 0x78, 0x1, 0xe0, 0x3, 0xc0, 0xf, 0x0,
    0x1e, 0x0, 0x78, 0x0, 0xff, 0xff, 0xc0, 0x7,
    0x80, 0x1e, 0x0, 0x3c, 0x0, 0xf0, 0x1, 0xe0,
    0x7, 0x80, 0xf, 0x3, 0xfc, 0x0, 0x78, 0x7,
    0xe0, 0x3, 0xc0, 0x1e, 0x0, 0x1c, 0x0, 0xe0,
    0x0,

    /* U+80CC "背" */
    0x0, 0x7c, 0xf8, 0x0, 0x3, 0xc7, 0x80, 0x0,
    0x1e, 0x3c, 0x78, 0x0, 0xf1, 0xe7, 0xe7, 0xff,
    0x8f, 0xff, 0x80, 0x3c, 0x7e, 0x0, 0x1, 0xe3,
    0xc0, 0x40, 0xf, 0x1e, 0x2, 0xf, 0xf8, 0xf0,
    0x37, 0xfb, 0xc7, 0xff, 0xdf, 0x1e, 0x3f, 0xfe,
    0xe0, 0xf0, 0xff, 0xe2, 0x7, 0x80, 0x40, 0x3,
    0x80, 0x3, 0x0, 0x1f, 0xff, 0xfc, 0x0, 0xff,
    0xff, 0xf0, 0x7, 0xc0, 0xf, 0x0, 0x3e, 0x0,
    0x78, 0x1, 0xff, 0xff, 0xc0, 0xf, 0x80, 0x1e,
    0x0, 0x7c, 0x0, 0xf0, 0x3, 0xe0, 0x7, 0x80,
    0x1f, 0xff, 0xfc, 0x0, 0xf8, 0x1, 0xe0, 0x7,
    0xc0, 0xf, 0x0, 0x3e, 0x0, 0x78, 0x1, 0xf0,
    0x3f, 0xc0, 0xf, 0x80, 0x7e, 0x0, 0x7c, 0x1,
    0xf0, 0x3, 0xc0, 0xe, 0x0,

    /* U+80F8 "胸" */
    0x0, 0x83, 0x0, 0x1, 0xff, 0xf, 0x80, 0x7,
    0xff, 0x3c, 0x0, 0x1e, 0x79, 0xe0, 0x0, 0x79,
    0xe7, 0x80, 0x31, 0xe7, 0x9f, 0xff, 0xe7, 0x9e,
    0xff, 0xff, 0xde, 0x7b, 0x80, 0x1e, 0x79, 0xec,
    0x20, 0x79, 0xff, 0xe0, 0xf1, 0xe7, 0x9f, 0xe3,
    0xf7, 0x9e, 0x7b, 0x8d, 0xde, 0x79, 0xef, 0xf7,
    0x79, 0xe7, 0xbb, 0xdd, 0xe7, 0x9e, 0xe7, 0x77,
    0x9e, 0x7b, 0x9f, 0xde, 0x79, 0xee, 0xff, 0x79,
    0xff, 0xbb, 0xfd, 0xe7, 0x9e, 0xe9, 0xf7, 0x9e,
    0x7b, 0xc1, 0xde, 0x79, 0xee, 0x7, 0x79, 0xc7,
    0xbf, 0xfd, 0xe7, 0x1e, 0xe0, 0x77, 0x1c, 0x7b,
    0x81, 0x9c, 0x71, 0xee, 0x0, 0x71, 0x87, 0xb0,
    0x3, 0xce, 0xfe, 0x0, 0xff, 0x30, 0xf8, 0x0,
    0xf8, 0x83, 0xc0, 0x3, 0xe2, 0xe, 0x0, 0xe,
    0x0,

    /* U+80FD "能" */
    0x3, 0xc0, 0x3e, 0x0, 0x7, 0xc0, 0x78, 0x40,
    0x1f, 0x0, 0xf1, 0xc0, 0x3c, 0xc1, 0xe7, 0xc0,
    0x70, 0xe3, 0xdf, 0xe0, 0xc1, 0xe7, 0xf0, 0x1f,
    0xff, 0xef, 0x0, 0x3f, 0xe3, 0xde, 0x2, 0x7e,
    0x7, 0xbc, 0xc, 0x60, 0x10, 0x78, 0x18, 0x60,
    0x70, 0xff, 0xf8, 0xff, 0xf1, 0xff, 0xf1, 0xe1,
    0xf3, 0xff, 0xe3, 0xc3, 0xc3, 0xff, 0x7, 0x87,
    0x80, 0x0, 0xf, 0xf, 0x1e, 0x0, 0x1f, 0xfe,
    0x3e, 0x30, 0x3c, 0x3c, 0x78, 0xf0, 0x78, 0x78,
    0xf3, 0xf0, 0xf0, 0xf1, 0xef, 0x81, 0xff, 0xe3,
    0xf0, 0x3, 0xc3, 0xc7, 0x80, 0x87, 0x87, 0x8f,
    0x1, 0xf, 0xf, 0x1e, 0x2, 0x1e, 0x1e, 0x3c,
    0xc, 0x3c, 0xfc, 0x7f, 0xfc, 0x78, 0xf8, 0xff,
    0xf8, 0xf1, 0xe1, 0xff, 0xf1, 0xe3, 0xc1, 0xff,
    0xc3, 0x87, 0x0, 0x0, 0x0,

    /* U+8131 "脱" */
    0x0, 0x42, 0x1, 0x80, 0x7f, 0xc3, 0x83, 0xe0,
    0xff, 0xe7, 0x87, 0x81, 0xe7, 0x87, 0x8e, 0x3,
    0xcf, 0xf, 0x3c, 0x7, 0x9e, 0x1e, 0x70, 0xf,
    0x3d, 0x3c, 0xc8, 0x1e, 0x7b, 0xff, 0xf8, 0x3c,
    0xf7, 0xff, 0xfc, 0x7f, 0xef, 0x0, 0xf0, 0xf3,
    0xde, 0x1, 0xe1, 0xe7, 0xbc, 0x3, 0xc3, 0xcf,
    0x78, 0x7, 0x87, 0x9e, 0xf0, 0xf, 0xf, 0x3d,
    0xe0, 0x1e, 0x1e, 0x7b, 0xff, 0xfc, 0x3c, 0xf7,
    0xf7, 0xf8, 0x7f, 0xe1, 0xef, 0x0, 0xf3, 0xc3,
    0xde, 0x1, 0xe7, 0x87, 0xbc, 0x3, 0xcf, 0xe,
    0x78, 0x7, 0x1e, 0x3c, 0xf0, 0xe, 0x3c, 0x79,
    0xe1, 0x1c, 0x78, 0xe3, 0xc2, 0x30, 0xf1, 0xc7,
    0x84, 0xe1, 0xe7, 0xf, 0x19, 0x8f, 0xdc, 0x1f,
    0xfb, 0xf, 0xb0, 0x3f, 0xf4, 0x1e, 0xc0, 0x3f,
    0xd0, 0x2, 0x0, 0x0, 0x0,

    /* U+8155 "腕" */
    0x0, 0x80, 0x1c, 0x1, 0xff, 0x0, 0x70, 0x7,
    0xfe, 0x41, 0xc1, 0x1e, 0x79, 0x7, 0x4, 0x79,
    0xef, 0xff, 0xf9, 0xe7, 0xbf, 0xff, 0xf7, 0x9f,
    0xc0, 0x7, 0xde, 0x7f, 0x0, 0x1c, 0x79, 0xff,
    0xc0, 0x41, 0xe7, 0x9c, 0x3f, 0xc7, 0xfe, 0x7f,
    0xff, 0x9e, 0x79, 0xff, 0xdc, 0x79, 0xe6, 0x7f,
    0x71, 0xe7, 0xb9, 0xbd, 0xc7, 0x9e, 0xe6, 0xf7,
    0x1e, 0x7b, 0x1b, 0xdc, 0x79, 0xee, 0x6f, 0x71,
    0xff, 0xbf, 0xbd, 0xc7, 0x9f, 0xfe, 0xff, 0x1e,
    0x7d, 0xf3, 0xdc, 0x79, 0xe0, 0xcf, 0x71, 0xc7,
    0x87, 0x3d, 0x87, 0x1e, 0x18, 0xf0, 0x9c, 0x78,
    0x63, 0xc2, 0x71, 0xe3, 0xf, 0x9, 0x87, 0x88,
    0x3c, 0x2e, 0xfe, 0x60, 0xff, 0xf0, 0xfb, 0x3,
    0xff, 0x83, 0xd0, 0xf, 0xf8, 0xc, 0x80, 0x0,
    0x0,

    /* U+8170 "腰" */
    0x0, 0x0, 0x0, 0x1, 0x2, 0x0, 0x0, 0xc7,
    0x9c, 0x0, 0x7, 0x9f, 0xff, 0xff, 0xff, 0x79,
    0xe0, 0xe7, 0x1, 0xe7, 0x83, 0x9c, 0x7, 0x9e,
    0x8e, 0x73, 0x1e, 0x7b, 0xff, 0xfe, 0x79, 0xef,
    0xff, 0xfd, 0xe7, 0xbb, 0x9d, 0xe7, 0xfe, 0xee,
    0x77, 0x9e, 0x7b, 0xb9, 0xde, 0x79, 0xee, 0xe7,
    0x79, 0xe7, 0xbb, 0x9d, 0xe7, 0x9e, 0xff, 0xff,
    0x9e, 0x7b, 0x90, 0x1e, 0x79, 0xee, 0x7c, 0x61,
    0xe7, 0x83, 0xc0, 0xc7, 0xfe, 0xf, 0x7, 0x9e,
    0x7f, 0xff, 0xff, 0x79, 0xe1, 0xe3, 0xe1, 0xe7,
    0x8f, 0x8f, 0x7, 0x9e, 0x3c, 0x3c, 0x1c, 0x79,
    0xf1, 0xf0, 0x71, 0xe7, 0xff, 0x81, 0xc7, 0xbc,
    0xff, 0x6, 0x1e, 0x1, 0xfe, 0x19, 0xf8, 0xf,
    0xfc, 0xc3, 0xe0, 0xf9, 0xfa, 0xf, 0xf, 0x1,
    0xe8, 0x39, 0xc0, 0x3, 0x80,

    /* U+819D "膝" */
    0x0, 0x80, 0x3e, 0x0, 0xff, 0x80, 0x78, 0x41,
    0xff, 0x80, 0xf1, 0xc3, 0xcf, 0x1, 0xe3, 0xc7,
    0x9e, 0xff, 0xff, 0xcf, 0x3c, 0x1f, 0x80, 0x1e,
    0x78, 0x3f, 0xf0, 0x3c, 0xf0, 0xfe, 0xf8, 0x79,
    0xe3, 0xfc, 0xf8, 0xff, 0xc7, 0x78, 0xf1, 0xe7,
    0x9d, 0xe0, 0xe3, 0xcf, 0x63, 0xf0, 0xc7, 0x9f,
    0xf, 0xc0, 0xf, 0x3c, 0x1e, 0x70, 0x1e, 0x78,
    0x78, 0x7e, 0x3c, 0xf1, 0xe0, 0x7e, 0x79, 0xe7,
    0xbe, 0x78, 0xff, 0xdc, 0x78, 0x71, 0xe7, 0xf8,
    0xf3, 0x3, 0xcf, 0x1d, 0xe7, 0x87, 0x9e, 0x3b,
    0xdc, 0xe, 0x3c, 0x77, 0xb0, 0x1c, 0x78, 0xcf,
    0xc0, 0x38, 0xf0, 0x7e, 0xf0, 0x71, 0xef, 0xbc,
    0xf0, 0xc3, 0xfe, 0x79, 0xf1, 0xbf, 0xb8, 0xf1,
    0xe6, 0x1f, 0x67, 0xe1, 0xcc, 0x3c, 0x7, 0xc0,
    0x10, 0x78, 0xf, 0x0, 0x0,

    /* U+81EA "自" */
    0x1, 0xc0, 0x0, 0x3, 0xf8, 0x0, 0x7, 0xc0,
    0x0, 0xf, 0x0, 0xc, 0x1c, 0x3, 0x1f, 0xff,
    0xff, 0x3f, 0xff, 0xff, 0x78, 0x0, 0x3e, 0xf0,
    0x0, 0x79, 0xe0, 0x0, 0xf3, 0xc0, 0x1, 0xe7,
    0x80, 0x3, 0xcf, 0xff, 0xff, 0x9e, 0x0, 0xf,
    0x3c, 0x0, 0x1e, 0x78, 0x0, 0x3c, 0xf0, 0x0,
    0x79, 0xe0, 0x0, 0xf3, 0xc0, 0x1, 0xe7, 0xff,
    0xff, 0xcf, 0x0, 0x7, 0x9e, 0x0, 0xf, 0x3c,
    0x0, 0x1e, 0x78, 0x0, 0x3c, 0xf0, 0x0, 0x79,
    0xe0, 0x0, 0xf3, 0xff, 0xff, 0xe7, 0x80, 0x3,
    0xcf, 0x0, 0x7, 0x9c, 0x0, 0xe, 0x0,

    /* U+822A "航" */
    0x6, 0x0, 0x20, 0x0, 0x1f, 0x80, 0xf8, 0x0,
    0x78, 0x3, 0xc0, 0x1, 0xc8, 0xf, 0x0, 0x3f,
    0xf0, 0x3c, 0x60, 0xff, 0xf0, 0xf3, 0xc3, 0xc7,
    0xff, 0xff, 0xce, 0xde, 0x0, 0x0, 0x3b, 0xf8,
    0x0, 0x0, 0xef, 0xe4, 0x4, 0x3, 0xbf, 0x9f,
    0xfc, 0xe, 0xfe, 0x7f, 0xf8, 0x38, 0x79, 0xe3,
    0xc0, 0xef, 0xf7, 0x8f, 0xf, 0xff, 0x9e, 0x3c,
    0x3f, 0xde, 0x78, 0xf0, 0xfa, 0x79, 0xe3, 0xc2,
    0xed, 0xe7, 0x8f, 0x3, 0xb7, 0x9e, 0x3c, 0xe,
    0xde, 0x78, 0xf0, 0x3b, 0x79, 0xe3, 0xc0, 0xed,
    0xe7, 0x8f, 0x3, 0xb7, 0x9c, 0x3c, 0x8c, 0xde,
    0x70, 0xf2, 0x30, 0x7b, 0xc3, 0xc9, 0xc7, 0xee,
    0xf, 0xf6, 0xf, 0xb0, 0x3f, 0xd0, 0x3d, 0x80,
    0xff, 0xc0, 0xec, 0x1, 0xfa, 0x0, 0x40, 0x0,
    0x0,

    /* U+822C "般" */
    0x0, 0x0, 0x0, 0x0, 0x1f, 0x80, 0x4, 0x0,
    0x78, 0x1f, 0xf8, 0x1, 0xc8, 0x7f, 0xf0, 0x3f,
    0xf1, 0xe3, 0x80, 0xff, 0xe7, 0x8e, 0x23, 0x87,
    0x9e, 0x38, 0x8e, 0x9e, 0x78, 0xe2, 0x3b, 0xf9,
    0xe3, 0x98, 0xef, 0xe7, 0x8f, 0xf3, 0xbf, 0x9c,
    0x3f, 0xce, 0xfe, 0x70, 0xfe, 0x38, 0x7d, 0x80,
    0x3, 0xff, 0xec, 0x3, 0xf, 0xff, 0xff, 0xfe,
    0x3f, 0x9e, 0xff, 0xfc, 0xfa, 0x78, 0x81, 0xf2,
    0xed, 0xe2, 0xf, 0x83, 0xb7, 0x8c, 0x3c, 0xe,
    0xde, 0x10, 0xf0, 0x3b, 0x78, 0x67, 0x80, 0xed,
    0xe0, 0xde, 0x3, 0xb7, 0x83, 0xf0, 0xc, 0xde,
    0x7, 0x80, 0x30, 0x78, 0x1f, 0x80, 0xc1, 0xe0,
    0xff, 0x86, 0x7f, 0x87, 0x7f, 0xd8, 0x7e, 0x78,
    0xfc, 0x40, 0xf3, 0x81, 0xe2, 0x3, 0xb8, 0x1,
    0x80, 0x1, 0x0, 0x0, 0x0,

    /* U+8239 "船" */
    0x6, 0x0, 0x0, 0x0, 0xf, 0xc1, 0x80, 0x0,
    0x1e, 0x3, 0xf4, 0x0, 0x39, 0x7, 0xc8, 0x3,
    0xff, 0xf, 0x18, 0x7, 0xff, 0x9e, 0x30, 0xe,
    0x1e, 0x3c, 0x30, 0x1d, 0x3c, 0x70, 0x70, 0x3b,
    0x78, 0xe0, 0xf0, 0x77, 0xf3, 0xc1, 0xf0, 0xef,
    0xe7, 0x1, 0xf1, 0xdf, 0xce, 0x3, 0xc3, 0x97,
    0x98, 0x3, 0x7, 0x7f, 0xe0, 0x6, 0x3f, 0xfe,
    0x80, 0x10, 0x7f, 0xbe, 0xe0, 0x78, 0xfa, 0x79,
    0xff, 0xf9, 0x76, 0xf3, 0xc1, 0xe0, 0xed, 0xe7,
    0x83, 0xc1, 0xdb, 0xcf, 0x7, 0x83, 0xb7, 0x9e,
    0xf, 0x7, 0x6f, 0x3c, 0x1e, 0xe, 0xde, 0x78,
    0x3c, 0x19, 0xbc, 0xf0, 0x78, 0x30, 0x79, 0xe0,
    0xf0, 0x60, 0xf3, 0xc1, 0xe1, 0x8f, 0xe7, 0xff,
    0xc3, 0x7, 0xcf, 0x7, 0x84, 0xf, 0x1e, 0xf,
    0x10, 0x1c, 0x38, 0x1c, 0x0,

    /* U+826F "良" */
    0x0, 0xf, 0x80, 0x0, 0x0, 0x78, 0x0, 0x2,
    0x3, 0xc1, 0x0, 0x1f, 0xff, 0xfc, 0x0, 0xff,
    0xff, 0xf8, 0x7, 0x80, 0x7, 0x80, 0x3c, 0x0,
    0x3c, 0x1, 0xe0, 0x1, 0xe0, 0xf, 0xff, 0xff,
    0x0, 0x78, 0x0, 0x78, 0x3, 0xc0, 0x3, 0xc0,
    0x1e, 0x0, 0x1e, 0x0, 0xf0, 0x0, 0xf0, 0x7,
    0x80, 0x7, 0x80, 0x3f, 0xff, 0xfc, 0x1, 0xe1,
    0x1, 0xe0, 0xf, 0x4, 0x3, 0x80, 0x78, 0x20,
    0x3e, 0x3, 0xc0, 0x83, 0xf8, 0x1e, 0x6, 0x3e,
    0x0, 0xf0, 0x1b, 0x80, 0x7, 0x80, 0xe0, 0x0,
    0x3c, 0x3, 0xc0, 0x1, 0xe7, 0xdf, 0xc0, 0x1f,
    0xf0, 0x7f, 0xe7, 0xfe, 0x1, 0xff, 0xdf, 0xc0,
    0x3, 0xf8, 0xf8, 0x0, 0x7, 0x83, 0x0, 0x0,
    0xc, 0x0,

    /* U+8272 "色" */
    0x0, 0xc0, 0x0, 0x0, 0x3, 0xf0, 0x0, 0x0,
    0x1f, 0x6, 0x0, 0x0, 0x7f, 0xfc, 0x0, 0x3,
    0xff, 0xf8, 0x0, 0xf, 0x3, 0xe0, 0x0, 0x78,
    0xe, 0x0, 0x3, 0xc0, 0x70, 0x40, 0xe, 0x1,
    0x83, 0xc0, 0x7f, 0xff, 0xff, 0x83, 0xf0, 0x78,
    0x3e, 0xf, 0xc1, 0xe0, 0xf0, 0x4f, 0x7, 0x83,
    0xc2, 0x3c, 0x1e, 0xf, 0x0, 0xf0, 0x78, 0x3c,
    0x3, 0xc1, 0xe0, 0xf0, 0xf, 0x7, 0x83, 0xc0,
    0x3f, 0xff, 0xff, 0x0, 0xf0, 0x0, 0x3c, 0x3,
    0xc0, 0x0, 0xf0, 0xf, 0x0, 0x2, 0x0, 0x3c,
    0x0, 0x0, 0x40, 0xf0, 0x0, 0x3, 0x3, 0xc0,
    0x0, 0xc, 0xf, 0x0, 0x0, 0x70, 0x3f, 0xff,
    0xff, 0xf0, 0x7f, 0xff, 0xff, 0xc1, 0xff, 0xff,
    0xfe, 0x1, 0xff, 0xff, 0xe0,

    /* U+82B1 "花" */
    0x0, 0xf8, 0x7e, 0x0, 0x3, 0xc1, 0xf0, 0x80,
    0xf, 0x7, 0xc7, 0x0, 0x3c, 0x1f, 0x1e, 0xff,
    0xff, 0xff, 0xfc, 0x3, 0xc1, 0xf0, 0x0, 0xf,
    0x7, 0xc0, 0x0, 0x3c, 0x1e, 0x0, 0x1, 0x0,
    0x0, 0x0, 0x7, 0x87, 0xc0, 0x0, 0x3f, 0x9e,
    0x8, 0x0, 0xf8, 0x78, 0x38, 0x7, 0xc1, 0xe1,
    0xf0, 0x1f, 0x7, 0x8f, 0xe0, 0xf8, 0x1e, 0x7e,
    0x3, 0xf8, 0x79, 0xe0, 0x1f, 0xc1, 0xee, 0x0,
    0xef, 0x7, 0xe0, 0x3, 0x3c, 0x1e, 0x0, 0x10,
    0xf0, 0x78, 0x0, 0x83, 0xc1, 0xe0, 0x8, 0xf,
    0x7, 0x80, 0x20, 0x3c, 0x1e, 0x1, 0x80, 0xf0,
    0x78, 0x6, 0x3, 0xc1, 0xe0, 0x18, 0xf, 0x7,
    0xff, 0xf0, 0x3c, 0x1f, 0xff, 0xc0, 0xf0, 0x7f,
    0xff, 0x3, 0xc0, 0xff, 0xf0, 0xe, 0x0, 0x0,
    0x0,

    /* U+82E5 "若" */
    0x0, 0xf8, 0x3e, 0x0, 0x3, 0xc0, 0xf0, 0x80,
    0xf, 0x3, 0xc7, 0x0, 0x3c, 0xf, 0x1e, 0xff,
    0xff, 0xff, 0xfc, 0x3, 0xc0, 0xf0, 0x0, 0xf,
    0x3, 0xc0, 0x0, 0x3f, 0x8f, 0x0, 0x0, 0xff,
    0xb0, 0x0, 0x0, 0x7c, 0x0, 0x0, 0x3, 0xe0,
    0x6, 0x0, 0xf, 0x80, 0x3c, 0x7f, 0xff, 0xff,
    0xfc, 0x1, 0xe0, 0x0, 0x0, 0xf, 0x80, 0x0,
    0x0, 0x3c, 0x0, 0x0, 0x1, 0xe0, 0x0, 0x0,
    0x7, 0x0, 0xc, 0x0, 0x3f, 0xff, 0xfc, 0x1,
    0xff, 0xff, 0xf8, 0xe, 0xf0, 0x3, 0xc0, 0x73,
    0xc0, 0xf, 0x3, 0xf, 0x0, 0x3c, 0x10, 0x3c,
    0x0, 0xf0, 0x0, 0xf0, 0x3, 0xc0, 0x3, 0xc0,
    0xf, 0x0, 0xf, 0xff, 0xfc, 0x0, 0x3c, 0x0,
    0xf0, 0x0, 0xf0, 0x3, 0xc0, 0x3, 0x80, 0xe,
    0x0,

    /* U+82E6 "苦" */
    0x0, 0xf8, 0x1f, 0x0, 0x1, 0xe0, 0x3c, 0x20,
    0x3, 0xc0, 0x78, 0xe0, 0x7, 0x80, 0xf1, 0xef,
    0xff, 0xff, 0xff, 0xe0, 0x1e, 0x3, 0xc0, 0x0,
    0x3c, 0x7, 0x80, 0x0, 0x79, 0xff, 0x0, 0x0,
    0xf3, 0xde, 0x0, 0x0, 0x7, 0x80, 0x0, 0x0,
    0xf, 0x0, 0xe0, 0x0, 0x1e, 0x3, 0xe7, 0xff,
    0xff, 0xff, 0xe0, 0x0, 0x78, 0x0, 0x0, 0x0,
    0xf0, 0x0, 0x0, 0x1, 0xe0, 0x0, 0x0, 0x3,
    0xc0, 0x0, 0xc, 0x7, 0x82, 0x0, 0x1f, 0xff,
    0xff, 0x0, 0x3f, 0xff, 0xff, 0x0, 0x7c, 0x0,
    0x3c, 0x0, 0xf8, 0x0, 0x78, 0x1, 0xf0, 0x0,
    0xf0, 0x3, 0xe0, 0x1, 0xe0, 0x7, 0xc0, 0x3,
    0xc0, 0xf, 0x80, 0x7, 0x80, 0x1f, 0xff, 0xff,
    0x0, 0x3e, 0x0, 0x1e, 0x0, 0x7c, 0x0, 0x3c,
    0x0, 0xf0, 0x0, 0x70, 0x0,

    /* U+82F1 "英" */
    0x0, 0xf8, 0x3e, 0x0, 0x3, 0xc0, 0xf0, 0x80,
    0xf, 0x3, 0xc3, 0x0, 0x3c, 0xf, 0x1e, 0xff,
    0xff, 0xff, 0xfc, 0x3, 0xc0, 0xf0, 0x0, 0xf,
    0x3, 0xc0, 0x0, 0x3d, 0xff, 0x0, 0x0, 0x7,
    0x80, 0x0, 0x0, 0x1e, 0x8, 0x0, 0x70, 0x78,
    0x78, 0x1, 0xff, 0xff, 0xf0, 0x7, 0x87, 0x87,
    0x80, 0x1e, 0x1e, 0x1e, 0x0, 0x78, 0x78, 0x78,
    0x1, 0xe1, 0xe1, 0xe0, 0x7, 0x87, 0x87, 0x80,
    0x1e, 0x1e, 0x1e, 0xc0, 0x78, 0x78, 0x7f, 0xbf,
    0xff, 0xff, 0xff, 0x0, 0xf, 0x80, 0x0, 0x0,
    0x3d, 0x0, 0x0, 0x1, 0xe6, 0x0, 0x0, 0x7,
    0x8c, 0x0, 0x0, 0x3c, 0x3c, 0x0, 0x1, 0xe0,
    0x7e, 0x0, 0xf, 0x0, 0xff, 0xc0, 0xf0, 0x1,
    0xfe, 0x7, 0x0, 0x1, 0xf0, 0xe0, 0x0, 0x3,
    0xcc, 0x0, 0x0, 0x0, 0x0,

    /* U+8336 "茶" */
    0x0, 0xf8, 0x1f, 0x0, 0x1, 0xe0, 0x3c, 0x0,
    0x3, 0xc0, 0x78, 0xe0, 0x7, 0x80, 0xf3, 0xe7,
    0xff, 0xff, 0xff, 0xe0, 0x1e, 0x3, 0xc0, 0x0,
    0x3f, 0x87, 0x80, 0x0, 0x7f, 0xff, 0x0, 0x0,
    0xdf, 0x90, 0x0, 0x0, 0x3e, 0x80, 0x0, 0x0,
    0xfc, 0xc0, 0x0, 0x1, 0xf1, 0xc0, 0x0, 0x7,
    0xc1, 0xf0, 0x0, 0x1f, 0x1, 0xfc, 0x0, 0x79,
    0xf9, 0xff, 0x81, 0xe3, 0xc1, 0xfe, 0x7, 0x7,
    0x8d, 0xf8, 0x3c, 0xf, 0x1e, 0xe0, 0xef, 0xff,
    0xfe, 0x46, 0x0, 0x3c, 0x0, 0x0, 0x8, 0x78,
    0x0, 0x0, 0x1c, 0xf3, 0x80, 0x0, 0x7f, 0xe3,
    0xe0, 0x0, 0xf3, 0xc3, 0xe0, 0x3, 0xc7, 0x83,
    0xe0, 0xf, 0xf, 0x7, 0xc0, 0x3c, 0x1e, 0x7,
    0xc0, 0xe0, 0x3c, 0x7, 0x3, 0x0, 0x78, 0x4,
    0x0, 0x0, 0xe0, 0x0, 0x0,

    /* U+8377 "荷" */
    0x0, 0xf8, 0x7e, 0x0, 0x3, 0xc1, 0xf0, 0x0,
    0xf, 0x7, 0xc3, 0x0, 0x3c, 0x1f, 0x1e, 0xff,
    0xff, 0xff, 0xfc, 0x3, 0xc1, 0xf0, 0x0, 0xf,
    0x7, 0xc0, 0x0, 0xbc, 0x1f, 0x8, 0x3, 0x80,
    0x0, 0x30, 0x1f, 0x80, 0x1, 0xe0, 0x7f, 0xff,
    0xff, 0xc3, 0xe0, 0x0, 0x78, 0xf, 0x0, 0x1,
    0xe0, 0x7c, 0x81, 0x7, 0x81, 0xfb, 0xff, 0x1e,
    0xf, 0xcf, 0xfe, 0x78, 0x7f, 0x3c, 0xf1, 0xe1,
    0x3c, 0xf3, 0xc7, 0x88, 0xf3, 0xcf, 0x1e, 0x3,
    0xcf, 0x3c, 0x78, 0xf, 0x3f, 0xf1, 0xe0, 0x3c,
    0xf3, 0xc7, 0x80, 0xf3, 0xcf, 0x1e, 0x3, 0xcf,
    0x0, 0x78, 0xf, 0x30, 0x1, 0xe0, 0x3c, 0x0,
    0x7, 0x80, 0xf0, 0x1, 0xfe, 0x3, 0xc0, 0x1,
    0xf8, 0xf, 0x0, 0x3, 0xc0, 0x38, 0x0, 0xc,
    0x0,

    /* U+83D3 "菓" */
    0x0, 0xf8, 0x3e, 0x0, 0x3, 0xc0, 0xf0, 0xc0,
    0xf, 0x3, 0xc7, 0x9f, 0xff, 0xff, 0xff, 0x0,
    0xf0, 0x3c, 0x0, 0x3, 0xc0, 0xf0, 0x0, 0x6f,
    0x3, 0xb0, 0x1, 0xff, 0xff, 0xe0, 0x7, 0xff,
    0xff, 0xc0, 0x1e, 0x1e, 0x1e, 0x0, 0x78, 0x78,
    0x78, 0x1, 0xe1, 0xe1, 0xe0, 0x7, 0xff, 0xff,
    0x80, 0x1e, 0x1e, 0x1e, 0x0, 0x78, 0x78, 0x78,
    0x1, 0xe1, 0xe1, 0xe0, 0x7, 0xff, 0xff, 0x80,
    0x1e, 0x1e, 0x1e, 0x0, 0x70, 0x78, 0x63, 0x0,
    0x1, 0xe0, 0x1e, 0x7f, 0xff, 0xff, 0xfc, 0x0,
    0xfe, 0xc0, 0x0, 0x7, 0xf9, 0x80, 0x0, 0x3f,
    0xe3, 0xc0, 0x1, 0xf7, 0x8f, 0xe0, 0xf, 0x1e,
    0x1f, 0xf0, 0xf0, 0x78, 0x3f, 0x87, 0x1, 0xe0,
    0x3c, 0x60, 0x7, 0x80, 0x20, 0x0, 0x1e, 0x0,
    0x0,

    /* U+83DC "菜" */
    0x0, 0x0, 0x0, 0x0, 0x3, 0xe1, 0xf0, 0x0,
    0xf, 0x7, 0x87, 0x0, 0x3c, 0x1e, 0x3e, 0xff,
    0xff, 0xff, 0xfc, 0x3, 0xc1, 0xe0, 0x0, 0xf,
    0x7, 0x90, 0x0, 0x3c, 0x7, 0xe0, 0x0, 0x3,
    0xff, 0xc0, 0x3, 0xff, 0xff, 0x83, 0xff, 0xf0,
    0x0, 0x0, 0x3, 0x1, 0xc0, 0xe, 0xf, 0x7,
    0xc0, 0x1c, 0x1e, 0x3e, 0x0, 0x78, 0x78, 0xf0,
    0x0, 0xe1, 0xc7, 0x80, 0x3, 0x86, 0x18, 0x0,
    0xc, 0x1e, 0xc1, 0x80, 0x0, 0x78, 0xf, 0x3f,
    0xff, 0xff, 0xff, 0x0, 0x3f, 0xe0, 0x0, 0x1,
    0xfe, 0xc0, 0x0, 0xf, 0xfb, 0xc0, 0x0, 0x3f,
    0xe7, 0xc0, 0x1, 0xf7, 0x8f, 0xe0, 0xf, 0x1e,
    0x1f, 0xf0, 0x78, 0x78, 0x3f, 0x7, 0x81, 0xe0,
    0x7c, 0x38, 0x7, 0x80, 0x63, 0x0, 0x1e, 0x0,
    0x0, 0x0, 0x70, 0x0, 0x0,

    /* U+843D "落" */
    0x0, 0xf0, 0x3c, 0x0, 0x1, 0xf0, 0x7c, 0x40,
    0x3, 0xc0, 0xf0, 0xc0, 0x7, 0x81, 0xe3, 0xcf,
    0xff, 0xff, 0xff, 0xc0, 0x1e, 0x7, 0x80, 0x0,
    0x3c, 0xf, 0x0, 0x0, 0x78, 0x1e, 0x0, 0x1c,
    0x83, 0xe0, 0x0, 0x1e, 0x7, 0x83, 0x0, 0x3c,
    0x1f, 0xff, 0x0, 0x38, 0x3f, 0xff, 0x0, 0x74,
    0xf0, 0x3c, 0x0, 0x9, 0xe0, 0xf8, 0x3c, 0x37,
    0x23, 0xe0, 0x3e, 0x4c, 0x7f, 0x80, 0x3d, 0xb0,
    0x7e, 0x0, 0x7a, 0x80, 0xfc, 0x0, 0x6c, 0x7,
    0xff, 0x0, 0x30, 0x1e, 0x7f, 0xe0, 0x60, 0xf0,
    0x7f, 0x81, 0xc7, 0xff, 0xfe, 0x7, 0x33, 0xff,
    0xfc, 0x3e, 0x7, 0x81, 0xe0, 0x1c, 0xf, 0x3,
    0xc0, 0x38, 0x1e, 0x7, 0x80, 0x78, 0x3c, 0xf,
    0x0, 0xf0, 0x78, 0x1e, 0x1, 0xe0, 0xff, 0xfc,
    0x3, 0xc1, 0xe0, 0x78, 0x7, 0x3, 0x80, 0xe0,
    0x0,

    /* U+8449 "葉" */
    0x0, 0xf8, 0x3e, 0x0, 0x3, 0xc0, 0xf0, 0xc0,
    0xf, 0x3, 0xc7, 0xbf, 0xff, 0xff, 0xff, 0x0,
    0xf0, 0x3c, 0x0, 0x3, 0xc0, 0xf0, 0x0, 0x7c,
    0x7c, 0xf8, 0x1, 0xe1, 0xe3, 0xc8, 0x7, 0x87,
    0x8f, 0x79, 0xff, 0xff, 0xff, 0xf0, 0x78, 0x78,
    0xf0, 0x1, 0xe1, 0xe3, 0xc0, 0x7, 0x87, 0x8f,
    0x0, 0x1e, 0x1f, 0xfc, 0x0, 0x78, 0x78, 0xe0,
    0x1, 0xe1, 0xc2, 0x38, 0x7, 0x80, 0x0, 0xf0,
    0x1f, 0xff, 0xff, 0xe0, 0x78, 0x78, 0x2, 0x0,
    0x1, 0xe0, 0x1c, 0x0, 0x7, 0x80, 0x7b, 0xff,
    0xff, 0xff, 0xf0, 0x7, 0xfe, 0x0, 0x0, 0x3f,
    0xee, 0x0, 0x1, 0xf7, 0x9f, 0x0, 0xf, 0x9e,
    0x3f, 0xe0, 0xf8, 0x78, 0x7f, 0xc7, 0x1, 0xe0,
    0x7c, 0x60, 0x7, 0x80, 0x62, 0x0, 0x1c, 0x0,
    0x0,

    /* U+8535 "蔵" */
    0x0, 0xf8, 0x7c, 0x0, 0x3, 0xc1, 0xe1, 0xc0,
    0xf, 0x7, 0x87, 0xbf, 0xff, 0xff, 0xff, 0x0,
    0xf0, 0x7b, 0x0, 0x3, 0xc1, 0xee, 0x0, 0xf,
    0x7, 0x9c, 0x8, 0x0, 0xf, 0xfc, 0x3f, 0xff,
    0xff, 0xf8, 0xff, 0xff, 0xff, 0xf3, 0xc0, 0x13,
    0xc0, 0xf, 0x7f, 0xff, 0x38, 0x3d, 0xff, 0xfc,
    0xf8, 0xf7, 0x78, 0xf3, 0xc3, 0xdd, 0xfb, 0xde,
    0xf, 0x7f, 0xff, 0x78, 0x3d, 0xc1, 0xfd, 0xe0,
    0xf7, 0x7, 0x7f, 0x3, 0xdc, 0x1d, 0xfc, 0xf,
    0x70, 0x77, 0xe0, 0x3d, 0xff, 0xdf, 0x80, 0xe7,
    0x7e, 0x3c, 0x3, 0x9d, 0xe0, 0xf0, 0x8e, 0x77,
    0xa7, 0xe2, 0x31, 0xdf, 0xff, 0xd9, 0xc7, 0xff,
    0xef, 0xe6, 0x1c, 0x7, 0x3f, 0x98, 0x70, 0x30,
    0x7f, 0xc1, 0x83, 0x0, 0xfe, 0x0, 0x10, 0x0,
    0xe0,

    /* U+8584 "薄" */
    0x0, 0x7c, 0x7c, 0x0, 0x0, 0xf0, 0xf8, 0x60,
    0x1, 0xe1, 0xf1, 0xe7, 0xff, 0xff, 0xff, 0xe0,
    0x7, 0x87, 0xc0, 0x6, 0xe, 0xe, 0x70, 0x7,
    0x80, 0x1f, 0xf4, 0x7, 0x80, 0x3c, 0xdc, 0xf,
    0x7f, 0xff, 0xfc, 0xe, 0x0, 0xf0, 0x0, 0x0,
    0x61, 0xe3, 0x7, 0x82, 0xff, 0xff, 0x7, 0x89,
    0xff, 0xff, 0x7, 0x93, 0x8f, 0x3c, 0xf, 0x67,
    0x1e, 0x78, 0xe, 0x8f, 0xff, 0xf0, 0x3, 0x1c,
    0x79, 0xe0, 0xc, 0x38, 0xf3, 0xc0, 0x18, 0x7f,
    0xff, 0x80, 0x70, 0xe0, 0xe, 0x81, 0xc1, 0x80,
    0x7b, 0x8f, 0x9f, 0xff, 0xff, 0xcf, 0x3, 0x1,
    0xc0, 0xe, 0x7, 0x3, 0x80, 0x1c, 0xf, 0x7,
    0x0, 0x3c, 0xe, 0xe, 0x0, 0x78, 0x1c, 0xfc,
    0x0, 0xf0, 0x0, 0x78, 0x1, 0xe0, 0x0, 0xf0,
    0x3, 0x80, 0x1, 0x80, 0x0,

    /* U+85AC "薬" */
    0x0, 0xf8, 0x3c, 0x0, 0x3, 0xc0, 0xf0, 0xc0,
    0xf, 0x3, 0xc7, 0xbf, 0xff, 0xff, 0xff, 0x0,
    0xf0, 0x3c, 0x0, 0x3, 0xdf, 0xf0, 0x0, 0x0,
    0x70, 0x0, 0xf, 0x1d, 0xc8, 0x30, 0x1e, 0x7f,
    0xf8, 0xe0, 0x3d, 0xff, 0xf7, 0xe0, 0xf7, 0x87,
    0xbc, 0x1, 0xde, 0x1f, 0x0, 0x0, 0x7f, 0xfe,
    0x0, 0x7, 0xe1, 0xef, 0x80, 0xf7, 0x87, 0x9f,
    0x3f, 0x9e, 0x1e, 0x3e, 0x7c, 0x78, 0x78, 0x78,
    0xe1, 0xff, 0xe0, 0x83, 0x7, 0x7f, 0x4, 0x0,
    0x1, 0xe0, 0x3c, 0x7f, 0xff, 0xff, 0xf8, 0x0,
    0xfe, 0x80, 0x0, 0x7, 0xfb, 0x80, 0x0, 0x3f,
    0xe7, 0x80, 0x1, 0xf7, 0x8f, 0xe0, 0xf, 0x1e,
    0x1f, 0xe0, 0xf0, 0x78, 0x3f, 0x7, 0x1, 0xe0,
    0x78, 0x60, 0x7, 0x80, 0x62, 0x0, 0x1c, 0x0,
    0x0,

    /* U+884C "行" */
    0x1, 0x80, 0x0, 0x40, 0x7, 0x0, 0x1, 0x80,
    0x3f, 0x0, 0xf, 0x1, 0xf0, 0xff, 0xfe, 0xf,
    0x80, 0x0, 0x0, 0x3c, 0x0, 0x0, 0x1, 0xc8,
    0x0, 0x0, 0xc, 0x78, 0x0, 0x8, 0x41, 0xf0,
    0x0, 0x30, 0xf, 0x80, 0x1, 0xe0, 0x3e, 0xff,
    0xff, 0xc1, 0xf0, 0x1, 0xe0, 0xf, 0x80, 0x7,
    0x80, 0x3f, 0x0, 0x1e, 0x1, 0xf8, 0x0, 0x78,
    0x7, 0xe0, 0x1, 0xe0, 0x37, 0x80, 0x7, 0x81,
    0x9e, 0x0, 0x1e, 0x8, 0x78, 0x0, 0x78, 0x1,
    0xe0, 0x1, 0xe0, 0x7, 0x80, 0x7, 0x80, 0x1e,
    0x0, 0x1e, 0x0, 0x78, 0x0, 0x78, 0x1, 0xe0,
    0x1, 0xe0, 0x7, 0x80, 0x7, 0x80, 0x1e, 0x0,
    0x1e, 0x0, 0x78, 0x1f, 0xf8, 0x1, 0xe0, 0xf,
    0xe0, 0x7, 0x80, 0x1f, 0x0, 0x1e, 0x0, 0x78,
    0x0,

    /* U+8853 "術" */
    0x0, 0x3, 0x0, 0x0, 0x7, 0x3, 0xf8, 0x18,
    0x7, 0xc3, 0xce, 0x3c, 0xf, 0x83, 0xcf, 0xfe,
    0xf, 0x3, 0xcf, 0x0, 0x1e, 0x3, 0xce, 0x0,
    0x1c, 0x3, 0xce, 0x0, 0x33, 0x3f, 0xff, 0x0,
    0x47, 0x83, 0xc0, 0x1c, 0x7, 0xc3, 0xc0, 0x3e,
    0x7, 0x83, 0xc3, 0xff, 0xf, 0x1f, 0xd0, 0x78,
    0xe, 0x1f, 0xd8, 0x78, 0x1f, 0xbf, 0xdc, 0x78,
    0x1f, 0x3f, 0xcc, 0x78, 0x3f, 0x3b, 0xce, 0x78,
    0x3f, 0x3b, 0xce, 0x78, 0x6f, 0x3b, 0xce, 0x78,
    0x4f, 0x3b, 0xce, 0x78, 0xf, 0x33, 0xce, 0x78,
    0xf, 0x33, 0xce, 0x78, 0xf, 0x23, 0xcc, 0x78,
    0xf, 0x63, 0xc0, 0x78, 0xf, 0x43, 0xc0, 0x78,
    0xf, 0x3, 0xc0, 0x78, 0xf, 0x3, 0xc0, 0x78,
    0xf, 0x3, 0xc3, 0xf8, 0xf, 0x3, 0xc0, 0xf8,
    0xf, 0x3, 0xc0, 0xf0, 0xe, 0x3, 0x80, 0xe0,

    /* U+8868 "表" */
    0x0, 0x7, 0x80, 0x0, 0x0, 0x1e, 0x2, 0x0,
    0x0, 0x78, 0xc, 0x0, 0x1, 0xe0, 0x78, 0x3f,
    0xff, 0xff, 0xf0, 0x0, 0x1e, 0x0, 0x0, 0x0,
    0x78, 0x18, 0x0, 0x1, 0xe0, 0xf0, 0x1f, 0xff,
    0xff, 0xe0, 0x0, 0x1e, 0x0, 0x0, 0x0, 0x78,
    0x2, 0x0, 0x1, 0xe0, 0x1c, 0x0, 0x7, 0x80,
    0xfb, 0xff, 0xff, 0xff, 0xf0, 0x7, 0xf8, 0x0,
    0x0, 0x1f, 0xa0, 0x70, 0x0, 0xfc, 0x43, 0xe0,
    0x7, 0xe1, 0xf, 0xe0, 0x3f, 0x6, 0x7c, 0x1,
    0xfc, 0x1f, 0xc0, 0xf, 0xf0, 0x38, 0x0, 0xe3,
    0xc0, 0xf0, 0x6, 0xf, 0x1, 0xe0, 0x20, 0x3c,
    0xf, 0xe0, 0x0, 0xf7, 0xcf, 0xf0, 0x7, 0xf8,
    0x1f, 0xf1, 0xff, 0x80, 0x3f, 0x83, 0xf8, 0x0,
    0x7c, 0xf, 0x80, 0x0, 0xf0, 0x18, 0x0, 0x0,
    0x80, 0x0, 0x0, 0x0, 0x0,

    /* U+88CF "裏" */
    0x0, 0x7, 0xc0, 0x20, 0x0, 0xf, 0x0, 0xe0,
    0x0, 0x1e, 0x1, 0xe3, 0xff, 0xff, 0xff, 0xe0,
    0x0, 0x0, 0x0, 0x0, 0xff, 0xff, 0xf0, 0x1,
    0xff, 0xff, 0xf8, 0x3, 0xc3, 0xc1, 0xe0, 0x7,
    0x87, 0x83, 0xc0, 0xf, 0xff, 0xff, 0x80, 0x1e,
    0x1e, 0xf, 0x0, 0x3c, 0x3c, 0x1e, 0x0, 0x7f,
    0xff, 0xfc, 0x0, 0xf0, 0xf0, 0x78, 0x1, 0xc1,
    0xe0, 0x3c, 0xf, 0xff, 0xff, 0xfc, 0x0, 0x7,
    0x80, 0x10, 0x0, 0xf, 0x0, 0x71, 0xff, 0xff,
    0xff, 0xf3, 0xff, 0xff, 0xff, 0xe0, 0xf, 0xe4,
    0x1c, 0x0, 0x3f, 0xc, 0x7e, 0x1, 0xfc, 0xd,
    0xf0, 0x1e, 0x38, 0xe, 0x0, 0x40, 0x70, 0x5f,
    0x0, 0x0, 0xff, 0x1f, 0xf0, 0x3f, 0xf0, 0x1f,
    0xf8, 0x7f, 0x80, 0xf, 0xc0, 0x78, 0x0, 0xf,
    0x0, 0x80, 0x0, 0x2, 0x0,

    /* U+88DC "補" */
    0xf, 0x80, 0x1f, 0x0, 0x1e, 0x0, 0x3c, 0xe0,
    0x3c, 0x0, 0x79, 0xe0, 0x78, 0x0, 0xf1, 0xc0,
    0xf4, 0x1, 0xe3, 0x81, 0xfd, 0xff, 0xff, 0xdf,
    0xfc, 0x7, 0x80, 0x3f, 0xf4, 0xf, 0x0, 0x1,
    0xe6, 0x1e, 0x30, 0x7, 0x8f, 0xff, 0xf0, 0xf,
    0x1f, 0xff, 0xf0, 0x3d, 0xf8, 0xf3, 0xc0, 0x73,
    0xf1, 0xe7, 0x81, 0xfc, 0xe3, 0xcf, 0x3, 0xf9,
    0xff, 0xfe, 0xf, 0xbb, 0x8f, 0x3c, 0x3f, 0x7f,
    0x1e, 0x78, 0x5e, 0xfe, 0x3c, 0xf1, 0x3c, 0xdc,
    0x79, 0xe4, 0x78, 0x38, 0xf3, 0xc0, 0xf0, 0x7f,
    0xff, 0x81, 0xe0, 0xe3, 0xcf, 0x3, 0xc1, 0xc7,
    0x9e, 0x7, 0x83, 0x8f, 0x3c, 0xf, 0x7, 0x1e,
    0x78, 0x1e, 0xe, 0x3c, 0xf0, 0x3c, 0x1c, 0x7b,
    0xe0, 0x78, 0x38, 0xf7, 0xc0, 0xf0, 0x71, 0xe7,
    0x81, 0xc0, 0xc3, 0x8c, 0x0,

    /* U+88FD "製" */
    0x19, 0xf0, 0x0, 0xf8, 0x7f, 0x98, 0xe3, 0xc3,
    0x9e, 0x73, 0xcf, 0xf, 0xff, 0xef, 0x3c, 0x31,
    0xe2, 0x3c, 0xf1, 0x7, 0x9c, 0xf3, 0xc7, 0xff,
    0xff, 0xcf, 0x0, 0x78, 0xf, 0x3c, 0x21, 0xe2,
    0x3c, 0xf0, 0xff, 0xfc, 0xf3, 0xc3, 0xff, 0xfb,
    0xcf, 0xe, 0x79, 0xcf, 0x3c, 0x39, 0xff, 0x0,
    0xf0, 0xe7, 0x9c, 0x7f, 0xc3, 0x9e, 0x60, 0x3f,
    0x8, 0x79, 0xe0, 0x7c, 0x1, 0xc7, 0xc1, 0xe0,
    0x4, 0x1e, 0x7, 0xef, 0xff, 0xff, 0xff, 0xc0,
    0x1f, 0xc0, 0x40, 0x0, 0xfe, 0x83, 0x80, 0xf,
    0xe1, 0x1f, 0x80, 0x7f, 0x6, 0xf8, 0xf, 0xbc,
    0xe, 0x0, 0xc0, 0xf0, 0x3f, 0x0, 0x3, 0xcf,
    0x7f, 0x81, 0xff, 0xf0, 0xff, 0xc3, 0xfe, 0x0,
    0xfc, 0xf, 0x80, 0x0, 0xe0, 0x10, 0x0, 0x0,
    0x80,

    /* U+8907 "複" */
    0xf, 0x80, 0xc0, 0x0, 0xf, 0x0, 0xf8, 0x10,
    0xf, 0x1, 0xf0, 0x38, 0xf, 0x1, 0xe0, 0x3c,
    0xf, 0x1, 0xff, 0xfe, 0xf, 0x63, 0xc0, 0x20,
    0x7f, 0xfb, 0x80, 0x70, 0x1, 0xf7, 0xff, 0xfc,
    0x1, 0xe7, 0xc0, 0x78, 0x1, 0xed, 0xc0, 0x78,
    0x3, 0xd1, 0xc0, 0x78, 0x3, 0xb1, 0xff, 0xf8,
    0x7, 0xbd, 0xc0, 0x78, 0x7, 0xf1, 0xc0, 0x78,
    0xf, 0xe1, 0xff, 0xf8, 0x1f, 0xf1, 0xf0, 0x70,
    0x1f, 0x79, 0xfc, 0x20, 0x3f, 0x78, 0xf8, 0x60,
    0x6f, 0x38, 0xff, 0xf0, 0xcf, 0x31, 0xff, 0xf8,
    0xf, 0x1, 0xc0, 0xf8, 0xf, 0x3, 0xa1, 0xf0,
    0xf, 0x7, 0x33, 0xe0, 0xf, 0xe, 0x1f, 0xc0,
    0xf, 0x18, 0x1f, 0x80, 0xf, 0x20, 0x1f, 0xfc,
    0xf, 0x0, 0x7f, 0xfe, 0xf, 0x0, 0xf3, 0xfc,
    0xf, 0x7, 0x80, 0xf8, 0xe, 0x38, 0x0, 0x18,

    /* U+897F "西" */
    0x0, 0x0, 0x0, 0x60, 0x0, 0x0, 0x3, 0xc0,
    0x0, 0x0, 0x1f, 0xbf, 0xff, 0xff, 0xff, 0x0,
    0x79, 0xe0, 0x0, 0x1, 0xe7, 0x80, 0x0, 0x7,
    0x9e, 0x0, 0x10, 0x1e, 0x78, 0x18, 0x78, 0x79,
    0xe0, 0xf1, 0xff, 0xff, 0xff, 0xe7, 0xc7, 0x9e,
    0x1f, 0x1f, 0x1e, 0x78, 0x7c, 0x7c, 0x79, 0xe1,
    0xf1, 0xf1, 0xe7, 0x97, 0xc7, 0xc7, 0x1e, 0x5f,
    0x1f, 0x1c, 0x79, 0x7c, 0x7c, 0xf1, 0xe5, 0xf1,
    0xf3, 0x87, 0xff, 0xc7, 0xce, 0x1f, 0xff, 0x1f,
    0x70, 0x3f, 0xfc, 0x7d, 0x80, 0x1, 0xf1, 0xf8,
    0x0, 0x7, 0xc7, 0xc0, 0x0, 0x1f, 0x1f, 0x0,
    0x0, 0x7c, 0x7c, 0x0, 0x1, 0xf1, 0xff, 0xff,
    0xff, 0xc7, 0xc0, 0x0, 0x1f, 0x1f, 0x0, 0x0,
    0x7c, 0x7c, 0x0, 0x1, 0xf1, 0xe0, 0x0, 0x7,
    0x80,

    /* U+8981 "要" */
    0x0, 0x0, 0x0, 0xc0, 0x0, 0x0, 0xf, 0xbf,
    0xff, 0xff, 0xfe, 0x0, 0xf1, 0xe0, 0x0, 0x7,
    0x8f, 0x0, 0xc, 0x3c, 0x78, 0x80, 0x7f, 0xff,
    0xff, 0x3, 0xff, 0xff, 0xfc, 0x1e, 0x78, 0xf3,
    0xc0, 0xf3, 0xc7, 0x9e, 0x7, 0x9e, 0x3c, 0xf0,
    0x3c, 0xf1, 0xe7, 0x81, 0xff, 0xff, 0xfc, 0xf,
    0xff, 0xff, 0xe0, 0x78, 0x78, 0xf, 0x3, 0x7,
    0xe0, 0x8, 0x0, 0x7c, 0x0, 0xf7, 0xff, 0xff,
    0xff, 0xc0, 0x3e, 0xf, 0x80, 0x3, 0xe0, 0x78,
    0x0, 0x3e, 0x7, 0xc0, 0x1, 0xf0, 0x3c, 0x0,
    0x1f, 0xf3, 0xe0, 0x1, 0xf7, 0xfe, 0x0, 0xf,
    0x7, 0xfe, 0x0, 0x0, 0x7f, 0xfc, 0x0, 0x7,
    0xef, 0xf8, 0x1, 0xfc, 0x1f, 0xc0, 0x7f, 0x0,
    0x3e, 0x7f, 0x0, 0x0, 0xf0,

    /* U+898B "見" */
    0x6, 0x0, 0x2, 0x0, 0x1f, 0xff, 0xfe, 0x0,
    0x7f, 0xff, 0xfc, 0x1, 0xf0, 0x1, 0xe0, 0x7,
    0xc0, 0x7, 0x80, 0x1f, 0x0, 0x1e, 0x0, 0x7c,
    0x0, 0x78, 0x1, 0xff, 0xff, 0xe0, 0x7, 0xc0,
    0x7, 0x80, 0x1f, 0x0, 0x1e, 0x0, 0x7c, 0x0,
    0x78, 0x1, 0xf0, 0x1, 0xe0, 0x7, 0xff, 0xff,
    0x80, 0x1f, 0x0, 0x1e, 0x0, 0x7c, 0x0, 0x78,
    0x1, 0xf0, 0x1, 0xe0, 0x7, 0xff, 0xff, 0x80,
    0x1f, 0xff, 0xfe, 0x0, 0x7f, 0xcf, 0x78, 0x1,
    0xdf, 0x3d, 0x0, 0x0, 0x78, 0xf0, 0x8, 0x3,
    0xe3, 0xc0, 0x20, 0xf, 0x8f, 0x0, 0x80, 0x7c,
    0x3c, 0x6, 0x1, 0xe0, 0xf0, 0x18, 0xf, 0x3,
    0xff, 0xf0, 0x78, 0xf, 0xff, 0xc3, 0x80, 0x3f,
    0xff, 0x38, 0x0, 0x7f, 0xfb, 0x0, 0x0, 0x0,
    0x0,

    /* U+898F "規" */
    0x7, 0xc0, 0x0, 0x30, 0x7, 0x83, 0x80, 0x78,
    0x7, 0x83, 0xff, 0xfc, 0x7, 0x83, 0xc0, 0x78,
    0x7, 0xb3, 0xc0, 0x78, 0x7, 0xbb, 0xc0, 0x78,
    0x7f, 0xff, 0xc0, 0x78, 0x7, 0x83, 0xff, 0xf8,
    0x7, 0x83, 0xc0, 0x78, 0x7, 0x83, 0xc0, 0x78,
    0x7, 0x93, 0xc0, 0x78, 0x7, 0x9b, 0xc0, 0x78,
    0x7, 0xbf, 0xff, 0xf8, 0x7f, 0xff, 0xc0, 0x78,
    0x7, 0x83, 0xc0, 0x78, 0x7, 0x83, 0xc0, 0x78,
    0x7, 0x83, 0xc0, 0x78, 0x7, 0x83, 0xc0, 0x78,
    0x7, 0xe3, 0xff, 0xf8, 0x7, 0x7b, 0xfb, 0xf8,
    0xf, 0x3f, 0xf3, 0xc0, 0xf, 0x3c, 0xf3, 0xc0,
    0xe, 0x3d, 0xf3, 0xc4, 0xe, 0x1d, 0xe3, 0xc4,
    0x1c, 0x9, 0xe3, 0xc4, 0x1c, 0x3, 0xc3, 0xfe,
    0x38, 0x7, 0x83, 0xff, 0x30, 0xf, 0x3, 0xfe,
    0x60, 0x1c, 0x1, 0xfc, 0x0, 0x20, 0x0, 0x0,

    /* U+899A "覚" */
    0x4, 0xc, 0xe, 0x0, 0x1c, 0x38, 0x3f, 0x0,
    0x38, 0xf1, 0xf0, 0x0, 0xf3, 0xc7, 0x80, 0xb,
    0xc7, 0x38, 0x60, 0x7f, 0xff, 0xff, 0xc1, 0xff,
    0xff, 0xff, 0x9e, 0x0, 0x0, 0x3c, 0xfb, 0xff,
    0xff, 0x83, 0xcf, 0xff, 0xfc, 0x7, 0x3c, 0x1,
    0xf0, 0x0, 0xf0, 0x7, 0xc0, 0x3, 0xff, 0xff,
    0x0, 0xf, 0x0, 0x7c, 0x0, 0x3c, 0x1, 0xf0,
    0x0, 0xf0, 0x7, 0xc0, 0x3, 0xff, 0xff, 0x0,
    0xf, 0x0, 0x7c, 0x0, 0x3c, 0x1, 0xf0, 0x0,
    0xff, 0xff, 0xc0, 0x3, 0xff, 0xff, 0x0, 0xf,
    0xe7, 0xf8, 0x40, 0x3f, 0x9f, 0x1, 0x0, 0x3c,
    0x7c, 0x4, 0x1, 0xe1, 0xf0, 0x30, 0xf, 0x7,
    0xff, 0xe0, 0x78, 0xf, 0xff, 0x8f, 0x0, 0x3f,
    0xfc, 0xc0, 0x0, 0x0, 0x0,

    /* U+89AA "親" */
    0x7, 0xc0, 0x0, 0x20, 0xf, 0x3, 0x80, 0xf0,
    0x1e, 0x47, 0xff, 0xf0, 0x3d, 0xef, 0x3, 0xcf,
    0xff, 0xfe, 0x7, 0x80, 0x8, 0x3c, 0xf, 0xc,
    0x1e, 0x78, 0x1e, 0xe, 0x38, 0xff, 0xfc, 0x1c,
    0xe1, 0xe0, 0x78, 0x39, 0x83, 0xc0, 0xf0, 0x72,
    0x77, 0x81, 0xe7, 0xff, 0xff, 0x3, 0xcf, 0xff,
    0xff, 0xff, 0x80, 0xf8, 0x3c, 0xf, 0x1, 0xe0,
    0x78, 0x1e, 0x3, 0xcc, 0xf0, 0x3c, 0x7, 0xbd,
    0xe0, 0x79, 0xff, 0xff, 0xc0, 0xf0, 0x3e, 0x7,
    0xff, 0xe0, 0xfc, 0xf, 0xcf, 0xc1, 0xfe, 0x1f,
    0x9c, 0x3, 0xf7, 0xf, 0x38, 0xf, 0xef, 0x3e,
    0x71, 0x1f, 0xde, 0x78, 0xe2, 0x37, 0x9c, 0xf1,
    0xc4, 0xcf, 0x33, 0xc3, 0x9b, 0x1e, 0x7, 0x7,
    0xf8, 0x3c, 0x1c, 0xf, 0xf0, 0x78, 0xe0, 0x1f,
    0xe0, 0xf3, 0x0, 0x3f, 0x80,

    /* U+89D2 "角" */
    0x0, 0x60, 0x0, 0x0, 0x7, 0xe0, 0x0, 0x0,
    0x7c, 0x30, 0x0, 0xf, 0xff, 0x80, 0x1, 0xff,
    0xfc, 0x0, 0x1e, 0x7, 0xc0, 0x3, 0xc0, 0xf0,
    0x0, 0x78, 0xe, 0x8, 0xf, 0xff, 0xff, 0xc1,
    0xff, 0xff, 0xff, 0x3f, 0xc3, 0xc1, 0xe6, 0x7c,
    0x3c, 0x1e, 0x7, 0xc3, 0xc1, 0xe0, 0x7c, 0x3c,
    0x1e, 0x7, 0xff, 0xff, 0xe0, 0x7c, 0x3c, 0x1e,
    0x7, 0xc3, 0xc1, 0xe0, 0x7c, 0x3c, 0x1e, 0x7,
    0xc3, 0xc1, 0xe0, 0x7c, 0x3c, 0x1e, 0x7, 0xff,
    0xff, 0xe0, 0x78, 0x0, 0x1e, 0x7, 0x80, 0x1,
    0xe0, 0x78, 0x0, 0x1e, 0xf, 0x0, 0x1, 0xe0,
    0xf0, 0x0, 0x1e, 0x1e, 0x0, 0x3f, 0xe1, 0xc0,
    0x0, 0x7e, 0x30, 0x0, 0x7, 0xc6, 0x0, 0x0,
    0x78,

    /* U+89E3 "解" */
    0x8, 0x0, 0x0, 0x0, 0x1e, 0x0, 0x0, 0x40,
    0x79, 0xf, 0xff, 0xc0, 0xff, 0x1f, 0xff, 0xc1,
    0xff, 0x3, 0xc7, 0x87, 0x1c, 0x7, 0xf, 0xe,
    0x74, 0x1e, 0x1e, 0x38, 0x9c, 0x38, 0x78, 0x7f,
    0xfe, 0x77, 0xf1, 0xf7, 0x79, 0xc3, 0xe0, 0xee,
    0xf7, 0x7, 0xc1, 0xdd, 0xf8, 0xe, 0x3, 0xbb,
    0xc8, 0xf8, 0x7, 0xff, 0xbf, 0xe0, 0xe, 0xef,
    0x7f, 0xc0, 0x1d, 0xde, 0xf7, 0x90, 0x3b, 0xbd,
    0xcf, 0x78, 0x77, 0x7b, 0xff, 0xf8, 0xee, 0xfe,
    0x3c, 0x1, 0xff, 0xf8, 0x78, 0x3, 0xff, 0xe0,
    0xf0, 0x6, 0x7, 0x81, 0xe7, 0xc, 0xf, 0xff,
    0xff, 0x98, 0x1e, 0x7, 0x80, 0x70, 0x3c, 0xf,
    0x0, 0xc0, 0x78, 0x1e, 0x1, 0x87, 0xf0, 0x3c,
    0x2, 0x3, 0xe0, 0x78, 0x8, 0x7, 0x80, 0xf0,
    0x0, 0xc, 0x1, 0xc0, 0x0,

    /* U+89E6 "触" */
    0x8, 0x0, 0x0, 0x0, 0x3c, 0x0, 0x3e, 0x1,
    0xe4, 0x0, 0xf0, 0x7, 0xf8, 0x3, 0xc0, 0x1f,
    0xf0, 0xf, 0x0, 0xf3, 0xc0, 0x3c, 0x3, 0x9d,
    0x1c, 0xf3, 0xc, 0x66, 0x7f, 0xff, 0x7f, 0xfd,
    0xef, 0x79, 0xff, 0xff, 0xbd, 0xeb, 0xbb, 0xde,
    0xf7, 0x8e, 0xef, 0x7b, 0xde, 0x3b, 0xbd, 0xef,
    0x78, 0xff, 0xf7, 0xbd, 0xe3, 0xbb, 0xde, 0xf7,
    0x8e, 0xef, 0x7b, 0xde, 0x3b, 0xbd, 0xff, 0xf8,
    0xee, 0xf7, 0xbd, 0xe3, 0xff, 0xde, 0xf7, 0xf,
    0xff, 0x63, 0xc0, 0x38, 0x3c, 0xf, 0x40, 0xe0,
    0xf0, 0x3d, 0x83, 0x83, 0xc0, 0xf7, 0xc, 0xf,
    0x3, 0xce, 0x70, 0x3c, 0xf, 0x3d, 0xc0, 0xff,
    0xff, 0xf6, 0x3f, 0xdf, 0xf3, 0xd0, 0x3f, 0x7f,
    0xf, 0xc0, 0x78, 0xe0, 0x3e, 0x1, 0xc2, 0x0,
    0x60,

    /* U+8A00 "言" */
    0x0, 0x0, 0x0, 0x0, 0x0, 0x0, 0xe0, 0x0,
    0x0, 0x7, 0x80, 0xf, 0xff, 0xfe, 0x0, 0x0,
    0x0, 0x0, 0x0, 0x0, 0x0, 0x20, 0x0, 0x0,
    0x3, 0x80, 0x0, 0x0, 0x3e, 0xff, 0xff, 0xff,
    0xf8, 0x0, 0x0, 0x0, 0x0, 0x0, 0x3, 0x0,
    0x0, 0x0, 0x3c, 0x0, 0x7f, 0xff, 0xf8, 0x0,
    0x0, 0x0, 0x0, 0x0, 0x0, 0x30, 0x0, 0x0,
    0x1, 0xc0, 0x7, 0xff, 0xff, 0x80, 0x0, 0x0,
    0x0, 0x0, 0x0, 0x1, 0x0, 0xc, 0x0, 0xc,
    0x0, 0x7f, 0xff, 0xf0, 0x3, 0xff, 0xff, 0xc0,
    0x1e, 0x0, 0x3e, 0x0, 0xf0, 0x1, 0xe0, 0x7,
    0x80, 0xf, 0x0, 0x3c, 0x0, 0x78, 0x1, 0xe0,
    0x3, 0xc0, 0xf, 0x0, 0x1e, 0x0, 0x7f, 0xff,
    0xf0, 0x3, 0xc0, 0x7, 0x80, 0x1c, 0x0, 0x38,
    0x0,

    /* U+8A08 "計" */
    0x0, 0x40, 0x1f, 0x0, 0x3, 0xc0, 0x78, 0x7,
    0xff, 0x81, 0xe0, 0x0, 0x0, 0x7, 0x80, 0x0,
    0x10, 0x1e, 0x0, 0x0, 0xe0, 0x78, 0xf, 0xff,
    0xc1, 0xe0, 0x0, 0x0, 0x7, 0x80, 0x0, 0x40,
    0x1e, 0x20, 0x3, 0xc0, 0x79, 0xc7, 0xff, 0x81,
    0xe7, 0x80, 0x1, 0xff, 0xff, 0x0, 0x40, 0x1e,
    0x0, 0x3, 0xc0, 0x78, 0x7, 0xff, 0x81, 0xe0,
    0x0, 0x0, 0x7, 0x80, 0x0, 0x0, 0x1e, 0x1,
    0x1, 0x80, 0x78, 0x7, 0xff, 0x1, 0xe0, 0x1f,
    0xfe, 0x7, 0x80, 0x78, 0xf0, 0x1e, 0x1, 0xe3,
    0xc0, 0x78, 0x7, 0x8f, 0x1, 0xe0, 0x1e, 0x3c,
    0x7, 0x80, 0x78, 0xf0, 0x1e, 0x1, 0xe3, 0xc0,
    0x78, 0x7, 0xff, 0x1, 0xe0, 0x1e, 0x3c, 0x7,
    0x80, 0x78, 0xe0, 0x1e, 0x1, 0xc0, 0x0, 0x70,
    0x0,

    /* U+8A0E "討" */
    0x0, 0x60, 0x3, 0xe0, 0x1, 0xe0, 0x7, 0x80,
    0xff, 0xe0, 0xf, 0x0, 0x0, 0x0, 0x1e, 0x0,
    0x1, 0x0, 0x3c, 0x0, 0x7, 0x80, 0x7a, 0x1f,
    0xff, 0x80, 0xf6, 0x0, 0x0, 0x1, 0xfe, 0x0,
    0x27, 0xff, 0xfe, 0x0, 0xe0, 0x7, 0x80, 0xff,
    0xe0, 0xf, 0x0, 0x0, 0x0, 0x1e, 0x0, 0x6,
    0x18, 0x3c, 0x0, 0xe, 0x38, 0x78, 0xf, 0xfe,
    0x78, 0xf0, 0x0, 0x0, 0x79, 0xe0, 0x0, 0x0,
    0xf3, 0xc0, 0x40, 0x41, 0xe7, 0x80, 0xff, 0xe3,
    0xcf, 0x1, 0xff, 0xe3, 0x1e, 0x3, 0xc7, 0x80,
    0x3c, 0x7, 0x8f, 0x0, 0x78, 0xf, 0x1e, 0x0,
    0xf0, 0x1e, 0x3c, 0x1, 0xe0, 0x3c, 0x78, 0x3,
    0xc0, 0x78, 0xf0, 0xff, 0x80, 0xff, 0xe0, 0x7f,
    0x1, 0xe3, 0xc0, 0x7e, 0x3, 0xc7, 0x80, 0x78,
    0x7, 0x8, 0x0, 0xe0, 0x0,

    /* U+8A18 "記" */
    0x0, 0x30, 0x0, 0x40, 0x1, 0xe0, 0x3, 0x83,
    0xff, 0xdf, 0xff, 0x0, 0x0, 0x0, 0x3e, 0x0,
    0x8, 0x0, 0xf0, 0x0, 0x70, 0x3, 0xcf, 0xff,
    0xe0, 0xf, 0x0, 0x0, 0x0, 0x3c, 0x0, 0x20,
    0x0, 0xf0, 0x1, 0xe0, 0x3, 0xc3, 0xff, 0xc0,
    0xf, 0x0, 0x0, 0x60, 0x3c, 0x0, 0x1, 0xff,
    0xf0, 0x0, 0xc7, 0xff, 0xc0, 0x7, 0x9e, 0xf,
    0xf, 0xff, 0x78, 0x20, 0x0, 0x1, 0xe0, 0x0,
    0x0, 0x87, 0x80, 0x3, 0xff, 0x1e, 0x0, 0xf,
    0xff, 0x78, 0x0, 0x3c, 0x79, 0xe0, 0x0, 0xf1,
    0xe7, 0x80, 0x43, 0xc7, 0x9e, 0x1, 0xf, 0x1e,
    0x78, 0x4, 0x3c, 0x79, 0xe0, 0x10, 0xf1, 0xe7,
    0xff, 0xf3, 0xff, 0x9f, 0xff, 0xcf, 0x1e, 0x7f,
    0xff, 0x3c, 0x78, 0xff, 0xf0, 0xe1, 0x80, 0x0,
    0x0,

    /* U+8A2A "訪" */
    0x0, 0x60, 0x1f, 0x0, 0x1, 0xe0, 0x3c, 0x0,
    0xff, 0xe0, 0x78, 0x0, 0x0, 0x0, 0xf0, 0x0,
    0x3, 0x1, 0xe1, 0x0, 0x7, 0x3, 0xc7, 0x3f,
    0xff, 0x7, 0x8f, 0x3f, 0xfd, 0xff, 0xff, 0x0,
    0x0, 0x78, 0x0, 0x0, 0xc0, 0xf0, 0x0, 0xff,
    0xe1, 0xe0, 0x0, 0x0, 0x3, 0xc1, 0x80, 0x0,
    0x7, 0xff, 0x80, 0xe, 0xf, 0xff, 0x8f, 0xfe,
    0x1e, 0x1e, 0x0, 0x0, 0x3c, 0x3c, 0x0, 0x0,
    0x78, 0x78, 0x60, 0x40, 0xf0, 0xf0, 0xff, 0xe1,
    0xc1, 0xe1, 0xff, 0xe7, 0x83, 0xc3, 0xc7, 0x8f,
    0x7, 0x87, 0x8f, 0x1e, 0xf, 0xf, 0x1e, 0x38,
    0x1c, 0x1e, 0x3c, 0xf0, 0x78, 0x3c, 0x79, 0xc0,
    0xf0, 0x7f, 0xf3, 0x1, 0xe0, 0xf1, 0xee, 0x3f,
    0xc1, 0xe3, 0xb8, 0x1f, 0x3, 0xc0, 0x40, 0x3e,
    0x7, 0x1, 0x0, 0x70, 0x0,

    /* U+8A2D "設" */
    0x0, 0x40, 0x2, 0x0, 0x3, 0x87, 0x1e, 0x7,
    0xff, 0x9f, 0xfc, 0x0, 0x0, 0x79, 0xe0, 0x0,
    0x11, 0xe7, 0x88, 0x0, 0xe7, 0x9e, 0x2f, 0xff,
    0xde, 0x78, 0x80, 0x0, 0x79, 0xe6, 0x0, 0x43,
    0xc7, 0xfc, 0x3, 0xcf, 0x1f, 0xf7, 0xff, 0x38,
    0x3f, 0x80, 0x1, 0xc0, 0x20, 0x0, 0x44, 0x1,
    0xc0, 0x3, 0x80, 0xf, 0x87, 0xff, 0x7f, 0xff,
    0x0, 0x0, 0x40, 0xf8, 0x0, 0x1, 0x3, 0xe1,
    0x81, 0x84, 0x1f, 0x7, 0xff, 0x8, 0x7c, 0x1f,
    0xfe, 0x31, 0xe0, 0x78, 0xf0, 0x6f, 0x81, 0xe3,
    0xc1, 0xfc, 0x7, 0x8f, 0x3, 0xe0, 0x1e, 0x3c,
    0xf, 0x80, 0x78, 0xf0, 0x7f, 0x81, 0xe3, 0xc3,
    0xff, 0xc7, 0xff, 0x1e, 0x7f, 0xde, 0x3c, 0xe0,
    0xfc, 0x78, 0xe6, 0x0, 0xe1, 0xc0, 0x60, 0x1,
    0x80,

    /* U+8A33 "訳" */
    0x0, 0xc0, 0x0, 0x40, 0x1, 0xc6, 0x1, 0xc1,
    0xff, 0xcf, 0xff, 0xe0, 0x0, 0x1e, 0x7, 0xc0,
    0x2, 0x3c, 0xf, 0x0, 0xe, 0x78, 0x1e, 0x3f,
    0xfe, 0xf0, 0x3c, 0x0, 0x1, 0xe0, 0x78, 0x0,
    0x43, 0xc0, 0xf0, 0x1, 0xc7, 0x81, 0xe1, 0xff,
    0xcf, 0x3, 0xc0, 0x0, 0x1e, 0x7, 0x80, 0x4,
    0x3f, 0xff, 0x0, 0x1c, 0x79, 0x1e, 0x1f, 0xfc,
    0xf2, 0x3c, 0x0, 0x1, 0xe2, 0x60, 0x0, 0x3,
    0xc4, 0x0, 0x80, 0x87, 0x88, 0x1, 0xff, 0x8f,
    0x18, 0x3, 0xff, 0x9c, 0x38, 0x7, 0x8f, 0x38,
    0x30, 0xf, 0x1e, 0xf0, 0x70, 0x1e, 0x3d, 0xe0,
    0xf8, 0x3c, 0x7b, 0x80, 0xf8, 0x78, 0xf7, 0x1,
    0xfc, 0xf1, 0xec, 0x1, 0xfd, 0xff, 0xf8, 0x3,
    0xe3, 0xc7, 0xe0, 0x3, 0x87, 0x8f, 0x80, 0x2,
    0xe, 0x2, 0x0, 0x0, 0x0,

    /* U+8A55 "評" */
    0x0, 0x80, 0x0, 0x20, 0x1, 0x80, 0x0, 0x61,
    0xff, 0x80, 0x1, 0xe0, 0x0, 0x3f, 0xff, 0xe0,
    0x0, 0x1, 0xe0, 0x0, 0xe, 0x3, 0xc0, 0x3f,
    0xfe, 0x87, 0x9c, 0x0, 0x1, 0x8f, 0x3e, 0x0,
    0x83, 0x9e, 0x78, 0x3, 0xc7, 0xbc, 0xe1, 0xff,
    0xc7, 0x7b, 0x80, 0x0, 0xe, 0xf7, 0x0, 0x8,
    0x1d, 0xec, 0x0, 0x3c, 0x7b, 0xd0, 0x1f, 0xfc,
    0x27, 0x84, 0x0, 0x0, 0xf, 0x1c, 0x0, 0x0,
    0x1e, 0x3c, 0x80, 0x9f, 0xff, 0xfd, 0xff, 0x80,
    0x78, 0x3, 0xff, 0x80, 0xf0, 0x7, 0x8f, 0x1,
    0xe0, 0xf, 0x1e, 0x3, 0xc0, 0x1e, 0x3c, 0x7,
    0x80, 0x3c, 0x78, 0xf, 0x0, 0x78, 0xf0, 0x1e,
    0x0, 0xf1, 0xe0, 0x3c, 0x1, 0xff, 0xc0, 0x78,
    0x3, 0xc7, 0x80, 0xf0, 0x7, 0x8e, 0x1, 0xe0,
    0xe, 0x0, 0x3, 0x80, 0x0,

    /* U+8A66 "試" */
    0x1, 0x80, 0xf, 0x80, 0xf, 0x0, 0x3d, 0xc7,
    0xfe, 0x0, 0xf7, 0x80, 0x0, 0x3, 0xce, 0x0,
    0xc0, 0xf, 0x38, 0x3, 0x80, 0x3c, 0xcf, 0xff,
    0x0, 0xf7, 0x80, 0x3, 0xff, 0xff, 0x0, 0x80,
    0xf, 0x0, 0x7, 0x0, 0x3c, 0x7, 0xfe, 0x1,
    0xf0, 0x0, 0x0, 0xf, 0xc0, 0x0, 0x80, 0x3f,
    0x0, 0x7, 0x7f, 0xfc, 0x7, 0xfe, 0x1e, 0xf0,
    0x0, 0x0, 0x7b, 0xc0, 0x0, 0x1, 0xe7, 0x81,
    0x82, 0x7, 0x9e, 0x7, 0xfc, 0x1e, 0x78, 0x1f,
    0xfc, 0x79, 0xe0, 0x79, 0xc1, 0xe7, 0xc5, 0xe7,
    0x7, 0x8f, 0x17, 0x9c, 0x1f, 0xfe, 0xde, 0x70,
    0xfc, 0xfb, 0x79, 0xcf, 0xe1, 0xf9, 0xe7, 0x3e,
    0x7, 0xe7, 0xfc, 0xe0, 0xf, 0xde, 0x71, 0x0,
    0x3f, 0x79, 0x80, 0x0, 0x7d, 0xc0, 0x0, 0x0,
    0xf0,

    /* U+8A71 "話" */
    0x0, 0xc0, 0x0, 0xc0, 0x3, 0x80, 0xf, 0x87,
    0xff, 0x0, 0xff, 0x80, 0x0, 0x1f, 0xf0, 0x0,
    0x33, 0xfe, 0x0, 0x1, 0xe0, 0x78, 0xf, 0xff,
    0xc1, 0xe0, 0x0, 0x0, 0x7, 0x80, 0x0, 0x40,
    0x1e, 0x30, 0x3, 0x80, 0x79, 0xe7, 0xff, 0x7f,
    0xff, 0xc0, 0x0, 0x7, 0x80, 0x0, 0x40, 0x1e,
    0x0, 0x3, 0x80, 0x78, 0x7, 0xff, 0x1, 0xe0,
    0x0, 0x0, 0x7, 0x98, 0x0, 0x3, 0x9e, 0x70,
    0x1, 0xf, 0xff, 0xc7, 0xfe, 0x3f, 0xff, 0x9f,
    0xfc, 0xf0, 0x3c, 0x78, 0xf3, 0xc0, 0xf1, 0xe3,
    0xcf, 0x3, 0xc7, 0x8f, 0x3c, 0xf, 0x1e, 0x3c,
    0xf0, 0x3c, 0x78, 0xf3, 0xc0, 0xf1, 0xe3, 0xcf,
    0x3, 0xc7, 0xff, 0x3f, 0xff, 0x1e, 0x3c, 0xf0,
    0x3c, 0x78, 0xf3, 0xc0, 0xf1, 0xc3, 0x8e, 0x3,
    0x80,

    /* U+8A73 "詳" */
    0x0, 0xc1, 0x81, 0xe0, 0x3, 0xc3, 0x83, 0xe1,
    0xff, 0xc3, 0x87, 0x80, 0x0, 0x7, 0x8e, 0x0,
    0x2, 0xf, 0x38, 0x0, 0xe, 0x1c, 0x76, 0x3f,
    0xff, 0x10, 0xde, 0x7f, 0xff, 0xff, 0xfc, 0x0,
    0x7, 0xff, 0xfc, 0x1, 0x80, 0x3c, 0x1, 0xff,
    0xc0, 0x78, 0x80, 0x0, 0x0, 0xf3, 0x80, 0x4,
    0x1, 0xe7, 0x80, 0x1c, 0x7f, 0xff, 0x1f, 0xfc,
    0x7, 0x80, 0x0, 0x0, 0xf, 0x0, 0x0, 0x0,
    0x1e, 0x0, 0x80, 0x80, 0x3c, 0x1, 0xff, 0x80,
    0x78, 0xc3, 0xff, 0xc0, 0xf3, 0xe7, 0x8f, 0xff,
    0xff, 0xef, 0x1e, 0x3, 0xc0, 0x1e, 0x3c, 0x7,
    0x80, 0x3c, 0x78, 0xf, 0x0, 0x78, 0xf0, 0x1e,
    0x0, 0xf1, 0xe0, 0x3c, 0x1, 0xff, 0xc0, 0x78,
    0x3, 0xc7, 0x80, 0xf0, 0x7, 0x8e, 0x1, 0xe0,
    0xe, 0x0, 0x3, 0x80, 0x0,

    /* U+8A8C "誌" */
    0x1, 0x80, 0x3f, 0x0, 0x7, 0x80, 0x7c, 0x1,
    0xff, 0x80, 0xf8, 0x0, 0x0, 0x1, 0xf1, 0x80,
    0xc, 0x3, 0xe7, 0x80, 0x1d, 0xff, 0xff, 0xbf,
    0xfc, 0xf, 0x80, 0x0, 0x0, 0x1f, 0x0, 0x0,
    0x0, 0x3e, 0x0, 0x3, 0x0, 0x7c, 0x41, 0xff,
    0x80, 0xf9, 0xc0, 0x0, 0x1, 0xf3, 0xc0, 0x0,
    0xff, 0xff, 0xc0, 0x30, 0x4, 0x0, 0x1f, 0xf8,
    0x1f, 0x80, 0x0, 0x0, 0xf, 0x80, 0x0, 0x0,
    0xf, 0x0, 0x81, 0x1, 0xfe, 0x1, 0xff, 0x3,
    0xd9, 0x83, 0xff, 0xa7, 0x81, 0x87, 0x9e, 0x6f,
    0x3, 0x8f, 0x3c, 0xde, 0x7, 0x9e, 0x7b, 0xbc,
    0x2f, 0x3c, 0xff, 0x78, 0x4e, 0x79, 0xfe, 0xf0,
    0x9c, 0xf3, 0xf9, 0xe1, 0x39, 0xff, 0xa3, 0xff,
    0x23, 0xcf, 0x7, 0xfe, 0x7, 0x98, 0x7, 0xf8,
    0xe, 0x0, 0x0, 0x0, 0x0,

    /* U+8A8D "認" */
    0x0, 0xc0, 0x0, 0x20, 0x3, 0xc0, 0x0, 0xe1,
    0xff, 0xdf, 0xff, 0xf0, 0x0, 0x3, 0xe3, 0xc0,
    0x2, 0x7, 0x87, 0x80, 0xe, 0x7f, 0xf, 0x3f,
    0xff, 0xfe, 0x1e, 0x0, 0x0, 0x7e, 0x3c, 0x0,
    0x0, 0xfe, 0x78, 0x1, 0x81, 0xfc, 0xf0, 0x7,
    0x83, 0xb9, 0xe3, 0xff, 0x8f, 0x7, 0x80, 0x0,
    0x1c, 0x7f, 0x0, 0x18, 0x70, 0x3e, 0x0, 0x39,
    0xc0, 0x78, 0x3f, 0xfa, 0x3c, 0xe0, 0x0, 0x0,
    0x3e, 0x0, 0xc0, 0x81, 0xfe, 0x1, 0xff, 0x8b,
    0xfd, 0x3, 0xff, 0x97, 0xb3, 0x87, 0x8f, 0x2f,
    0x3, 0x8f, 0x1e, 0xde, 0x7, 0x9e, 0x3f, 0xbc,
    0xf, 0x3c, 0x7f, 0x78, 0x5e, 0x78, 0xfe, 0xf0,
    0x9c, 0xf1, 0xf9, 0xe1, 0x39, 0xff, 0xc3, 0xff,
    0x73, 0xc7, 0x87, 0xfe, 0x7, 0x8c, 0x7, 0xf8,
    0xe, 0x0, 0x0, 0x0, 0x0,

    /* U+8A95 "誕" */
    0x3, 0x0, 0x0, 0x60, 0x7, 0x8, 0x1, 0xe1,
    0xff, 0x1c, 0xf, 0xe0, 0x1, 0xfc, 0xff, 0x20,
    0x8, 0xf7, 0xfc, 0x0, 0x39, 0xc0, 0x78, 0x3f,
    0xfb, 0x80, 0xf0, 0x0, 0x7, 0x1, 0xe0, 0x1,
    0xe, 0x3b, 0xc0, 0x7, 0x38, 0x77, 0x81, 0xff,
    0x74, 0xef, 0x40, 0x0, 0xfd, 0xde, 0xc0, 0x11,
    0xff, 0xbf, 0xc0, 0x77, 0x77, 0x78, 0x1f, 0xf0,
    0xee, 0xf0, 0x0, 0x1, 0xdd, 0xe0, 0x0, 0x3,
    0xbb, 0xc0, 0x82, 0x27, 0x77, 0x81, 0xfe, 0x4e,
    0xef, 0x3, 0xff, 0xb9, 0xde, 0x7, 0xbc, 0xf3,
    0xbd, 0xf, 0x79, 0xe7, 0x7b, 0x1e, 0xf1, 0xbf,
    0xff, 0x3d, 0xe7, 0x7f, 0xfe, 0x7b, 0xcf, 0x80,
    0x0, 0xf7, 0xbf, 0xe0, 0x1, 0xff, 0x63, 0xff,
    0xf3, 0xdf, 0x83, 0xff, 0xc7, 0x86, 0x0, 0xff,
    0x8e, 0x0, 0x0, 0x0, 0x0,

    /* U+8A98 "誘" */
    0x0, 0xc0, 0x0, 0xc0, 0x7, 0x80, 0x1f, 0x87,
    0xff, 0x3, 0xff, 0x0, 0x1, 0xff, 0x80, 0x0,
    0x30, 0x1e, 0x23, 0xff, 0xe0, 0x79, 0xcf, 0xff,
    0xff, 0xff, 0x80, 0x1, 0xff, 0xfe, 0x0, 0x40,
    0x7f, 0x80, 0x3, 0x83, 0xff, 0x7, 0xff, 0xf,
    0xef, 0x0, 0x0, 0x77, 0xbf, 0x0, 0x43, 0x9e,
    0x78, 0x3, 0x8c, 0x70, 0xc7, 0xff, 0x40, 0x22,
    0x0, 0x1, 0xff, 0xc0, 0x0, 0x3, 0xff, 0x81,
    0x1, 0x3, 0xdc, 0x7, 0xff, 0xf, 0x73, 0x1e,
    0x3e, 0x39, 0xde, 0x78, 0xf0, 0xe7, 0xf9, 0xe3,
    0xc7, 0x9d, 0xe7, 0x8f, 0x1e, 0x7, 0x9e, 0x3c,
    0x70, 0x1c, 0x78, 0xf3, 0xc0, 0x71, 0xe3, 0xce,
    0x3, 0xc7, 0xff, 0x70, 0xff, 0x1e, 0x3d, 0x80,
    0xf8, 0x78, 0xec, 0x3, 0xe1, 0xc0, 0x40, 0xe,
    0x0,

    /* U+8A9E "語" */
    0x0, 0x0, 0x0, 0x0, 0x1, 0x80, 0x0, 0xc0,
    0x7, 0xc0, 0x3, 0xc3, 0xff, 0xbf, 0xff, 0xc0,
    0x0, 0x7, 0x80, 0x0, 0x4, 0xf, 0x0, 0x0,
    0x1c, 0x1e, 0x0, 0x7f, 0xfc, 0x38, 0x40, 0xff,
    0xf3, 0xff, 0xe0, 0x0, 0x7, 0xff, 0xe0, 0x3,
    0x83, 0xc7, 0x83, 0xff, 0x87, 0x8f, 0x0, 0x0,
    0xf, 0x1e, 0x0, 0x8, 0x1e, 0x3d, 0x0, 0x38,
    0x38, 0x7f, 0x3f, 0xfb, 0xff, 0xff, 0x0, 0x0,
    0x0, 0x0, 0x0, 0x0, 0x0, 0x81, 0x1, 0xe,
    0x3, 0x83, 0xff, 0x1f, 0xff, 0x87, 0xff, 0x3c,
    0xf, 0x8f, 0x1e, 0x78, 0x1e, 0x1e, 0x3c, 0xf0,
    0x3c, 0x3c, 0x79, 0xe0, 0x78, 0x78, 0xf3, 0xc0,
    0xf0, 0xf1, 0xe7, 0x81, 0xe1, 0xe3, 0xcf, 0x3,
    0xc3, 0xff, 0x9f, 0xff, 0x87, 0x8f, 0x3c, 0xf,
    0xf, 0x1c, 0x78, 0x1e, 0x1c, 0x0, 0xe0, 0x30,
    0x0,

    /* U+8AAC "説" */
    0x0, 0xc1, 0x83, 0xc0, 0x3, 0xc3, 0xc7, 0xe1,
    0xff, 0xc3, 0xcf, 0x0, 0x0, 0x7, 0x9e, 0x0,
    0x2, 0xf, 0x70, 0x0, 0xe, 0x9e, 0xcc, 0x3f,
    0xff, 0xc1, 0x3c, 0x0, 0x3, 0xff, 0xfc, 0x0,
    0x47, 0x80, 0xf8, 0x1, 0xcf, 0x1, 0xf1, 0xff,
    0xde, 0x3, 0xe0, 0x0, 0x3c, 0x7, 0xc0, 0x0,
    0x78, 0xf, 0x80, 0x18, 0xf0, 0x1f, 0x0, 0x79,
    0xe0, 0x3e, 0x3f, 0xfb, 0xff, 0xfc, 0x0, 0x7,
    0xf7, 0xf0, 0x0, 0x8d, 0xef, 0x1, 0xff, 0x83,
    0xde, 0x3, 0xff, 0x87, 0xbc, 0x7, 0x8f, 0xe,
    0x78, 0xf, 0x1e, 0x3c, 0xf0, 0x9e, 0x3c, 0x79,
    0xe1, 0x3c, 0x78, 0xe3, 0xc2, 0x78, 0xf1, 0xc7,
    0x8c, 0xf1, 0xe7, 0xf, 0x19, 0xe3, 0xdc, 0x1f,
    0xfb, 0xff, 0xb0, 0x3f, 0xf7, 0x8e, 0xc0, 0x7f,
    0xce, 0x2, 0x0, 0x0, 0x0,

    /* U+8AAD "読" */
    0x0, 0x0, 0x3e, 0x0, 0x3, 0x0, 0x78, 0x41,
    0xff, 0x80, 0xf0, 0xc0, 0x0, 0x1, 0xe3, 0xc0,
    0x4, 0xff, 0xff, 0xc0, 0x1c, 0x7, 0x80, 0x3f,
    0xfe, 0xf, 0x8, 0x0, 0x0, 0x1e, 0x38, 0x0,
    0x7, 0xff, 0xf8, 0x3, 0xf, 0xff, 0xf0, 0x7,
    0x0, 0x0, 0x43, 0xfe, 0x1f, 0xff, 0xc0, 0x0,
    0x3f, 0xff, 0xc0, 0x38, 0xc0, 0x7, 0x1f, 0xfb,
    0xe1, 0xfc, 0x0, 0xf, 0xfb, 0xe0, 0x0, 0x1f,
    0xe7, 0x80, 0xc1, 0x3, 0xcf, 0x1, 0xff, 0x87,
    0x9e, 0x3, 0xff, 0x8f, 0x3c, 0x7, 0x9e, 0x1c,
    0x78, 0xf, 0x3c, 0x38, 0xf0, 0x1e, 0x78, 0x71,
    0xe2, 0x3c, 0xf1, 0xc3, 0xc4, 0x79, 0xe3, 0x87,
    0x88, 0xf3, 0xce, 0xf, 0xf9, 0xff, 0x98, 0x1f,
    0xf3, 0xcf, 0x60, 0x3f, 0xe7, 0x99, 0x80, 0x3f,
    0x8e, 0x4, 0x0, 0x0, 0x0,

    /* U+8AB0 "誰" */
    0x0, 0x0, 0x0, 0x0, 0x3, 0x7, 0x86, 0x0,
    0xf, 0xf, 0xdf, 0x83, 0xff, 0x1f, 0x3e, 0x0,
    0x0, 0x3c, 0x70, 0x0, 0x18, 0xf0, 0xc6, 0x0,
    0x39, 0xe3, 0x1e, 0x7f, 0xfb, 0xff, 0xfe, 0x0,
    0xf, 0x8f, 0x0, 0x2, 0x1f, 0x1e, 0x0, 0x7,
    0x7e, 0x3c, 0x3, 0xff, 0xfc, 0x79, 0x0, 0x3,
    0x78, 0xf7, 0x0, 0x24, 0xff, 0xff, 0x0, 0x71,
    0xe3, 0xc0, 0x3f, 0xf3, 0xc7, 0x80, 0x0, 0x7,
    0x8f, 0x0, 0x0, 0xf, 0x1e, 0x1, 0x87, 0x1e,
    0x3d, 0x83, 0xff, 0x3c, 0x7b, 0x87, 0x9f, 0x7f,
    0xff, 0x8f, 0x38, 0xf1, 0xe0, 0x1e, 0x71, 0xe3,
    0xc0, 0x3c, 0xe3, 0xc7, 0x80, 0x79, 0xc7, 0x8f,
    0x0, 0xf3, 0x8f, 0x1e, 0x61, 0xe7, 0x1e, 0x3c,
    0xe3, 0xfe, 0x3f, 0xff, 0xe7, 0x9c, 0x7f, 0xff,
    0xcf, 0x0, 0xf0, 0x0, 0x1c, 0x1, 0xc0, 0x0,
    0x0,

    /* U+8AB2 "課" */
    0x1, 0x88, 0x0, 0x20, 0x3, 0x9e, 0x0, 0xf1,
    0xff, 0xbf, 0xff, 0xf0, 0x0, 0x79, 0xe3, 0xc0,
    0xc, 0xf3, 0xc7, 0x80, 0x1d, 0xe7, 0x8f, 0x3f,
    0xff, 0xcf, 0x1e, 0x0, 0x7, 0xff, 0xfc, 0x0,
    0xf, 0x3c, 0x78, 0x3, 0x9e, 0x78, 0xf1, 0xff,
    0xbc, 0xf1, 0xe0, 0x0, 0x79, 0xe3, 0xc0, 0x0,
    0xff, 0xff, 0x80, 0x39, 0xe7, 0x8e, 0x1f, 0xf8,
    0xf, 0x4, 0x0, 0x0, 0x1e, 0x1c, 0x0, 0x0,
    0x3c, 0x3c, 0x1, 0x3f, 0xff, 0xf9, 0xff, 0x3,
    0xf8, 0x3, 0xff, 0x7, 0xf8, 0x7, 0x9e, 0xf,
    0xd8, 0xf, 0x3c, 0x3f, 0xb8, 0x1e, 0x78, 0x7f,
    0x78, 0x3c, 0xf1, 0xfe, 0x7c, 0x79, 0xe3, 0xbc,
    0xfe, 0xf3, 0xce, 0x78, 0xf1, 0xff, 0xb0, 0xf0,
    0xc3, 0xce, 0xc1, 0xe0, 0x87, 0x82, 0x3, 0xc0,
    0xe, 0x0, 0x7, 0x0, 0x0,

    /* U+8ABF "調" */
    0x1, 0x80, 0x0, 0x20, 0xf, 0x38, 0x1, 0xc7,
    0xfe, 0xff, 0xff, 0xc0, 0x3, 0xc0, 0x1e, 0x0,
    0x4f, 0x3c, 0x78, 0x3, 0xbc, 0xe9, 0xef, 0xff,
    0xf3, 0xb7, 0x80, 0x3, 0xff, 0xfe, 0x0, 0x8f,
    0x38, 0x78, 0x7, 0x3c, 0xe1, 0xe7, 0xfe, 0xf3,
    0xb7, 0x80, 0x3, 0xce, 0xde, 0x0, 0xf, 0xff,
    0xf8, 0x6, 0x3c, 0x1, 0xe0, 0x3e, 0xf4, 0x67,
    0x8f, 0x3, 0xdf, 0xde, 0x0, 0xf, 0x67, 0x79,
    0x2, 0x3d, 0x9d, 0xe7, 0xfc, 0xf6, 0x77, 0x9f,
    0xff, 0xd9, 0xde, 0x79, 0xef, 0x67, 0x79, 0xe7,
    0xb9, 0x9d, 0xe7, 0x9e, 0xe7, 0xf7, 0x9e, 0x7b,
    0x99, 0xde, 0x79, 0xee, 0x60, 0x79, 0xe7, 0xf0,
    0x1, 0xe7, 0xff, 0xc0, 0x3f, 0x9e, 0x7e, 0x0,
    0x7e, 0x79, 0x90, 0x0, 0xf1, 0xc0, 0x80, 0x3,
    0x80,

    /* U+8AC7 "談" */
    0x0, 0xc0, 0x1f, 0x0, 0x1, 0xc0, 0x3c, 0x1,
    0xff, 0xc2, 0x79, 0x80, 0x0, 0x4, 0xf3, 0xc0,
    0x2, 0x19, 0xe7, 0xc0, 0xe, 0x73, 0xde, 0x3f,
    0xff, 0xe7, 0xb0, 0x0, 0x3, 0xce, 0x40, 0x0,
    0x40, 0x3f, 0xc0, 0x1, 0xc0, 0x73, 0xe1, 0xff,
    0xc1, 0xc3, 0xe0, 0x0, 0x7, 0x3, 0xe0, 0x4,
    0x1f, 0x83, 0xc0, 0x1c, 0x67, 0xc7, 0x9f, 0xfd,
    0xf, 0x80, 0x0, 0x0, 0x5f, 0x0, 0x0, 0x0,
    0xbe, 0x78, 0xc0, 0x83, 0x7c, 0xfd, 0xff, 0x8e,
    0xfd, 0xe3, 0xff, 0xfd, 0xeb, 0x87, 0x8f, 0x7b,
    0xd6, 0xf, 0x1e, 0xe7, 0xb8, 0x1e, 0x3c, 0xf,
    0x70, 0x3c, 0x78, 0x3c, 0xf0, 0x78, 0xf0, 0x78,
    0xf0, 0xf1, 0xe1, 0xe1, 0xfd, 0xff, 0xc7, 0x83,
    0xf3, 0xc7, 0x9e, 0x3, 0xc7, 0x88, 0x70, 0x7,
    0xe, 0x3, 0x0, 0x6, 0x0,

    /* U+8AF8 "諸" */
    0x0, 0xc0, 0xf8, 0x0, 0x3, 0xc1, 0xe0, 0x61,
    0xff, 0xc3, 0xc9, 0xf0, 0x0, 0x7, 0xbb, 0xc0,
    0x2, 0xf, 0xff, 0x80, 0xe, 0xff, 0xfe, 0x3f,
    0xfe, 0x3c, 0x78, 0x0, 0x0, 0x78, 0xf0, 0x0,
    0x40, 0xf3, 0xc0, 0x1, 0xc1, 0xef, 0x31, 0xff,
    0xc3, 0xde, 0xf3, 0xff, 0xff, 0xff, 0xe0, 0x0,
    0xff, 0xff, 0xc0, 0x8, 0x7, 0x80, 0x0, 0x38,
    0xe, 0x10, 0x3f, 0xf8, 0xff, 0xf8, 0x0, 0x1,
    0xff, 0xf8, 0x0, 0x3, 0x81, 0xe1, 0xff, 0x8f,
    0x3, 0xc3, 0xff, 0xae, 0x7, 0x87, 0x8f, 0x9c,
    0xf, 0xf, 0x1e, 0x3f, 0xfe, 0x1e, 0x3c, 0x70,
    0x3c, 0x3c, 0x78, 0xe0, 0x78, 0x78, 0xf1, 0xc0,
    0xf0, 0xf1, 0xe3, 0x81, 0xe1, 0xff, 0xc7, 0xff,
    0xc3, 0xc7, 0x8e, 0x7, 0x87, 0x8e, 0x1c, 0xf,
    0xe, 0x0, 0x30, 0x1c, 0x0,

    /* U+8B1D "謝" */
    0x1, 0x7, 0xc0, 0xc0, 0x7, 0xf, 0x1, 0xf1,
    0xff, 0x1d, 0x3, 0xc0, 0x0, 0xff, 0x7, 0x80,
    0x19, 0xff, 0xf, 0x0, 0x7b, 0x9e, 0x1e, 0x3f,
    0xff, 0x3c, 0x3f, 0x0, 0xe, 0x78, 0x7f, 0x0,
    0x1f, 0xff, 0xfe, 0x7, 0x39, 0xe1, 0xe1, 0xff,
    0x73, 0xc3, 0xc0, 0x0, 0xe7, 0xc7, 0x80, 0x1,
    0xff, 0x4f, 0x0, 0x73, 0x9f, 0xde, 0x1f, 0xf7,
    0x3d, 0xfc, 0x0, 0xe, 0x7b, 0xf8, 0x0, 0x1f,
    0xf7, 0xf0, 0x82, 0x7f, 0xef, 0xe1, 0xfe, 0xff,
    0xcb, 0xc3, 0xff, 0xcf, 0x87, 0x87, 0xbd, 0x3f,
    0xf, 0xf, 0x78, 0x7e, 0x1e, 0x1e, 0xf1, 0xfc,
    0x3c, 0x3d, 0xe3, 0x78, 0x78, 0x7b, 0xcc, 0xf0,
    0xf0, 0xf7, 0xa1, 0xe1, 0xe1, 0xff, 0x9f, 0xdf,
    0xc3, 0xde, 0xf, 0x8f, 0x87, 0xb0, 0x1e, 0x1e,
    0xe, 0x0, 0x38, 0x38, 0x0,

    /* U+8B70 "議" */
    0x1, 0x3, 0x87, 0xc0, 0x6, 0xf, 0x1e, 0x7,
    0xfc, 0x1c, 0x72, 0x0, 0x0, 0x71, 0x9c, 0x0,
    0x9f, 0xff, 0xf8, 0x3, 0x0, 0xe0, 0xf, 0xfe,
    0x3, 0x8e, 0x0, 0x3, 0xff, 0xfe, 0x0, 0x80,
    0x38, 0x0, 0x6, 0x0, 0xe0, 0xc7, 0xfc, 0x3,
    0x87, 0x9f, 0xff, 0xff, 0xff, 0x0, 0x1f, 0xff,
    0xf8, 0x6, 0x7, 0xbd, 0x87, 0xfc, 0x7f, 0xf7,
    0x0, 0x7, 0xff, 0xce, 0x0, 0x3, 0xcf, 0x30,
    0x0, 0xf, 0x3c, 0xe7, 0xfb, 0xff, 0xff, 0xdf,
    0xf8, 0xf3, 0xc8, 0x79, 0xc3, 0xf7, 0x79, 0xe7,
    0xff, 0x1f, 0xc7, 0x9f, 0xfc, 0x7f, 0x1e, 0x77,
    0xf1, 0xfa, 0x79, 0xd3, 0xc3, 0xc9, 0xe7, 0xf,
    0x1f, 0xa7, 0xfd, 0xfc, 0xff, 0x9e, 0x71, 0xf6,
    0x7f, 0x78, 0x7, 0x80, 0xfd, 0xc0, 0x1c, 0x0,
    0xf0,

    /* U+8C61 "象" */
    0x0, 0x0, 0x0, 0x0, 0x3, 0xf0, 0x0, 0x0,
    0x1f, 0x84, 0x0, 0x0, 0x7f, 0xf8, 0x0, 0x3,
    0xff, 0xf8, 0x0, 0x1e, 0x7, 0x80, 0x0, 0xff,
    0xff, 0xf8, 0x7, 0xff, 0xff, 0xf8, 0x3f, 0x7,
    0x83, 0xc3, 0x3c, 0x1e, 0xf, 0x0, 0xf0, 0x78,
    0x3c, 0x3, 0xff, 0xff, 0xf0, 0xf, 0xff, 0xff,
    0xc0, 0x3d, 0xfd, 0xc, 0x0, 0xf, 0xc4, 0xc,
    0x0, 0x7d, 0x98, 0x78, 0x7, 0xcf, 0x23, 0xf0,
    0x78, 0xfe, 0xde, 0x6, 0x7, 0xfb, 0xc0, 0x0,
    0x7c, 0xf7, 0x0, 0x7, 0xcf, 0xde, 0x0, 0x78,
    0x7f, 0x3e, 0x7, 0x3, 0xfe, 0xfe, 0x0, 0x3f,
    0x79, 0xfe, 0x1, 0xf3, 0xe3, 0xfc, 0x1e, 0xf,
    0x7, 0xc3, 0xc3, 0xfc, 0xe, 0x30, 0x3, 0xf0,
    0x8, 0x0, 0xf, 0x80, 0x0, 0x0, 0x3c, 0x0,
    0x0,

    /* U+8CA0 "負" */
    0x0, 0x40, 0x0, 0x0, 0x7, 0xe0, 0x0, 0x0,
    0x3e, 0x18, 0x0, 0x3, 0xff, 0xe0, 0x0, 0x1f,
    0xff, 0x80, 0x1, 0xe0, 0xf8, 0x0, 0x1e, 0x7,
    0x8, 0x1, 0xff, 0xff, 0xe0, 0xf, 0xff, 0xff,
    0xc0, 0xfc, 0x0, 0x3c, 0x9, 0xe0, 0x1, 0xe0,
    0x8f, 0x0, 0xf, 0x0, 0x7f, 0xff, 0xf8, 0x3,
    0xc0, 0x3, 0xc0, 0x1e, 0x0, 0x1e, 0x0, 0xf0,
    0x0, 0xf0, 0x7, 0x80, 0x7, 0x80, 0x3f, 0xff,
    0xfc, 0x1, 0xe0, 0x1, 0xe0, 0xf, 0x0, 0xf,
    0x0, 0x78, 0x0, 0x78, 0x3, 0xc0, 0x3, 0xc0,
    0x1f, 0xff, 0xfe, 0x0, 0xf0, 0x0, 0xf0, 0x7,
    0xb0, 0x4, 0x0, 0x7, 0xe7, 0xfc, 0x0, 0x7f,
    0x83, 0xf8, 0xf, 0xe0, 0x7, 0xe1, 0xf8, 0x0,
    0x1f, 0xf8, 0x0, 0x0, 0x78,

    /* U+8CA1 "財" */
    0x0, 0x18, 0x1, 0xf0, 0x38, 0x3c, 0x1, 0xe0,
    0x3f, 0xfe, 0x1, 0xe0, 0x3c, 0x3c, 0x1, 0xe0,
    0x3c, 0x3c, 0x1, 0xe0, 0x3c, 0x3c, 0x1, 0xe8,
    0x3c, 0x3c, 0x1, 0xec, 0x3c, 0x3c, 0x1, 0xfe,
    0x3f, 0xff, 0xff, 0xff, 0x3c, 0x3c, 0x3, 0xe0,
    0x3c, 0x3c, 0x7, 0xe0, 0x3c, 0x3c, 0x7, 0xe0,
    0x3c, 0x3c, 0x7, 0xe0, 0x3c, 0x3c, 0xf, 0xe0,
    0x3f, 0xfc, 0xf, 0xe0, 0x3c, 0x3c, 0x1f, 0xe0,
    0x3c, 0x3c, 0x1f, 0xe0, 0x3c, 0x3c, 0x3d, 0xe0,
    0x3c, 0x3c, 0x39, 0xe0, 0x3c, 0x3c, 0x71, 0xe0,
    0x3f, 0xfc, 0xe1, 0xe0, 0x3c, 0x3d, 0xc1, 0xe0,
    0x3c, 0x3, 0x1, 0xe0, 0xe, 0x74, 0x1, 0xe0,
    0x1f, 0xb8, 0x1, 0xe0, 0x1e, 0x3c, 0x1, 0xe0,
    0x3c, 0x3e, 0x1f, 0xe0, 0x38, 0x1e, 0x7, 0xe0,
    0x70, 0x1c, 0x3, 0xc0, 0xc0, 0x8, 0x3, 0x80,

    /* U+8CA7 "貧" */
    0x0, 0xc0, 0x20, 0x0, 0xf, 0x80, 0x80, 0x0,
    0xf8, 0x7, 0x0, 0xf, 0x80, 0x1f, 0x0, 0xff,
    0xff, 0xff, 0x9f, 0xff, 0xff, 0xfb, 0x81, 0xe0,
    0x79, 0x80, 0x1e, 0x7f, 0xc0, 0x3, 0xe0, 0x7c,
    0x0, 0x3c, 0x3, 0xe0, 0xf, 0xc0, 0x1, 0x80,
    0x8f, 0xff, 0xfe, 0x0, 0x7f, 0xff, 0xf8, 0x3,
    0xc0, 0x7, 0x80, 0x1e, 0x0, 0x3c, 0x0, 0xff,
    0xff, 0xe0, 0x7, 0x80, 0xf, 0x0, 0x3c, 0x0,
    0x78, 0x1, 0xff, 0xff, 0xc0, 0xf, 0x0, 0x1e,
    0x0, 0x78, 0x0, 0xf0, 0x3, 0xc0, 0x7, 0x80,
    0x1f, 0xff, 0xfc, 0x0, 0xf4, 0x1, 0xe0, 0x7,
    0x70, 0xe8, 0x0, 0x7, 0xe1, 0xfe, 0x0, 0xff,
    0x83, 0xfc, 0x1f, 0x80, 0x7, 0xe7, 0xc0, 0x0,
    0xe, 0x0,

    /* U+8CA9 "販" */
    0x0, 0x30, 0x0, 0x10, 0x38, 0x79, 0x80, 0x3c,
    0x3f, 0xfd, 0xe0, 0x3e, 0x3c, 0x79, 0xff, 0xfe,
    0x3c, 0x79, 0xe0, 0x0, 0x3c, 0x79, 0xe0, 0x0,
    0x3c, 0x79, 0xe0, 0x0, 0x3c, 0x79, 0xe0, 0x0,
    0x3f, 0xf9, 0xe0, 0x30, 0x3c, 0x79, 0xff, 0xf8,
    0x3c, 0x79, 0xff, 0xfc, 0x3c, 0x79, 0xf0, 0x7e,
    0x3c, 0x79, 0xe8, 0x7c, 0x3c, 0x79, 0xe8, 0x78,
    0x3f, 0xf9, 0xe8, 0x78, 0x3c, 0x79, 0xe8, 0x78,
    0x3c, 0x79, 0xec, 0xf0, 0x3c, 0x79, 0xec, 0xf0,
    0x3c, 0x79, 0xc6, 0xf0, 0x3f, 0xf9, 0xc7, 0xe0,
    0x3c, 0x79, 0xc7, 0xc0, 0x38, 0x3, 0xc3, 0xc0,
    0xe, 0xe3, 0x83, 0xc0, 0x1f, 0xf3, 0x87, 0xf0,
    0x1e, 0x7b, 0xf, 0xf8, 0x1c, 0x7f, 0x1c, 0xfe,
    0x38, 0x7e, 0x38, 0x7c, 0x30, 0xc, 0x60, 0x38,
    0x60, 0x9, 0x80, 0x10, 0x0, 0x0, 0x0, 0x0,

    /* U+8CAC "責" */
    0x0, 0x7, 0xc0, 0x0, 0x0, 0x3c, 0xe, 0x0,
    0x1, 0xe0, 0x78, 0x3f, 0xff, 0xff, 0xe0, 0x0,
    0x78, 0x18, 0x0, 0x3, 0xc0, 0xe0, 0x3f, 0xff,
    0xff, 0xc0, 0x0, 0xf0, 0xc, 0x0, 0x7, 0x80,
    0xf3, 0xff, 0xff, 0xff, 0xc0, 0x0, 0x0, 0x80,
    0x7, 0x0, 0x6, 0x0, 0x3f, 0xff, 0xf8, 0x1,
    0xff, 0xff, 0xe0, 0xf, 0x0, 0x1e, 0x0, 0x78,
    0x0, 0xf0, 0x3, 0xff, 0xff, 0x80, 0x1e, 0x0,
    0x3c, 0x0, 0xf0, 0x1, 0xe0, 0x7, 0xff, 0xff,
    0x0, 0x3c, 0x0, 0x78, 0x1, 0xe0, 0x3, 0xc0,
    0xf, 0xff, 0xfe, 0x0, 0x78, 0x0, 0xe0, 0x3,
    0x98, 0xf0, 0x0, 0x1, 0xe1, 0xfe, 0x0, 0x3f,
    0x83, 0xfc, 0x7, 0xf0, 0x7, 0xe0, 0xfc, 0x0,
    0x1f, 0x3e, 0x0, 0x0, 0x70,

    /* U+8CB7 "買" */
    0x20, 0x0, 0x1, 0x7, 0xff, 0xff, 0xf8, 0xff,
    0xff, 0xff, 0x9e, 0x3c, 0xf1, 0xe3, 0xc7, 0x9e,
    0x3c, 0x78, 0xf3, 0xc7, 0x8f, 0x1e, 0x78, 0xf1,
    0xff, 0xff, 0xfe, 0x3c, 0x0, 0x3, 0xc7, 0xc0,
    0x1, 0xe0, 0x3f, 0xff, 0xf8, 0x7, 0xff, 0xff,
    0xc0, 0xf8, 0x1, 0xf0, 0x1f, 0x0, 0x3e, 0x3,
    0xff, 0xff, 0xc0, 0x7c, 0x0, 0xf8, 0xf, 0x80,
    0x1f, 0x1, 0xf0, 0x3, 0xe0, 0x3f, 0xff, 0xfc,
    0x7, 0xc0, 0xf, 0x80, 0xf8, 0x1, 0xf0, 0x1f,
    0x0, 0x3e, 0x3, 0xff, 0xff, 0xc0, 0x7c, 0x0,
    0xf0, 0xf, 0x60, 0x0, 0x0, 0x1f, 0x3f, 0xc0,
    0x7, 0xf0, 0xff, 0x3, 0xf8, 0x7, 0xf1, 0xf8,
    0x0, 0x7f, 0xe0, 0x0, 0x7, 0x80,

    /* U+8CB8 "貸" */
    0x1, 0x7, 0xde, 0x0, 0xf, 0x9e, 0x3c, 0x0,
    0x3c, 0x78, 0x73, 0x1, 0xe0, 0xf1, 0xde, 0xf,
    0x83, 0xc0, 0x7c, 0x3f, 0xf7, 0xfe, 0x21, 0xf8,
    0xf, 0x0, 0x8d, 0xe0, 0x1f, 0x6, 0x67, 0x80,
    0x3f, 0xf8, 0x1e, 0x0, 0x3f, 0xf0, 0x70, 0x0,
    0x7f, 0x80, 0xe0, 0x1, 0xf0, 0x3, 0xff, 0xff,
    0xc0, 0xf, 0x0, 0x1e, 0x0, 0x3c, 0x0, 0x78,
    0x0, 0xff, 0xff, 0xe0, 0x3, 0xc0, 0x7, 0x80,
    0xf, 0x0, 0x1e, 0x0, 0x3c, 0x0, 0x78, 0x0,
    0xff, 0xff, 0xe0, 0x3, 0xc0, 0x7, 0x80, 0xf,
    0x0, 0x1e, 0x0, 0x3c, 0x0, 0x78, 0x0, 0xff,
    0xff, 0xe0, 0x3, 0xd0, 0x7, 0x80, 0xc, 0xe3,
    0xc0, 0x0, 0xf, 0xe1, 0xfe, 0x0, 0x7f, 0x81,
    0xfe, 0xf, 0xe0, 0x1, 0xf9, 0xf8, 0x0, 0x1,
    0xc0,

    /* U+8CBB "費" */
    0x0, 0x30, 0x60, 0x0, 0x0, 0x78, 0xf8, 0x0,
    0xff, 0xff, 0xff, 0x81, 0xff, 0xff, 0xff, 0x80,
    0x3, 0xc7, 0x8f, 0x3, 0xff, 0xff, 0xfe, 0x7,
    0xff, 0xff, 0xfc, 0xe, 0x1e, 0x3c, 0x70, 0x3f,
    0xff, 0xff, 0xf8, 0x7f, 0xff, 0xff, 0xf8, 0xf3,
    0xc1, 0xe0, 0xe0, 0x8f, 0x3, 0xcf, 0xc0, 0x3c,
    0x7, 0x9f, 0x81, 0xff, 0xff, 0xfe, 0xe, 0xff,
    0xff, 0xf0, 0x21, 0xe0, 0x1, 0xc0, 0x3, 0xff,
    0xff, 0x80, 0x7, 0x80, 0x7, 0x0, 0xf, 0x0,
    0xe, 0x0, 0x1e, 0x0, 0x1c, 0x0, 0x3f, 0xff,
    0xf8, 0x0, 0x78, 0x0, 0x70, 0x0, 0xf0, 0x0,
    0xe0, 0x1, 0xff, 0xff, 0xc0, 0x3, 0xd0, 0x3,
    0x80, 0x7, 0x78, 0xf8, 0x0, 0x3, 0xfc, 0x3f,
    0x80, 0xf, 0xe0, 0x1f, 0xc0, 0xfe, 0x0, 0xf,
    0x8f, 0xc0, 0x0, 0xf, 0x0,

    /* U+8CBF "貿" */
    0x0, 0x18, 0x0, 0x0, 0x41, 0xf7, 0xff, 0xc1,
    0xff, 0xff, 0xff, 0x87, 0xe0, 0xe, 0x1c, 0x1e,
    0x0, 0x38, 0x70, 0x79, 0xc0, 0xe1, 0xc1, 0xe3,
    0xc3, 0x7, 0x7, 0x87, 0x1c, 0x3c, 0x1f, 0xfe,
    0x67, 0xf3, 0xfc, 0x73, 0xf, 0xc7, 0xc0, 0x18,
    0x3e, 0x18, 0xc0, 0xc0, 0xf0, 0x3, 0xff, 0xff,
    0x80, 0xf, 0xff, 0xff, 0x0, 0x3c, 0x0, 0x78,
    0x0, 0xf0, 0x1, 0xe0, 0x3, 0xff, 0xff, 0x80,
    0xf, 0x0, 0x1e, 0x0, 0x3c, 0x0, 0x78, 0x0,
    0xff, 0xff, 0xe0, 0x3, 0xc0, 0x7, 0x80, 0xf,
    0x0, 0x1e, 0x0, 0x3c, 0x0, 0x78, 0x0, 0xff,
    0xff, 0xe0, 0x3, 0xd0, 0x7, 0x80, 0xe, 0xf1,
    0x80, 0x0, 0xf, 0xe1, 0xfe, 0x0, 0xff, 0xc0,
    0xfe, 0xf, 0xe0, 0x1, 0xf9, 0xf0, 0x0, 0x1,
    0xe0,

    /* U+8CC3 "賃" */
    0x1, 0x80, 0x1, 0xc0, 0x7, 0xe0, 0x3f, 0xc0,
    0xf, 0x7, 0xff, 0xc0, 0x3e, 0xff, 0xe0, 0x0,
    0xf8, 0x3, 0xc1, 0x81, 0xf8, 0x7, 0x87, 0x87,
    0xef, 0xff, 0xff, 0x9f, 0xc0, 0x1e, 0x0, 0x77,
    0x80, 0x3c, 0x21, 0x8f, 0x0, 0x78, 0xe0, 0x1e,
    0x7f, 0xff, 0xf0, 0x3c, 0x0, 0x8, 0x0, 0x1f,
    0xff, 0xf8, 0x0, 0x3f, 0xff, 0xfc, 0x0, 0x70,
    0x0, 0xf0, 0x0, 0xe0, 0x1, 0xe0, 0x1, 0xff,
    0xff, 0xc0, 0x3, 0x80, 0x7, 0x80, 0x7, 0x0,
    0xf, 0x0, 0xf, 0xff, 0xfe, 0x0, 0x1c, 0x0,
    0x3c, 0x0, 0x38, 0x0, 0x78, 0x0, 0x70, 0x0,
    0xf0, 0x0, 0xff, 0xff, 0xe0, 0x1, 0xd8, 0x3,
    0xc0, 0x3, 0x7c, 0xfe, 0x0, 0x1, 0xfc, 0x3f,
    0xc0, 0xf, 0xe0, 0x1f, 0xc0, 0x7e, 0x0, 0xf,
    0xc7, 0x80, 0x0, 0xf, 0x0,

    /* U+8CC7 "資" */
    0x0, 0x6, 0x0, 0x0, 0x78, 0x1f, 0x0, 0x0,
    0xf0, 0xf8, 0x2, 0x3, 0xe3, 0xff, 0xfc, 0x7,
    0x9f, 0xff, 0xf8, 0xe, 0x73, 0xe3, 0xe0, 0x3,
    0xe, 0x8e, 0x0, 0x10, 0x79, 0xe0, 0x1, 0xe3,
    0xc7, 0x83, 0xfe, 0x1e, 0xf, 0xe7, 0xf0, 0xf0,
    0x3f, 0xdf, 0x8e, 0x0, 0xbc, 0x33, 0xff, 0xff,
    0xf0, 0x8f, 0xff, 0xff, 0x0, 0x3c, 0x0, 0x78,
    0x0, 0xff, 0xff, 0xe0, 0x3, 0xc0, 0x7, 0x80,
    0xf, 0x0, 0x1e, 0x0, 0x3c, 0x0, 0x78, 0x0,
    0xff, 0xff, 0xe0, 0x3, 0xc0, 0x7, 0x80, 0xf,
    0x0, 0x1e, 0x0, 0x3f, 0xff, 0xf8, 0x0, 0xf0,
    0x1, 0xe0, 0x3, 0x98, 0xc0, 0x0, 0x1, 0xf8,
    0xff, 0x0, 0xf, 0xf0, 0xff, 0x0, 0xfe, 0x0,
    0xfc, 0xf, 0xc0, 0x1, 0xf1, 0xf0, 0x0, 0x3,
    0xc0,

    /* U+8CEA "質" */
    0x0, 0x0, 0x0, 0x0, 0x0, 0x70, 0x1, 0xc0,
    0x63, 0xf3, 0x9f, 0xc0, 0xff, 0xf7, 0xff, 0xc1,
    0xe0, 0x4f, 0x3, 0x3, 0xc1, 0xfe, 0xf, 0x87,
    0xff, 0xff, 0xff, 0x8f, 0x3c, 0x79, 0xe0, 0x1e,
    0x78, 0xf3, 0xc0, 0x78, 0xf1, 0xc7, 0x80, 0xf1,
    0xe3, 0x8f, 0x1, 0xc3, 0xce, 0x1e, 0x7, 0x34,
    0x30, 0x30, 0x18, 0x7f, 0xff, 0xf0, 0x0, 0xff,
    0xff, 0xf0, 0x1, 0xf0, 0x3, 0xc0, 0x3, 0xff,
    0xff, 0x80, 0x7, 0xc0, 0xf, 0x0, 0xf, 0x80,
    0x1e, 0x0, 0x1f, 0x0, 0x3c, 0x0, 0x3f, 0xff,
    0xf8, 0x0, 0x7c, 0x0, 0xf0, 0x0, 0xf8, 0x1,
    0xe0, 0x1, 0xff, 0xff, 0xc0, 0x3, 0xe0, 0x7,
    0x80, 0x7, 0xb0, 0x0, 0x0, 0x0, 0xf1, 0xff,
    0x0, 0x7, 0xf8, 0x7f, 0x80, 0x3f, 0x80, 0x3f,
    0x81, 0xf8, 0x0, 0x3f, 0x1f, 0x0, 0x0, 0x3c,
    0x0,

    /* U+8D64 "赤" */
    0x0, 0x7, 0xe0, 0x0, 0x0, 0xf, 0x80, 0x0,
    0x0, 0x1f, 0x2, 0x0, 0x0, 0x3e, 0xe, 0x0,
    0x0, 0x7c, 0x1f, 0x3, 0xff, 0xff, 0xff, 0x0,
    0x1, 0xf0, 0x0, 0x0, 0x3, 0xe0, 0x0, 0x0,
    0x7, 0xc0, 0x20, 0x0, 0xf, 0x80, 0x60, 0x0,
    0x1f, 0x1, 0xe7, 0xff, 0xff, 0xff, 0xff, 0xff,
    0xff, 0xff, 0xc0, 0x7, 0x8f, 0x80, 0x0, 0xf,
    0x1f, 0x0, 0x3, 0x1e, 0x3e, 0x80, 0x7, 0xbc,
    0x7c, 0xc0, 0x1e, 0x78, 0xf9, 0xe0, 0x3c, 0xe1,
    0xf1, 0xe0, 0xf1, 0xc3, 0xe3, 0xe1, 0xc7, 0x87,
    0xc3, 0xc7, 0xf, 0xf, 0x87, 0x8c, 0x1c, 0x1f,
    0xf, 0x30, 0x78, 0x3e, 0x1e, 0xc0, 0xe0, 0x7c,
    0x0, 0x3, 0x80, 0xf8, 0x0, 0x6, 0x3f, 0xf0,
    0x0, 0x18, 0xf, 0xc0, 0x0, 0x60, 0x1f, 0x80,
    0x3, 0x0, 0x1e, 0x0, 0x0, 0x0, 0x20, 0x0,
    0x0,

    /* U+8D70 "走" */
    0x0, 0x7, 0xc0, 0x0, 0x0, 0x1e, 0x0, 0x0,
    0x0, 0x78, 0x0, 0x0, 0x1, 0xe0, 0xe0, 0x0,
    0x7, 0x87, 0xc0, 0x3f, 0xff, 0xff, 0x80, 0x0,
    0x78, 0x0, 0x0, 0x1, 0xe0, 0x0, 0x0, 0x7,
    0x80, 0x40, 0x0, 0x1e, 0x1, 0xc0, 0x0, 0x78,
    0xf, 0xbf, 0xff, 0xff, 0xff, 0x0, 0x0, 0x0,
    0x0, 0x0, 0x1f, 0x0, 0x0, 0x0, 0x78, 0x0,
    0x1, 0xc1, 0xe0, 0x40, 0x7, 0xe7, 0x83, 0x80,
    0x1f, 0x1e, 0x1f, 0x0, 0x7c, 0x7f, 0xff, 0x1,
    0xe1, 0xe0, 0x0, 0x7, 0x87, 0x80, 0x0, 0x1e,
    0x1e, 0x0, 0x0, 0xf4, 0x78, 0x0, 0x3, 0x9d,
    0xe0, 0x0, 0x1e, 0x3f, 0x80, 0x0, 0x70, 0xff,
    0xff, 0xf3, 0x81, 0xff, 0xff, 0x8c, 0x1, 0xff,
    0xfc, 0x40, 0x0, 0xff, 0xf2, 0x0, 0x0, 0x0,
    0x0,

    /* U+8D77 "起" */
    0x1, 0xe0, 0x0, 0x40, 0x7, 0x1, 0xff, 0x80,
    0x1c, 0xc7, 0xff, 0x80, 0x77, 0xc0, 0x3c, 0x7f,
    0xff, 0x80, 0xf0, 0x7, 0x0, 0x3, 0xc0, 0x1c,
    0x0, 0xf, 0x0, 0x71, 0x0, 0x3c, 0x1, 0xc6,
    0x60, 0xf0, 0x7, 0x3d, 0xff, 0xcf, 0xff, 0xff,
    0x8f, 0x0, 0x38, 0x1e, 0x38, 0x0, 0xf0, 0x78,
    0x0, 0xc3, 0x81, 0xe0, 0x3, 0xee, 0x7, 0x80,
    0xf, 0x39, 0x1e, 0x2, 0x3c, 0xef, 0x78, 0x8,
    0xf3, 0xff, 0xe0, 0x63, 0xce, 0x7, 0x81, 0x8f,
    0x38, 0x1f, 0xff, 0x38, 0xe0, 0x7f, 0xfc, 0xf3,
    0x80, 0xff, 0xe3, 0xee, 0x0, 0x0, 0x1c, 0xf8,
    0x0, 0x0, 0x73, 0xe0, 0x0, 0x1, 0x87, 0xff,
    0xff, 0xf6, 0xf, 0xff, 0xff, 0xb0, 0x7, 0xff,
    0xfc, 0x80, 0x0, 0x0, 0x0,

    /* U+8D8A "越" */
    0x7, 0xc0, 0x1f, 0x0, 0x1e, 0x0, 0x7b, 0x80,
    0x78, 0x1, 0xe7, 0x1, 0xec, 0x7, 0x8e, 0x7,
    0xba, 0x1e, 0x31, 0xff, 0xfe, 0x79, 0xe0, 0x78,
    0x3f, 0xff, 0x81, 0xe0, 0xf7, 0x80, 0x7, 0x93,
    0xde, 0x78, 0x1e, 0xef, 0x79, 0xef, 0xff, 0xfd,
    0xe7, 0x0, 0x0, 0xf7, 0x9c, 0x3, 0xc3, 0xcf,
    0xf0, 0xf, 0xf, 0x3f, 0x87, 0xfd, 0x3c, 0xfe,
    0x1e, 0xfe, 0xf3, 0xf0, 0x7b, 0xfb, 0xcf, 0xc9,
    0xef, 0xff, 0x5e, 0x27, 0x3c, 0x3e, 0x7c, 0x9c,
    0xf3, 0xf1, 0xfe, 0x73, 0xdf, 0x8f, 0xf9, 0xcf,
    0x3c, 0x77, 0xe7, 0xbc, 0xc3, 0x9f, 0x9b, 0xf1,
    0x18, 0x1e, 0x67, 0xc0, 0x80, 0x19, 0x9f, 0x0,
    0x0, 0xc, 0x3f, 0xff, 0xff, 0xb0, 0x3f, 0xff,
    0xfc, 0x80, 0x1f, 0xff, 0xf0, 0x0, 0x0, 0x0,
    0x0,

    /* U+8DA3 "趣" */
    0x3, 0xc0, 0x0, 0x60, 0x7, 0x0, 0x1, 0xe0,
    0xe, 0x3f, 0xff, 0xe0, 0x1d, 0x9c, 0xf0, 0x0,
    0x3f, 0xb9, 0xe0, 0xf, 0xff, 0xf3, 0xc3, 0x0,
    0xe0, 0xe7, 0xff, 0x1, 0xc1, 0xff, 0x1f, 0x3,
    0x93, 0x9e, 0x3c, 0x7, 0x77, 0x3c, 0x79, 0xff,
    0xfe, 0x78, 0xf3, 0xff, 0xfc, 0xfd, 0xc0, 0x1e,
    0x39, 0xef, 0x80, 0x38, 0x7f, 0xdf, 0xf, 0x70,
    0xe7, 0x9e, 0x1c, 0xe9, 0xcf, 0x3c, 0x39, 0xfb,
    0x9e, 0x7c, 0x73, 0xff, 0x3c, 0xf8, 0xe7, 0xe,
    0x79, 0xf9, 0xce, 0x1f, 0xf3, 0xf3, 0x9d, 0xfd,
    0xef, 0xe7, 0x39, 0xe3, 0xd9, 0xce, 0x73, 0x87,
    0xb3, 0x1a, 0xe0, 0xf, 0xc0, 0x77, 0xc0, 0x1d,
    0x0, 0xc7, 0xc0, 0x0, 0x1, 0x87, 0xff, 0xff,
    0xfa, 0x3, 0xff, 0xff, 0xe4, 0x0, 0xff, 0xff,
    0x90, 0x0, 0x0, 0x0, 0x0,

    /* U+8DB3 "足" */
    0x4, 0x0, 0x3, 0x0, 0x1f, 0xff, 0xfe, 0x0,
    0x7f, 0xff, 0xfc, 0x1, 0xe0, 0x1, 0xe0, 0x7,
    0x80, 0x7, 0x80, 0x1e, 0x0, 0x1e, 0x0, 0x78,
    0x0, 0x78, 0x1, 0xe0, 0x1, 0xe0, 0x7, 0x80,
    0x7, 0x80, 0x1f, 0xff, 0xfe, 0x0, 0x78, 0x78,
    0x78, 0x1, 0xe1, 0xe1, 0xc0, 0x6, 0x7, 0x80,
    0x0, 0x0, 0x1e, 0x0, 0x0, 0x78, 0x78, 0x18,
    0x1, 0xf9, 0xe0, 0xf0, 0x7, 0xc7, 0x83, 0xe0,
    0x1e, 0x1f, 0xff, 0xc0, 0x78, 0x78, 0x0, 0x1,
    0xe1, 0xe0, 0x0, 0x7, 0x87, 0x80, 0x0, 0x3d,
    0x1e, 0x0, 0x0, 0xe7, 0x78, 0x0, 0x3, 0x8f,
    0xe0, 0x0, 0x1c, 0x1f, 0xff, 0xfc, 0x60, 0x3f,
    0xff, 0xe3, 0x0, 0x7f, 0xff, 0x18, 0x0, 0x3f,
    0xfc, 0x80, 0x0, 0x0, 0x0,

    /* U+8DEF "路" */
    0x0, 0x0, 0x38, 0x0, 0x38, 0x70, 0x3e, 0x0,
    0x38, 0x7c, 0x7c, 0x40, 0x3f, 0xfc, 0x78, 0x60,
    0x38, 0x78, 0x7f, 0xf0, 0x38, 0x78, 0xff, 0xf8,
    0x38, 0x78, 0xf0, 0xf0, 0x38, 0x78, 0xe0, 0xf0,
    0x38, 0x79, 0xf1, 0xe0, 0x38, 0x79, 0x9b, 0xc0,
    0x3f, 0xfb, 0x1f, 0xc0, 0x3b, 0xf4, 0xf, 0x80,
    0x3, 0xc0, 0xf, 0x80, 0x3, 0xc0, 0x1f, 0xf0,
    0x3b, 0xd8, 0x3f, 0xff, 0x3b, 0xdc, 0x71, 0xfc,
    0x3b, 0xfe, 0xe0, 0xf8, 0x3b, 0xc3, 0x80, 0x78,
    0x3b, 0xcf, 0x80, 0xf8, 0x3b, 0xc3, 0xff, 0xf8,
    0x3b, 0xc3, 0xc0, 0xf0, 0x3b, 0xc3, 0xc0, 0xf0,
    0x3b, 0xc3, 0xc0, 0xf0, 0x3b, 0xcf, 0xc0, 0xf0,
    0x3b, 0xf3, 0xc0, 0xf0, 0x3f, 0xc3, 0xc0, 0xf0,
    0x7f, 0x3, 0xc0, 0xf0, 0x7c, 0x3, 0xff, 0xf0,
    0x70, 0x3, 0xc0, 0xf0, 0x20, 0x3, 0xc0, 0xf0,

    /* U+8EAB "身" */
    0x0, 0xf, 0xc0, 0x0, 0x0, 0x3e, 0x0, 0x0,
    0x60, 0xf0, 0xc0, 0x1, 0xff, 0xff, 0x80, 0x7,
    0xff, 0xff, 0x0, 0x1e, 0x0, 0x78, 0x0, 0x78,
    0x1, 0xe0, 0x1, 0xff, 0xff, 0x80, 0x7, 0x80,
    0x1e, 0x40, 0x1e, 0x0, 0x79, 0x80, 0x78, 0x1,
    0xef, 0x81, 0xe0, 0x7, 0xff, 0x7, 0xff, 0xff,
    0xf0, 0x1e, 0x0, 0x7f, 0x80, 0x78, 0x1, 0xfc,
    0x1, 0xe0, 0x7, 0xe0, 0x7, 0x80, 0x7f, 0x0,
    0x1f, 0xff, 0xf8, 0xf, 0xff, 0xef, 0xe0, 0x1f,
    0xfc, 0x7f, 0x80, 0x7f, 0x3, 0xfe, 0x0, 0xe0,
    0x3e, 0x78, 0x2, 0x1, 0xf1, 0xe0, 0x0, 0x1f,
    0x7, 0x80, 0x1, 0xf0, 0x1e, 0x0, 0xf, 0xf,
    0xf8, 0x1, 0xe0, 0x7, 0xe0, 0x1c, 0x0, 0x1f,
    0x80, 0x0, 0x0, 0x38, 0x0,

    /* U+8ECA "車" */
    0x0, 0x7, 0xc0, 0x0, 0x0, 0xf, 0x0, 0x80,
    0x0, 0x1e, 0x3, 0x80, 0x0, 0x3c, 0xf, 0xc7,
    0xff, 0xff, 0xff, 0xc0, 0x0, 0xf0, 0x0, 0x0,
    0x1, 0xe0, 0x0, 0xe, 0x3, 0xc0, 0xc0, 0x1f,
    0xff, 0xff, 0xc0, 0x3f, 0xff, 0xff, 0xe0, 0x7c,
    0x1e, 0xf, 0x80, 0xf8, 0x3c, 0x1f, 0x1, 0xf0,
    0x78, 0x3e, 0x3, 0xff, 0xff, 0xfc, 0x7, 0xc1,
    0xe0, 0xf8, 0xf, 0x83, 0xc1, 0xf0, 0x1f, 0x7,
    0x83, 0xe0, 0x3e, 0xf, 0x7, 0xc0, 0x7f, 0xff,
    0xff, 0x80, 0xf8, 0x3c, 0x1e, 0x1, 0xe0, 0x78,
    0x2, 0x2, 0x0, 0xf0, 0xe, 0x0, 0x1, 0xe0,
    0x3e, 0x7f, 0xff, 0xff, 0xff, 0x0, 0x7, 0x80,
    0x0, 0x0, 0xf, 0x0, 0x0, 0x0, 0x1e, 0x0,
    0x0, 0x0, 0x3c, 0x0, 0x0, 0x0, 0x78, 0x0,
    0x0, 0x0, 0xe0, 0x0, 0x0,

    /* U+8EE2 "転" */
    0x2, 0x0, 0x0, 0x0, 0x7, 0x80, 0x0, 0x40,
    0xf, 0x0, 0x0, 0xc0, 0x1e, 0x60, 0x3, 0xc0,
    0x3d, 0xe7, 0xff, 0xcf, 0xff, 0xe0, 0x0, 0x0,
    0xf0, 0x0, 0x0, 0x1, 0xe4, 0x0, 0x0, 0x63,
    0xcc, 0x0, 0x0, 0xf7, 0xbc, 0x0, 0x1, 0xff,
    0xfc, 0x0, 0x3, 0xde, 0xf0, 0x1, 0xc7, 0xbd,
    0xe0, 0x3, 0xcf, 0x7b, 0xdf, 0xff, 0xdf, 0xff,
    0x87, 0xc0, 0x3d, 0xef, 0xf, 0x80, 0x7b, 0xde,
    0x1e, 0x0, 0xf7, 0xbc, 0x3c, 0x1, 0xef, 0x78,
    0x70, 0x3, 0xff, 0xf0, 0xe0, 0x7, 0xbd, 0xc3,
    0xcc, 0x0, 0x78, 0x87, 0xc, 0x0, 0xf3, 0xcc,
    0x1c, 0x3f, 0xff, 0xd8, 0x1c, 0x3, 0xc0, 0x20,
    0x3c, 0x7, 0x80, 0x40, 0x78, 0xf, 0xf, 0xff,
    0xf8, 0x1e, 0x1f, 0xf8, 0xf0, 0x3c, 0x1f, 0xc1,
    0xe0, 0x78, 0x3c, 0x3, 0xc0, 0xe0, 0x20, 0x3,
    0x0,

    /* U+8EFD "軽" */
    0x3, 0xe0, 0x0, 0x60, 0x7, 0x83, 0xff, 0xe0,
    0xf, 0x77, 0xff, 0xe7, 0xff, 0xfa, 0xf, 0x80,
    0x3c, 0x4, 0x1f, 0x8, 0x79, 0xc, 0x3c, 0x1e,
    0xf7, 0xc, 0xf8, 0x3f, 0xff, 0x1f, 0xe0, 0x7f,
    0xff, 0x1f, 0x80, 0xf7, 0xbc, 0x1f, 0x81, 0xef,
    0x78, 0x7f, 0xf3, 0xde, 0xf1, 0xdf, 0xc7, 0xff,
    0xe6, 0x1f, 0xf, 0x7b, 0xf0, 0xe, 0x1e, 0xf7,
    0x87, 0xc0, 0x3d, 0xef, 0xf, 0x0, 0x7b, 0xde,
    0x1e, 0x20, 0xff, 0xfc, 0x3c, 0xe1, 0xef, 0x60,
    0x7b, 0xe0, 0x1e, 0x2f, 0xff, 0xc0, 0x3d, 0xe1,
    0xe0, 0x1f, 0xff, 0xe3, 0xc0, 0x0, 0xf0, 0x7,
    0x80, 0x1, 0xe0, 0xf, 0x0, 0x3, 0xc0, 0x1e,
    0x0, 0x7, 0x80, 0x3c, 0x60, 0xf, 0x0, 0x79,
    0xe0, 0x1e, 0x7f, 0xff, 0xe0, 0x3c, 0xff, 0xff,
    0xe0,

    /* U+8F09 "載" */
    0x1, 0xe0, 0x38, 0x0, 0x7, 0x80, 0xf0, 0x0,
    0x1e, 0x63, 0xde, 0x0, 0x7b, 0xcf, 0x3c, 0x3f,
    0xff, 0xbc, 0xf0, 0x7, 0x80, 0xf1, 0xc0, 0x1e,
    0x3, 0xcf, 0x3f, 0xff, 0xff, 0xfe, 0xff, 0xff,
    0xff, 0xfc, 0x7, 0x80, 0xf0, 0x0, 0x1e, 0x63,
    0xc0, 0x0, 0x7b, 0xcf, 0x38, 0x7f, 0xff, 0xbc,
    0xf8, 0x7, 0x80, 0xf7, 0xc3, 0x1e, 0xe3, 0xde,
    0xf, 0xff, 0xcf, 0xf8, 0x39, 0xef, 0x1f, 0xe0,
    0xe7, 0xbc, 0x7f, 0x3, 0xff, 0xf1, 0xfc, 0xe,
    0x7b, 0xc7, 0xe0, 0x39, 0xef, 0xf, 0x84, 0xff,
    0xfc, 0x3e, 0x13, 0x9e, 0xe0, 0xf8, 0xc8, 0x79,
    0xe7, 0xf2, 0x7f, 0xff, 0xff, 0xf8, 0x7, 0x80,
    0xcf, 0xe0, 0x1e, 0x6, 0x1f, 0xc0, 0x78, 0x30,
    0x7f, 0x1, 0xe1, 0x0, 0x7c, 0x7, 0x18, 0x0,
    0xf0,

    /* U+8F2A "輪" */
    0x4, 0x0, 0x0, 0x0, 0xf, 0x80, 0x3e, 0x0,
    0x1c, 0x0, 0x78, 0x0, 0x39, 0x80, 0xe8, 0x0,
    0x73, 0xc3, 0xd8, 0x1f, 0xff, 0xc7, 0x18, 0x1,
    0xc0, 0x1c, 0x38, 0x3, 0x80, 0x38, 0x3c, 0x47,
    0x30, 0xe0, 0x7e, 0xee, 0x7b, 0x2, 0x79, 0xff,
    0xf4, 0xf, 0x63, 0xb9, 0xd3, 0xff, 0x87, 0x73,
    0xc0, 0x0, 0xe, 0xe7, 0x40, 0x2, 0x1f, 0xfe,
    0xe0, 0xe, 0x3b, 0x9d, 0xff, 0xfe, 0x77, 0x3b,
    0xdb, 0xb8, 0xee, 0x77, 0xb7, 0x71, 0xdc, 0xef,
    0x6e, 0xe3, 0xff, 0xde, 0xdd, 0xc7, 0x73, 0x3d,
    0xbb, 0x80, 0xe2, 0x7f, 0xff, 0x1, 0xcf, 0xf6,
    0xee, 0x7f, 0xff, 0xed, 0xdc, 0x7, 0x3, 0xdb,
    0xb8, 0xe, 0x7, 0xb7, 0x70, 0x1c, 0xf, 0x6e,
    0xe0, 0x38, 0x1e, 0xdf, 0xc0, 0x70, 0x3d, 0xbb,
    0x80, 0xe0, 0x7b, 0x77, 0x1, 0xc0, 0xe0, 0xc,
    0x0,

    /* U+8F38 "輸" */
    0x2, 0x0, 0x0, 0x0, 0x3, 0xc0, 0xf, 0x80,
    0x3, 0x80, 0x1f, 0x0, 0x3, 0x90, 0x1e, 0x80,
    0x3, 0xb8, 0x3c, 0xc0, 0x7f, 0xfc, 0x3c, 0xe0,
    0x3, 0x80, 0x78, 0x78, 0x3, 0x80, 0x70, 0x7e,
    0x73, 0xb0, 0xe1, 0xbe, 0x7f, 0xf9, 0xc3, 0xdc,
    0x7b, 0xbb, 0x7f, 0xec, 0x7b, 0xba, 0x0, 0x0,
    0x7b, 0xbc, 0x10, 0x18, 0x7b, 0xbf, 0xbb, 0x1c,
    0x7f, 0xff, 0xff, 0xdc, 0x7b, 0xbf, 0xbf, 0x9c,
    0x7b, 0xbf, 0xbf, 0x9c, 0x7b, 0xbf, 0xbf, 0x9c,
    0x7b, 0xbf, 0xff, 0x9c, 0x7f, 0xff, 0xbf, 0x9c,
    0x7b, 0xbf, 0xbf, 0x9c, 0x3, 0x97, 0xbf, 0x9c,
    0x3, 0x9f, 0xff, 0x9c, 0x3, 0xbf, 0xbf, 0x9c,
    0x7f, 0xff, 0xbf, 0x9c, 0x3, 0x87, 0xbf, 0x9c,
    0x3, 0x87, 0xbc, 0x1c, 0x3, 0x87, 0xbc, 0x1c,
    0x3, 0x87, 0xfc, 0xfc, 0x3, 0x87, 0xb8, 0x7c,
    0x3, 0x87, 0x30, 0x30,

    /* U+8F9B "辛" */
    0x0, 0x7, 0xc0, 0x0, 0x0, 0x1e, 0x0, 0x0,
    0x0, 0x78, 0x0, 0x0, 0x1, 0xe0, 0x60, 0x0,
    0x7, 0x83, 0xe0, 0xff, 0xff, 0xff, 0xc3, 0xff,
    0xff, 0xff, 0x0, 0x30, 0xf, 0xc0, 0x0, 0xf0,
    0x3e, 0x0, 0x3, 0xe0, 0xf0, 0x0, 0x7, 0x83,
    0x80, 0x0, 0x1e, 0x1c, 0x18, 0x0, 0x30, 0x60,
    0xf3, 0xff, 0xff, 0xff, 0xef, 0xff, 0xff, 0xff,
    0xc0, 0x1, 0xe0, 0x0, 0x0, 0x7, 0x80, 0x0,
    0x0, 0x1e, 0x0, 0x0, 0x0, 0x78, 0x1c, 0x0,
    0x1, 0xe0, 0xf8, 0x3f, 0xff, 0xff, 0xf0, 0x0,
    0x1e, 0x0, 0x0, 0x0, 0x78, 0x0, 0x0, 0x1,
    0xe0, 0x0, 0x0, 0x7, 0x80, 0x0, 0x0, 0x1e,
    0x0, 0x0, 0x0, 0x78, 0x0, 0x0, 0x1, 0xe0,
    0x0, 0x0, 0x7, 0x80, 0x0, 0x0, 0x1c, 0x0,
    0x0,

    /* U+8F9E "辞" */
    0x0, 0x20, 0x1c, 0x0, 0x3, 0xc0, 0x7c, 0x0,
    0x1f, 0x81, 0xe0, 0x1, 0xff, 0x87, 0x98, 0xf,
    0xf0, 0x1e, 0x70, 0xfe, 0x1f, 0xff, 0xec, 0x78,
    0x7f, 0xff, 0x81, 0xe0, 0x60, 0x78, 0x7, 0x80,
    0xe1, 0xf0, 0x1e, 0x63, 0x87, 0x0, 0x7b, 0xcf,
    0x3c, 0x3f, 0xff, 0xbc, 0xe0, 0x7, 0x80, 0xf3,
    0x38, 0x1e, 0x0, 0x1, 0xf0, 0x78, 0x7f, 0xff,
    0xc1, 0xe0, 0x7, 0x80, 0x47, 0xb0, 0x1e, 0x1,
    0xff, 0xe0, 0x78, 0x7, 0xff, 0xc1, 0xe3, 0x1e,
    0x1f, 0x7, 0x9e, 0x78, 0x7f, 0xff, 0xfd, 0xe1,
    0xf0, 0x78, 0x7, 0x87, 0xc1, 0xe0, 0x1e, 0x1f,
    0x7, 0x80, 0x78, 0x7c, 0x1e, 0x1, 0xe1, 0xf0,
    0x78, 0x7, 0x87, 0xc1, 0xe0, 0x1f, 0xff, 0x7,
    0x80, 0x78, 0x7c, 0x1e, 0x1, 0xe1, 0xe0, 0x78,
    0x7, 0x0, 0x1, 0xe0, 0x0,

    /* U+8FB2 "農" */
    0x0, 0x1e, 0xf8, 0x0, 0x10, 0x39, 0xe1, 0x0,
    0x3f, 0xff, 0xff, 0x0, 0x7f, 0xff, 0xff, 0x80,
    0xf9, 0xcf, 0x1e, 0x1, 0xf3, 0x9e, 0x3c, 0x3,
    0xff, 0xff, 0xf8, 0x7, 0xce, 0x78, 0xf0, 0xf,
    0x9c, 0xf1, 0xe0, 0x1f, 0x39, 0xe3, 0xc0, 0x3f,
    0xff, 0xff, 0x80, 0x7f, 0xff, 0xff, 0x1, 0xf0,
    0x0, 0x17, 0x3, 0xff, 0xff, 0xff, 0x7, 0xff,
    0xff, 0xfe, 0xf, 0x80, 0x0, 0xe0, 0x1f, 0x7f,
    0xff, 0xe0, 0x3e, 0x0, 0x0, 0x40, 0x7c, 0x0,
    0x1, 0xe0, 0xff, 0xff, 0xff, 0xe1, 0xf3, 0xc4,
    0x1c, 0x3, 0xc7, 0x84, 0x3c, 0x7, 0x8f, 0xc,
    0xfc, 0xf, 0x1e, 0xf, 0x0, 0x3c, 0x3c, 0x5f,
    0x0, 0x77, 0xff, 0x1f, 0xf8, 0xcf, 0xf8, 0x1f,
    0xe3, 0xf, 0x80, 0x1f, 0x8c, 0x1c, 0x0, 0xf,
    0x0, 0x0, 0x0, 0x2, 0x0,

    /* U+8FBA "辺" */
    0x38, 0x0, 0x0, 0x60, 0x78, 0xff, 0xff, 0xc1,
    0xf3, 0xff, 0xff, 0x83, 0xc0, 0x7c, 0x3e, 0xf,
    0x1, 0xf0, 0xf0, 0x3c, 0x7, 0xc3, 0xc0, 0x60,
    0x1f, 0xf, 0x0, 0x0, 0x7c, 0x3c, 0x0, 0x1,
    0xe0, 0xf0, 0x0, 0x7, 0x83, 0xc0, 0x40, 0x1e,
    0xf, 0x1, 0x80, 0xf8, 0x3c, 0xf, 0x3, 0xc0,
    0xf3, 0xfe, 0xf, 0x3, 0xc0, 0xf0, 0x38, 0xf,
    0x3, 0xc1, 0xe0, 0x3c, 0xf, 0x7, 0x1, 0xf0,
    0x3c, 0x3c, 0x7, 0xc0, 0xf0, 0xe0, 0x1e, 0x3,
    0xc7, 0xf, 0xf8, 0xf, 0x18, 0x7, 0xe0, 0x3c,
    0x80, 0x1f, 0x0, 0xf4, 0x0, 0x70, 0xf, 0xb0,
    0x0, 0x0, 0xfc, 0x7f, 0xff, 0xff, 0xe1, 0xff,
    0xff, 0xc7, 0x1, 0xff, 0xff, 0x18, 0x1, 0xff,
    0xf8, 0x0, 0x0, 0x0, 0x0,

    /* U+8FBC "込" */
    0x40, 0x0, 0x20, 0x0, 0xe0, 0x3f, 0xe0, 0x3,
    0xe0, 0xff, 0x80, 0x7, 0xc0, 0x8, 0x0, 0xf,
    0x0, 0x20, 0x0, 0x3c, 0x0, 0x80, 0x0, 0xe0,
    0x2, 0x0, 0x0, 0x0, 0x1c, 0x0, 0x0, 0x0,
    0x70, 0x0, 0x0, 0x1, 0xe0, 0x0, 0x40, 0xf,
    0x80, 0x1, 0x80, 0x3f, 0x0, 0xf, 0x0, 0xfc,
    0x3, 0xfe, 0x7, 0xf8, 0x0, 0xf0, 0x1e, 0xf0,
    0x3, 0xc0, 0xf3, 0xe0, 0xf, 0x3, 0x87, 0xc0,
    0x3c, 0x1c, 0x1f, 0xc0, 0xf0, 0xe0, 0x3f, 0xc3,
    0xc7, 0x0, 0x7e, 0xf, 0x38, 0x1, 0xf0, 0x3d,
    0x80, 0x3, 0x80, 0xe8, 0x0, 0x2, 0xf, 0xb8,
    0x0, 0x0, 0xfc, 0x7f, 0xff, 0xff, 0xe0, 0xff,
    0xff, 0xe7, 0x1, 0xff, 0xff, 0x18, 0x1, 0xff,
    0xfc, 0x0, 0x0, 0x0, 0x0,

    /* U+8FD1 "近" */
    0x0, 0x0, 0x0, 0x80, 0xc0, 0x0, 0x7, 0x80,
    0xf0, 0x0, 0x7f, 0x81, 0xf0, 0x63, 0xff, 0x81,
    0xf0, 0xff, 0xf0, 0x3, 0xe1, 0xe0, 0x0, 0x3,
    0xc3, 0xc0, 0x0, 0x7, 0x7, 0x80, 0x0, 0x0,
    0xf, 0x0, 0x20, 0x0, 0x1e, 0x0, 0xf0, 0x0,
    0x3c, 0x3, 0xf0, 0x0, 0x7f, 0xff, 0xe0, 0x40,
    0xf0, 0x78, 0x1, 0xc1, 0xe0, 0xf0, 0x3, 0xc3,
    0xc1, 0xe0, 0x7f, 0xc7, 0x83, 0xc0, 0xf, 0xe,
    0x7, 0x80, 0x1e, 0x1c, 0xf, 0x0, 0x3c, 0x38,
    0x1e, 0x0, 0x78, 0xe0, 0x3c, 0x0, 0xf1, 0xc0,
    0x78, 0x1, 0xe3, 0x0, 0xf0, 0x3, 0xce, 0x1,
    0xe0, 0x7, 0x98, 0x3, 0xc0, 0xe, 0xc0, 0x7,
    0x80, 0x7d, 0xc0, 0x0, 0x3, 0xf1, 0xff, 0xff,
    0xf7, 0xc1, 0xff, 0xff, 0xc7, 0x1, 0xff, 0xff,
    0xc, 0x0, 0xff, 0xfe, 0x0, 0x0, 0x0, 0x0,
    0x0,

    /* U+8FD4 "返" */
    0x0, 0x0, 0x0, 0x0, 0x0, 0x0, 0x0, 0xe1,
    0x80, 0x0, 0x3, 0xe1, 0xe0, 0x7f, 0xff, 0xe1,
    0xe0, 0xff, 0xff, 0xc3, 0xe1, 0xe0, 0x0, 0x3,
    0xc3, 0xc0, 0x0, 0x7, 0x87, 0x80, 0x0, 0xf,
    0xf, 0x0, 0x40, 0x0, 0x1f, 0xff, 0xc0, 0x0,
    0x3f, 0xff, 0xe0, 0x0, 0x78, 0xf, 0x80, 0x40,
    0xf0, 0x1f, 0x0, 0xc1, 0xe0, 0x3c, 0x3, 0xc3,
    0xf8, 0xf8, 0x7f, 0xc7, 0x1f, 0xe0, 0xf, 0xe,
    0x1f, 0xc0, 0x1e, 0x3c, 0x1f, 0x0, 0x3c, 0x70,
    0x3f, 0x0, 0x78, 0xe0, 0xff, 0x0, 0xf1, 0x83,
    0xdf, 0x1, 0xe6, 0xe, 0x3e, 0x3, 0xc8, 0x70,
    0x3c, 0x7, 0xa1, 0x80, 0x38, 0xe, 0x84, 0x0,
    0x20, 0x7d, 0xc0, 0x0, 0x3, 0xf1, 0xff, 0xff,
    0xfb, 0xc1, 0xff, 0xff, 0xc7, 0x1, 0xff, 0xff,
    0x84, 0x0, 0xff, 0xfe, 0x8, 0x0, 0x0, 0x0,
    0x0,

    /* U+8FEB "迫" */
    0x0, 0x0, 0x0, 0x0, 0x0, 0x1, 0xe0, 0x3,
    0x80, 0x7, 0xe0, 0x7, 0x80, 0x1e, 0x0, 0x1f,
    0x10, 0x70, 0x40, 0x3c, 0x7f, 0xff, 0xc0, 0xf1,
    0xff, 0xff, 0x83, 0xc7, 0x80, 0x3c, 0x0, 0x1e,
    0x0, 0xf0, 0x0, 0x78, 0x3, 0xc0, 0x1, 0xe0,
    0xf, 0x0, 0x7, 0x80, 0x3c, 0x6, 0x1e, 0x0,
    0xf0, 0x3c, 0x7f, 0xff, 0xcf, 0xf9, 0xe0, 0xf,
    0x3, 0xc7, 0x80, 0x3c, 0xf, 0x1e, 0x0, 0xf0,
    0x3c, 0x78, 0x3, 0xc0, 0xf1, 0xe0, 0xf, 0x3,
    0xc7, 0x80, 0x3c, 0xf, 0x1e, 0x0, 0xf0, 0x3c,
    0x7f, 0xff, 0xc0, 0xf1, 0xe0, 0xf, 0x3, 0xc7,
    0x0, 0x38, 0x3e, 0xc0, 0x0, 0x3, 0xf1, 0xff,
    0xff, 0xf7, 0x87, 0xff, 0xff, 0x9c, 0x7, 0xff,
    0xfc, 0x20, 0x7, 0xff, 0xf0, 0x80, 0x0, 0x0,
    0x0,

    /* U+8FFD "追" */
    0x0, 0x0, 0xe0, 0x1, 0x80, 0x3, 0xf8, 0x3,
    0xc0, 0xf, 0x80, 0x7, 0x84, 0x3c, 0x20, 0x1f,
    0x1f, 0xff, 0xc0, 0x3c, 0x7f, 0xff, 0xc0, 0xf1,
    0xe0, 0x1e, 0x3, 0xc7, 0x80, 0x78, 0x0, 0x1e,
    0x1, 0xe0, 0x0, 0x78, 0x7, 0x80, 0x1, 0xff,
    0xfe, 0x1, 0x7, 0x80, 0x78, 0xe, 0x1e, 0x0,
    0x0, 0x3c, 0x78, 0x3, 0xf, 0xf9, 0xff, 0xfe,
    0x3, 0xc7, 0xff, 0xfe, 0xf, 0x1e, 0x0, 0xf0,
    0x3c, 0x78, 0x3, 0xc0, 0xf1, 0xe0, 0xf, 0x3,
    0xc7, 0x80, 0x3c, 0xf, 0x1e, 0x0, 0xf0, 0x3c,
    0x7f, 0xff, 0xc0, 0xf1, 0xe0, 0xf, 0x3, 0xe7,
    0x80, 0x38, 0x3e, 0xf8, 0x0, 0x3, 0xf1, 0xff,
    0xff, 0xf7, 0x87, 0xff, 0xff, 0x9c, 0x7, 0xff,
    0xfc, 0x20, 0x7, 0xff, 0xf0, 0x80, 0x0, 0x0,
    0x0,

    /* U+9000 "退" */
    0x0, 0x8, 0x0, 0x80, 0x70, 0x1f, 0xff, 0xc0,
    0x78, 0x3f, 0xff, 0xc0, 0xf8, 0x78, 0xf, 0x0,
    0xf0, 0xf0, 0x1e, 0x1, 0xf1, 0xe0, 0x3c, 0x1,
    0xe3, 0xff, 0xf8, 0x3, 0x87, 0x80, 0xf0, 0x0,
    0xf, 0x1, 0xe0, 0x0, 0x1e, 0x3, 0xc0, 0x10,
    0x3c, 0x7, 0x80, 0x78, 0x7f, 0xff, 0xf, 0xf8,
    0xf0, 0x13, 0x1, 0xe1, 0xe0, 0xf, 0x3, 0xc3,
    0xde, 0x3f, 0x7, 0x87, 0x8f, 0x70, 0xf, 0xf,
    0xf, 0x80, 0x1e, 0x1e, 0x1f, 0x80, 0x3c, 0x3f,
    0xef, 0x80, 0x7b, 0xff, 0xf, 0x80, 0xf3, 0xf8,
    0xf, 0x1, 0xe7, 0xc0, 0x1e, 0x3, 0xa6, 0x0,
    0x1c, 0x1f, 0x70, 0x0, 0x0, 0xfc, 0x7f, 0xff,
    0xfc, 0xf0, 0x7f, 0xff, 0xf1, 0xc0, 0x7f, 0xff,
    0xc1, 0x0, 0x3f, 0xff, 0x82, 0x0, 0x0, 0x0,
    0x0,

    /* U+9001 "送" */
    0x0, 0xe, 0x3, 0x80, 0x70, 0xf, 0x7, 0xe0,
    0x78, 0x1f, 0xf, 0x0, 0xf8, 0x1e, 0x3c, 0x0,
    0xf0, 0x3c, 0x70, 0x1, 0xe0, 0x70, 0xc6, 0x3,
    0xc0, 0x1, 0x1e, 0x0, 0x1f, 0xff, 0xfe, 0x0,
    0x0, 0x7c, 0x0, 0x0, 0x0, 0xf8, 0x0, 0x0,
    0x1, 0xf0, 0x0, 0x20, 0x3, 0xe1, 0x80, 0x60,
    0x7, 0xc7, 0x81, 0xef, 0xff, 0xff, 0xff, 0xe0,
    0x1e, 0x0, 0x7, 0x80, 0x3c, 0x0, 0xf, 0x0,
    0xf8, 0x0, 0x1e, 0x1, 0xfe, 0x0, 0x3c, 0x7,
    0xdf, 0x0, 0x78, 0xf, 0x1f, 0x80, 0xf0, 0x3c,
    0x1f, 0x1, 0xe0, 0xe0, 0x1f, 0x3, 0xc3, 0x0,
    0x1e, 0x7, 0x58, 0x0, 0x3c, 0x3e, 0xe0, 0x0,
    0x1, 0xf8, 0xff, 0xff, 0xf9, 0xe0, 0xff, 0xff,
    0xe3, 0x80, 0xff, 0xff, 0xc2, 0x0, 0x7f, 0xff,
    0x4, 0x0, 0x0, 0x0, 0x0,

    /* U+9003 "逃" */
    0x0, 0x3, 0xef, 0x80, 0x70, 0x7, 0x9e, 0x0,
    0x78, 0xf, 0x3c, 0x0, 0xfa, 0x1e, 0x79, 0xc0,
    0xf7, 0x3c, 0xf7, 0xe1, 0xe7, 0x79, 0xef, 0x3,
    0xcf, 0xf3, 0xde, 0x0, 0x1f, 0xe7, 0xb0, 0x0,
    0x3f, 0xcf, 0x40, 0x0, 0x77, 0x9f, 0x0, 0x0,
    0xf, 0x3c, 0x0, 0x20, 0x1e, 0x7e, 0x0, 0xf0,
    0xfc, 0xf7, 0x9f, 0xf7, 0xf9, 0xef, 0x83, 0xfe,
    0xf3, 0xcf, 0x7, 0xf9, 0xc7, 0x8e, 0xf, 0x77,
    0x8f, 0x1c, 0x1e, 0xcf, 0x1e, 0x8, 0x3c, 0x9c,
    0x3c, 0x10, 0x78, 0x70, 0x78, 0x60, 0xf0, 0xe0,
    0xff, 0xe1, 0xe3, 0x81, 0xff, 0xc3, 0xcc, 0x1,
    0xff, 0x7, 0x60, 0x0, 0x0, 0x3c, 0x60, 0x0,
    0x0, 0xf0, 0xff, 0xff, 0xf9, 0xc0, 0x7f, 0xff,
    0xe1, 0x0, 0x3f, 0xff, 0xc2, 0x0, 0x0, 0x0,
    0x0,

    /* U+901A "通" */
    0x0, 0x0, 0x0, 0xc0, 0x60, 0x7f, 0xff, 0xc0,
    0x70, 0xff, 0xff, 0xc0, 0xf0, 0x0, 0x1f, 0xc0,
    0xf0, 0x40, 0x7c, 0x1, 0xe0, 0x3f, 0xc0, 0x3,
    0xc0, 0x3f, 0x0, 0x3, 0x18, 0x1e, 0x30, 0x0,
    0x3f, 0xff, 0xf0, 0x0, 0x7f, 0xff, 0xf0, 0x0,
    0xf1, 0xe3, 0xc0, 0x1, 0xe3, 0xc7, 0x80, 0x63,
    0xc7, 0x8f, 0x1, 0xe7, 0xff, 0xfe, 0x3f, 0xef,
    0x1e, 0x3c, 0x7, 0x9e, 0x3c, 0x78, 0xf, 0x3c,
    0x78, 0xf0, 0x1e, 0x7f, 0xff, 0xe0, 0x3c, 0xf1,
    0xe3, 0xc0, 0x79, 0xe3, 0xc7, 0x80, 0xf3, 0xc7,
    0x8f, 0x1, 0xe7, 0x8f, 0x7e, 0x3, 0xcf, 0x1e,
    0x7c, 0x7, 0x9e, 0x3c, 0x78, 0xe, 0xb8, 0x0,
    0xe0, 0x78, 0xc0, 0x0, 0x1, 0xe1, 0xff, 0xff,
    0xf3, 0x80, 0xff, 0xff, 0x82, 0x0, 0x7f, 0xff,
    0x4, 0x0, 0x0, 0x0, 0x0,

    /* U+901F "速" */
    0x0, 0x0, 0x7c, 0x0, 0xe0, 0x0, 0xf0, 0x0,
    0xf0, 0x1, 0xe1, 0x80, 0xf0, 0x3, 0xc7, 0xc1,
    0xf7, 0xff, 0xff, 0xc1, 0xe0, 0xf, 0x0, 0x3,
    0xc0, 0x1e, 0x10, 0x3, 0x1f, 0xff, 0xf8, 0x0,
    0x3f, 0xff, 0xf8, 0x0, 0x78, 0xf1, 0xe0, 0x0,
    0xf1, 0xe3, 0xc0, 0x21, 0xe3, 0xc7, 0x80, 0x63,
    0xc7, 0x8f, 0x1, 0xe7, 0xff, 0xfe, 0x3f, 0xef,
    0x3e, 0x3c, 0x7, 0x9c, 0xfc, 0x0, 0xf, 0x3,
    0xff, 0xc0, 0x1e, 0x7, 0xf3, 0xe0, 0x3c, 0x1f,
    0xe7, 0xe0, 0x78, 0x7b, 0xc7, 0xc0, 0xf1, 0xc7,
    0x87, 0x81, 0xe6, 0xf, 0x7, 0x3, 0xf0, 0x1e,
    0x0, 0x7, 0xc0, 0x3c, 0x0, 0x3e, 0xe0, 0x70,
    0x1, 0xf8, 0xff, 0xff, 0xf9, 0xe0, 0xff, 0xff,
    0xe3, 0x80, 0xff, 0xff, 0x82, 0x0, 0x7f, 0xff,
    0x4, 0x0, 0x0, 0x0, 0x0,

    /* U+9020 "造" */
    0x0, 0x0, 0x40, 0x0, 0x0, 0x18, 0xf8, 0x0,
    0xe0, 0x3f, 0xe0, 0x0, 0xf0, 0xfb, 0xc0, 0x1,
    0xf1, 0xf7, 0x86, 0x1, 0xe3, 0xcf, 0xf, 0x3,
    0xc7, 0xff, 0xff, 0x7, 0x8e, 0x3c, 0x0, 0x0,
    0x38, 0x78, 0x0, 0x0, 0x60, 0xf0, 0x40, 0x0,
    0x81, 0xe0, 0xc0, 0x0, 0x3, 0xc3, 0xc0, 0x7,
    0xff, 0xff, 0xc0, 0x80, 0x0, 0x0, 0x3, 0xc4,
    0x0, 0x10, 0x7f, 0xcf, 0x0, 0x78, 0xf, 0x1f,
    0xff, 0xf8, 0x1e, 0x3e, 0x1, 0xe0, 0x3c, 0x7c,
    0x3, 0xc0, 0x78, 0xf8, 0x7, 0x80, 0xf1, 0xf0,
    0xf, 0x1, 0xe3, 0xe0, 0x1e, 0x3, 0xc7, 0xff,
    0xfc, 0x7, 0x8f, 0x80, 0x78, 0xf, 0x9f, 0x0,
    0xe0, 0x7d, 0xfc, 0x0, 0x3, 0xf1, 0xff, 0xff,
    0xf3, 0xc3, 0xff, 0xff, 0xc7, 0x1, 0xff, 0xff,
    0x4, 0x0, 0xff, 0xfe, 0x8, 0x0, 0x0, 0x0,
    0x0,

    /* U+9023 "連" */
    0x0, 0x0, 0x7c, 0x0, 0xe0, 0x0, 0xf0, 0x40,
    0xf0, 0x1, 0xe0, 0xc1, 0xf0, 0x3, 0xc3, 0xc1,
    0xe7, 0xff, 0xff, 0xc3, 0xe0, 0xf, 0x0, 0x3,
    0x8c, 0x1e, 0x18, 0x7, 0x1f, 0xff, 0xf8, 0x0,
    0x3f, 0xff, 0xf8, 0x0, 0x78, 0xf1, 0xe0, 0x0,
    0xf1, 0xe3, 0xc0, 0x1, 0xe3, 0xc7, 0x80, 0x63,
    0xff, 0xff, 0x1, 0xe7, 0x8f, 0x1e, 0x3f, 0xef,
    0x1e, 0x3c, 0x7, 0x9e, 0x3c, 0x78, 0xf, 0x3f,
    0xff, 0xf0, 0x1e, 0x78, 0xf1, 0xe0, 0x3c, 0xe1,
    0xe0, 0x40, 0x79, 0x3, 0xc1, 0xc0, 0xf0, 0x7,
    0x87, 0xc1, 0xef, 0xff, 0xff, 0xc3, 0xc0, 0x1e,
    0x0, 0x7, 0x80, 0x3c, 0x0, 0xe, 0x80, 0x78,
    0x0, 0x79, 0xc0, 0x80, 0x1, 0xe1, 0xff, 0xff,
    0xf3, 0x81, 0xff, 0xff, 0xc2, 0x0, 0x7f, 0xff,
    0x84, 0x0, 0x0, 0x0, 0x0,

    /* U+902E "逮" */
    0x0, 0x0, 0x40, 0x0, 0x80, 0x0, 0xf8, 0x0,
    0xe0, 0x1, 0xe2, 0x0, 0xf0, 0xff, 0xfe, 0x1,
    0xf1, 0xff, 0xff, 0x1, 0xe0, 0xf, 0x3d, 0x3,
    0xc0, 0x1e, 0x7f, 0x7, 0x7f, 0xff, 0xff, 0x0,
    0x0, 0x79, 0xe0, 0x0, 0x0, 0xf3, 0xc0, 0x0,
    0x1, 0xe7, 0x80, 0x1, 0xff, 0xff, 0x0, 0x60,
    0x7, 0x9e, 0x1, 0xe7, 0xf, 0x1c, 0x3f, 0xe7,
    0x9e, 0x7c, 0x7, 0x8f, 0x3c, 0xf0, 0xf, 0xe,
    0x7b, 0x80, 0x1e, 0xc, 0xfc, 0x0, 0x3c, 0xf,
    0xef, 0x80, 0x78, 0xfb, 0xcf, 0x80, 0xff, 0xe7,
    0x8f, 0x81, 0xef, 0xf, 0xf, 0x3, 0xdc, 0xfe,
    0xe, 0x7, 0x90, 0x7c, 0x1c, 0xe, 0x80, 0xf0,
    0x0, 0x79, 0xc1, 0x80, 0x3, 0xe1, 0xff, 0xff,
    0xf3, 0x81, 0xff, 0xff, 0x82, 0x0, 0x7f, 0xff,
    0x4, 0x0, 0x0, 0x0, 0x0,

    /* U+9031 "週" */
    0x0, 0x0, 0x0, 0x20, 0x70, 0x7f, 0xff, 0xf0,
    0x70, 0xff, 0xff, 0xf0, 0xf9, 0xe1, 0xe3, 0xc0,
    0xf3, 0xc3, 0x87, 0x81, 0xe7, 0x87, 0x6f, 0x3,
    0xcf, 0x7f, 0xfe, 0x3, 0x1e, 0x1c, 0x3c, 0x0,
    0x3c, 0x38, 0x78, 0x0, 0x78, 0x76, 0xf0, 0x0,
    0xf7, 0xff, 0xe0, 0x21, 0xe0, 0x3, 0xc0, 0x63,
    0xd0, 0x7, 0x81, 0xe7, 0xb8, 0xcf, 0x1f, 0xef,
    0x7f, 0xfe, 0x7, 0x9e, 0xe3, 0xbc, 0xf, 0x3d,
    0xc7, 0x78, 0x1e, 0x73, 0x8e, 0xf0, 0x3c, 0xe7,
    0x1d, 0xe0, 0x79, 0xcf, 0xfb, 0xc0, 0xf7, 0x1c,
    0x67, 0x81, 0xee, 0x38, 0xdf, 0x3, 0xd8, 0x0,
    0x7e, 0x7, 0xa0, 0x0, 0x78, 0xe, 0x80, 0x0,
    0xe0, 0x78, 0xc0, 0x0, 0x1, 0xe1, 0xff, 0xff,
    0xfb, 0xc0, 0xff, 0xff, 0xc3, 0x0, 0x7f, 0xff,
    0x84, 0x0, 0x0, 0x0, 0x0,

    /* U+9032 "進" */
    0x0, 0xc, 0x0, 0x0, 0xc0, 0x3c, 0x7c, 0x3,
    0xc0, 0xf9, 0xe0, 0x7, 0x87, 0xc7, 0x0, 0x1f,
    0x1e, 0x38, 0xe0, 0x3c, 0x7f, 0xff, 0xc0, 0xf3,
    0xff, 0xff, 0x81, 0x8f, 0x8f, 0x0, 0x0, 0x7e,
    0x3c, 0x0, 0x1, 0xf8, 0xf3, 0x0, 0xd, 0xe3,
    0xcf, 0x0, 0x47, 0xff, 0xfe, 0x6, 0x1e, 0x3c,
    0x0, 0x3c, 0x78, 0xf0, 0xf, 0xf9, 0xe3, 0xcc,
    0x3, 0xc7, 0x8f, 0x3c, 0xf, 0x1f, 0xff, 0xf8,
    0x3c, 0x78, 0xf0, 0x0, 0xf1, 0xe3, 0xc0, 0x3,
    0xc7, 0x8f, 0x18, 0xf, 0x1e, 0x3c, 0xf0, 0x3c,
    0x7f, 0xff, 0xe0, 0xf1, 0xff, 0xff, 0x83, 0xc7,
    0x80, 0x0, 0xe, 0x98, 0x0, 0x0, 0xf1, 0x80,
    0x0, 0x7, 0x87, 0xff, 0xff, 0x9c, 0xf, 0xff,
    0xfc, 0x20, 0x7, 0xff, 0xf0, 0x80, 0x0, 0x0,
    0x0,

    /* U+9045 "遅" */
    0x0, 0x0, 0x0, 0x20, 0x60, 0x7f, 0xff, 0xf0,
    0x70, 0xff, 0xff, 0xf0, 0xf1, 0xe0, 0x3, 0xc0,
    0xf3, 0xc0, 0x7, 0x81, 0xe7, 0x80, 0xf, 0x3,
    0xcf, 0xff, 0xfe, 0x3, 0x1e, 0x81, 0xb0, 0x0,
    0x3c, 0xe3, 0xe0, 0x0, 0x79, 0xe7, 0x0, 0x0,
    0xf3, 0xcc, 0xc0, 0x21, 0xff, 0xff, 0xe0, 0xe3,
    0xff, 0xff, 0xc1, 0xe7, 0x83, 0xc4, 0x1f, 0xef,
    0x7, 0x9e, 0x7, 0x9d, 0xff, 0xfe, 0xf, 0x78,
    0x1e, 0x0, 0x1e, 0xf0, 0x3c, 0x20, 0x3d, 0xe0,
    0x78, 0xe0, 0x7b, 0x80, 0xf1, 0xe0, 0xf7, 0xff,
    0xff, 0xe1, 0xec, 0x3, 0xc0, 0x3, 0xf0, 0x7,
    0x80, 0x7, 0xc0, 0xf, 0x0, 0xe, 0x80, 0x1e,
    0x0, 0x78, 0xc0, 0x0, 0x1, 0xe1, 0xff, 0xff,
    0xfb, 0x81, 0xff, 0xff, 0xc2, 0x0, 0x7f, 0xff,
    0x84, 0x0, 0x0, 0x0, 0x0,

    /* U+904A "遊" */
    0x0, 0x20, 0x10, 0x2, 0x0, 0xf8, 0x7c, 0x7,
    0x3, 0xc1, 0xe0, 0x1f, 0xf, 0x7, 0x98, 0x3c,
    0x3d, 0x9c, 0x78, 0xf8, 0xf7, 0xff, 0xf1, 0xff,
    0xff, 0x80, 0x7, 0x3f, 0xfe, 0x0, 0x0, 0x78,
    0x30, 0x20, 0x1, 0xe1, 0xff, 0xc0, 0x7, 0x9d,
    0xff, 0x80, 0x1f, 0xf0, 0x3c, 0x0, 0x7f, 0xe0,
    0xe0, 0x21, 0xef, 0x6, 0x1, 0xc7, 0x3c, 0x7d,
    0x3f, 0xdc, 0xf1, 0xee, 0x1e, 0x73, 0xff, 0xfc,
    0x79, 0xcf, 0x1e, 0x1, 0xe6, 0x3c, 0x78, 0x7,
    0x98, 0xf1, 0xe0, 0x1e, 0xe3, 0xc7, 0x80, 0x7b,
    0x1f, 0x1e, 0x1, 0xe9, 0xf9, 0xf8, 0x7, 0xa1,
    0xe3, 0xe0, 0x1d, 0x7, 0xe, 0x0, 0x76, 0x0,
    0x0, 0x7, 0x8e, 0x0, 0x0, 0x3c, 0x1f, 0xff,
    0xff, 0xe0, 0x3f, 0xff, 0xf1, 0x80, 0x3f, 0xff,
    0xc0, 0x0, 0x0, 0x0, 0x0,

    /* U+904B "運" */
    0x0, 0x8, 0x0, 0x10, 0xc0, 0x3f, 0xff, 0xf0,
    0xe0, 0xff, 0xff, 0xf1, 0xf3, 0xc0, 0x3, 0xe1,
    0xef, 0x87, 0xc7, 0x3, 0xee, 0xf, 0x1c, 0x7,
    0xc0, 0x1e, 0x7c, 0x7, 0x3f, 0xff, 0xfc, 0x4,
    0x0, 0x78, 0x0, 0x0, 0x7f, 0xff, 0xc0, 0x0,
    0xff, 0xff, 0xc0, 0x21, 0xe3, 0xcf, 0x80, 0x63,
    0xc7, 0x9e, 0x1, 0xe7, 0x8f, 0x3c, 0x3f, 0xef,
    0xff, 0xf8, 0x7, 0x9e, 0x3c, 0xf0, 0xf, 0x3c,
    0x79, 0xe0, 0x1e, 0x7f, 0xff, 0xc0, 0x3c, 0xf1,
    0xe7, 0x80, 0x79, 0xc3, 0xc1, 0x80, 0xf0, 0x7,
    0x87, 0x81, 0xef, 0xff, 0xff, 0x83, 0xc0, 0x1e,
    0x0, 0x7, 0x80, 0x3c, 0x0, 0xe, 0x80, 0x78,
    0x0, 0x78, 0xc0, 0x0, 0x1, 0xe1, 0xff, 0xff,
    0xf3, 0x80, 0xff, 0xff, 0xc2, 0x0, 0x7f, 0xff,
    0x4, 0x0, 0x0, 0x0, 0x0,

    /* U+904E "過" */
    0x0, 0x0, 0x0, 0x80, 0x40, 0xc, 0x3, 0x80,
    0x70, 0x1f, 0xff, 0x80, 0xf8, 0x38, 0xe, 0x0,
    0xf0, 0x70, 0x1c, 0x1, 0xf0, 0xef, 0xf8, 0x1,
    0xe1, 0xdf, 0xf0, 0x3, 0x83, 0xbc, 0xe0, 0x0,
    0x7, 0x79, 0xc0, 0x0, 0xe, 0xf3, 0x80, 0x0,
    0xdd, 0xe7, 0x80, 0x1, 0xff, 0xff, 0x80, 0x63,
    0xff, 0xff, 0xc1, 0xe7, 0xa0, 0x4f, 0x3f, 0xef,
    0x7f, 0xde, 0x7, 0x9e, 0xe3, 0xbc, 0xf, 0x3d,
    0xc7, 0x78, 0x1e, 0x7b, 0x8e, 0xf0, 0x3c, 0xf7,
    0x1d, 0xe0, 0x79, 0xef, 0xfb, 0xc0, 0xf3, 0xdc,
    0x67, 0x81, 0xe7, 0xb8, 0xf, 0x3, 0xcf, 0x60,
    0x7e, 0x7, 0x9e, 0x0, 0x7c, 0xe, 0xb8, 0x0,
    0xf0, 0x7d, 0xc0, 0x0, 0x1, 0xf1, 0xff, 0xff,
    0xf3, 0xc1, 0xff, 0xff, 0xc3, 0x0, 0xff, 0xff,
    0x4, 0x0, 0x0, 0x0, 0x0,

    /* U+9053 "道" */
    0x0, 0x0, 0x4, 0x0, 0x80, 0xe, 0xf, 0xc0,
    0xe0, 0x1e, 0x1f, 0x1, 0xf0, 0x1e, 0x3c, 0x81,
    0xe0, 0x3c, 0x73, 0x83, 0xe0, 0x70, 0xc7, 0x83,
    0xdf, 0xff, 0xff, 0x87, 0x0, 0x3c, 0x0, 0x0,
    0x0, 0x70, 0x0, 0x0, 0x38, 0xe1, 0x80, 0x0,
    0x7f, 0xff, 0x80, 0x0, 0xff, 0xff, 0x80, 0x1,
    0xf0, 0x1f, 0x0, 0x83, 0xe0, 0x3e, 0x3, 0xc7,
    0xff, 0xfc, 0x7f, 0xcf, 0x80, 0xf8, 0xf, 0x1f,
    0x1, 0xf0, 0x1e, 0x3e, 0x3, 0xe0, 0x3c, 0x7f,
    0xff, 0xc0, 0x78, 0xf8, 0xf, 0x80, 0xf1, 0xf0,
    0x1f, 0x1, 0xe3, 0xe0, 0x3e, 0x3, 0xc7, 0xff,
    0xfc, 0x7, 0x8f, 0x80, 0xf8, 0xf, 0x9f, 0x1,
    0xe0, 0x7d, 0xf0, 0x0, 0x3, 0xf1, 0xff, 0xff,
    0xfb, 0xc1, 0xff, 0xff, 0xc7, 0x1, 0xff, 0xff,
    0x84, 0x0, 0xff, 0xfe, 0x8, 0x0, 0x0, 0x0,
    0x0,

    /* U+9054 "達" */
    0x0, 0x0, 0x60, 0x0, 0x80, 0x0, 0xf0, 0x0,
    0xf0, 0x1, 0xe3, 0x0, 0xf0, 0x3, 0xcf, 0x1,
    0xf1, 0xff, 0xff, 0x1, 0xe0, 0xf, 0x0, 0x3,
    0xc0, 0x1e, 0xc, 0x7, 0x80, 0x3c, 0x3c, 0x0,
    0x7f, 0xff, 0xfc, 0x0, 0xff, 0xff, 0xf8, 0x0,
    0x1c, 0x1f, 0x80, 0x0, 0x1c, 0x3c, 0x0, 0x0,
    0x3c, 0x74, 0x0, 0xc0, 0x70, 0xce, 0x3, 0xcf,
    0xff, 0xfe, 0x7f, 0xc0, 0x3c, 0x0, 0xf, 0x0,
    0x78, 0xc0, 0x1e, 0x0, 0xf1, 0xc0, 0x3c, 0x7f,
    0xff, 0xc0, 0x78, 0x3, 0xc0, 0x0, 0xf0, 0x7,
    0x83, 0x1, 0xe0, 0xf, 0xf, 0x3, 0xdf, 0xff,
    0xff, 0x7, 0x80, 0x3c, 0x0, 0xf, 0x0, 0x78,
    0x0, 0x1d, 0x0, 0xf0, 0x0, 0xf1, 0x80, 0x0,
    0x3, 0xc3, 0xff, 0xff, 0xe7, 0x3, 0xff, 0xff,
    0x84, 0x0, 0xff, 0xfe, 0x8, 0x0, 0x0, 0x0,
    0x0,

    /* U+9055 "違" */
    0x0, 0x0, 0xf8, 0x1, 0xc0, 0x3, 0xc4, 0x3,
    0xc3, 0xff, 0xf8, 0x7, 0x8f, 0xff, 0xf0, 0x1f,
    0x1, 0xe3, 0xd0, 0x7d, 0xff, 0xff, 0xf0, 0xe0,
    0x0, 0x0, 0x1, 0x6, 0x0, 0x60, 0x0, 0x1f,
    0xff, 0xc0, 0x0, 0x7f, 0xff, 0x80, 0x1, 0xe0,
    0x1c, 0x1, 0x87, 0x80, 0x70, 0xf, 0x1e, 0x1,
    0xc3, 0xfe, 0x7f, 0xff, 0x0, 0xf1, 0xc1, 0xe4,
    0x3, 0xc0, 0x7, 0xbc, 0xf, 0x3f, 0xff, 0xf8,
    0x3c, 0x3c, 0x78, 0x0, 0xf0, 0xf1, 0xe2, 0x3,
    0xc3, 0xc7, 0x9c, 0xf, 0xff, 0xff, 0xf8, 0x3f,
    0xff, 0xff, 0xf0, 0xf0, 0x1, 0xe0, 0x3, 0xa0,
    0x7, 0x80, 0x3c, 0x60, 0x0, 0x1, 0xe1, 0xff,
    0xff, 0xf7, 0x1, 0xff, 0xff, 0x8, 0x1, 0xff,
    0xfc, 0x20, 0x0, 0x0, 0x0,

    /* U+9060 "遠" */
    0x0, 0x0, 0x78, 0x0, 0xe0, 0x1, 0xe3, 0x1,
    0xe0, 0x7, 0x9e, 0x7, 0xdf, 0xff, 0xfc, 0xf,
    0x0, 0x78, 0x0, 0x3c, 0x1, 0xe1, 0x80, 0xf0,
    0x7, 0x87, 0x0, 0x3f, 0xff, 0xfe, 0x0, 0x7f,
    0xff, 0xf8, 0x0, 0xff, 0xff, 0x0, 0x3, 0xff,
    0xfe, 0x1, 0xf, 0x0, 0x78, 0xe, 0x3c, 0x1,
    0xe3, 0xfe, 0xf0, 0x7, 0x80, 0xfb, 0xff, 0xfe,
    0x3, 0xcf, 0x3e, 0x68, 0xf, 0x39, 0xf8, 0x78,
    0x3c, 0x7, 0xe3, 0xc0, 0xf0, 0x3f, 0xbe, 0x3,
    0xc3, 0xde, 0x7c, 0xf, 0x1c, 0x78, 0xf8, 0x3d,
    0xc1, 0xe1, 0xe0, 0xf0, 0x7, 0x83, 0x83, 0xa0,
    0x1e, 0x0, 0x3e, 0xe0, 0x60, 0x3, 0xf1, 0xff,
    0xff, 0xf7, 0x83, 0xff, 0xff, 0x9c, 0x7, 0xff,
    0xfc, 0x20, 0x7, 0xff, 0xf0, 0x80, 0x0, 0x0,
    0x0,

    /* U+9078 "選" */
    0x0, 0x0, 0x0, 0x41, 0x80, 0xff, 0x3f, 0xc1,
    0xe1, 0xff, 0x7f, 0xe1, 0xe0, 0x1c, 0x7, 0x83,
    0xe7, 0xf9, 0xff, 0x3, 0xcf, 0xf3, 0xfe, 0x7,
    0x9c, 0x97, 0xa4, 0xe, 0x38, 0x2f, 0x8, 0x0,
    0x7f, 0xff, 0xf8, 0x0, 0xff, 0xff, 0xf0, 0x1,
    0xff, 0x3f, 0xe0, 0x0, 0x3c, 0x78, 0x0, 0xc0,
    0x78, 0xf4, 0x3, 0xc0, 0xf1, 0xee, 0x3f, 0xdf,
    0xff, 0xfe, 0xf, 0x3, 0xc7, 0x80, 0x1e, 0x7,
    0x8f, 0x20, 0x3c, 0xf, 0x1e, 0xe0, 0x7b, 0xff,
    0xff, 0xf0, 0xf0, 0x0, 0x0, 0x1, 0xe0, 0x60,
    0x0, 0x3, 0xc1, 0xf0, 0xfc, 0x7, 0x87, 0xf0,
    0x7c, 0xf, 0x1f, 0x0, 0xfc, 0x1d, 0x70, 0x0,
    0xf0, 0xf1, 0x80, 0x0, 0x3, 0xe3, 0xff, 0xff,
    0xf3, 0x81, 0xff, 0xff, 0xc6, 0x0, 0xff, 0xff,
    0x0, 0x0, 0x0, 0x0, 0x0,

    /* U+90AA "邪" */
    0x0, 0x0, 0x0, 0x0, 0x0, 0x6, 0x60, 0x60,
    0x0, 0x1e, 0xf1, 0xe3, 0xff, 0xff, 0xff, 0xe0,
    0xf3, 0xc3, 0xc7, 0xe1, 0xe7, 0x87, 0x8f, 0x3,
    0xcf, 0xf, 0x1c, 0x7, 0x9e, 0x1e, 0x78, 0xf,
    0x3c, 0x3c, 0xe0, 0x1e, 0x78, 0x79, 0x80, 0x3c,
    0xf0, 0xf3, 0x0, 0x79, 0xed, 0xe4, 0x0, 0xf3,
    0xdf, 0xc8, 0xf, 0xff, 0xff, 0x98, 0x0, 0x3f,
    0xf, 0x18, 0x0, 0xfe, 0x1e, 0x38, 0x1, 0xfc,
    0x3c, 0x38, 0x3, 0xf8, 0x78, 0x70, 0xf, 0xf0,
    0xf0, 0xf0, 0x1f, 0xe1, 0xe1, 0xe0, 0x7b, 0xc3,
    0xc3, 0xc1, 0xe7, 0x87, 0xbf, 0x83, 0x8f, 0xf,
    0x3f, 0xe, 0x1e, 0x1e, 0x7c, 0x38, 0x3c, 0x3c,
    0xf8, 0xc7, 0xf8, 0x78, 0xc3, 0x3, 0xf0, 0xf0,
    0x0, 0x3, 0xe1, 0xe0, 0x0, 0x7, 0x83, 0xc0,
    0x0, 0xc, 0x7, 0x0, 0x0,

    /* U+90E8 "部" */
    0x3, 0xf0, 0x0, 0x0, 0x7, 0x80, 0x60, 0x60,
    0xf, 0x8, 0xff, 0xe0, 0x1e, 0x3d, 0xff, 0xef,
    0xff, 0xff, 0xc7, 0xe0, 0x0, 0x7, 0x8f, 0x6,
    0x7, 0xf, 0x1c, 0x7, 0x1f, 0x9e, 0x78, 0xe,
    0x3c, 0x3c, 0xe0, 0x1e, 0x78, 0x79, 0x80, 0x3c,
    0xe0, 0xf3, 0x0, 0x79, 0x99, 0xe4, 0x0, 0x26,
    0x7b, 0xc8, 0x1f, 0xff, 0xff, 0x98, 0x0, 0x0,
    0xf, 0x18, 0x0, 0x0, 0x1e, 0x38, 0x10, 0xc,
    0x3c, 0x38, 0x3f, 0xfc, 0x78, 0x70, 0x7f, 0xfc,
    0xf0, 0xf0, 0xe0, 0xf1, 0xe1, 0xe1, 0xc1, 0xe3,
    0xc3, 0xc3, 0x83, 0xc7, 0xbf, 0x87, 0x7, 0x8f,
    0x3f, 0xe, 0xf, 0x1e, 0x7c, 0x1c, 0x1e, 0x3c,
    0xf8, 0x3f, 0xfc, 0x79, 0xc0, 0x70, 0x78, 0xf0,
    0x0, 0xe0, 0xf1, 0xe0, 0x1, 0xc1, 0xc3, 0xc0,
    0x3, 0x0, 0x7, 0x0, 0x0,

    /* U+90F5 "郵" */
    0x0, 0x4, 0x0, 0x0, 0x0, 0x7c, 0x40, 0x60,
    0x7, 0xfc, 0xff, 0xe0, 0x7f, 0xfd, 0xff, 0xef,
    0xfe, 0x3, 0xe7, 0xe0, 0x3c, 0x27, 0xcf, 0x0,
    0x78, 0xef, 0xbc, 0x7f, 0xff, 0xff, 0x78, 0x39,
    0xe7, 0x3e, 0xe0, 0x73, 0xce, 0x7d, 0x80, 0xe7,
    0x9c, 0xfa, 0x1, 0xcf, 0x3d, 0xfc, 0x3, 0x9e,
    0x7f, 0xf8, 0x1f, 0xff, 0xff, 0xd8, 0xe, 0x79,
    0xcf, 0x98, 0x1c, 0xf3, 0x9f, 0x38, 0x39, 0xe7,
    0x3e, 0x78, 0x73, 0xce, 0x7c, 0xf0, 0xe7, 0x9e,
    0xf9, 0xe1, 0xcf, 0x3f, 0xf1, 0xef, 0xff, 0xff,
    0xe7, 0xc0, 0x3c, 0x7, 0xcf, 0x80, 0x78, 0xf,
    0xfe, 0x0, 0xf1, 0xff, 0x7c, 0x3, 0xfe, 0x3e,
    0xf1, 0xff, 0xf0, 0x7d, 0xc1, 0xff, 0x0, 0xf8,
    0x3, 0xf0, 0x1, 0xf0, 0x3, 0x0, 0x3, 0xe0,
    0x0, 0x0, 0x7, 0x80, 0x0,

    /* U+90FD "都" */
    0x3, 0x0, 0x0, 0x0, 0x3, 0xe3, 0x10, 0x18,
    0x3, 0xd3, 0xdf, 0xfc, 0x3, 0xdb, 0xff, 0xfe,
    0x3, 0xdf, 0x9e, 0x3e, 0x7f, 0xff, 0x9e, 0x3c,
    0x3, 0xcf, 0x1e, 0x3c, 0x3, 0xce, 0x1e, 0x78,
    0x3, 0xde, 0x1e, 0x70, 0x3, 0xfd, 0x9e, 0x70,
    0x3, 0xfb, 0xde, 0x60, 0x7f, 0xff, 0xfe, 0x40,
    0x0, 0xe0, 0x1e, 0xc0, 0x1, 0xc0, 0x1e, 0x40,
    0x3, 0x84, 0x1e, 0x60, 0xf, 0xfe, 0x1e, 0x38,
    0xf, 0xff, 0x9e, 0x18, 0x1f, 0xe, 0x1e, 0x1c,
    0x3f, 0xe, 0x1e, 0x1e, 0x4f, 0xe, 0x1e, 0x1e,
    0xf, 0xfe, 0x1e, 0x1e, 0xf, 0xe, 0x1f, 0xfe,
    0xf, 0xe, 0x1e, 0x7e, 0xf, 0xe, 0x1e, 0x7e,
    0xf, 0xe, 0x1e, 0x7c, 0xf, 0xe, 0x1e, 0x78,
    0xf, 0xfe, 0x1e, 0x0, 0xf, 0xe, 0x1e, 0x0,
    0xf, 0xe, 0x1e, 0x0, 0xe, 0xe, 0x1e, 0x0,

    /* U+914D "配" */
    0x0, 0x0, 0x0, 0x0, 0x0, 0x30, 0x1, 0x0,
    0x1, 0xf0, 0xe, 0x3f, 0xff, 0xff, 0xfc, 0xe,
    0xe0, 0x0, 0xf8, 0x3b, 0x80, 0x3, 0xc0, 0xee,
    0x0, 0xf, 0x23, 0xba, 0x0, 0x3c, 0xff, 0xfe,
    0x0, 0xf3, 0xff, 0xfc, 0x3, 0xcf, 0x6d, 0xe4,
    0xf, 0x3d, 0xb7, 0x9f, 0xfc, 0xf6, 0xde, 0x7f,
    0xf3, 0xdb, 0x79, 0xe3, 0xcf, 0x6d, 0xe7, 0x8f,
    0x3d, 0x37, 0x9e, 0x38, 0xf4, 0xfe, 0x78, 0x3,
    0xe3, 0xf9, 0xe0, 0xf, 0x81, 0xe7, 0x80, 0x3c,
    0x7, 0x9e, 0x0, 0xf0, 0x1e, 0x78, 0x3, 0xff,
    0xf9, 0xe0, 0x4f, 0x1, 0xe7, 0x81, 0x3c, 0x7,
    0x9e, 0x4, 0xf0, 0x1e, 0x78, 0x13, 0xc0, 0x79,
    0xe0, 0xcf, 0x1, 0xe7, 0xff, 0xbf, 0xff, 0x8f,
    0xff, 0xf0, 0x1e, 0x3f, 0xfb, 0xc0, 0x78, 0xff,
    0xce, 0x0, 0x0, 0x0, 0x0,

    /* U+9152 "酒" */
    0x0, 0x0, 0x0, 0x0, 0x38, 0x0, 0x0, 0x60,
    0x78, 0x0, 0x1, 0xf0, 0x7b, 0xff, 0xff, 0xf0,
    0xf0, 0x1e, 0xe0, 0x0, 0xe0, 0x3d, 0xc0, 0x0,
    0x20, 0x7b, 0x80, 0x0, 0x40, 0xf7, 0x18, 0x80,
    0xb9, 0xee, 0x78, 0xe3, 0x7f, 0xff, 0xf9, 0xe4,
    0xf7, 0xb9, 0xe1, 0xc9, 0xef, 0x73, 0xc3, 0xb3,
    0xdc, 0xe7, 0x80, 0x67, 0xb9, 0xcf, 0x1, 0x8f,
    0x73, 0x9e, 0x3, 0x1e, 0xe7, 0xfc, 0x6, 0x3d,
    0xcf, 0xf8, 0x1c, 0x7b, 0xf, 0xf0, 0x30, 0xfc,
    0x1, 0xe0, 0xe1, 0xf0, 0x3, 0xc1, 0xc3, 0xc0,
    0x7, 0x9f, 0x87, 0x80, 0xf, 0xf, 0xf, 0xff,
    0xfe, 0xe, 0x1e, 0x0, 0x3c, 0x1c, 0x3c, 0x0,
    0x78, 0x3c, 0x78, 0x0, 0xf0, 0x78, 0xf0, 0x1,
    0xe0, 0xf1, 0xff, 0xff, 0xc1, 0xe3, 0xc0, 0x7,
    0x83, 0xc7, 0x80, 0xf, 0x7, 0xf, 0x0, 0x1c,
    0x0,

    /* U+9154 "酔" */
    0x0, 0x8, 0x0, 0x0, 0x0, 0x30, 0xf8, 0x0,
    0x1, 0xe3, 0xc0, 0x3f, 0xff, 0xcf, 0x20, 0xe,
    0xe0, 0x3c, 0xc0, 0x3b, 0x87, 0xff, 0x0, 0xee,
    0x1f, 0xfe, 0x3, 0xb8, 0xf, 0x70, 0x7f, 0xfc,
    0x39, 0xc1, 0xff, 0xf8, 0xe7, 0x27, 0x6d, 0xe7,
    0x9c, 0x9d, 0xb7, 0x9c, 0x72, 0x76, 0xde, 0x61,
    0xfd, 0xdb, 0x7b, 0x87, 0xf7, 0x6d, 0xfc, 0xf,
    0x9d, 0x37, 0xc3, 0x80, 0x7c, 0xfe, 0xf, 0x1,
    0xe3, 0xf8, 0x38, 0x7, 0x81, 0xe0, 0xe1, 0x1c,
    0x7, 0x83, 0x8e, 0x70, 0x1f, 0xff, 0xfd, 0xff,
    0xf8, 0x38, 0x7, 0x1, 0xe0, 0xe0, 0x1c, 0x7,
    0x83, 0x80, 0x70, 0x1e, 0xe, 0x1, 0xc0, 0x78,
    0x38, 0x7, 0x1, 0xe0, 0xe0, 0x1f, 0xff, 0x83,
    0x80, 0x70, 0x1e, 0xe, 0x1, 0xc0, 0x70, 0x38,
    0x6, 0x0, 0x0, 0xe0, 0x0,

    /* U+9178 "酸" */
    0x0, 0x0, 0x0, 0x0, 0x0, 0x30, 0x3e, 0x0,
    0x0, 0x70, 0x78, 0x7, 0xff, 0xf0, 0xe6, 0x0,
    0xee, 0x3, 0x87, 0x1, 0xdc, 0x6, 0xf, 0x3,
    0xb8, 0xff, 0xff, 0x7, 0x71, 0xff, 0x9e, 0x7f,
    0xfd, 0xf0, 0x1c, 0xff, 0xfe, 0xe7, 0x81, 0xdb,
    0x71, 0xfe, 0x3, 0xb6, 0xe3, 0xdc, 0x7, 0x6d,
    0xc7, 0x38, 0x8e, 0xdb, 0x9c, 0x73, 0x1d, 0x37,
    0x38, 0xff, 0x3a, 0x6e, 0xe1, 0xfe, 0x7c, 0xfd,
    0x3c, 0x0, 0xf1, 0xfc, 0x7c, 0x81, 0xc0, 0x70,
    0xff, 0x83, 0x80, 0xe3, 0xff, 0x87, 0x1, 0xc7,
    0x1f, 0x8f, 0xff, 0x9e, 0x3c, 0x1c, 0x7, 0x36,
    0xf8, 0x38, 0xe, 0xc7, 0xe0, 0x70, 0x1e, 0xf,
    0x80, 0xe0, 0x38, 0x1f, 0x1, 0xc0, 0x70, 0x7f,
    0xc3, 0xff, 0xe1, 0xef, 0xf7, 0x1, 0xc7, 0xf,
    0x8e, 0x3, 0xb8, 0xf, 0x18, 0x1, 0x80, 0x4,
    0x0,

    /* U+91CD "重" */
    0x0, 0x0, 0x0, 0x0, 0x0, 0x0, 0x3c, 0x0,
    0x0, 0xf, 0xf8, 0x0, 0xf, 0xff, 0xf0, 0x1f,
    0xff, 0xf8, 0x0, 0x0, 0x1e, 0x1, 0x80, 0x0,
    0x78, 0x7, 0x0, 0x1, 0xe0, 0x3e, 0x7f, 0xff,
    0xff, 0xfc, 0x0, 0x1e, 0x0, 0x0, 0xc0, 0x78,
    0x10, 0x3, 0xff, 0xff, 0xf0, 0xf, 0xff, 0xff,
    0xe0, 0x3e, 0x1e, 0xf, 0x0, 0xf8, 0x78, 0x3c,
    0x3, 0xe1, 0xe0, 0xf0, 0xf, 0xff, 0xff, 0xc0,
    0x3e, 0x1e, 0xf, 0x0, 0xf8, 0x78, 0x3c, 0x3,
    0xe1, 0xe0, 0xf0, 0xf, 0xff, 0xff, 0xc0, 0x3e,
    0x1e, 0xf, 0x0, 0xf0, 0x78, 0xc, 0x0, 0x1,
    0xe0, 0x78, 0x1f, 0xff, 0xff, 0xf0, 0x0, 0x1e,
    0x0, 0x0, 0x0, 0x78, 0x6, 0x0, 0x1, 0xe0,
    0x3c, 0xff, 0xff, 0xff, 0xfd, 0xff, 0xff, 0xff,
    0xf0,

    /* U+91CE "野" */
    0x0, 0x8, 0x0, 0x61, 0xff, 0xf3, 0xff, 0xc7,
    0xff, 0xff, 0xff, 0x9c, 0xf7, 0x80, 0x7e, 0x73,
    0xde, 0x1, 0xe1, 0xcf, 0x79, 0xfe, 0x7, 0x3d,
    0xe3, 0xe0, 0x1f, 0xff, 0x87, 0xc0, 0x73, 0xde,
    0xf, 0x1, 0xcf, 0x78, 0x3c, 0x87, 0x3d, 0xff,
    0xff, 0x1c, 0xf7, 0xff, 0xfe, 0x7f, 0xfe, 0x1e,
    0x7d, 0xcf, 0x70, 0x79, 0xe7, 0x3c, 0x1, 0xef,
    0x0, 0xf3, 0x7, 0xb8, 0x3, 0xde, 0x1e, 0xc1,
    0xff, 0xfc, 0x78, 0x0, 0x3c, 0x1, 0xe0, 0x0,
    0xf0, 0x7, 0x80, 0x3, 0xc0, 0x1e, 0x0, 0xf,
    0xc, 0x78, 0x0, 0x3f, 0xc1, 0xe0, 0x1f, 0xfc,
    0x7, 0x80, 0xff, 0xc0, 0x1e, 0x1, 0xfc, 0x7,
    0xf8, 0x7, 0x80, 0x7, 0xe0, 0x8, 0x0, 0xf,
    0x0, 0x0, 0x0, 0x38, 0x0,

    /* U+91CF "量" */
    0x6, 0x0, 0x4, 0x0, 0x1f, 0xff, 0xfc, 0x0,
    0x7f, 0xff, 0xf8, 0x1, 0xe0, 0x3, 0xc0, 0x7,
    0x80, 0xf, 0x0, 0x1f, 0xff, 0xfc, 0x0, 0x78,
    0x0, 0xf0, 0x1, 0xe0, 0x3, 0xc0, 0x7, 0xff,
    0xff, 0x0, 0x1e, 0x0, 0x39, 0x80, 0x40, 0x0,
    0xf, 0x1f, 0xff, 0xff, 0xff, 0x0, 0x0, 0x4,
    0x0, 0x1c, 0x0, 0x1c, 0x0, 0x7f, 0xff, 0xf8,
    0x1, 0xff, 0xff, 0xf0, 0x7, 0x87, 0x8f, 0x80,
    0x1e, 0x1e, 0x3e, 0x0, 0x7f, 0xff, 0xf8, 0x1,
    0xe1, 0xe3, 0xe0, 0x7, 0x87, 0x8f, 0x80, 0x1f,
    0xff, 0xfe, 0x0, 0x78, 0x78, 0xf0, 0x1, 0x1,
    0xe0, 0xf0, 0x0, 0x7, 0x83, 0xe0, 0x7f, 0xff,
    0xff, 0xc0, 0x0, 0x78, 0x6, 0x0, 0x1, 0xe0,
    0x3c, 0xff, 0xff, 0xff, 0xf9, 0xff, 0xff, 0xff,
    0xf0,

    /* U+91D1 "金" */
    0x0, 0x4, 0x0, 0x0, 0x0, 0x1f, 0x80, 0x0,
    0x0, 0x3f, 0x0, 0x0, 0x0, 0xfe, 0x0, 0x0,
    0x1, 0xf6, 0x0, 0x0, 0x7, 0xc6, 0x0, 0x0,
    0x1f, 0xf, 0x0, 0x0, 0x3c, 0xf, 0x80, 0x0,
    0xf0, 0xf, 0xe0, 0x3, 0xc0, 0x1f, 0xf8, 0xf,
    0x0, 0xff, 0xf0, 0x3c, 0x3, 0xff, 0xc0, 0xef,
    0xff, 0xef, 0x3, 0x80, 0xf0, 0xe, 0xc, 0x1,
    0xe0, 0x0, 0x20, 0x3, 0xc0, 0x40, 0x0, 0x7,
    0x81, 0xc0, 0x0, 0xf, 0x3, 0xc0, 0x7f, 0xff,
    0xff, 0xc0, 0x0, 0x3c, 0x0, 0x0, 0x20, 0x78,
    0xc0, 0x0, 0x70, 0xf1, 0xf0, 0x0, 0xf1, 0xe3,
    0xf0, 0x0, 0xf3, 0xc7, 0x80, 0x1, 0xe7, 0x9e,
    0x0, 0x3, 0xcf, 0x38, 0x0, 0x7, 0x9e, 0x61,
    0x0, 0x6, 0x3c, 0x7, 0x0, 0x0, 0x78, 0xf,
    0xf, 0xff, 0xff, 0xff, 0x1f, 0xff, 0xff, 0xff,
    0x0,

    /* U+9244 "鉄" */
    0x0, 0x0, 0x0, 0x0, 0x7, 0x0, 0xf, 0x80,
    0x7, 0xc0, 0xf, 0x0, 0xf, 0xe1, 0xff, 0x0,
    0xf, 0x79, 0xef, 0x0, 0xf, 0x3d, 0xef, 0x0,
    0x1e, 0x3d, 0xef, 0x10, 0x1c, 0x19, 0xcf, 0x38,
    0x38, 0x61, 0xff, 0xfe, 0x30, 0x79, 0x8f, 0x0,
    0x7f, 0xfb, 0x8f, 0x0, 0x47, 0x83, 0xf, 0x0,
    0x87, 0x92, 0xf, 0x0, 0x7, 0xb0, 0xf, 0x18,
    0x7, 0xf8, 0xf, 0x3c, 0x7f, 0xff, 0xff, 0xfe,
    0x7, 0x80, 0xf, 0x0, 0x7, 0xa0, 0x1f, 0x0,
    0x27, 0xbe, 0x1e, 0x80, 0x37, 0xb8, 0x1e, 0x80,
    0x3f, 0xb8, 0x1e, 0x80, 0x3f, 0xb0, 0x3c, 0xc0,
    0x3f, 0xa0, 0x3c, 0xe0, 0x3f, 0xa0, 0x78, 0xf0,
    0x7, 0x82, 0x70, 0x78, 0x7, 0xfc, 0xf0, 0x7e,
    0x7f, 0xf1, 0xe0, 0x7f, 0x7f, 0xc3, 0x80, 0x3c,
    0x7e, 0x7, 0x0, 0x38, 0x38, 0xc, 0x0, 0x18,
    0x10, 0x10, 0x0, 0x10,

    /* U+925B "鉛" */
    0x7, 0x0, 0x41, 0x0, 0xf, 0x80, 0xfa, 0x0,
    0x3f, 0x81, 0xe2, 0x0, 0x7b, 0xc3, 0xc4, 0x0,
    0xf3, 0xcf, 0x8c, 0x3, 0xc7, 0x9e, 0x18, 0x7,
    0x7, 0x3c, 0x38, 0x1c, 0x30, 0x70, 0x38, 0x30,
    0x70, 0xe0, 0x78, 0xff, 0xf3, 0x80, 0xfd, 0x1e,
    0x7, 0x0, 0xfc, 0x3c, 0xc, 0x1, 0xc0, 0x7b,
    0x30, 0x1, 0x80, 0xf7, 0x40, 0x2, 0x1f, 0xff,
    0x0, 0x0, 0x3, 0xc0, 0xc0, 0x3c, 0x27, 0xb9,
    0xff, 0xfc, 0x6f, 0x7b, 0xc0, 0xf0, 0xde, 0xe7,
    0x81, 0xe1, 0xfd, 0x8f, 0x3, 0xc3, 0xfb, 0x1e,
    0x7, 0x87, 0xf4, 0x3c, 0xf, 0xf, 0xf0, 0x78,
    0x1e, 0xb, 0xc6, 0xf0, 0x3c, 0x7, 0xf1, 0xe0,
    0x78, 0xff, 0xc3, 0xc0, 0xf1, 0xfe, 0x7, 0xff,
    0xe3, 0xf0, 0xf, 0x3, 0xc3, 0x80, 0x1e, 0x7,
    0x84, 0x0, 0x3c, 0xe, 0x0,

    /* U+9280 "銀" */
    0x7, 0x0, 0x0, 0x60, 0xf, 0x83, 0xff, 0xf0,
    0x3f, 0x87, 0xff, 0xf0, 0x7b, 0xcf, 0x3, 0xc0,
    0xe3, 0xde, 0x7, 0x83, 0xc7, 0xbc, 0xf, 0x7,
    0xf, 0x78, 0x1e, 0x1c, 0x38, 0xff, 0xfc, 0x7f,
    0xf9, 0xe0, 0x78, 0x8f, 0x3, 0xc0, 0xf2, 0x1e,
    0x7, 0x81, 0xe0, 0x3d, 0x8f, 0x3, 0xc0, 0x7b,
    0x9f, 0xff, 0x8f, 0xff, 0xbc, 0xf, 0x1, 0xe0,
    0x7a, 0x18, 0x23, 0xd8, 0xf2, 0x18, 0x27, 0xbd,
    0xe4, 0x3c, 0x6f, 0x73, 0xc8, 0xfc, 0xfe, 0xc7,
    0x9b, 0xc1, 0xfd, 0x8f, 0x1c, 0x3, 0xfa, 0x1e,
    0x30, 0x7, 0xf0, 0x3c, 0x70, 0x5, 0xe3, 0x78,
    0x70, 0x3, 0xfc, 0xf7, 0xf0, 0x3f, 0xe1, 0xfc,
    0xf8, 0xff, 0x9f, 0xf1, 0xfd, 0xfc, 0x3f, 0x81,
    0xf9, 0xe0, 0x3c, 0x1, 0xc3, 0x0, 0x70, 0x3,
    0x0, 0x0, 0x40, 0x2, 0x0,

    /* U+9332 "録" */
    0x6, 0x0, 0x0, 0x40, 0xf, 0xc3, 0xff, 0xe0,
    0xf, 0xf3, 0xff, 0xf8, 0xf, 0x78, 0x1, 0xf0,
    0x1e, 0x78, 0x1, 0xf0, 0x1c, 0x38, 0x1, 0xf0,
    0x1c, 0x79, 0xff, 0xf0, 0x38, 0x60, 0x1, 0xf0,
    0x70, 0xf0, 0x1, 0xf0, 0x5f, 0xf0, 0x1, 0xfc,
    0x87, 0x80, 0x1, 0xfe, 0x7, 0xa7, 0xff, 0xfe,
    0x7, 0xb0, 0x1f, 0x0, 0x7, 0xf8, 0x1f, 0x0,
    0x7f, 0xfb, 0x1f, 0x18, 0x7, 0x83, 0x9f, 0x3e,
    0x7, 0xa3, 0xdf, 0x3c, 0x27, 0xbd, 0xdf, 0xb0,
    0x37, 0xf1, 0xdf, 0xe0, 0x3f, 0xf0, 0x9f, 0xc0,
    0x3f, 0xe0, 0x7f, 0xe0, 0x3f, 0xc0, 0xdf, 0xf0,
    0x3f, 0xcb, 0xdf, 0xf8, 0x7, 0xf7, 0x9f, 0x7c,
    0x7, 0xff, 0x1f, 0x7e, 0x7f, 0x8f, 0xff, 0x3c,
    0x7f, 0x6, 0x3f, 0x18, 0x3c, 0x2, 0x3f, 0x10,
    0x30, 0x0, 0x3e, 0x0, 0x0, 0x0, 0x18, 0x0,

    /* U+9577 "長" */
    0x0, 0x0, 0x2, 0x0, 0x8, 0x0, 0x1c, 0x0,
    0x3f, 0xff, 0xfc, 0x0, 0xff, 0xff, 0xf0, 0x3,
    0xc0, 0x0, 0x0, 0xf, 0x0, 0x30, 0x0, 0x3c,
    0x0, 0xf0, 0x0, 0xff, 0xff, 0xe0, 0x3, 0xc0,
    0x0, 0x0, 0xf, 0x0, 0x10, 0x0, 0x3c, 0x0,
    0xf0, 0x0, 0xff, 0xff, 0xe0, 0x3, 0xc0, 0x0,
    0x0, 0xf, 0x0, 0x3, 0x0, 0x3c, 0x0, 0x1f,
    0x3f, 0xff, 0xff, 0xfe, 0xff, 0xff, 0xff, 0xf8,
    0xf, 0x8, 0xe, 0x0, 0x3c, 0x10, 0x3c, 0x0,
    0xf0, 0x41, 0xfc, 0x3, 0xc1, 0x8f, 0x80, 0xf,
    0x3, 0xf0, 0x0, 0x3c, 0xf, 0x0, 0x0, 0xf0,
    0xdf, 0x0, 0x3, 0xfc, 0x3f, 0x80, 0x7f, 0xe0,
    0x7f, 0xf7, 0xfc, 0x0, 0xff, 0xf, 0xc0, 0x0,
    0xf8, 0x1c, 0x0, 0x0, 0xe0, 0x40, 0x0, 0x0,
    0x0,

    /* U+9589 "閉" */
    0xc0, 0x20, 0x1, 0x8f, 0xff, 0x3f, 0xfc, 0xff,
    0xff, 0xff, 0xef, 0x7, 0x3c, 0x3e, 0xf0, 0x73,
    0xc3, 0xef, 0xff, 0x3f, 0xfe, 0xf0, 0x73, 0xc3,
    0xef, 0x7, 0x3c, 0x3e, 0xf0, 0x73, 0xc3, 0xef,
    0xff, 0x3f, 0xfe, 0xf0, 0x73, 0xc3, 0xef, 0x6,
    0x30, 0x3e, 0xf0, 0x3, 0xc3, 0xef, 0x0, 0x39,
    0x3e, 0xf0, 0x3, 0xbb, 0xef, 0x3f, 0xff, 0xfe,
    0xf0, 0x1f, 0x83, 0xef, 0x1, 0xf8, 0x3e, 0xf0,
    0x3f, 0x83, 0xef, 0x3, 0xb8, 0x3e, 0xf0, 0x73,
    0x83, 0xef, 0xe, 0x38, 0x3e, 0xf1, 0x83, 0x83,
    0xef, 0x33, 0xf8, 0x3e, 0xf4, 0xf, 0x9f, 0xef,
    0x0, 0x78, 0xfc, 0xf0, 0x7, 0x7, 0xcf, 0x0,
    0x40, 0x7c, 0xe0, 0x0, 0x7, 0x0,

    /* U+958B "開" */
    0x80, 0x42, 0x0, 0xc7, 0xff, 0x1f, 0xff, 0x3f,
    0xfe, 0xff, 0xfd, 0xe1, 0xe7, 0xc3, 0xcf, 0xf,
    0x3e, 0x1e, 0x7f, 0xf9, 0xff, 0xf3, 0xc3, 0xcf,
    0x87, 0x9e, 0x1e, 0x7c, 0x3c, 0xf0, 0xf3, 0xe1,
    0xe7, 0xff, 0x9f, 0xff, 0x3c, 0x3c, 0xf0, 0x79,
    0xe1, 0x0, 0x43, 0xcf, 0x0, 0x7, 0x9e, 0x79,
    0xff, 0xfe, 0xf3, 0xc1, 0xcf, 0x7, 0x9e, 0xe,
    0x78, 0x3c, 0xf0, 0x73, 0xc1, 0xe7, 0x83, 0x9e,
    0xcf, 0x3c, 0x1c, 0xff, 0x79, 0xef, 0xff, 0xfb,
    0xcf, 0xf, 0x3c, 0x1e, 0x78, 0x79, 0xe0, 0xf3,
    0xc3, 0x8f, 0x7, 0x9e, 0x1c, 0x78, 0x3c, 0xf1,
    0xc3, 0xc1, 0xe7, 0x8c, 0x1e, 0x7f, 0x3c, 0xc0,
    0xf0, 0xf9, 0xe8, 0x4, 0x7, 0xce, 0x0, 0x0,
    0x38, 0x0,

    /* U+9593 "間" */
    0xc0, 0x20, 0x1, 0x8f, 0xff, 0x3f, 0xfc, 0xff,
    0xfb, 0xff, 0xef, 0x7, 0x3e, 0x3e, 0xf0, 0x73,
    0xe3, 0xef, 0xff, 0x3f, 0xfe, 0xf0, 0x73, 0xe3,
    0xef, 0x7, 0x3e, 0x3e, 0xf0, 0x73, 0xe3, 0xef,
    0xff, 0x3f, 0xfe, 0xf0, 0x73, 0xe3, 0xef, 0x6,
    0x38, 0x3e, 0xf0, 0x0, 0x43, 0xef, 0x1f, 0xfe,
    0x3e, 0xf1, 0xff, 0xf3, 0xef, 0x1e, 0xf, 0x3e,
    0xf1, 0xe0, 0xf3, 0xef, 0x1e, 0xf, 0x3e, 0xf1,
    0xff, 0xf3, 0xef, 0x1e, 0xf, 0x3e, 0xf1, 0xe0,
    0xf3, 0xef, 0x1e, 0xf, 0x3e, 0xf1, 0xe0, 0xf3,
    0xef, 0x1f, 0xff, 0x3e, 0xf1, 0xe0, 0xf3, 0xef,
    0x1c, 0xc, 0xfc, 0xf0, 0x0, 0x7, 0xcf, 0x0,
    0x0, 0x7c, 0xe0, 0x0, 0x7, 0x0,

    /* U+95A2 "関" */
    0xc0, 0x40, 0x0, 0xc7, 0xff, 0x8f, 0xff, 0x3f,
    0xfe, 0x7f, 0xfd, 0xe1, 0xe3, 0xc3, 0xcf, 0xf,
    0x1e, 0x1e, 0x7f, 0xf8, 0xff, 0xf3, 0xc3, 0xc7,
    0x87, 0x9e, 0x1e, 0x3c, 0x3c, 0xf0, 0xf1, 0xe1,
    0xe7, 0xff, 0x8f, 0xff, 0x3c, 0x3c, 0x78, 0x79,
    0xe0, 0x0, 0x3, 0xcf, 0xe, 0x1e, 0x1e, 0x78,
    0x38, 0xe0, 0xf3, 0xc1, 0xc6, 0x87, 0x9e, 0x7f,
    0xff, 0x3c, 0xf3, 0xff, 0xf9, 0xe7, 0x80, 0xf0,
    0xf, 0x3c, 0x7, 0x8c, 0x79, 0xe0, 0x3c, 0x73,
    0xcf, 0x7f, 0xff, 0xde, 0x78, 0xe, 0x80, 0xf3,
    0xc0, 0xf6, 0x7, 0x9e, 0x7, 0x1c, 0x3c, 0xf0,
    0x70, 0xf9, 0xe7, 0x86, 0x3, 0xbf, 0x3c, 0xc0,
    0x8, 0xf9, 0xe8, 0x0, 0x7, 0xce, 0x0, 0x0,
    0x38, 0x0,

    /* U+964D "降" */
    0x80, 0xc1, 0xe0, 0x3, 0xff, 0x87, 0xc4, 0xf,
    0xff, 0x1f, 0xf8, 0x3e, 0x7c, 0xff, 0xf8, 0xf9,
    0xe3, 0x87, 0xc3, 0xef, 0x1e, 0x3e, 0xf, 0xb8,
    0xe6, 0xf0, 0x3e, 0xe3, 0x1f, 0x80, 0xfb, 0x10,
    0x3f, 0x3, 0xe8, 0x83, 0xff, 0xff, 0xc0, 0x1e,
    0x7f, 0xbe, 0xc1, 0xe0, 0x7c, 0xfb, 0x9c, 0x1f,
    0x63, 0xe6, 0x80, 0x79, 0x8f, 0x9c, 0x1, 0xef,
    0x3e, 0x77, 0xff, 0xfe, 0xf9, 0xe7, 0x9e, 0x3,
    0xe7, 0x9e, 0x78, 0xf, 0x9e, 0x79, 0xe0, 0x3f,
    0xf9, 0xe7, 0x88, 0xfb, 0xe7, 0x9e, 0x73, 0xef,
    0x1e, 0x7b, 0xef, 0xb9, 0xff, 0xff, 0xbe, 0x0,
    0x7, 0x80, 0xf8, 0x0, 0x1e, 0x3, 0xe0, 0x0,
    0x78, 0xf, 0x80, 0x1, 0xe0, 0x3e, 0x0, 0x7,
    0x80, 0xf0, 0x0, 0x1c, 0x0,

    /* U+9650 "限" */
    0x80, 0xc0, 0x0, 0x83, 0xff, 0xbf, 0xff, 0xf,
    0xff, 0xff, 0xff, 0x3e, 0x7b, 0xc0, 0x78, 0xfb,
    0xcf, 0x1, 0xe3, 0xef, 0x3c, 0x7, 0x8f, 0xb8,
    0xff, 0xfe, 0x3e, 0xc3, 0xc0, 0x78, 0xfa, 0xf,
    0x1, 0xe3, 0xf0, 0x3c, 0x7, 0x8f, 0xa0, 0xf0,
    0x1e, 0x3e, 0xc3, 0xc0, 0x78, 0xf9, 0x8f, 0xff,
    0xe3, 0xe7, 0x3c, 0x87, 0x8f, 0x9c, 0xf2, 0x8,
    0x3e, 0x7b, 0xc4, 0x38, 0xf9, 0xef, 0x11, 0xf3,
    0xe7, 0xbc, 0x4f, 0x8f, 0xfe, 0xf1, 0xb8, 0x3e,
    0xfb, 0xc7, 0x0, 0xfb, 0xcf, 0xe, 0x3, 0xee,
    0x3c, 0x3c, 0xf, 0x80, 0xf0, 0xf8, 0x3e, 0x3,
    0xfd, 0xf8, 0xf8, 0xff, 0xc3, 0xfb, 0xe1, 0xfe,
    0xf, 0xef, 0x87, 0xe0, 0x1e, 0x3e, 0xe, 0x0,
    0x38, 0xf0, 0x20, 0x0, 0x0,

    /* U+9662 "院" */
    0x80, 0x80, 0x7c, 0x3, 0xff, 0x21, 0xe0, 0xf,
    0xfe, 0x47, 0x81, 0x3e, 0x7f, 0xff, 0xfe, 0xf9,
    0xdf, 0xff, 0xff, 0xef, 0xf0, 0x1, 0xff, 0xbb,
    0xc0, 0x6, 0x3e, 0xee, 0x0, 0x20, 0xfb, 0x0,
    0x1, 0xe3, 0xe8, 0x3f, 0xff, 0xcf, 0xa0, 0x0,
    0x0, 0x3e, 0xc0, 0x0, 0x8, 0xfb, 0x80, 0x0,
    0x33, 0xe7, 0x0, 0x1, 0xef, 0x9d, 0xff, 0xff,
    0xfe, 0x78, 0xf3, 0xc0, 0xf9, 0xe3, 0xcf, 0x3,
    0xe7, 0x8f, 0x3c, 0xf, 0x9e, 0x3c, 0xf0, 0x3f,
    0xf8, 0xe3, 0xc0, 0xfb, 0xe7, 0x8f, 0x3, 0xef,
    0x1e, 0x3c, 0x2f, 0xb8, 0x70, 0xf0, 0xbe, 0x3,
    0x83, 0xc2, 0xf8, 0x1e, 0xf, 0xff, 0xe0, 0x70,
    0x3f, 0xff, 0x87, 0x0, 0xff, 0xfe, 0x30, 0x1,
    0xfe, 0xf3, 0x0, 0x0, 0x0,

    /* U+9664 "除" */
    0x80, 0xc0, 0xf0, 0x3, 0xff, 0x83, 0xe0, 0xf,
    0xff, 0x1e, 0x80, 0x3e, 0x7c, 0x79, 0x0, 0xf9,
    0xe3, 0xc3, 0x3, 0xef, 0x1e, 0xf, 0x8f, 0xb8,
    0x70, 0x1f, 0xfe, 0xc3, 0x80, 0xbc, 0xfa, 0x1c,
    0x7, 0x63, 0xe8, 0xdf, 0xff, 0x8f, 0xc2, 0x7,
    0x80, 0x3e, 0xd0, 0x1e, 0x0, 0xfb, 0x80, 0x78,
    0xe3, 0xe6, 0x1, 0xe3, 0xcf, 0x9d, 0xff, 0xff,
    0xbe, 0x78, 0x1e, 0x0, 0xf9, 0xe0, 0x78, 0x3,
    0xe7, 0x91, 0xe8, 0xf, 0x9e, 0xff, 0x98, 0x3f,
    0xfb, 0xde, 0x78, 0xff, 0xee, 0x78, 0xf3, 0xef,
    0x71, 0xe3, 0xcf, 0xb9, 0x87, 0x87, 0xbe, 0xc,
    0x1e, 0x1e, 0xf8, 0x67, 0xf8, 0x7b, 0xe1, 0x7,
    0xe0, 0x4f, 0x80, 0xf, 0x80, 0x3e, 0x0, 0x3c,
    0x0, 0xf0, 0x0, 0xc0, 0x0,

    /* U+967D "陽" */
    0x0, 0x0, 0x0, 0x83, 0x83, 0x18, 0x7, 0xf,
    0xff, 0x7f, 0xff, 0x3e, 0x7f, 0xc0, 0x70, 0xf9,
    0xe7, 0x1, 0xc3, 0xe7, 0x1c, 0x7, 0xf, 0x9c,
    0x7f, 0xfc, 0x3e, 0xe1, 0xc0, 0x70, 0xfb, 0x7,
    0x1, 0xc3, 0xec, 0x1c, 0x7, 0xf, 0xa0, 0x7f,
    0xfc, 0x3e, 0x81, 0xc0, 0x78, 0xfb, 0x6, 0x0,
    0x73, 0xee, 0x0, 0x1, 0xef, 0x9d, 0xff, 0xff,
    0xfe, 0x70, 0xf0, 0x0, 0xf9, 0xe3, 0xc0, 0x23,
    0xe7, 0x9f, 0xff, 0xcf, 0x9e, 0x7f, 0xff, 0xbe,
    0x7b, 0xbf, 0xde, 0xff, 0xfd, 0xee, 0x73, 0xef,
    0xcf, 0x7b, 0xcf, 0xbc, 0x39, 0xcf, 0x3e, 0xe1,
    0xce, 0x3c, 0xf8, 0xe, 0x38, 0xf3, 0xe0, 0x61,
    0xc7, 0xcf, 0x86, 0xc, 0xfe, 0x3e, 0x0, 0x61,
    0xf8, 0xf8, 0x6, 0x3, 0xc3, 0xc0, 0x20, 0xe,
    0x0,

    /* U+968E "階" */
    0x1, 0x1e, 0x1f, 0x7, 0xfe, 0xe0, 0xf2, 0x3f,
    0xff, 0x27, 0xb9, 0xe7, 0xbb, 0xbd, 0xff, 0x39,
    0xff, 0xfe, 0x7b, 0xce, 0xf, 0x83, 0xdc, 0x70,
    0x78, 0x1e, 0xc3, 0x83, 0xc2, 0xf6, 0x1c, 0xfe,
    0x17, 0xa7, 0xfc, 0xff, 0xfd, 0x1f, 0x87, 0xff,
    0xec, 0xf1, 0x9f, 0xef, 0x72, 0xf, 0x80, 0x79,
    0xc0, 0x78, 0x43, 0xce, 0x33, 0x87, 0x1e, 0x79,
    0xff, 0xfc, 0xf3, 0xcf, 0xff, 0xf7, 0x9e, 0x70,
    0xf, 0x3c, 0xf3, 0x80, 0x79, 0xff, 0x9c, 0x3,
    0xcf, 0x7c, 0xe0, 0x1e, 0x7b, 0xc7, 0xff, 0xf3,
    0xdc, 0x38, 0x7, 0x9e, 0x1, 0xc0, 0x3c, 0xf0,
    0xe, 0x1, 0xe7, 0x80, 0x70, 0xf, 0x3c, 0x3,
    0xff, 0xf9, 0xe0, 0x1c, 0x3, 0xce, 0x0, 0xe0,
    0x1c, 0x0,

    /* U+969B "際" */
    0x0, 0xc, 0x0, 0x3, 0xe, 0x7c, 0x40, 0x8f,
    0xfd, 0xe4, 0xbf, 0x3c, 0xff, 0xfa, 0xfe, 0xf3,
    0x9f, 0xfc, 0x7f, 0xde, 0xe3, 0x93, 0xcf, 0x73,
    0xfe, 0x6e, 0x3d, 0xd9, 0xf1, 0xf0, 0xf6, 0x73,
    0xc7, 0x83, 0xd2, 0xee, 0xf, 0xf, 0x51, 0xf0,
    0x3f, 0x3d, 0x1, 0x81, 0x7f, 0xf6, 0xc, 0xe,
    0xfb, 0xd8, 0x6f, 0xfd, 0xcf, 0x32, 0x0, 0x2,
    0x3c, 0xf0, 0x0, 0x30, 0xf3, 0x80, 0x0, 0xe3,
    0xce, 0x0, 0x7, 0xcf, 0x39, 0xff, 0xff, 0x3c,
    0xe0, 0x1e, 0x0, 0xff, 0x8c, 0x7b, 0x3, 0xde,
    0x7d, 0xe7, 0xf, 0x71, 0xe7, 0x8f, 0x3d, 0x8f,
    0x1e, 0x3e, 0xf0, 0x78, 0x78, 0x7b, 0xc1, 0x81,
    0xe1, 0xef, 0xc, 0x3f, 0x83, 0xbc, 0x40, 0x3e,
    0x0, 0xf0, 0x0, 0xf0, 0x3, 0x80, 0x3, 0x80,
    0x0,

    /* U+969C "障" */
    0x0, 0x0, 0x7c, 0x3, 0x87, 0x1, 0xe1, 0xf,
    0xfe, 0x7, 0x8f, 0x3e, 0x7f, 0xff, 0xfe, 0xf9,
    0xc6, 0x6, 0x3, 0xe7, 0xe, 0x1f, 0xf, 0xb8,
    0x38, 0x70, 0x3e, 0xe0, 0xf1, 0x98, 0xfb, 0x3,
    0x84, 0xf3, 0xec, 0xff, 0xff, 0xef, 0xa0, 0x0,
    0x0, 0x3f, 0x7, 0xff, 0xf0, 0xfa, 0x1f, 0xff,
    0xe3, 0xec, 0x78, 0x7, 0x8f, 0x99, 0xe0, 0x1e,
    0x3e, 0x67, 0xff, 0xf8, 0xf9, 0xde, 0x1, 0xe3,
    0xe7, 0x78, 0x7, 0x8f, 0x9d, 0xe0, 0x1e, 0x3e,
    0x77, 0xff, 0xf8, 0xff, 0xde, 0x79, 0xc3, 0xef,
    0x71, 0xe0, 0x8f, 0xbc, 0x7, 0x87, 0x3e, 0xcf,
    0xff, 0xfe, 0xf8, 0x0, 0x78, 0x3, 0xe0, 0x1,
    0xe0, 0xf, 0x80, 0x7, 0x80, 0x3e, 0x0, 0x1e,
    0x0, 0xf8, 0x0, 0x78, 0x3, 0xc0, 0x1, 0xc0,
    0x0,

    /* U+96A3 "隣" */
    0x0, 0x0, 0x1, 0x2, 0x2, 0x1, 0xf7, 0xf,
    0xfc, 0xe7, 0x9f, 0x3f, 0xf9, 0xde, 0xf0, 0xf9,
    0xc7, 0xfb, 0x3, 0xe7, 0xd, 0xe1, 0xcf, 0xbb,
    0xff, 0xff, 0xbe, 0xc0, 0x7f, 0x80, 0xfb, 0x3,
    0xfb, 0xc3, 0xe8, 0x1f, 0xef, 0xff, 0xa0, 0xf7,
    0x9f, 0x3e, 0xc7, 0x1e, 0x3c, 0xfb, 0x30, 0x78,
    0x23, 0xe7, 0x39, 0xe4, 0xf, 0x98, 0xf0, 0x1c,
    0x3e, 0x77, 0xb0, 0x74, 0xf9, 0xdd, 0xe1, 0xfb,
    0xe7, 0x7f, 0xff, 0xef, 0xbd, 0xdf, 0xdc, 0x3f,
    0xf6, 0x7f, 0x70, 0xfb, 0xbf, 0xdd, 0xc3, 0xee,
    0xdf, 0x77, 0xf, 0x86, 0x79, 0xdd, 0xbe, 0x10,
    0xff, 0xff, 0xf8, 0x3, 0x7f, 0xff, 0xe0, 0x1c,
    0x7, 0xf, 0x80, 0xe0, 0x1c, 0x3e, 0x7, 0x0,
    0x70, 0xf8, 0x30, 0x1, 0xc3, 0xc1, 0x0, 0x7,
    0x0,

    /* U+96C6 "集" */
    0x1, 0x1, 0x0, 0x0, 0x7, 0x83, 0xc0, 0x0,
    0xf, 0xc7, 0xc0, 0x0, 0x3e, 0x1e, 0xe, 0x0,
    0x7f, 0xff, 0xfe, 0x1, 0xff, 0xff, 0xfe, 0x7,
    0xe0, 0xf0, 0x60, 0x1f, 0xc1, 0xe1, 0xe0, 0x37,
    0xff, 0xff, 0xe0, 0x8f, 0x7, 0x80, 0x2, 0x1e,
    0xf, 0x6, 0x0, 0x3c, 0x1e, 0x1e, 0x0, 0x7f,
    0xff, 0xfe, 0x0, 0xf0, 0x78, 0x10, 0x1, 0xe0,
    0xf0, 0x70, 0x3, 0xc1, 0xe0, 0xf0, 0x7, 0xff,
    0xff, 0xf0, 0xf, 0xff, 0xff, 0xe0, 0x1e, 0x1f,
    0x0, 0xc0, 0x0, 0x3c, 0x3, 0xc7, 0xff, 0xff,
    0xff, 0xc0, 0x7, 0xfc, 0x0, 0x0, 0x1f, 0xee,
    0x0, 0x0, 0x7f, 0xcf, 0x80, 0x1, 0xf7, 0x8f,
    0xf8, 0xf, 0x8f, 0xf, 0xf8, 0x3c, 0x1e, 0xf,
    0xc1, 0xc0, 0x3c, 0x7, 0x8c, 0x0, 0x78, 0x2,
    0x0, 0x0, 0xe0, 0x0, 0x0,

    /* U+96D1 "雑" */
    0xf, 0x80, 0xf3, 0x80, 0x1e, 0x1, 0xf7, 0xe0,
    0x3d, 0x3, 0xcf, 0x3, 0xff, 0x87, 0x9c, 0x7,
    0xff, 0x8f, 0x33, 0x1, 0xee, 0x3f, 0xff, 0x3,
    0x9c, 0x7f, 0xff, 0xf, 0x3a, 0xfb, 0xc0, 0x1c,
    0x75, 0xf7, 0x80, 0x38, 0xff, 0xef, 0x0, 0xe1,
    0xff, 0xde, 0xc1, 0x90, 0x3f, 0xbd, 0xc4, 0x3c,
    0x5f, 0xff, 0xd0, 0x70, 0x3e, 0xf0, 0x0, 0xe6,
    0x7d, 0xe0, 0x1, 0xde, 0xfb, 0xc0, 0x7f, 0xff,
    0xf7, 0x80, 0xf, 0x3, 0xef, 0x60, 0x3e, 0x7,
    0xdf, 0xe0, 0x7f, 0x8f, 0xff, 0xe0, 0xfb, 0xdf,
    0x78, 0x3, 0xf3, 0xfe, 0xf0, 0x7, 0xe7, 0xfd,
    0xe0, 0x1d, 0xcf, 0xfb, 0xc8, 0x33, 0x81, 0xf7,
    0xb8, 0xc7, 0x3, 0xef, 0x7a, 0xe, 0x7, 0xff,
    0xf8, 0x1c, 0xf, 0x80, 0x0, 0x38, 0x1e, 0x0,
    0x0,

    /* U+96E2 "離" */
    0x3, 0x0, 0x30, 0x0, 0x7, 0xc0, 0x7f, 0xc0,
    0xf, 0x30, 0xf3, 0xc0, 0x1e, 0x71, 0xe7, 0xf,
    0xff, 0xf3, 0xcc, 0x1f, 0xff, 0xef, 0x30, 0x18,
    0x33, 0x1e, 0x6c, 0x3c, 0x7f, 0x3f, 0xfc, 0x77,
    0xee, 0x7f, 0xfc, 0xe3, 0x9d, 0xf3, 0x81, 0xcf,
    0xbb, 0xe7, 0x3, 0x9f, 0x77, 0xce, 0x7, 0x44,
    0xff, 0x9d, 0xe, 0x1, 0xef, 0x3f, 0x1f, 0xff,
    0x9f, 0xff, 0x39, 0xe6, 0x3c, 0xe0, 0x83, 0x84,
    0x79, 0xc1, 0xff, 0xfc, 0xf3, 0x83, 0xff, 0xfd,
    0xe7, 0x7, 0x98, 0x73, 0xce, 0x8f, 0x36, 0xe7,
    0x9f, 0x9e, 0x4f, 0xcf, 0xff, 0xbf, 0xff, 0x9e,
    0x70, 0x7f, 0xdf, 0x3c, 0xe0, 0xf6, 0x3e, 0x79,
    0xc1, 0xe0, 0x1c, 0xf3, 0x83, 0xc0, 0x39, 0xe7,
    0x67, 0x83, 0xf3, 0xcf, 0xcf, 0x1, 0xe7, 0xff,
    0xde, 0x3, 0xcf, 0x0, 0x3c, 0x6, 0x1c, 0x0,
    0x0,

    /* U+96E3 "難" */
    0x1c, 0xf0, 0x60, 0x0, 0x7b, 0xc1, 0xf7, 0x1,
    0xcf, 0x47, 0x9e, 0x7, 0x3d, 0x9e, 0x70, 0xff,
    0xff, 0xf3, 0x80, 0x73, 0xc3, 0xcd, 0x81, 0xcf,
    0xf, 0xff, 0x94, 0x36, 0x3f, 0xff, 0x7f, 0xfd,
    0xf3, 0x81, 0xce, 0x77, 0xce, 0x7, 0x39, 0xff,
    0x38, 0x1c, 0xe7, 0xbc, 0xec, 0x73, 0x9c, 0xf3,
    0xf9, 0xff, 0xf3, 0xff, 0xe7, 0x39, 0x8f, 0x38,
    0x1c, 0xe6, 0x3c, 0xe0, 0x43, 0x9c, 0xf3, 0x81,
    0xff, 0xfb, 0xce, 0x0, 0x38, 0xf, 0x3b, 0x0,
    0xe2, 0x3c, 0xfe, 0x3, 0x9c, 0xff, 0xfb, 0xff,
    0xfb, 0xce, 0x0, 0x70, 0xf, 0x38, 0x1, 0xf8,
    0x3c, 0xe0, 0xe, 0xf8, 0xf3, 0x80, 0x31, 0xe3,
    0xce, 0xc1, 0xc3, 0xcf, 0x3b, 0x8c, 0xe, 0x3f,
    0xff, 0x60, 0x0, 0xf0, 0x2, 0x0, 0x3, 0x80,
    0x0,

    /* U+96E8 "雨" */
    0x0, 0x0, 0x0, 0x20, 0x0, 0x0, 0x1, 0xc0,
    0x0, 0x0, 0xf, 0xbf, 0xff, 0xff, 0xff, 0x0,
    0x7, 0x80, 0x0, 0x0, 0x1e, 0x0, 0x2, 0x0,
    0x78, 0x4, 0xf, 0xff, 0xff, 0xf8, 0x3f, 0xff,
    0xff, 0xf8, 0xf0, 0x1e, 0x3, 0xc3, 0xc0, 0x78,
    0xf, 0xf, 0x71, 0xee, 0x3c, 0x3c, 0xe7, 0xbc,
    0xf0, 0xf3, 0xde, 0x7b, 0xc3, 0xc7, 0x79, 0xef,
    0xf, 0x1d, 0xe3, 0xbc, 0x3c, 0x7, 0x80, 0xf0,
    0xf0, 0x1e, 0x3, 0xc3, 0xd8, 0x7b, 0xf, 0xf,
    0x79, 0xef, 0x3c, 0x3c, 0xf7, 0x9e, 0xf0, 0xf3,
    0xde, 0x7b, 0xc3, 0xc7, 0x79, 0xef, 0xf, 0x1,
    0xe0, 0x3c, 0x3c, 0x7, 0x80, 0xf0, 0xf0, 0x1e,
    0x3, 0xc3, 0xc0, 0x78, 0xff, 0xf, 0x1, 0xe0,
    0xfc, 0x3c, 0x7, 0x81, 0xe0, 0xe0, 0x1c, 0x7,
    0x0,

    /* U+96EA "雪" */
    0x0, 0x0, 0x1, 0x80, 0x0, 0x0, 0x7, 0x80,
    0x7f, 0xff, 0xff, 0xc0, 0x0, 0x3c, 0x0, 0x1,
    0x0, 0x78, 0x3, 0x3, 0xff, 0xff, 0xff, 0x7,
    0xff, 0xff, 0xff, 0x1c, 0x3, 0xc0, 0x3e, 0x78,
    0x47, 0x82, 0x79, 0xf0, 0xcf, 0xe, 0xc3, 0xdf,
    0xfe, 0xff, 0x7, 0x0, 0x3c, 0x0, 0x0, 0x4,
    0x78, 0x10, 0x0, 0x1c, 0xf0, 0x70, 0x3, 0xff,
    0xef, 0xf8, 0x0, 0x3, 0xc0, 0x0, 0x0, 0x7,
    0x2, 0x0, 0x0, 0x0, 0x6, 0x0, 0x3f, 0xff,
    0xfe, 0x0, 0x7f, 0xff, 0xfe, 0x0, 0x0, 0x0,
    0x78, 0x0, 0x0, 0x0, 0xf0, 0x1, 0xff, 0xff,
    0xe0, 0x0, 0x0, 0x3, 0xc0, 0x0, 0x0, 0x7,
    0x80, 0x0, 0x0, 0xf, 0x0, 0x0, 0x0, 0x1e,
    0x0, 0xff, 0xff, 0xfc, 0x0, 0x0, 0x0, 0x78,
    0x0, 0x0, 0x0, 0xe0, 0x0,

    /* U+96F2 "雲" */
    0x0, 0x0, 0x0, 0x0, 0x0, 0x0, 0x6, 0x0,
    0x0, 0x0, 0x3c, 0x3, 0xff, 0xff, 0xf8, 0x0,
    0x7, 0x80, 0x0, 0x0, 0x1e, 0x0, 0x80, 0xff,
    0xff, 0xff, 0x7, 0xff, 0xff, 0xfe, 0x38, 0x7,
    0x80, 0x7d, 0xe1, 0x9e, 0x1d, 0x8f, 0xff, 0xfb,
    0xfc, 0x3c, 0x1, 0xe0, 0x0, 0x20, 0x67, 0x83,
    0x0, 0x1, 0xde, 0xe, 0x0, 0xff, 0xfb, 0xfc,
    0x0, 0x1, 0xe0, 0x0, 0x0, 0x7, 0x1, 0x0,
    0x0, 0x0, 0xf, 0x0, 0xff, 0xff, 0xfe, 0x0,
    0x0, 0x0, 0x10, 0x0, 0x0, 0x0, 0xf1, 0xff,
    0xff, 0xff, 0xe0, 0x3, 0xc0, 0x0, 0x0, 0x1e,
    0x7, 0x0, 0x0, 0x70, 0xf, 0x0, 0x1, 0x80,
    0x1f, 0x0, 0xc, 0x0, 0x3e, 0xf, 0xff, 0xff,
    0x78, 0x1f, 0xff, 0x81, 0xf0, 0x7f, 0x80, 0x3,
    0xc0, 0x80, 0x0, 0x4, 0x0,

    /* U+96FB "電" */
    0x0, 0x0, 0x1, 0x80, 0x0, 0x0, 0x3, 0x80,
    0x7f, 0xff, 0xff, 0x80, 0x0, 0x3c, 0x0, 0x1,
    0x0, 0x78, 0x3, 0x3, 0xff, 0xff, 0xff, 0x7,
    0xff, 0xff, 0xff, 0x1c, 0x3, 0xc0, 0x3e, 0xf8,
    0x67, 0x83, 0x71, 0xff, 0xff, 0x7f, 0xc3, 0xc1,
    0x1e, 0x4, 0x0, 0x7, 0x3c, 0x1c, 0x0, 0xff,
    0xfb, 0xfc, 0x0, 0x0, 0xf0, 0x0, 0x3, 0x1,
    0xc0, 0xe0, 0x7, 0xff, 0xff, 0xe0, 0xf, 0x7,
    0x83, 0xc0, 0x1e, 0xf, 0x7, 0x80, 0x3c, 0x1e,
    0xf, 0x0, 0x7f, 0xff, 0xfe, 0x0, 0xf0, 0x78,
    0x3c, 0x1, 0xe0, 0xf0, 0x78, 0x3, 0xc1, 0xe0,
    0xf0, 0x7, 0xff, 0xff, 0xec, 0xf, 0x7, 0x83,
    0xd8, 0x1e, 0xf, 0x0, 0x70, 0x0, 0x1f, 0xff,
    0xf0, 0x0, 0x1f, 0xff, 0xe0, 0x0, 0x1f, 0xff,
    0x80,

    /* U+9707 "震" */
    0x0, 0x0, 0x1, 0x80, 0x0, 0x0, 0xf, 0x1,
    0xff, 0xff, 0xfe, 0x0, 0x3, 0xe0, 0x8, 0xf,
    0xff, 0xff, 0xf0, 0x7f, 0xff, 0xff, 0xe3, 0x84,
    0xf8, 0x7, 0xde, 0x3b, 0xe1, 0xdc, 0xff, 0xff,
    0xff, 0xc3, 0xc1, 0x3e, 0x0, 0x2, 0xe, 0xf8,
    0x38, 0x1, 0xff, 0xff, 0xf0, 0x10, 0xf, 0x0,
    0xe0, 0x7f, 0xff, 0xff, 0xc1, 0xff, 0xff, 0xff,
    0x87, 0x80, 0x0, 0x60, 0x1e, 0x0, 0x3, 0xc0,
    0x7b, 0xff, 0xff, 0x81, 0xe0, 0x0, 0x6, 0x7,
    0x80, 0x0, 0x3c, 0x1f, 0xff, 0xff, 0xfc, 0x79,
    0xe2, 0x7, 0x1, 0xc7, 0x84, 0x3e, 0x7, 0x1e,
    0x19, 0xe0, 0x1c, 0x78, 0x3c, 0x0, 0xe1, 0xe1,
    0xff, 0x3, 0x3f, 0xf9, 0xff, 0xdc, 0xff, 0x3,
    0xfc, 0x41, 0xe0, 0x3, 0xf2, 0x4, 0x0, 0x1,
    0x80,

    /* U+9752 "青" */
    0x0, 0x7, 0xc0, 0x0, 0x0, 0xf, 0x1, 0xc0,
    0x0, 0x1e, 0x3, 0xc1, 0xff, 0xff, 0xff, 0xc0,
    0x0, 0x78, 0x0, 0x0, 0x0, 0xf0, 0x18, 0x0,
    0x1, 0xe0, 0x78, 0x7, 0xff, 0xff, 0xf8, 0x0,
    0x7, 0x80, 0x20, 0x0, 0xf, 0x0, 0xf3, 0xff,
    0xff, 0xff, 0xf0, 0x0, 0x0, 0x0, 0x0, 0x0,
    0x0, 0x20, 0x0, 0x70, 0x0, 0xe0, 0x0, 0xff,
    0xff, 0xe0, 0x1, 0xff, 0xff, 0xe0, 0x3, 0xe0,
    0x7, 0x80, 0x7, 0xc0, 0xf, 0x0, 0xf, 0xff,
    0xfe, 0x0, 0x1f, 0x0, 0x3c, 0x0, 0x3e, 0x0,
    0x78, 0x0, 0x7c, 0x0, 0xf0, 0x0, 0xff, 0xff,
    0xe0, 0x1, 0xf0, 0x3, 0xc0, 0x3, 0xe0, 0x7,
    0x80, 0x7, 0xc0, 0xf, 0x0, 0xf, 0x83, 0xfe,
    0x0, 0x1f, 0x0, 0xfc, 0x0, 0x3e, 0x1, 0xf0,
    0x0, 0x78, 0x3, 0x80, 0x0,

    /* U+9759 "静" */
    0x4, 0x0, 0x40, 0x0, 0xf, 0x1, 0xf0, 0x0,
    0x1e, 0x43, 0xe4, 0x0, 0x3d, 0xc7, 0x9e, 0xf,
    0xff, 0xcf, 0xfe, 0x0, 0xf0, 0x3c, 0xfc, 0x1,
    0xec, 0x71, 0xe0, 0x3, 0xdc, 0xc7, 0x80, 0x7f,
    0xff, 0x8e, 0x20, 0xf, 0x6, 0x18, 0xe0, 0x1e,
    0x7f, 0xff, 0xc0, 0x3d, 0xe3, 0xc7, 0xcf, 0xff,
    0xe7, 0x8f, 0x0, 0x0, 0xf, 0x1e, 0x1c, 0x1c,
    0x1e, 0x3f, 0x3f, 0xff, 0xff, 0xff, 0x78, 0x78,
    0x78, 0xf0, 0xf0, 0xf0, 0xf1, 0xe1, 0xe1, 0xe1,
    0xe3, 0xc3, 0xff, 0xc3, 0xc7, 0x87, 0x87, 0x87,
    0x8f, 0xf, 0xf, 0x7f, 0xfe, 0x1f, 0xfe, 0x1e,
    0x3c, 0x3c, 0x3c, 0x3c, 0x0, 0x78, 0x78, 0x78,
    0x0, 0xf0, 0xf0, 0xf0, 0x1, 0xe1, 0xe1, 0xe0,
    0x3, 0xcf, 0x9f, 0xc0, 0x7, 0x8f, 0xf, 0x80,
    0xf, 0x1e, 0x1e, 0x0, 0x1c, 0x38, 0x38, 0x0,
    0x0,

    /* U+975E "非" */
    0x0, 0x78, 0xf0, 0x0, 0x0, 0xf9, 0xf0, 0x0,
    0x1, 0xe3, 0xe0, 0x0, 0x3, 0xc7, 0xc0, 0x0,
    0x7, 0x8f, 0x87, 0x0, 0xf, 0x1f, 0x1f, 0xf,
    0xfe, 0x3f, 0xff, 0x0, 0x3c, 0x7c, 0x0, 0x0,
    0x78, 0xf8, 0x0, 0x0, 0xf1, 0xf0, 0x0, 0x1,
    0xe3, 0xe0, 0x0, 0x3, 0xc7, 0xc3, 0x0, 0x7,
    0x8f, 0x8f, 0x7, 0xff, 0x1f, 0xff, 0x0, 0x1e,
    0x3e, 0x0, 0x0, 0x3c, 0x7c, 0x0, 0x0, 0x7a,
    0xf8, 0x0, 0x0, 0xf9, 0xf0, 0x40, 0x3f, 0xe3,
    0xe0, 0xc7, 0xff, 0xc7, 0xc3, 0xcf, 0xf7, 0x8f,
    0xff, 0xef, 0x9e, 0x1f, 0x0, 0x18, 0x3c, 0x3e,
    0x0, 0x0, 0xf8, 0x7c, 0x0, 0x1, 0xe0, 0xf8,
    0x0, 0x7, 0x81, 0xf0, 0x0, 0x1e, 0x3, 0xe0,
    0x0, 0x70, 0x7, 0xc0, 0x1, 0x80, 0xf, 0x80,
    0xc, 0x0, 0x1e, 0x0, 0x0,

    /* U+9762 "面" */
    0x0, 0x0, 0x0, 0x40, 0x0, 0x0, 0x7, 0x0,
    0x0, 0x0, 0x7d, 0xff, 0xff, 0xff, 0xf0, 0x0,
    0xf8, 0x0, 0x0, 0x7, 0x80, 0x0, 0x0, 0x78,
    0x2, 0x7, 0x3, 0x80, 0x3c, 0x3f, 0xff, 0xff,
    0xf1, 0xe3, 0xc7, 0x8f, 0xf, 0x1e, 0x3c, 0x78,
    0x78, 0xf1, 0xe3, 0xc3, 0xc7, 0x8f, 0x1e, 0x1e,
    0x3c, 0x78, 0xf0, 0xf1, 0xff, 0xc7, 0x87, 0x8f,
    0x1e, 0x3c, 0x3c, 0x78, 0xf1, 0xe1, 0xe3, 0xc7,
    0x8f, 0xf, 0x1e, 0x3c, 0x78, 0x78, 0xf1, 0xe3,
    0xc3, 0xc7, 0xff, 0x1e, 0x1e, 0x3c, 0x78, 0xf0,
    0xf1, 0xe3, 0xc7, 0x87, 0x8f, 0x1e, 0x3c, 0x3c,
    0x78, 0xf1, 0xe1, 0xe3, 0xc7, 0x8f, 0xf, 0xff,
    0xff, 0xf8, 0x7f, 0xff, 0xff, 0xc3, 0xc0, 0x0,
    0x1e, 0x1e, 0x0, 0x0, 0xe0,

    /* U+9769 "革" */
    0x1, 0xf8, 0x3e, 0x0, 0x7, 0x80, 0xf1, 0x0,
    0x1e, 0x3, 0xce, 0x0, 0x78, 0xf, 0x7c, 0x7f,
    0xff, 0xff, 0xf8, 0x7, 0x80, 0xf0, 0x0, 0x1e,
    0x3, 0xc0, 0x0, 0x78, 0xf, 0x0, 0x1, 0xff,
    0xfc, 0x0, 0x7, 0x9e, 0xf0, 0x0, 0x10, 0x78,
    0x0, 0x3, 0xff, 0xff, 0xe0, 0xf, 0xff, 0xff,
    0xc0, 0x3c, 0x1e, 0x1f, 0x0, 0xf0, 0x78, 0x7c,
    0x3, 0xc1, 0xe1, 0xf0, 0xf, 0x7, 0x87, 0xc0,
    0x3c, 0x1e, 0x1f, 0x0, 0xff, 0xff, 0xfc, 0x3,
    0xc1, 0xe1, 0xe0, 0xe, 0x7, 0x80, 0x40, 0x0,
    0x1e, 0x3, 0x80, 0x0, 0x78, 0xf, 0xbf, 0xff,
    0xff, 0xff, 0x0, 0x7, 0x80, 0x0, 0x0, 0x1e,
    0x0, 0x0, 0x0, 0x78, 0x0, 0x0, 0x1, 0xe0,
    0x0, 0x0, 0x7, 0x80, 0x0, 0x0, 0x1c, 0x0,
    0x0,

    /* U+9774 "靴" */
    0x3c, 0xf1, 0x88, 0x0, 0x79, 0xe3, 0xff, 0x0,
    0xf3, 0xe7, 0xfc, 0x1, 0xe7, 0xef, 0x78, 0xf,
    0xff, 0xfe, 0xf0, 0x7, 0x9e, 0x3d, 0xe0, 0xf,
    0x3c, 0x73, 0xc0, 0x1e, 0x78, 0xe7, 0x90, 0x3f,
    0xf3, 0x8f, 0x38, 0x7f, 0x87, 0xde, 0xfb, 0x9e,
    0xcf, 0xbd, 0xe7, 0xff, 0xdf, 0x7f, 0x8f, 0x73,
    0xfe, 0xfc, 0x1e, 0xe7, 0xbd, 0xe0, 0x3d, 0xce,
    0x7b, 0xc0, 0x7b, 0x9c, 0xf7, 0x80, 0xf7, 0x39,
    0xef, 0x1, 0xff, 0xf3, 0xde, 0x3, 0xff, 0xe7,
    0xbc, 0x7, 0xbd, 0xcf, 0x78, 0xe, 0x78, 0x1e,
    0xf0, 0x0, 0xf3, 0x3d, 0xe1, 0x3f, 0xff, 0xfb,
    0xc2, 0x3, 0xc0, 0xf7, 0x84, 0x7, 0x81, 0xef,
    0x8, 0xf, 0x3, 0xde, 0x30, 0x1e, 0x7, 0xbf,
    0xf0, 0x3c, 0xf, 0x7f, 0xe0, 0x78, 0x1e, 0x7f,
    0x80, 0xe0, 0x38, 0x0, 0x0,

    /* U+97F3 "音" */
    0x0, 0x7, 0xc0, 0x0, 0x0, 0x1e, 0x2, 0x0,
    0x0, 0x78, 0x1c, 0x0, 0x1, 0xe0, 0x78, 0x7f,
    0xff, 0xff, 0xf0, 0x4, 0x0, 0x60, 0x0, 0x1c,
    0x1, 0xf0, 0x0, 0x3c, 0xf, 0x80, 0x0, 0xf0,
    0x3c, 0x0, 0x1, 0xe0, 0xe3, 0x0, 0x7, 0x86,
    0xf, 0x3f, 0xff, 0xff, 0xfe, 0xff, 0xff, 0xff,
    0xf8, 0x0, 0x0, 0x0, 0x0, 0x40, 0x0, 0x40,
    0x1, 0xff, 0xff, 0xc0, 0x7, 0xff, 0xff, 0x80,
    0x1f, 0x0, 0x3e, 0x0, 0x7c, 0x0, 0xf0, 0x1,
    0xf0, 0x3, 0xc0, 0x7, 0xc0, 0xf, 0x0, 0x1f,
    0xff, 0xfc, 0x0, 0x7c, 0x0, 0xf0, 0x1, 0xf0,
    0x3, 0xc0, 0x7, 0xc0, 0xf, 0x0, 0x1f, 0x0,
    0x3c, 0x0, 0x7f, 0xff, 0xf0, 0x1, 0xf0, 0x3,
    0xc0, 0x7, 0xc0, 0xf, 0x0, 0x1e, 0x0, 0x30,
    0x0,

    /* U+97FF "響" */
    0x4, 0x0, 0x0, 0x0, 0x1c, 0x63, 0x90, 0xc0,
    0xf9, 0xff, 0x7f, 0x9e, 0x67, 0x39, 0xdc, 0x3b,
    0xff, 0xe7, 0x60, 0xfe, 0x73, 0x9d, 0x1, 0xf9,
    0xce, 0x76, 0x3, 0xff, 0xf9, 0xdc, 0x19, 0xdd,
    0xc7, 0x33, 0xff, 0x73, 0xdc, 0xef, 0xf9, 0xc7,
    0x73, 0x9d, 0xe7, 0xfd, 0xde, 0x47, 0x7e, 0x37,
    0x78, 0x38, 0xe0, 0x1d, 0xc1, 0xc0, 0x78, 0x18,
    0xf, 0xff, 0xff, 0xf8, 0x6f, 0xff, 0xff, 0xe0,
    0x1, 0xe1, 0xf8, 0x0, 0x7, 0x87, 0x87, 0x3f,
    0xff, 0xff, 0xfe, 0xff, 0xff, 0xff, 0xf8, 0xf,
    0xff, 0xfc, 0x0, 0x3f, 0xff, 0xf8, 0x0, 0xf0,
    0x3, 0xc0, 0x3, 0xff, 0xff, 0x0, 0xf, 0x0,
    0x3c, 0x0, 0x3c, 0x0, 0xf0, 0x0, 0xff, 0xff,
    0xc0, 0x3, 0xc0, 0xf, 0x0, 0xe, 0x0, 0x38,
    0x0,

    /* U+9803 "頃" */
    0x0, 0x0, 0x0, 0x80, 0x0, 0x0, 0x6, 0x3e,
    0x0, 0x0, 0x79, 0xe0, 0xff, 0xff, 0xff, 0x0,
    0x7, 0x80, 0x78, 0x0, 0x38, 0x3, 0xc0, 0x71,
    0xc4, 0x1e, 0x3, 0xff, 0xf0, 0xf3, 0x9f, 0xff,
    0xe7, 0x9e, 0xf8, 0x1e, 0x3d, 0xff, 0xc0, 0xf1,
    0xfe, 0x3e, 0x7, 0x8f, 0x81, 0xff, 0xfc, 0x78,
    0xf, 0x81, 0xe3, 0xc0, 0x7c, 0xf, 0x1e, 0x3,
    0xe0, 0x78, 0xf0, 0x1f, 0x3, 0xc7, 0x84, 0xff,
    0xfe, 0x3c, 0x27, 0xc0, 0xf1, 0xe1, 0x3e, 0x7,
    0x8f, 0x19, 0xf0, 0x3c, 0x78, 0xcf, 0x81, 0xe3,
    0xff, 0x7f, 0xff, 0x1f, 0xfb, 0xe0, 0x70, 0xff,
    0xc3, 0x9e, 0x3, 0xf8, 0x3e, 0x7e, 0x0, 0x3,
    0xf8, 0xf8, 0x0, 0x7e, 0x7, 0xe0, 0x7, 0xc0,
    0x1f, 0x0, 0xf0, 0x0, 0x78, 0x8, 0x0, 0x1,
    0x80,

    /* U+982D "頭" */
    0x0, 0x10, 0x0, 0x30, 0x0, 0x30, 0x0, 0x78,
    0x0, 0xff, 0xff, 0xfb, 0xff, 0xf0, 0x78, 0x0,
    0x0, 0x0, 0xe0, 0x0, 0x0, 0x11, 0x84, 0x8,
    0xc, 0x3e, 0x1c, 0x1c, 0x1e, 0x7f, 0xfc, 0x3f,
    0xfc, 0xf0, 0x7c, 0x78, 0x71, 0xe0, 0xf0, 0xf0,
    0xe3, 0xc1, 0xe1, 0xe1, 0xc7, 0x83, 0xc3, 0xc3,
    0x8f, 0xff, 0x87, 0x87, 0x1e, 0xf, 0xf, 0xfe,
    0x3c, 0x1e, 0x1e, 0x1c, 0x78, 0x3c, 0x38, 0x30,
    0xff, 0xf8, 0x20, 0xe1, 0xe0, 0xf0, 0x71, 0xf3,
    0xc1, 0xe0, 0xf3, 0x87, 0x83, 0xc0, 0xe6, 0xf,
    0x7, 0x81, 0xcc, 0x1f, 0xff, 0x3, 0xb0, 0x3c,
    0x1e, 0x2, 0x7f, 0x70, 0x0, 0x1f, 0xf0, 0x79,
    0xf0, 0xff, 0x81, 0xf9, 0xf9, 0xfc, 0x7, 0xe1,
    0xf1, 0xe0, 0x1f, 0x1, 0xf3, 0x0, 0xf0, 0x1,
    0xe0, 0x7, 0x0, 0x1, 0x80,

    /* U+983C "頼" */
    0x0, 0x0, 0x0, 0x20, 0xf, 0x80, 0x1, 0xc0,
    0x3c, 0x0, 0xf, 0x80, 0xf2, 0xff, 0xff, 0x3,
    0xdc, 0x1e, 0x0, 0xf, 0x78, 0x70, 0x7, 0xff,
    0xf1, 0xc4, 0x0, 0xf0, 0x7f, 0xf8, 0x3, 0xc9,
    0xff, 0xf9, 0xff, 0xf7, 0x83, 0xc7, 0xff, 0xfe,
    0xf, 0x1c, 0xf7, 0x78, 0x3c, 0x73, 0xdd, 0xff,
    0xf1, 0xcf, 0x77, 0x83, 0xc7, 0x3d, 0xde, 0xf,
    0x1c, 0xf7, 0x78, 0x3c, 0x7f, 0xfd, 0xe0, 0xf1,
    0xdf, 0x77, 0xff, 0xc6, 0x7c, 0x1e, 0xf, 0x1,
    0xf0, 0x78, 0x3c, 0xf, 0xf9, 0xe0, 0xf0, 0x3f,
    0x77, 0x83, 0xc1, 0xfd, 0xff, 0xff, 0x7, 0xf7,
    0xf8, 0x3c, 0x3b, 0xce, 0x23, 0x80, 0xcf, 0x1,
    0xe7, 0x86, 0x3c, 0xf, 0xcf, 0xb0, 0xf0, 0x7c,
    0x1e, 0x3, 0xc3, 0xc0, 0x7c, 0xf, 0x1c, 0x0,
    0xe0, 0x38, 0xc0, 0x3, 0x0,

    /* U+984C "題" */
    0x20, 0x18, 0x0, 0x10, 0x70, 0x78, 0x0, 0x78,
    0xff, 0xff, 0xff, 0xf9, 0xe1, 0xf0, 0x70, 0x3,
    0xc3, 0xe8, 0xe4, 0x7, 0x87, 0xdf, 0x9e, 0xf,
    0xff, 0xbf, 0xfe, 0x1e, 0x1f, 0x78, 0x7c, 0x3c,
    0x3e, 0xf0, 0xf8, 0x78, 0x7d, 0xe1, 0xf0, 0xff,
    0xfb, 0xff, 0xe1, 0xe1, 0xf7, 0x87, 0xc3, 0x80,
    0x4f, 0xf, 0x80, 0x1, 0xde, 0x1f, 0x1f, 0xff,
    0xff, 0xfe, 0x1, 0xe0, 0x78, 0x7c, 0x3, 0xc0,
    0xf0, 0xf8, 0x77, 0x81, 0xe1, 0xf0, 0xff, 0x33,
    0xff, 0xe1, 0xde, 0xf7, 0x87, 0x83, 0xbf, 0xff,
    0x38, 0x7, 0x78, 0xf, 0xbe, 0xe, 0xf0, 0x1f,
    0x1e, 0x1b, 0xe0, 0x78, 0x3e, 0x33, 0xc1, 0xc0,
    0x3c, 0x67, 0xc4, 0x0, 0x0, 0x87, 0xff, 0xff,
    0xf3, 0x3, 0xff, 0xff, 0xc4, 0x0, 0xff, 0xff,
    0x90, 0x0, 0x0, 0x0, 0x0,

    /* U+9854 "顔" */
    0x3, 0xe0, 0x0, 0x30, 0x7, 0x80, 0x0, 0xf0,
    0xf, 0x37, 0xff, 0xf8, 0x1e, 0xf0, 0x7c, 0x7,
    0xff, 0xf0, 0xf0, 0xf, 0xff, 0xe1, 0xc0, 0x3,
    0xe, 0x33, 0x8, 0x7, 0x3e, 0x7f, 0xfc, 0xf,
    0x70, 0xff, 0xfc, 0xe, 0xc9, 0xe0, 0xf0, 0xff,
    0xfb, 0xc1, 0xe1, 0xff, 0xff, 0x83, 0xc3, 0x83,
    0xf, 0xff, 0x87, 0xf, 0x9e, 0xf, 0xe, 0x3e,
    0x3c, 0x1e, 0x1c, 0xf0, 0x78, 0x3c, 0x3b, 0x90,
    0xf0, 0x78, 0x78, 0x79, 0xff, 0xf0, 0xe1, 0xfb,
    0xc1, 0xe1, 0xc7, 0x87, 0x83, 0xc3, 0x9d, 0xf,
    0x7, 0x86, 0xc3, 0x9f, 0xff, 0xc, 0xf, 0xfc,
    0x1c, 0x38, 0x3e, 0x78, 0xe0, 0x70, 0xf8, 0x3c,
    0xf0, 0xc3, 0xe0, 0xfc, 0xf1, 0x8f, 0x3, 0xe1,
    0xf2, 0x3c, 0xf, 0x1, 0xe8, 0xe0, 0x78, 0x1,
    0xc2, 0x1, 0x80, 0x1, 0x0,

    /* U+9858 "願" */
    0x0, 0x0, 0x0, 0x0, 0x0, 0x18, 0x0, 0x71,
    0x80, 0x78, 0x1, 0xf3, 0xff, 0xff, 0xff, 0xf7,
    0xf, 0x80, 0x70, 0xe, 0x1c, 0x10, 0xc4, 0x1d,
    0x33, 0x3d, 0x1c, 0x3b, 0xcf, 0x7f, 0xfe, 0x77,
    0xfe, 0xf0, 0x78, 0xef, 0x3d, 0xe0, 0xf1, 0xde,
    0x7b, 0xc1, 0xe3, 0xbc, 0xf7, 0x83, 0xc7, 0x7f,
    0xef, 0xff, 0x8e, 0xf3, 0xde, 0xf, 0x1d, 0xe7,
    0xbc, 0x1e, 0x3b, 0xcf, 0x78, 0x3c, 0x77, 0xfe,
    0xff, 0xf8, 0xef, 0xf1, 0xe0, 0xf1, 0xc3, 0xc3,
    0xc1, 0xe3, 0xb7, 0xc7, 0x83, 0xc7, 0x7f, 0x6f,
    0x7, 0x8e, 0xde, 0xff, 0xff, 0x1d, 0xbd, 0xfc,
    0x1e, 0x36, 0x7b, 0xf8, 0xe0, 0x6c, 0xf7, 0x3c,
    0xf0, 0xd1, 0xe0, 0x7c, 0xf3, 0x5f, 0xc1, 0xe1,
    0xf6, 0xf, 0x87, 0x81, 0xe8, 0x1e, 0x1c, 0x3,
    0xd0, 0x38, 0x60, 0x3, 0x0,

    /* U+985E "類" */
    0x0, 0x0, 0x0, 0x0, 0xf, 0x0, 0x1, 0xc7,
    0x39, 0xc0, 0xf, 0x8e, 0xe7, 0xff, 0xff, 0x3b,
    0xb8, 0xe, 0x0, 0xee, 0xc0, 0x31, 0x1, 0x38,
    0xee, 0x8e, 0x3f, 0xff, 0xff, 0xfe, 0xf, 0x80,
    0xf0, 0xf0, 0x3f, 0xc3, 0xc3, 0xc1, 0xfb, 0xcf,
    0xf, 0x7, 0xe7, 0xbc, 0x3c, 0x3b, 0x9e, 0xff,
    0xf1, 0xce, 0x3b, 0xc3, 0xc4, 0x38, 0xf, 0xf,
    0x20, 0x0, 0x3c, 0x3c, 0x7, 0x80, 0xff, 0xf0,
    0x1e, 0x63, 0xc3, 0xc0, 0x79, 0xcf, 0xf, 0x3f,
    0xff, 0xfc, 0x3c, 0x7, 0x80, 0xf0, 0xf0, 0x1e,
    0x3, 0xff, 0xc0, 0x77, 0x8f, 0xe, 0x3, 0xdf,
    0x38, 0xc0, 0xe, 0x3e, 0xb1, 0xe0, 0x38, 0x79,
    0xe3, 0xc1, 0xc1, 0xcf, 0xcf, 0x8e, 0x0, 0x7c,
    0x1e, 0x60, 0x3, 0xc0, 0x3a, 0x0, 0x18, 0x0,
    0xc0, 0x0, 0x80, 0x0, 0x0,

    /* U+98A8 "風" */
    0x10, 0x0, 0x0, 0xc0, 0x7f, 0xff, 0xff, 0x81,
    0xff, 0xff, 0xff, 0x7, 0x80, 0x0, 0x78, 0x1e,
    0x0, 0x71, 0xe0, 0x78, 0xf, 0xe7, 0x81, 0xe1,
    0xff, 0xde, 0x7, 0xff, 0xf0, 0x78, 0x1e, 0x7,
    0x81, 0xe0, 0x78, 0x1e, 0x7, 0x81, 0xec, 0x7b,
    0x9e, 0x7, 0xbf, 0xff, 0x78, 0x1e, 0xe7, 0xb9,
    0xe0, 0x7b, 0x9e, 0xe7, 0x81, 0xee, 0x7b, 0x9e,
    0x7, 0xb9, 0xee, 0x78, 0x1e, 0xe7, 0xb9, 0xe0,
    0x7b, 0x9e, 0xe7, 0x81, 0xef, 0xff, 0x9e, 0x7,
    0xb9, 0xee, 0x78, 0x1c, 0xc7, 0x81, 0xe4, 0x70,
    0x1e, 0xc3, 0xd3, 0xc0, 0x7b, 0x8f, 0x4e, 0x1,
    0xe7, 0x3f, 0x3b, 0xff, 0xfe, 0xfc, 0xcf, 0xff,
    0x39, 0xf7, 0x3f, 0xc0, 0xe7, 0xd8, 0x70, 0x3,
    0x8f, 0xc1, 0x0, 0x4, 0x3e, 0x0, 0x0, 0x0,
    0x70,

    /* U+98DB "飛" */
    0x0, 0x0, 0x8, 0x0, 0x7f, 0xff, 0xf8, 0x0,
    0xff, 0xff, 0xf9, 0x80, 0x0, 0x0, 0xe3, 0xc0,
    0x1c, 0xf9, 0xee, 0x0, 0x7d, 0xe3, 0xfc, 0x1,
    0xff, 0xc3, 0xbc, 0x7, 0xc7, 0x87, 0x38, 0x1f,
    0x8f, 0xf, 0x30, 0xef, 0x9e, 0xf, 0x12, 0x1e,
    0x3c, 0x1f, 0x20, 0x3c, 0x78, 0x1f, 0xc0, 0x78,
    0xf0, 0x9f, 0xdf, 0xff, 0xff, 0x9f, 0xbf, 0xff,
    0xff, 0xdf, 0x3, 0xc7, 0x8e, 0x30, 0x7, 0x8f,
    0x1e, 0x78, 0xf, 0x1e, 0x3d, 0xc0, 0x1e, 0x3c,
    0x7f, 0x0, 0x38, 0x78, 0x77, 0x80, 0xf0, 0xf0,
    0xe7, 0x81, 0xe1, 0xe1, 0xe7, 0x3, 0x83, 0xc3,
    0xcc, 0x7, 0x7, 0x83, 0xc4, 0x1c, 0xf, 0x7,
    0xe8, 0x30, 0x1e, 0x7, 0xf0, 0xc0, 0x3c, 0x7,
    0xf3, 0x0, 0x78, 0x7, 0xe8, 0x0, 0xe0, 0x3,
    0xc0,

    /* U+98DF "食" */
    0x0, 0xf, 0x0, 0x0, 0x0, 0xfe, 0x0, 0x0,
    0xf, 0xe0, 0x0, 0x0, 0x7c, 0xc0, 0x0, 0x7,
    0xc7, 0x80, 0x0, 0x7c, 0x1f, 0xc0, 0x7, 0x9e,
    0x7f, 0xe0, 0x78, 0xf1, 0xfe, 0x7, 0x7, 0x8b,
    0xe0, 0xff, 0xff, 0xef, 0xc, 0xff, 0xff, 0xd1,
    0x87, 0x80, 0x3c, 0x0, 0x3c, 0x1, 0xe0, 0x1,
    0xff, 0xff, 0x0, 0xf, 0x0, 0x78, 0x0, 0x78,
    0x3, 0xc0, 0x3, 0xc0, 0x1e, 0x0, 0x1f, 0xff,
    0xf0, 0x0, 0xf1, 0x7, 0x80, 0x7, 0x84, 0xf,
    0x0, 0x3c, 0x30, 0xfc, 0x1, 0xe0, 0xcf, 0xc0,
    0xf, 0x7, 0xf0, 0x0, 0x78, 0x7f, 0x0, 0x1f,
    0xfe, 0x7f, 0xc1, 0xff, 0xc1, 0xff, 0xc7, 0xf0,
    0x7, 0xf8, 0x3e, 0x0, 0xf, 0xc0, 0x80, 0x0,
    0x1c, 0x0,

    /* U+98EF "飯" */
    0x6, 0x0, 0x0, 0x30, 0xf, 0x80, 0x0, 0xf0,
    0x1f, 0x3, 0xff, 0xf0, 0x7b, 0x87, 0xff, 0xf0,
    0xe7, 0x8e, 0x0, 0x3, 0x87, 0x9c, 0x0, 0x6,
    0xee, 0x38, 0x0, 0x19, 0xc0, 0x70, 0x10, 0x7b,
    0xb0, 0xe0, 0x70, 0xbf, 0xf1, 0xff, 0xf2, 0x71,
    0xf3, 0xc1, 0xf0, 0xe3, 0xc7, 0x83, 0xc1, 0xc7,
    0x8e, 0x8f, 0x83, 0x8f, 0x1d, 0x1e, 0x7, 0xfe,
    0x3a, 0x3c, 0xe, 0x3c, 0x74, 0x78, 0x1c, 0x79,
    0xec, 0xf0, 0x38, 0xf3, 0xdb, 0xc0, 0x7f, 0xe7,
    0xbf, 0x80, 0xe3, 0xce, 0x3f, 0x1, 0xc0, 0x1c,
    0x7c, 0x3, 0x98, 0x38, 0xf8, 0x7, 0x3c, 0xf1,
    0xf0, 0xe, 0x3d, 0xc3, 0xf0, 0x1f, 0xfb, 0x8f,
    0xf1, 0xfe, 0x7e, 0x3f, 0xf9, 0xf8, 0x58, 0x73,
    0xfb, 0xc0, 0x61, 0x83, 0xc3, 0x1, 0x86, 0x7,
    0x4, 0x2, 0x30, 0x4, 0x0,

    /* U+98F2 "飲" */
    0x2, 0x0, 0x0, 0x0, 0xf, 0x0, 0xf0, 0x0,
    0x1f, 0x1, 0xf0, 0x0, 0x7f, 0x87, 0xc0, 0x0,
    0xf3, 0xcf, 0x0, 0x3, 0xc7, 0x9e, 0x6, 0x7,
    0x87, 0xbf, 0xfe, 0x1d, 0xee, 0x7f, 0xfe, 0x73,
    0xd1, 0xfe, 0x79, 0xbf, 0xf3, 0xfc, 0xe0, 0x70,
    0xf6, 0xf9, 0x80, 0xe1, 0xd9, 0xf3, 0x1, 0xc3,
    0xa3, 0xe8, 0x3, 0x87, 0x87, 0xe0, 0x7, 0xfe,
    0xf, 0xc0, 0xe, 0x1c, 0x1f, 0x80, 0x1c, 0x38,
    0x3f, 0x0, 0x38, 0x70, 0x7e, 0x0, 0x7f, 0xe1,
    0xf6, 0x0, 0xe1, 0xc3, 0xcc, 0x1, 0xc8, 0x7,
    0x9c, 0x3, 0x9e, 0xf, 0x38, 0x7, 0x1e, 0x3c,
    0x78, 0xe, 0x1e, 0x78, 0xf8, 0x1f, 0xfd, 0xe0,
    0xfd, 0xff, 0x3b, 0x81, 0xf9, 0xf8, 0x6e, 0x3,
    0xe3, 0xe0, 0x38, 0x3, 0x83, 0x0, 0xc0, 0x2,
    0x4, 0x2, 0x0, 0x4, 0x0,

    /* U+9928 "館" */
    0x7, 0x0, 0x1f, 0x80, 0xf, 0xc0, 0x3e, 0x0,
    0x1f, 0x82, 0x7c, 0x40, 0x7b, 0xcf, 0xff, 0xc1,
    0xe3, 0xff, 0xff, 0xc3, 0x87, 0xf0, 0x7, 0x8e,
    0xf5, 0xe0, 0x1c, 0x39, 0xe3, 0xe0, 0x70, 0x5f,
    0xf9, 0xff, 0xf9, 0x38, 0x7b, 0xc1, 0xe0, 0x70,
    0xe7, 0x83, 0xc0, 0xe1, 0xcf, 0x7, 0x81, 0xc3,
    0x9e, 0xf, 0x3, 0xff, 0x3c, 0x1e, 0x7, 0xe,
    0x7f, 0xfc, 0xe, 0x1c, 0xf0, 0x78, 0x1c, 0x39,
    0xe0, 0x0, 0x38, 0x73, 0xc0, 0x40, 0x7f, 0xe7,
    0xff, 0xc0, 0xe1, 0x8f, 0xff, 0xc1, 0xc0, 0x1e,
    0x7, 0x83, 0x9c, 0x3c, 0xf, 0x7, 0x1e, 0x78,
    0x1e, 0xe, 0xfe, 0xf0, 0x3c, 0xff, 0xfd, 0xe0,
    0x78, 0xfe, 0x3f, 0xff, 0xf1, 0xf0, 0x77, 0x81,
    0xe1, 0xc0, 0x4f, 0x3, 0xc2, 0x0, 0x1c, 0x6,
    0x0,

    /* U+9996 "首" */
    0x1, 0xc0, 0x1c, 0x0, 0x7, 0x80, 0xfc, 0x0,
    0xf, 0x3, 0xc0, 0x0, 0x3e, 0xe, 0x0, 0x0,
    0x78, 0x30, 0x70, 0x1, 0xc1, 0x83, 0xef, 0xff,
    0xff, 0xff, 0xc0, 0x3, 0xe0, 0x0, 0x0, 0xf,
    0x0, 0x0, 0x10, 0x38, 0x8, 0x0, 0x7f, 0xff,
    0xf8, 0x1, 0xff, 0xff, 0xf0, 0x7, 0x80, 0x7,
    0x80, 0x1e, 0x0, 0x1e, 0x0, 0x78, 0x0, 0x78,
    0x1, 0xe0, 0x1, 0xe0, 0x7, 0xff, 0xff, 0x80,
    0x1e, 0x0, 0x1e, 0x0, 0x78, 0x0, 0x78, 0x1,
    0xe0, 0x1, 0xe0, 0x7, 0x80, 0x7, 0x80, 0x1f,
    0xff, 0xfe, 0x0, 0x78, 0x0, 0x78, 0x1, 0xe0,
    0x1, 0xe0, 0x7, 0x80, 0x7, 0x80, 0x1e, 0x0,
    0x1e, 0x0, 0x7f, 0xff, 0xf8, 0x1, 0xe0, 0x1,
    0xe0, 0x7, 0x80, 0x7, 0x80, 0x1c, 0x0, 0x1c,
    0x0,

    /* U+99C4 "駄" */
    0x0, 0xc, 0x3e, 0x0, 0xff, 0xf8, 0xf0, 0x3,
    0xff, 0xf3, 0xc0, 0xe, 0x70, 0xf, 0x0, 0x39,
    0xc8, 0x3c, 0x0, 0xe7, 0x70, 0xf0, 0x83, 0xff,
    0xe3, 0xc7, 0xe, 0x70, 0xf, 0x1e, 0x39, 0xc7,
    0xff, 0xfc, 0xe7, 0x70, 0xf8, 0x3, 0xff, 0xe3,
    0xe0, 0xe, 0x70, 0xf, 0x80, 0x39, 0xc0, 0x3e,
    0x0, 0xe7, 0x20, 0xf8, 0x3, 0xff, 0xc3, 0xf0,
    0xf, 0xff, 0x9e, 0xc0, 0x38, 0x1c, 0x7b, 0x0,
    0xc2, 0x71, 0xe6, 0x1, 0x27, 0xc7, 0x98, 0x16,
    0xdf, 0x1c, 0x70, 0x49, 0xbc, 0xf1, 0xc1, 0xb6,
    0x73, 0xf7, 0x86, 0xdb, 0xdf, 0xcf, 0x3b, 0xf,
    0x77, 0xbe, 0xe8, 0x3b, 0x9e, 0xff, 0x7, 0xec,
    0x79, 0xf0, 0xf, 0x60, 0xe7, 0x0, 0x3b, 0x0,
    0xc, 0x0, 0x10, 0x0, 0x20,

    /* U+99C5 "駅" */
    0x0, 0x0, 0x0, 0x0, 0x0, 0x1c, 0x0, 0x40,
    0xe0, 0x7d, 0xff, 0xe1, 0xff, 0x3, 0xff, 0xe3,
    0x9c, 0x7, 0x7, 0x87, 0x39, 0xe, 0xf, 0xe,
    0x77, 0x1c, 0x1e, 0x1f, 0xff, 0x38, 0x3c, 0x39,
    0xc0, 0x70, 0x78, 0x73, 0x80, 0xe0, 0xf0, 0xe7,
    0x21, 0xc1, 0xe1, 0xce, 0xe3, 0x83, 0xc3, 0xff,
    0xe7, 0x7, 0x87, 0x38, 0xf, 0xff, 0xe, 0x72,
    0x1d, 0x1e, 0x1f, 0xfe, 0x3a, 0x38, 0x3f, 0xff,
    0x76, 0x0, 0x70, 0x39, 0xe4, 0x0, 0x83, 0x73,
    0xc8, 0x0, 0x93, 0xe7, 0x18, 0x4, 0xb7, 0xce,
    0x38, 0xd, 0xbf, 0x9c, 0x78, 0x1b, 0x67, 0x38,
    0x70, 0x36, 0xde, 0xe0, 0xf8, 0xec, 0x39, 0xc1,
    0xf9, 0xd0, 0x73, 0x1, 0xff, 0xf, 0xec, 0x1,
    0xf0, 0x7, 0x98, 0x3, 0xc0, 0xe, 0x60, 0x3,
    0x0, 0x0, 0x0, 0x2, 0x0,

    /* U+9A12 "騒" */
    0x0, 0x18, 0x0, 0x30, 0x7f, 0xfc, 0x1, 0xf0,
    0xff, 0xff, 0xff, 0xf1, 0xce, 0x3, 0xf, 0x83,
    0x9c, 0x3, 0x1e, 0x7, 0x3b, 0x3, 0x78, 0xf,
    0xff, 0x7, 0xe0, 0x1c, 0xe0, 0x7, 0xf0, 0x39,
    0xc0, 0x3f, 0xfe, 0x73, 0xb0, 0xf3, 0xf0, 0xff,
    0xf7, 0x3f, 0xe1, 0xce, 0x30, 0x70, 0x83, 0x9c,
    0x0, 0xe2, 0x7, 0x39, 0x39, 0xce, 0xe, 0x77,
    0x7f, 0xff, 0x1f, 0xff, 0xf7, 0x3c, 0x38, 0x1d,
    0xee, 0x78, 0x41, 0xb3, 0xdc, 0xf0, 0x49, 0xe7,
    0xb9, 0xe2, 0xdb, 0xcf, 0xff, 0xc6, 0xdb, 0x9e,
    0xe7, 0x8d, 0xb7, 0x39, 0xc0, 0x1b, 0x6e, 0x3,
    0x98, 0x76, 0x1c, 0x7, 0x38, 0xc0, 0x3f, 0xff,
    0xf8, 0x80, 0xe7, 0xff, 0x78, 0xf, 0xcf, 0xf0,
    0xf0, 0xf, 0xf, 0x0, 0xe0, 0xc, 0x10, 0x1,
    0xc0,

    /* U+9A13 "験" */
    0x0, 0x18, 0x3e, 0x0, 0x7f, 0xf8, 0x7c, 0x0,
    0xff, 0xf0, 0xf4, 0x1, 0xce, 0x3, 0xcc, 0x3,
    0x9c, 0x7, 0xf, 0x7, 0x3b, 0x1c, 0xf, 0xcf,
    0xff, 0x70, 0x5e, 0x1c, 0xe0, 0xc1, 0xfc, 0x39,
    0xc2, 0xff, 0xf0, 0x73, 0xb8, 0x3c, 0x0, 0xff,
    0xf0, 0x78, 0x81, 0xce, 0x1c, 0xf3, 0xc3, 0x9c,
    0x3f, 0xff, 0xc7, 0x38, 0x7b, 0xcf, 0xf, 0xfe,
    0xf7, 0x9e, 0x1f, 0xff, 0xef, 0x3c, 0x38, 0x1f,
    0xde, 0x78, 0x63, 0x37, 0xbc, 0xf0, 0xb, 0xef,
    0xff, 0xe2, 0xdb, 0xde, 0xf3, 0xc5, 0xbf, 0xb9,
    0xf0, 0xd, 0xb7, 0x7, 0xb0, 0x1b, 0x6e, 0xf,
    0x70, 0x76, 0x1c, 0x1c, 0xf0, 0xe8, 0x38, 0x78,
    0xf9, 0x80, 0xe1, 0xe1, 0xfc, 0xf, 0xc7, 0x81,
    0xe0, 0xf, 0x1c, 0x1, 0xc0, 0xc, 0x60, 0x1,
    0x0, 0x1, 0x0, 0x0, 0x0,

    /* U+9AD8 "高" */
    0x0, 0xf, 0x80, 0x0, 0x0, 0x3c, 0x1, 0x0,
    0x0, 0xf0, 0xe, 0x0, 0x3, 0xc0, 0x7c, 0xff,
    0xff, 0xff, 0xf8, 0x0, 0x0, 0x0, 0x0, 0x20,
    0x0, 0x80, 0x0, 0xff, 0xff, 0x80, 0x3, 0xff,
    0xff, 0x0, 0xf, 0x0, 0x78, 0x0, 0x3c, 0x1,
    0xe0, 0x0, 0xf0, 0x7, 0x80, 0x3, 0xc0, 0x1e,
    0x0, 0xf, 0xff, 0xf8, 0x0, 0x3c, 0x1, 0xe0,
    0x18, 0x80, 0x4, 0x18, 0x7f, 0xff, 0xff, 0xf1,
    0xff, 0xff, 0xff, 0xe7, 0x80, 0x0, 0xf, 0x9e,
    0x20, 0x8, 0x3c, 0x78, 0xff, 0xf0, 0xf1, 0xe3,
    0xff, 0xf3, 0xc7, 0x8f, 0x7, 0xf, 0x1e, 0x3c,
    0x1c, 0x3c, 0x78, 0xf0, 0x70, 0xf1, 0xe3, 0xff,
    0xc3, 0xc7, 0x8f, 0x7, 0xf, 0x1e, 0x38, 0x19,
    0xfc, 0x78, 0x80, 0x1, 0xf1, 0xe0, 0x0, 0x7,
    0xc7, 0x0, 0x0, 0x1c, 0x0,

    /* U+9AEA "髪" */
    0x8, 0x6, 0x0, 0xc0, 0x3f, 0xfe, 0x7, 0xc0,
    0xff, 0xf8, 0x7f, 0x3, 0xc3, 0x83, 0xe0, 0xf,
    0xff, 0x38, 0x40, 0x3c, 0x11, 0x3, 0xc0, 0xf0,
    0xe0, 0x1f, 0x83, 0xff, 0xc1, 0xf8, 0xf, 0x2,
    0xf, 0x80, 0x3c, 0x1c, 0xe1, 0x7, 0xff, 0xf8,
    0xf, 0x1f, 0xff, 0xe0, 0x7e, 0x7, 0xf, 0x3,
    0xf0, 0xff, 0xfe, 0x1f, 0x3, 0xfe, 0x39, 0xe0,
    0xf, 0x8e, 0xdc, 0x0, 0x10, 0x3e, 0x0, 0x60,
    0x0, 0xf0, 0x3, 0xc7, 0xff, 0xff, 0xff, 0xc0,
    0x1e, 0x1, 0x0, 0x0, 0x7f, 0xfe, 0x0, 0x3,
    0xff, 0xfc, 0x0, 0xf, 0x81, 0xf8, 0x0, 0x7b,
    0xf, 0x80, 0x1, 0xc7, 0x7c, 0x0, 0xe, 0xf,
    0xc0, 0x0, 0x70, 0x3f, 0xff, 0xc3, 0x83, 0xff,
    0xfc, 0x18, 0x7c, 0x1f, 0xf1, 0x9f, 0x0, 0xf,
    0x80,

    /* U+9B5A "魚" */
    0x0, 0xe0, 0x0, 0x0, 0x3, 0xf0, 0x0, 0x0,
    0x1f, 0x6, 0x0, 0x0, 0x7f, 0xfc, 0x0, 0x1,
    0xff, 0xf8, 0x0, 0xf, 0x3, 0xc0, 0x0, 0x78,
    0x1e, 0x0, 0x1, 0xc0, 0x70, 0x60, 0xf, 0xff,
    0xff, 0xc0, 0x7f, 0xff, 0xff, 0x81, 0xf8, 0x78,
    0x3e, 0xd, 0xe1, 0xe0, 0xf0, 0x47, 0x87, 0x83,
    0xc2, 0x1e, 0x1e, 0xf, 0x0, 0x7f, 0xff, 0xfc,
    0x1, 0xe1, 0xe0, 0xf0, 0x7, 0x87, 0x83, 0xc0,
    0x1e, 0x1e, 0xf, 0x0, 0x78, 0x78, 0x3c, 0x1,
    0xff, 0xff, 0xf0, 0x7, 0xff, 0xff, 0xc0, 0x1e,
    0x0, 0xe, 0x0, 0x70, 0x0, 0x0, 0x1, 0x98,
    0x70, 0xf0, 0x6, 0x30, 0xf1, 0xf0, 0x38, 0xe3,
    0xe3, 0xe3, 0xc3, 0xc7, 0x87, 0x9f, 0xf, 0x1e,
    0x1f, 0xfc, 0x3c, 0x38, 0x3d, 0xe0, 0xe0, 0xe0,
    0xe0, 0x0, 0x0, 0x0, 0x0,

    /* U+9CE5 "鳥" */
    0x0, 0x7, 0xc0, 0x0, 0x0, 0x3e, 0x0, 0x0,
    0x40, 0xf0, 0x40, 0x1, 0xff, 0xff, 0xc0, 0x7,
    0xff, 0xff, 0x80, 0x1e, 0x0, 0x3e, 0x0, 0x78,
    0x0, 0xf0, 0x1, 0xe0, 0x3, 0xc0, 0x7, 0xff,
    0xff, 0x0, 0x1e, 0x0, 0x3c, 0x0, 0x78, 0x0,
    0xf0, 0x1, 0xff, 0xff, 0xc0, 0x7, 0x80, 0xf,
    0x20, 0x1e, 0x0, 0x1, 0xc0, 0x78, 0x0, 0xf,
    0x81, 0xff, 0xff, 0xff, 0x7, 0x80, 0x0, 0x0,
    0x1e, 0x0, 0x1, 0x80, 0x7f, 0xff, 0xff, 0x1,
    0xff, 0xff, 0xfe, 0x7, 0x0, 0x0, 0xf8, 0x24,
    0x23, 0xe3, 0xc0, 0x88, 0xe3, 0xcf, 0x2, 0x31,
    0xcf, 0x3c, 0x1c, 0xe7, 0x99, 0xf1, 0xf3, 0x9e,
    0x7, 0xcf, 0x9e, 0x73, 0xfe, 0x3e, 0x78, 0x1,
    0xf8, 0x70, 0x0, 0x7, 0xc0, 0x0, 0x0, 0x1e,
    0x0,

    /* U+9E97 "麗" */
    0x0, 0x18, 0x0, 0x60, 0x0, 0xf0, 0x3, 0xc3,
    0xff, 0xef, 0xff, 0xcc, 0xc, 0x30, 0x10, 0x3f,
    0xfc, 0xff, 0xf8, 0xf8, 0xf3, 0xe3, 0xc3, 0xfb,
    0xcf, 0x7f, 0xf, 0x6f, 0x3d, 0xfc, 0x3d, 0xbe,
    0xf3, 0xf0, 0xe0, 0x9f, 0x3, 0xc3, 0x80, 0x7c,
    0xf, 0x8f, 0xff, 0xff, 0xff, 0x3c, 0x78, 0x78,
    0x0, 0xf1, 0xe1, 0xe3, 0x3, 0xff, 0xff, 0xfe,
    0xf, 0xff, 0xff, 0xfc, 0x3c, 0x78, 0x79, 0xe0,
    0xf1, 0xe1, 0xe7, 0x83, 0xff, 0xff, 0xfe, 0xf,
    0x0, 0x0, 0x78, 0x3d, 0xf0, 0x3c, 0xe0, 0xf7,
    0x9e, 0xf7, 0xc3, 0x9f, 0xff, 0xff, 0x8e, 0x78,
    0xf, 0x2, 0x39, 0xe0, 0x3c, 0x9, 0xdf, 0xff,
    0xf0, 0x66, 0x7f, 0xe3, 0xff, 0xd1, 0xfc, 0xf,
    0xff, 0x83, 0x80, 0x1f, 0xf8, 0x8, 0x0, 0x0,
    0x0,

    /* U+9EC4 "黄" */
    0x0, 0x7c, 0x7e, 0x0, 0x1, 0xe1, 0xf2, 0x0,
    0x7, 0x87, 0xcc, 0x0, 0x1e, 0x1f, 0x7c, 0x1f,
    0xff, 0xff, 0xf8, 0x1, 0xe1, 0xf0, 0x0, 0x7,
    0x87, 0xc6, 0x0, 0x1e, 0x1f, 0x3c, 0x7f, 0xff,
    0xff, 0xfc, 0x0, 0x1e, 0x0, 0x0, 0x0, 0x78,
    0x0, 0x1, 0x81, 0xe0, 0xc0, 0x7, 0xff, 0xff,
    0xc0, 0x1f, 0xff, 0xff, 0x80, 0x78, 0x78, 0x3c,
    0x1, 0xe1, 0xe0, 0xf0, 0x7, 0x87, 0x83, 0xc0,
    0x1f, 0xff, 0xff, 0x0, 0x78, 0x78, 0x3c, 0x1,
    0xe1, 0xe0, 0xf0, 0x7, 0x87, 0x83, 0xc0, 0x1f,
    0xff, 0xff, 0x0, 0x78, 0x0, 0x3c, 0x1, 0xe8,
    0x0, 0xc0, 0x4, 0x70, 0x70, 0x0, 0x3, 0xe0,
    0x7f, 0x0, 0x3f, 0xe0, 0x7f, 0x1, 0xf8, 0x0,
    0xfe, 0x1f, 0x0, 0x0, 0xf9, 0xc0, 0x0, 0x1,
    0xc0,

    /* U+9ED2 "黒" */
    0x18, 0x0, 0x1, 0x0, 0x7f, 0xff, 0xff, 0x1,
    0xff, 0xff, 0xfe, 0x7, 0xc1, 0xe0, 0xf0, 0x1f,
    0x7, 0x83, 0xc0, 0x7c, 0x1e, 0xf, 0x1, 0xff,
    0xff, 0xfc, 0x7, 0xc1, 0xe0, 0xf0, 0x1f, 0x7,
    0x83, 0xc0, 0x7c, 0x1e, 0xf, 0x1, 0xf0, 0x78,
    0x3c, 0x7, 0xff, 0xff, 0xf0, 0x1f, 0x7, 0x83,
    0x80, 0x70, 0x1e, 0x6, 0x0, 0x0, 0x78, 0x3c,
    0x7, 0xff, 0xff, 0xf8, 0x0, 0x7, 0x80, 0x0,
    0x0, 0x1e, 0x1, 0x80, 0x0, 0x78, 0xf, 0x3f,
    0xff, 0xff, 0xfe, 0xff, 0xff, 0xff, 0xf8, 0x1,
    0x0, 0x10, 0x0, 0xc6, 0x1c, 0x3c, 0x3, 0xc,
    0x3c, 0x7c, 0x1c, 0x38, 0xf8, 0xf9, 0xf0, 0xf1,
    0xe1, 0xef, 0x83, 0xc7, 0x87, 0xfe, 0xf, 0xe,
    0xf, 0x70, 0x38, 0x38, 0x38,

    /* U+9F3B "鼻" */
    0x0, 0xf, 0x80, 0x0, 0x8, 0x3f, 0x10, 0x0,
    0x3f, 0xff, 0xe0, 0x0, 0xff, 0xff, 0xe0, 0x3,
    0x80, 0xf, 0x0, 0xf, 0xff, 0xfc, 0x0, 0x38,
    0x0, 0xf0, 0x0, 0xe0, 0x3, 0xc0, 0x3, 0xff,
    0xff, 0x0, 0xe, 0x0, 0x3c, 0x0, 0x38, 0x0,
    0xf0, 0x0, 0xff, 0xff, 0xc0, 0x1b, 0x80, 0xf,
    0x80, 0x7f, 0xff, 0xff, 0x1, 0xff, 0xff, 0xff,
    0x7, 0x81, 0xe0, 0xf8, 0x1f, 0xff, 0xff, 0xe0,
    0x78, 0x1e, 0xf, 0x81, 0xe0, 0x78, 0x3e, 0x7,
    0xff, 0xff, 0xf8, 0x1f, 0xff, 0xff, 0xe0, 0x7b,
    0xe1, 0xff, 0x0, 0xf, 0x7, 0x87, 0x3f, 0xff,
    0xff, 0xff, 0x0, 0xf0, 0x78, 0x0, 0x3, 0xc1,
    0xe0, 0x0, 0x1e, 0x7, 0x80, 0x0, 0xf0, 0x1e,
    0x0, 0xf, 0x0, 0x78, 0x1, 0xc0, 0x1, 0xc0,
    0x0,

    /* U+FF11 "１" */
    0x3, 0xc0, 0x7f, 0x81, 0xff, 0x0, 0x3e, 0x0,
    0x7c, 0x0, 0xf8, 0x1, 0xf0, 0x3, 0xe0, 0x7,
    0xc0, 0xf, 0x80, 0x1f, 0x0, 0x3e, 0x0, 0x7c,
    0x0, 0xf8, 0x1, 0xf0, 0x3, 0xe0, 0x7, 0xc0,
    0xf, 0x80, 0x1f, 0x0, 0x3e, 0x0, 0x7c, 0x0,
    0xf8, 0x1, 0xf0, 0x7f, 0xff,

    /* U+FF12 "２" */
    0x7, 0xf0, 0x1c, 0x3e, 0x1e, 0xf, 0x8f, 0x7,
    0xcf, 0x1, 0xf7, 0x80, 0xf9, 0x80, 0x7c, 0x0,
    0x3e, 0x0, 0x3f, 0x0, 0x1f, 0x0, 0xf, 0x80,
    0xf, 0x80, 0xf, 0x80, 0x7, 0x80, 0x7, 0x80,
    0x7, 0x80, 0x7, 0x80, 0x7, 0x80, 0x7, 0x0,
    0x3, 0x0, 0x3, 0x0, 0x3, 0xff, 0xff, 0xff,
    0xff, 0xff, 0xff, 0xff, 0xff, 0x80
};


/*---------------------
 *  GLYPH DESCRIPTION
 *--------------------*/

static const lv_font_fmt_txt_glyph_dsc_t glyph_dsc[] = {
    {.bitmap_index = 0, .adv_w = 0, .box_w = 0, .box_h = 0, .ofs_x = 0, .ofs_y = 0} /* id = 0 reserved */,
    {.bitmap_index = 0, .adv_w = 127, .box_w = 1, .box_h = 1, .ofs_x = 0, .ofs_y = 0},
    {.bitmap_index = 1, .adv_w = 188, .box_w = 6, .box_h = 26, .ofs_x = 3, .ofs_y = -1},
    {.bitmap_index = 21, .adv_w = 239, .box_w = 12, .box_h = 12, .ofs_x = 2, .ofs_y = 14},
    {.bitmap_index = 39, .adv_w = 320, .box_w = 18, .box_h = 24, .ofs_x = 1, .ofs_y = 0},
    {.bitmap_index = 93, .adv_w = 307, .box_w = 15, .box_h = 31, .ofs_x = 2, .ofs_y = -4},
    {.bitmap_index = 152, .adv_w = 500, .box_w = 29, .box_h = 26, .ofs_x = 1, .ofs_y = -1},
    {.bitmap_index = 247, .adv_w = 414, .box_w = 24, .box_h = 26, .ofs_x = 1, .ofs_y = -1},
    {.bitmap_index = 325, .adv_w = 125, .box_w = 5, .box_h = 12, .ofs_x = 2, .ofs_y = 14},
    {.bitmap_index = 333, .adv_w = 209, .box_w = 9, .box_h = 33, .ofs_x = 3, .ofs_y = -6},
    {.bitmap_index = 371, .adv_w = 209, .box_w = 9, .box_h = 33, .ofs_x = 2, .ofs_y = -6},
    {.bitmap_index = 409, .adv_w = 249, .box_w = 15, .box_h = 14, .ofs_x = 1, .ofs_y = 12},
    {.bitmap_index = 436, .adv_w = 312, .box_w = 18, .box_h = 18, .ofs_x = 1, .ofs_y = 3},
    {.bitmap_index = 477, .adv_w = 173, .box_w = 6, .box_h = 11, .ofs_x = 2, .ofs_y = -6},
    {.bitmap_index = 486, .adv_w = 193, .box_w = 9, .box_h = 2, .ofs_x = 1, .ofs_y = 8},
    {.bitmap_index = 489, .adv_w = 173, .box_w = 5, .box_h = 6, .ofs_x = 3, .ofs_y = -1},
    {.bitmap_index = 493, .adv_w = 211, .box_w = 11, .box_h = 32, .ofs_x = 1, .ofs_y = -6},
    {.bitmap_index = 537, .adv_w = 309, .box_w = 17, .box_h = 26, .ofs_x = 1, .ofs_y = -1},
    {.bitmap_index = 593, .adv_w = 238, .box_w = 12, .box_h = 24, .ofs_x = 2, .ofs_y = 0},
    {.bitmap_index = 629, .adv_w = 309, .box_w = 16, .box_h = 25, .ofs_x = 2, .ofs_y = 0},
    {.bitmap_index = 679, .adv_w = 309, .box_w = 16, .box_h = 26, .ofs_x = 1, .ofs_y = -1},
    {.bitmap_index = 731, .adv_w = 308, .box_w = 18, .box_h = 25, .ofs_x = 1, .ofs_y = -1},
    {.bitmap_index = 788, .adv_w = 309, .box_w = 17, .box_h = 25, .ofs_x = 1, .ofs_y = -1},
    {.bitmap_index = 842, .adv_w = 309, .box_w = 17, .box_h = 26, .ofs_x = 1, .ofs_y = -1},
    {.bitmap_index = 898, .adv_w = 306, .box_w = 15, .box_h = 24, .ofs_x = 2, .ofs_y = 0},
    {.bitmap_index = 943, .adv_w = 309, .box_w = 16, .box_h = 26, .ofs_x = 2, .ofs_y = -1},
    {.bitmap_index = 995, .adv_w = 310, .box_w = 17, .box_h = 26, .ofs_x = 1, .ofs_y = -1},
    {.bitmap_index = 1051, .adv_w = 173, .box_w = 5, .box_h = 18, .ofs_x = 3, .ofs_y = -1},
    {.bitmap_index = 1063, .adv_w = 173, .box_w = 6, .box_h = 23, .ofs_x = 2, .ofs_y = -6},
    {.bitmap_index = 1081, .adv_w = 312, .box_w = 16, .box_h = 18, .ofs_x = 2, .ofs_y = 3},
    {.bitmap_index = 1117, .adv_w = 312, .box_w = 17, .box_h = 9, .ofs_x = 1, .ofs_y = 8},
    {.bitmap_index = 1137, .adv_w = 312, .box_w = 16, .box_h = 18, .ofs_x = 2, .ofs_y = 3},
    {.bitmap_index = 1173, .adv_w = 247, .box_w = 11, .box_h = 26, .ofs_x = 3, .ofs_y = -1},
    {.bitmap_index = 1209, .adv_w = 504, .box_w = 28, .box_h = 29, .ofs_x = 2, .ofs_y = -5},
    {.bitmap_index = 1311, .adv_w = 386, .box_w = 23, .box_h = 24, .ofs_x = 1, .ofs_y = 0},
    {.bitmap_index = 1380, .adv_w = 367, .box_w = 21, .box_h = 24, .ofs_x = 1, .ofs_y = 0},
    {.bitmap_index = 1443, .adv_w = 361, .box_w = 20, .box_h = 26, .ofs_x = 1, .ofs_y = -1},
    {.bitmap_index = 1508, .adv_w = 407, .box_w = 23, .box_h = 24, .ofs_x = 1, .ofs_y = 0},
    {.bitmap_index = 1577, .adv_w = 343, .box_w = 19, .box_h = 24, .ofs_x = 1, .ofs_y = 0},
    {.bitmap_index = 1634, .adv_w = 334, .box_w = 19, .box_h = 24, .ofs_x = 1, .ofs_y = 0},
    {.bitmap_index = 1691, .adv_w = 390, .box_w = 22, .box_h = 26, .ofs_x = 1, .ofs_y = -1},
    {.bitmap_index = 1763, .adv_w = 444, .box_w = 25, .box_h = 24, .ofs_x = 1, .ofs_y = 0},
    {.bitmap_index = 1838, .adv_w = 221, .box_w = 11, .box_h = 24, .ofs_x = 1, .ofs_y = 0},
    {.bitmap_index = 1871, .adv_w = 223, .box_w = 14, .box_h = 29, .ofs_x = -1, .ofs_y = -5},
    {.bitmap_index = 1922, .adv_w = 398, .box_w = 23, .box_h = 24, .ofs_x = 1, .ofs_y = 0},
    {.bitmap_index = 1991, .adv_w = 331, .box_w = 19, .box_h = 24, .ofs_x = 1, .ofs_y = 0},
    {.bitmap_index = 2048, .adv_w = 516, .box_w = 31, .box_h = 24, .ofs_x = 0, .ofs_y = 0},
    {.bitmap_index = 2141, .adv_w = 420, .box_w = 24, .box_h = 24, .ofs_x = 1, .ofs_y = 0},
    {.bitmap_index = 2213, .adv_w = 404, .box_w = 22, .box_h = 26, .ofs_x = 1, .ofs_y = -1},
    {.bitmap_index = 2285, .adv_w = 349, .box_w = 20, .box_h = 24, .ofs_x = 1, .ofs_y = 0},
    {.bitmap_index = 2345, .adv_w = 404, .box_w = 22, .box_h = 32, .ofs_x = 1, .ofs_y = -7},
    {.bitmap_index = 2433, .adv_w = 390, .box_w = 23, .box_h = 25, .ofs_x = 1, .ofs_y = -1},
    {.bitmap_index = 2505, .adv_w = 309, .box_w = 17, .box_h = 26, .ofs_x = 2, .ofs_y = -1},
    {.bitmap_index = 2561, .adv_w = 361, .box_w = 21, .box_h = 24, .ofs_x = 1, .ofs_y = 0},
    {.bitmap_index = 2624, .adv_w = 421, .box_w = 24, .box_h = 25, .ofs_x = 1, .ofs_y = -1},
    {.bitmap_index = 2699, .adv_w = 378, .box_w = 23, .box_h = 24, .ofs_x = 1, .ofs_y = 0},
    {.bitmap_index = 2768, .adv_w = 564, .box_w = 35, .box_h = 24, .ofs_x = 1, .ofs_y = 0},
    {.bitmap_index = 2873, .adv_w = 375, .box_w = 23, .box_h = 24, .ofs_x = 1, .ofs_y = 0},
    {.bitmap_index = 2942, .adv_w = 360, .box_w = 22, .box_h = 24, .ofs_x = 1, .ofs_y = 0},
    {.bitmap_index = 3008, .adv_w = 324, .box_w = 18, .box_h = 24, .ofs_x = 1, .ofs_y = 0},
    {.bitmap_index = 3062, .adv_w = 195, .box_w = 8, .box_h = 31, .ofs_x = 4, .ofs_y = -5},
    {.bitmap_index = 3093, .adv_w = 211, .box_w = 11, .box_h = 32, .ofs_x = 1, .ofs_y = -6},
    {.bitmap_index = 3137, .adv_w = 195, .box_w = 8, .box_h = 31, .ofs_x = 1, .ofs_y = -5},
    {.bitmap_index = 3168, .adv_w = 312, .box_w = 14, .box_h = 11, .ofs_x = 3, .ofs_y = 7},
    {.bitmap_index = 3188, .adv_w = 307, .box_w = 20, .box_h = 2, .ofs_x = 0, .ofs_y = -3},
    {.bitmap_index = 3193, .adv_w = 230, .box_w = 7, .box_h = 8, .ofs_x = 3, .ofs_y = 20},
    {.bitmap_index = 3200, .adv_w = 303, .box_w = 18, .box_h = 19, .ofs_x = 1, .ofs_y = -1},
    {.bitmap_index = 3243, .adv_w = 348, .box_w = 19, .box_h = 27, .ofs_x = 1, .ofs_y = -1},
    {.bitmap_index = 3308, .adv_w = 293, .box_w = 16, .box_h = 19, .ofs_x = 1, .ofs_y = -1},
    {.bitmap_index = 3346, .adv_w = 340, .box_w = 20, .box_h = 27, .ofs_x = 1, .ofs_y = -1},
    {.bitmap_index = 3414, .adv_w = 296, .box_w = 16, .box_h = 19, .ofs_x = 1, .ofs_y = -1},
    {.bitmap_index = 3452, .adv_w = 207, .box_w = 16, .box_h = 27, .ofs_x = 0, .ofs_y = 0},
    {.bitmap_index = 3506, .adv_w = 309, .box_w = 18, .box_h = 26, .ofs_x = 1, .ofs_y = -8},
    {.bitmap_index = 3565, .adv_w = 355, .box_w = 21, .box_h = 26, .ofs_x = 1, .ofs_y = 0},
    {.bitmap_index = 3634, .adv_w = 181, .box_w = 9, .box_h = 26, .ofs_x = 1, .ofs_y = 0},
    {.bitmap_index = 3664, .adv_w = 175, .box_w = 11, .box_h = 34, .ofs_x = -3, .ofs_y = -8},
    {.bitmap_index = 3711, .adv_w = 339, .box_w = 21, .box_h = 26, .ofs_x = 1, .ofs_y = 0},
    {.bitmap_index = 3780, .adv_w = 185, .box_w = 10, .box_h = 26, .ofs_x = 1, .ofs_y = 0},
    {.bitmap_index = 3813, .adv_w = 520, .box_w = 31, .box_h = 18, .ofs_x = 0, .ofs_y = 0},
    {.bitmap_index = 3883, .adv_w = 354, .box_w = 21, .box_h = 18, .ofs_x = 0, .ofs_y = 0},
    {.bitmap_index = 3931, .adv_w = 323, .box_w = 18, .box_h = 19, .ofs_x = 1, .ofs_y = -1},
    {.bitmap_index = 3974, .adv_w = 348, .box_w = 20, .box_h = 26, .ofs_x = 0, .ofs_y = -8},
    {.bitmap_index = 4039, .adv_w = 332, .box_w = 19, .box_h = 26, .ofs_x = 1, .ofs_y = -8},
    {.bitmap_index = 4101, .adv_w = 261, .box_w = 16, .box_h = 18, .ofs_x = 0, .ofs_y = 0},
    {.bitmap_index = 4137, .adv_w = 259, .box_w = 14, .box_h = 19, .ofs_x = 1, .ofs_y = -1},
    {.bitmap_index = 4171, .adv_w = 204, .box_w = 13, .box_h = 24, .ofs_x = 0, .ofs_y = -1},
    {.bitmap_index = 4210, .adv_w = 351, .box_w = 20, .box_h = 19, .ofs_x = 1, .ofs_y = -1},
    {.bitmap_index = 4258, .adv_w = 300, .box_w = 19, .box_h = 17, .ofs_x = 0, .ofs_y = 0},
    {.bitmap_index = 4299, .adv_w = 453, .box_w = 29, .box_h = 17, .ofs_x = 0, .ofs_y = 0},
    {.bitmap_index = 4361, .adv_w = 311, .box_w = 19, .box_h = 17, .ofs_x = 1, .ofs_y = 0},
    {.bitmap_index = 4402, .adv_w = 302, .box_w = 19, .box_h = 25, .ofs_x = 0, .ofs_y = -8},
    {.bitmap_index = 4462, .adv_w = 267, .box_w = 15, .box_h = 17, .ofs_x = 1, .ofs_y = 0},
    {.bitmap_index = 4494, .adv_w = 196, .box_w = 10, .box_h = 32, .ofs_x = 1, .ofs_y = -6},
    {.bitmap_index = 4534, .adv_w = 176, .box_w = 2, .box_h = 37, .ofs_x = 4, .ofs_y = -9},
    {.bitmap_index = 4544, .adv_w = 196, .box_w = 10, .box_h = 32, .ofs_x = 1, .ofs_y = -6},
    {.bitmap_index = 4584, .adv_w = 312, .box_w = 17, .box_h = 5, .ofs_x = 2, .ofs_y = 10},
    {.bitmap_index = 4595, .adv_w = 512, .box_w = 9, .box_h = 8, .ofs_x = 1, .ofs_y = -3},
    {.bitmap_index = 4604, .adv_w = 512, .box_w = 9, .box_h = 9, .ofs_x = 1, .ofs_y = -3},
    {.bitmap_index = 4615, .adv_w = 512, .box_w = 24, .box_h = 25, .ofs_x = 3, .ofs_y = -2},
    {.bitmap_index = 4690, .adv_w = 512, .box_w = 10, .box_h = 20, .ofs_x = 21, .ofs_y = 7},
    {.bitmap_index = 4715, .adv_w = 512, .box_w = 10, .box_h = 20, .ofs_x = 1, .ofs_y = -3},
    {.bitmap_index = 4740, .adv_w = 512, .box_w = 20, .box_h = 22, .ofs_x = 6, .ofs_y = -3},
    {.bitmap_index = 4795, .adv_w = 512, .box_w = 26, .box_h = 27, .ofs_x = 3, .ofs_y = -1},
    {.bitmap_index = 4883, .adv_w = 512, .box_w = 22, .box_h = 18, .ofs_x = 5, .ofs_y = -1},
    {.bitmap_index = 4933, .adv_w = 512, .box_w = 29, .box_h = 22, .ofs_x = 1, .ofs_y = 0},
    {.bitmap_index = 5013, .adv_w = 512, .box_w = 18, .box_h = 29, .ofs_x = 7, .ofs_y = -3},
    {.bitmap_index = 5079, .adv_w = 512, .box_w = 20, .box_h = 20, .ofs_x = 7, .ofs_y = -1},
    {.bitmap_index = 5129, .adv_w = 512, .box_w = 26, .box_h = 28, .ofs_x = 4, .ofs_y = -1},
    {.bitmap_index = 5220, .adv_w = 512, .box_w = 30, .box_h = 28, .ofs_x = 1, .ofs_y = -2},
    {.bitmap_index = 5325, .adv_w = 512, .box_w = 29, .box_h = 26, .ofs_x = 2, .ofs_y = -1},
    {.bitmap_index = 5420, .adv_w = 512, .box_w = 30, .box_h = 26, .ofs_x = 1, .ofs_y = -1},
    {.bitmap_index = 5518, .adv_w = 512, .box_w = 23, .box_h = 29, .ofs_x = 4, .ofs_y = -2},
    {.bitmap_index = 5602, .adv_w = 512, .box_w = 28, .box_h = 30, .ofs_x = 4, .ofs_y = -2},
    {.bitmap_index = 5707, .adv_w = 512, .box_w = 15, .box_h = 28, .ofs_x = 8, .ofs_y = -2},
    {.bitmap_index = 5760, .adv_w = 512, .box_w = 22, .box_h = 29, .ofs_x = 7, .ofs_y = -3},
    {.bitmap_index = 5840, .adv_w = 512, .box_w = 26, .box_h = 28, .ofs_x = 4, .ofs_y = -3},
    {.bitmap_index = 5931, .adv_w = 512, .box_w = 28, .box_h = 30, .ofs_x = 3, .ofs_y = -3},
    {.bitmap_index = 6036, .adv_w = 512, .box_w = 21, .box_h = 25, .ofs_x = 6, .ofs_y = -1},
    {.bitmap_index = 6102, .adv_w = 512, .box_w = 26, .box_h = 27, .ofs_x = 5, .ofs_y = -1},
    {.bitmap_index = 6190, .adv_w = 512, .box_w = 23, .box_h = 27, .ofs_x = 4, .ofs_y = -2},
    {.bitmap_index = 6268, .adv_w = 512, .box_w = 29, .box_h = 29, .ofs_x = 3, .ofs_y = -2},
    {.bitmap_index = 6374, .adv_w = 512, .box_w = 23, .box_h = 27, .ofs_x = 6, .ofs_y = -2},
    {.bitmap_index = 6452, .adv_w = 512, .box_w = 24, .box_h = 27, .ofs_x = 5, .ofs_y = -2},
    {.bitmap_index = 6533, .adv_w = 512, .box_w = 29, .box_h = 28, .ofs_x = 2, .ofs_y = -2},
    {.bitmap_index = 6635, .adv_w = 512, .box_w = 29, .box_h = 30, .ofs_x = 1, .ofs_y = -3},
    {.bitmap_index = 6744, .adv_w = 512, .box_w = 31, .box_h = 27, .ofs_x = 1, .ofs_y = -1},
    {.bitmap_index = 6849, .adv_w = 512, .box_w = 31, .box_h = 27, .ofs_x = 1, .ofs_y = -1},
    {.bitmap_index = 6954, .adv_w = 512, .box_w = 25, .box_h = 28, .ofs_x = 4, .ofs_y = -2},
    {.bitmap_index = 7042, .adv_w = 512, .box_w = 29, .box_h = 28, .ofs_x = 3, .ofs_y = -2},
    {.bitmap_index = 7144, .adv_w = 512, .box_w = 27, .box_h = 28, .ofs_x = 2, .ofs_y = -1},
    {.bitmap_index = 7239, .adv_w = 512, .box_w = 29, .box_h = 28, .ofs_x = 2, .ofs_y = -2},
    {.bitmap_index = 7341, .adv_w = 512, .box_w = 25, .box_h = 27, .ofs_x = 3, .ofs_y = -1},
    {.bitmap_index = 7426, .adv_w = 512, .box_w = 22, .box_h = 14, .ofs_x = 5, .ofs_y = 1},
    {.bitmap_index = 7465, .adv_w = 512, .box_w = 28, .box_h = 19, .ofs_x = 2, .ofs_y = 1},
    {.bitmap_index = 7532, .adv_w = 512, .box_w = 30, .box_h = 25, .ofs_x = 1, .ofs_y = 1},
    {.bitmap_index = 7626, .adv_w = 512, .box_w = 27, .box_h = 24, .ofs_x = 1, .ofs_y = -1},
    {.bitmap_index = 7707, .adv_w = 512, .box_w = 29, .box_h = 24, .ofs_x = 1, .ofs_y = -1},
    {.bitmap_index = 7794, .adv_w = 512, .box_w = 19, .box_h = 27, .ofs_x = 7, .ofs_y = -1},
    {.bitmap_index = 7859, .adv_w = 512, .box_w = 24, .box_h = 28, .ofs_x = 6, .ofs_y = -2},
    {.bitmap_index = 7943, .adv_w = 512, .box_w = 27, .box_h = 28, .ofs_x = 2, .ofs_y = -2},
    {.bitmap_index = 8038, .adv_w = 512, .box_w = 27, .box_h = 26, .ofs_x = 3, .ofs_y = -2},
    {.bitmap_index = 8126, .adv_w = 512, .box_w = 29, .box_h = 26, .ofs_x = 2, .ofs_y = -1},
    {.bitmap_index = 8221, .adv_w = 512, .box_w = 30, .box_h = 28, .ofs_x = 1, .ofs_y = -2},
    {.bitmap_index = 8326, .adv_w = 512, .box_w = 27, .box_h = 23, .ofs_x = 2, .ofs_y = 0},
    {.bitmap_index = 8404, .adv_w = 512, .box_w = 28, .box_h = 28, .ofs_x = 3, .ofs_y = -2},
    {.bitmap_index = 8502, .adv_w = 512, .box_w = 30, .box_h = 29, .ofs_x = 2, .ofs_y = -2},
    {.bitmap_index = 8611, .adv_w = 512, .box_w = 30, .box_h = 29, .ofs_x = 2, .ofs_y = -2},
    {.bitmap_index = 8720, .adv_w = 512, .box_w = 26, .box_h = 26, .ofs_x = 4, .ofs_y = -2},
    {.bitmap_index = 8805, .adv_w = 512, .box_w = 28, .box_h = 29, .ofs_x = 4, .ofs_y = -2},
    {.bitmap_index = 8907, .adv_w = 512, .box_w = 28, .box_h = 29, .ofs_x = 4, .ofs_y = -2},
    {.bitmap_index = 9009, .adv_w = 512, .box_w = 29, .box_h = 25, .ofs_x = 1, .ofs_y = -1},
    {.bitmap_index = 9100, .adv_w = 512, .box_w = 30, .box_h = 25, .ofs_x = 1, .ofs_y = -1},
    {.bitmap_index = 9194, .adv_w = 512, .box_w = 29, .box_h = 26, .ofs_x = 1, .ofs_y = -1},
    {.bitmap_index = 9289, .adv_w = 512, .box_w = 30, .box_h = 18, .ofs_x = 1, .ofs_y = 2},
    {.bitmap_index = 9357, .adv_w = 512, .box_w = 30, .box_h = 22, .ofs_x = 1, .ofs_y = 2},
    {.bitmap_index = 9440, .adv_w = 512, .box_w = 30, .box_h = 22, .ofs_x = 1, .ofs_y = 1},
    {.bitmap_index = 9523, .adv_w = 512, .box_w = 28, .box_h = 27, .ofs_x = 2, .ofs_y = -2},
    {.bitmap_index = 9618, .adv_w = 512, .box_w = 30, .box_h = 30, .ofs_x = 2, .ofs_y = -3},
    {.bitmap_index = 9731, .adv_w = 512, .box_w = 30, .box_h = 30, .ofs_x = 2, .ofs_y = -3},
    {.bitmap_index = 9844, .adv_w = 512, .box_w = 23, .box_h = 27, .ofs_x = 4, .ofs_y = -2},
    {.bitmap_index = 9922, .adv_w = 512, .box_w = 29, .box_h = 26, .ofs_x = 2, .ofs_y = -2},
    {.bitmap_index = 10017, .adv_w = 512, .box_w = 29, .box_h = 28, .ofs_x = 1, .ofs_y = -2},
    {.bitmap_index = 10119, .adv_w = 512, .box_w = 27, .box_h = 26, .ofs_x = 3, .ofs_y = -1},
    {.bitmap_index = 10207, .adv_w = 512, .box_w = 22, .box_h = 28, .ofs_x = 5, .ofs_y = -2},
    {.bitmap_index = 10284, .adv_w = 512, .box_w = 23, .box_h = 22, .ofs_x = 4, .ofs_y = -2},
    {.bitmap_index = 10348, .adv_w = 512, .box_w = 29, .box_h = 28, .ofs_x = 1, .ofs_y = -2},
    {.bitmap_index = 10450, .adv_w = 512, .box_w = 21, .box_h = 21, .ofs_x = 5, .ofs_y = -3},
    {.bitmap_index = 10506, .adv_w = 512, .box_w = 27, .box_h = 27, .ofs_x = 3, .ofs_y = -2},
    {.bitmap_index = 10598, .adv_w = 512, .box_w = 17, .box_h = 21, .ofs_x = 8, .ofs_y = -2},
    {.bitmap_index = 10643, .adv_w = 512, .box_w = 22, .box_h = 27, .ofs_x = 5, .ofs_y = -2},
    {.bitmap_index = 10718, .adv_w = 512, .box_w = 22, .box_h = 27, .ofs_x = 6, .ofs_y = -2},
    {.bitmap_index = 10793, .adv_w = 512, .box_w = 17, .box_h = 29, .ofs_x = 7, .ofs_y = -3},
    {.bitmap_index = 10855, .adv_w = 512, .box_w = 23, .box_h = 27, .ofs_x = 4, .ofs_y = -2},
    {.bitmap_index = 10933, .adv_w = 512, .box_w = 31, .box_h = 28, .ofs_x = 1, .ofs_y = -2},
    {.bitmap_index = 11042, .adv_w = 512, .box_w = 24, .box_h = 26, .ofs_x = 4, .ofs_y = -1},
    {.bitmap_index = 11120, .adv_w = 512, .box_w = 27, .box_h = 28, .ofs_x = 3, .ofs_y = -2},
    {.bitmap_index = 11215, .adv_w = 512, .box_w = 25, .box_h = 28, .ofs_x = 3, .ofs_y = -2},
    {.bitmap_index = 11303, .adv_w = 512, .box_w = 28, .box_h = 26, .ofs_x = 2, .ofs_y = -1},
    {.bitmap_index = 11394, .adv_w = 512, .box_w = 21, .box_h = 20, .ofs_x = 6, .ofs_y = -2},
    {.bitmap_index = 11447, .adv_w = 512, .box_w = 25, .box_h = 25, .ofs_x = 4, .ofs_y = -1},
    {.bitmap_index = 11526, .adv_w = 512, .box_w = 17, .box_h = 21, .ofs_x = 6, .ofs_y = -2},
    {.bitmap_index = 11571, .adv_w = 512, .box_w = 22, .box_h = 27, .ofs_x = 3, .ofs_y = -2},
    {.bitmap_index = 11646, .adv_w = 512, .box_w = 26, .box_h = 28, .ofs_x = 3, .ofs_y = -2},
    {.bitmap_index = 11737, .adv_w = 512, .box_w = 23, .box_h = 15, .ofs_x = 4, .ofs_y = 1},
    {.bitmap_index = 11781, .adv_w = 512, .box_w = 28, .box_h = 19, .ofs_x = 2, .ofs_y = 2},
    {.bitmap_index = 11848, .adv_w = 512, .box_w = 28, .box_h = 27, .ofs_x = 1, .ofs_y = -1},
    {.bitmap_index = 11943, .adv_w = 512, .box_w = 26, .box_h = 28, .ofs_x = 2, .ofs_y = -2},
    {.bitmap_index = 12034, .adv_w = 512, .box_w = 30, .box_h = 29, .ofs_x = 2, .ofs_y = -2},
    {.bitmap_index = 12143, .adv_w = 512, .box_w = 27, .box_h = 28, .ofs_x = 3, .ofs_y = -2},
    {.bitmap_index = 12238, .adv_w = 512, .box_w = 29, .box_h = 28, .ofs_x = 2, .ofs_y = -2},
    {.bitmap_index = 12340, .adv_w = 512, .box_w = 25, .box_h = 28, .ofs_x = 3, .ofs_y = -3},
    {.bitmap_index = 12428, .adv_w = 512, .box_w = 29, .box_h = 30, .ofs_x = 3, .ofs_y = -3},
    {.bitmap_index = 12537, .adv_w = 512, .box_w = 27, .box_h = 27, .ofs_x = 2, .ofs_y = -2},
    {.bitmap_index = 12629, .adv_w = 512, .box_w = 30, .box_h = 28, .ofs_x = 1, .ofs_y = -2},
    {.bitmap_index = 12734, .adv_w = 512, .box_w = 24, .box_h = 19, .ofs_x = 4, .ofs_y = 2},
    {.bitmap_index = 12791, .adv_w = 512, .box_w = 27, .box_h = 26, .ofs_x = 4, .ofs_y = 1},
    {.bitmap_index = 12879, .adv_w = 512, .box_w = 29, .box_h = 28, .ofs_x = 2, .ofs_y = -2},
    {.bitmap_index = 12981, .adv_w = 512, .box_w = 30, .box_h = 29, .ofs_x = 2, .ofs_y = -3},
    {.bitmap_index = 13090, .adv_w = 512, .box_w = 27, .box_h = 24, .ofs_x = 4, .ofs_y = 0},
    {.bitmap_index = 13171, .adv_w = 512, .box_w = 26, .box_h = 27, .ofs_x = 4, .ofs_y = -1},
    {.bitmap_index = 13259, .adv_w = 512, .box_w = 27, .box_h = 24, .ofs_x = 2, .ofs_y = -1},
    {.bitmap_index = 13340, .adv_w = 512, .box_w = 30, .box_h = 28, .ofs_x = 1, .ofs_y = -1},
    {.bitmap_index = 13445, .adv_w = 512, .box_w = 27, .box_h = 24, .ofs_x = 2, .ofs_y = 0},
    {.bitmap_index = 13526, .adv_w = 512, .box_w = 30, .box_h = 26, .ofs_x = 1, .ofs_y = 0},
    {.bitmap_index = 13624, .adv_w = 512, .box_w = 24, .box_h = 25, .ofs_x = 4, .ofs_y = -1},
    {.bitmap_index = 13699, .adv_w = 512, .box_w = 26, .box_h = 28, .ofs_x = 2, .ofs_y = -2},
    {.bitmap_index = 13790, .adv_w = 512, .box_w = 30, .box_h = 31, .ofs_x = 2, .ofs_y = -3},
    {.bitmap_index = 13907, .adv_w = 512, .box_w = 28, .box_h = 28, .ofs_x = 2, .ofs_y = -3},
    {.bitmap_index = 14005, .adv_w = 512, .box_w = 19, .box_h = 19, .ofs_x = 7, .ofs_y = -2},
    {.bitmap_index = 14051, .adv_w = 512, .box_w = 25, .box_h = 24, .ofs_x = 4, .ofs_y = -1},
    {.bitmap_index = 14126, .adv_w = 512, .box_w = 26, .box_h = 27, .ofs_x = 4, .ofs_y = -2},
    {.bitmap_index = 14214, .adv_w = 512, .box_w = 28, .box_h = 29, .ofs_x = 3, .ofs_y = -3},
    {.bitmap_index = 14316, .adv_w = 512, .box_w = 17, .box_h = 27, .ofs_x = 9, .ofs_y = -2},
    {.bitmap_index = 14374, .adv_w = 512, .box_w = 20, .box_h = 27, .ofs_x = 8, .ofs_y = -2},
    {.bitmap_index = 14442, .adv_w = 512, .box_w = 28, .box_h = 28, .ofs_x = 2, .ofs_y = -2},
    {.bitmap_index = 14540, .adv_w = 512, .box_w = 28, .box_h = 17, .ofs_x = 2, .ofs_y = 3},
    {.bitmap_index = 14600, .adv_w = 512, .box_w = 28, .box_h = 28, .ofs_x = 2, .ofs_y = -2},
    {.bitmap_index = 14698, .adv_w = 512, .box_w = 22, .box_h = 26, .ofs_x = 4, .ofs_y = -2},
    {.bitmap_index = 14770, .adv_w = 512, .box_w = 29, .box_h = 17, .ofs_x = 1, .ofs_y = 2},
    {.bitmap_index = 14832, .adv_w = 512, .box_w = 30, .box_h = 22, .ofs_x = 0, .ofs_y = 2},
    {.bitmap_index = 14915, .adv_w = 512, .box_w = 29, .box_h = 23, .ofs_x = 1, .ofs_y = 1},
    {.bitmap_index = 14999, .adv_w = 512, .box_w = 22, .box_h = 25, .ofs_x = 5, .ofs_y = 0},
    {.bitmap_index = 15068, .adv_w = 512, .box_w = 26, .box_h = 27, .ofs_x = 5, .ofs_y = -1},
    {.bitmap_index = 15156, .adv_w = 512, .box_w = 26, .box_h = 27, .ofs_x = 4, .ofs_y = -1},
    {.bitmap_index = 15244, .adv_w = 512, .box_w = 23, .box_h = 24, .ofs_x = 5, .ofs_y = -1},
    {.bitmap_index = 15313, .adv_w = 512, .box_w = 28, .box_h = 29, .ofs_x = 4, .ofs_y = -2},
    {.bitmap_index = 15415, .adv_w = 512, .box_w = 28, .box_h = 29, .ofs_x = 4, .ofs_y = -2},
    {.bitmap_index = 15517, .adv_w = 512, .box_w = 30, .box_h = 22, .ofs_x = 1, .ofs_y = 2},
    {.bitmap_index = 15600, .adv_w = 512, .box_w = 28, .box_h = 22, .ofs_x = 2, .ofs_y = 1},
    {.bitmap_index = 15677, .adv_w = 512, .box_w = 26, .box_h = 26, .ofs_x = 3, .ofs_y = -1},
    {.bitmap_index = 15762, .adv_w = 512, .box_w = 28, .box_h = 28, .ofs_x = 2, .ofs_y = -2},
    {.bitmap_index = 15860, .adv_w = 512, .box_w = 27, .box_h = 29, .ofs_x = 3, .ofs_y = -2},
    {.bitmap_index = 15958, .adv_w = 512, .box_w = 28, .box_h = 20, .ofs_x = 2, .ofs_y = 1},
    {.bitmap_index = 16028, .adv_w = 512, .box_w = 16, .box_h = 25, .ofs_x = 7, .ofs_y = -1},
    {.bitmap_index = 16078, .adv_w = 512, .box_w = 26, .box_h = 24, .ofs_x = 3, .ofs_y = 0},
    {.bitmap_index = 16156, .adv_w = 512, .box_w = 24, .box_h = 26, .ofs_x = 2, .ofs_y = -1},
    {.bitmap_index = 16234, .adv_w = 512, .box_w = 27, .box_h = 23, .ofs_x = 2, .ofs_y = 0},
    {.bitmap_index = 16312, .adv_w = 512, .box_w = 21, .box_h = 20, .ofs_x = 6, .ofs_y = -2},
    {.bitmap_index = 16365, .adv_w = 512, .box_w = 28, .box_h = 27, .ofs_x = 2, .ofs_y = -2},
    {.bitmap_index = 16460, .adv_w = 512, .box_w = 22, .box_h = 15, .ofs_x = 5, .ofs_y = 1},
    {.bitmap_index = 16502, .adv_w = 512, .box_w = 18, .box_h = 17, .ofs_x = 7, .ofs_y = 0},
    {.bitmap_index = 16541, .adv_w = 512, .box_w = 23, .box_h = 22, .ofs_x = 5, .ofs_y = 1},
    {.bitmap_index = 16605, .adv_w = 512, .box_w = 23, .box_h = 27, .ofs_x = 5, .ofs_y = -2},
    {.bitmap_index = 16683, .adv_w = 512, .box_w = 18, .box_h = 27, .ofs_x = 7, .ofs_y = -2},
    {.bitmap_index = 16744, .adv_w = 512, .box_w = 31, .box_h = 24, .ofs_x = 1, .ofs_y = -1},
    {.bitmap_index = 16837, .adv_w = 512, .box_w = 25, .box_h = 23, .ofs_x = 5, .ofs_y = 0},
    {.bitmap_index = 16909, .adv_w = 512, .box_w = 24, .box_h = 20, .ofs_x = 4, .ofs_y = 1},
    {.bitmap_index = 16969, .adv_w = 512, .box_w = 25, .box_h = 26, .ofs_x = 3, .ofs_y = -2},
    {.bitmap_index = 17051, .adv_w = 512, .box_w = 26, .box_h = 23, .ofs_x = 5, .ofs_y = 0},
    {.bitmap_index = 17126, .adv_w = 512, .box_w = 21, .box_h = 20, .ofs_x = 5, .ofs_y = -1},
    {.bitmap_index = 17179, .adv_w = 512, .box_w = 28, .box_h = 7, .ofs_x = 2, .ofs_y = 8},
    {.bitmap_index = 17204, .adv_w = 512, .box_w = 30, .box_h = 5, .ofs_x = 1, .ofs_y = 12},
    {.bitmap_index = 17223, .adv_w = 512, .box_w = 31, .box_h = 28, .ofs_x = 0, .ofs_y = -1},
    {.bitmap_index = 17332, .adv_w = 512, .box_w = 30, .box_h = 29, .ofs_x = 0, .ofs_y = -3},
    {.bitmap_index = 17441, .adv_w = 512, .box_w = 29, .box_h = 30, .ofs_x = 2, .ofs_y = -3},
    {.bitmap_index = 17550, .adv_w = 512, .box_w = 30, .box_h = 26, .ofs_x = 1, .ofs_y = 0},
    {.bitmap_index = 17648, .adv_w = 512, .box_w = 30, .box_h = 28, .ofs_x = 1, .ofs_y = -1},
    {.bitmap_index = 17753, .adv_w = 512, .box_w = 30, .box_h = 30, .ofs_x = 1, .ofs_y = -3},
    {.bitmap_index = 17866, .adv_w = 512, .box_w = 30, .box_h = 30, .ofs_x = 1, .ofs_y = -3},
    {.bitmap_index = 17979, .adv_w = 512, .box_w = 31, .box_h = 30, .ofs_x = 1, .ofs_y = -3},
    {.bitmap_index = 18096, .adv_w = 512, .box_w = 30, .box_h = 31, .ofs_x = 1, .ofs_y = -3},
    {.bitmap_index = 18213, .adv_w = 512, .box_w = 31, .box_h = 30, .ofs_x = 1, .ofs_y = -2},
    {.bitmap_index = 18330, .adv_w = 512, .box_w = 28, .box_h = 31, .ofs_x = 3, .ofs_y = -3},
    {.bitmap_index = 18439, .adv_w = 512, .box_w = 31, .box_h = 29, .ofs_x = 0, .ofs_y = -2},
    {.bitmap_index = 18552, .adv_w = 512, .box_w = 31, .box_h = 30, .ofs_x = 1, .ofs_y = -3},
    {.bitmap_index = 18669, .adv_w = 512, .box_w = 29, .box_h = 28, .ofs_x = 2, .ofs_y = -2},
    {.bitmap_index = 18771, .adv_w = 512, .box_w = 30, .box_h = 31, .ofs_x = 1, .ofs_y = -3},
    {.bitmap_index = 18888, .adv_w = 512, .box_w = 30, .box_h = 29, .ofs_x = 1, .ofs_y = -3},
    {.bitmap_index = 18997, .adv_w = 512, .box_w = 30, .box_h = 29, .ofs_x = 1, .ofs_y = -3},
    {.bitmap_index = 19106, .adv_w = 512, .box_w = 31, .box_h = 30, .ofs_x = 1, .ofs_y = -3},
    {.bitmap_index = 19223, .adv_w = 512, .box_w = 31, .box_h = 31, .ofs_x = 1, .ofs_y = -3},
    {.bitmap_index = 19344, .adv_w = 512, .box_w = 30, .box_h = 22, .ofs_x = 1, .ofs_y = 2},
    {.bitmap_index = 19427, .adv_w = 512, .box_w = 31, .box_h = 28, .ofs_x = 1, .ofs_y = -2},
    {.bitmap_index = 19536, .adv_w = 512, .box_w = 29, .box_h = 29, .ofs_x = 1, .ofs_y = -1},
    {.bitmap_index = 19642, .adv_w = 512, .box_w = 30, .box_h = 30, .ofs_x = 1, .ofs_y = -3},
    {.bitmap_index = 19755, .adv_w = 512, .box_w = 31, .box_h = 31, .ofs_x = 1, .ofs_y = -3},
    {.bitmap_index = 19876, .adv_w = 512, .box_w = 31, .box_h = 30, .ofs_x = 1, .ofs_y = -3},
    {.bitmap_index = 19993, .adv_w = 512, .box_w = 32, .box_h = 30, .ofs_x = 0, .ofs_y = -3},
    {.bitmap_index = 20113, .adv_w = 512, .box_w = 31, .box_h = 30, .ofs_x = 0, .ofs_y = -3},
    {.bitmap_index = 20230, .adv_w = 512, .box_w = 30, .box_h = 30, .ofs_x = 1, .ofs_y = -3},
    {.bitmap_index = 20343, .adv_w = 512, .box_w = 31, .box_h = 30, .ofs_x = 0, .ofs_y = -3},
    {.bitmap_index = 20460, .adv_w = 512, .box_w = 30, .box_h = 31, .ofs_x = 1, .ofs_y = -3},
    {.bitmap_index = 20577, .adv_w = 512, .box_w = 31, .box_h = 30, .ofs_x = 0, .ofs_y = -3},
    {.bitmap_index = 20694, .adv_w = 512, .box_w = 31, .box_h = 30, .ofs_x = 0, .ofs_y = -3},
    {.bitmap_index = 20811, .adv_w = 512, .box_w = 30, .box_h = 28, .ofs_x = 1, .ofs_y = -3},
    {.bitmap_index = 20916, .adv_w = 512, .box_w = 30, .box_h = 31, .ofs_x = 1, .ofs_y = -3},
    {.bitmap_index = 21033, .adv_w = 512, .box_w = 31, .box_h = 30, .ofs_x = 1, .ofs_y = -3},
    {.bitmap_index = 21150, .adv_w = 512, .box_w = 31, .box_h = 31, .ofs_x = 1, .ofs_y = -3},
    {.bitmap_index = 21271, .adv_w = 512, .box_w = 31, .box_h = 30, .ofs_x = 1, .ofs_y = -2},
    {.bitmap_index = 21388, .adv_w = 512, .box_w = 32, .box_h = 31, .ofs_x = 0, .ofs_y = -3},
    {.bitmap_index = 21512, .adv_w = 512, .box_w = 30, .box_h = 31, .ofs_x = 1, .ofs_y = -3},
    {.bitmap_index = 21629, .adv_w = 512, .box_w = 30, .box_h = 31, .ofs_x = 1, .ofs_y = -3},
    {.bitmap_index = 21746, .adv_w = 512, .box_w = 31, .box_h = 30, .ofs_x = 1, .ofs_y = -3},
    {.bitmap_index = 21863, .adv_w = 512, .box_w = 30, .box_h = 30, .ofs_x = 0, .ofs_y = -3},
    {.bitmap_index = 21976, .adv_w = 512, .box_w = 31, .box_h = 30, .ofs_x = 1, .ofs_y = -3},
    {.bitmap_index = 22093, .adv_w = 512, .box_w = 31, .box_h = 30, .ofs_x = 0, .ofs_y = -3},
    {.bitmap_index = 22210, .adv_w = 512, .box_w = 32, .box_h = 30, .ofs_x = 1, .ofs_y = -3},
    {.bitmap_index = 22330, .adv_w = 512, .box_w = 31, .box_h = 30, .ofs_x = 0, .ofs_y = -3},
    {.bitmap_index = 22447, .adv_w = 512, .box_w = 30, .box_h = 30, .ofs_x = 1, .ofs_y = -3},
    {.bitmap_index = 22560, .adv_w = 512, .box_w = 31, .box_h = 31, .ofs_x = 0, .ofs_y = -3},
    {.bitmap_index = 22681, .adv_w = 512, .box_w = 30, .box_h = 30, .ofs_x = 1, .ofs_y = -3},
    {.bitmap_index = 22794, .adv_w = 512, .box_w = 32, .box_h = 30, .ofs_x = 0, .ofs_y = -3},
    {.bitmap_index = 22914, .adv_w = 512, .box_w = 31, .box_h = 30, .ofs_x = 0, .ofs_y = -3},
    {.bitmap_index = 23031, .adv_w = 512, .box_w = 31, .box_h = 30, .ofs_x = 1, .ofs_y = -3},
    {.bitmap_index = 23148, .adv_w = 512, .box_w = 31, .box_h = 30, .ofs_x = 0, .ofs_y = -3},
    {.bitmap_index = 23265, .adv_w = 512, .box_w = 31, .box_h = 30, .ofs_x = 1, .ofs_y = -3},
    {.bitmap_index = 23382, .adv_w = 512, .box_w = 30, .box_h = 31, .ofs_x = 0, .ofs_y = -3},
    {.bitmap_index = 23499, .adv_w = 512, .box_w = 31, .box_h = 31, .ofs_x = 1, .ofs_y = -3},
    {.bitmap_index = 23620, .adv_w = 512, .box_w = 31, .box_h = 30, .ofs_x = 0, .ofs_y = -3},
    {.bitmap_index = 23737, .adv_w = 512, .box_w = 31, .box_h = 31, .ofs_x = 0, .ofs_y = -3},
    {.bitmap_index = 23858, .adv_w = 512, .box_w = 32, .box_h = 30, .ofs_x = 0, .ofs_y = -3},
    {.bitmap_index = 23978, .adv_w = 512, .box_w = 30, .box_h = 31, .ofs_x = 1, .ofs_y = -3},
    {.bitmap_index = 24095, .adv_w = 512, .box_w = 30, .box_h = 30, .ofs_x = 1, .ofs_y = -3},
    {.bitmap_index = 24208, .adv_w = 512, .box_w = 31, .box_h = 30, .ofs_x = 0, .ofs_y = -3},
    {.bitmap_index = 24325, .adv_w = 512, .box_w = 31, .box_h = 29, .ofs_x = 0, .ofs_y = -3},
    {.bitmap_index = 24438, .adv_w = 512, .box_w = 30, .box_h = 30, .ofs_x = 0, .ofs_y = -3},
    {.bitmap_index = 24551, .adv_w = 512, .box_w = 32, .box_h = 30, .ofs_x = 0, .ofs_y = -3},
    {.bitmap_index = 24671, .adv_w = 512, .box_w = 31, .box_h = 31, .ofs_x = 1, .ofs_y = -3},
    {.bitmap_index = 24792, .adv_w = 512, .box_w = 31, .box_h = 30, .ofs_x = 0, .ofs_y = -3},
    {.bitmap_index = 24909, .adv_w = 512, .box_w = 32, .box_h = 31, .ofs_x = 0, .ofs_y = -3},
    {.bitmap_index = 25033, .adv_w = 512, .box_w = 31, .box_h = 30, .ofs_x = 1, .ofs_y = -3},
    {.bitmap_index = 25150, .adv_w = 512, .box_w = 31, .box_h = 29, .ofs_x = 0, .ofs_y = -3},
    {.bitmap_index = 25263, .adv_w = 512, .box_w = 31, .box_h = 31, .ofs_x = 0, .ofs_y = -3},
    {.bitmap_index = 25384, .adv_w = 512, .box_w = 30, .box_h = 30, .ofs_x = 1, .ofs_y = -3},
    {.bitmap_index = 25497, .adv_w = 512, .box_w = 30, .box_h = 30, .ofs_x = 1, .ofs_y = -3},
    {.bitmap_index = 25610, .adv_w = 512, .box_w = 30, .box_h = 30, .ofs_x = 1, .ofs_y = -3},
    {.bitmap_index = 25723, .adv_w = 512, .box_w = 30, .box_h = 29, .ofs_x = 1, .ofs_y = -2},
    {.bitmap_index = 25832, .adv_w = 512, .box_w = 31, .box_h = 28, .ofs_x = 1, .ofs_y = -2},
    {.bitmap_index = 25941, .adv_w = 512, .box_w = 31, .box_h = 30, .ofs_x = 1, .ofs_y = -3},
    {.bitmap_index = 26058, .adv_w = 512, .box_w = 30, .box_h = 28, .ofs_x = 1, .ofs_y = -2},
    {.bitmap_index = 26163, .adv_w = 512, .box_w = 31, .box_h = 29, .ofs_x = 0, .ofs_y = -3},
    {.bitmap_index = 26276, .adv_w = 512, .box_w = 28, .box_h = 30, .ofs_x = 3, .ofs_y = -3},
    {.bitmap_index = 26381, .adv_w = 512, .box_w = 27, .box_h = 29, .ofs_x = 3, .ofs_y = -3},
    {.bitmap_index = 26479, .adv_w = 512, .box_w = 31, .box_h = 29, .ofs_x = 1, .ofs_y = -3},
    {.bitmap_index = 26592, .adv_w = 512, .box_w = 29, .box_h = 30, .ofs_x = 2, .ofs_y = -3},
    {.bitmap_index = 26701, .adv_w = 512, .box_w = 31, .box_h = 31, .ofs_x = 1, .ofs_y = -4},
    {.bitmap_index = 26822, .adv_w = 512, .box_w = 30, .box_h = 30, .ofs_x = 1, .ofs_y = -3},
    {.bitmap_index = 26935, .adv_w = 512, .box_w = 31, .box_h = 30, .ofs_x = 1, .ofs_y = -3},
    {.bitmap_index = 27052, .adv_w = 512, .box_w = 30, .box_h = 30, .ofs_x = 1, .ofs_y = -3},
    {.bitmap_index = 27165, .adv_w = 512, .box_w = 30, .box_h = 29, .ofs_x = 1, .ofs_y = -3},
    {.bitmap_index = 27274, .adv_w = 512, .box_w = 27, .box_h = 30, .ofs_x = 3, .ofs_y = -3},
    {.bitmap_index = 27376, .adv_w = 512, .box_w = 31, .box_h = 30, .ofs_x = 1, .ofs_y = -3},
    {.bitmap_index = 27493, .adv_w = 512, .box_w = 31, .box_h = 29, .ofs_x = 0, .ofs_y = -3},
    {.bitmap_index = 27606, .adv_w = 512, .box_w = 30, .box_h = 30, .ofs_x = 0, .ofs_y = -3},
    {.bitmap_index = 27719, .adv_w = 512, .box_w = 30, .box_h = 31, .ofs_x = 0, .ofs_y = -4},
    {.bitmap_index = 27836, .adv_w = 512, .box_w = 31, .box_h = 29, .ofs_x = 0, .ofs_y = -3},
    {.bitmap_index = 27949, .adv_w = 512, .box_w = 30, .box_h = 30, .ofs_x = 1, .ofs_y = -3},
    {.bitmap_index = 28062, .adv_w = 512, .box_w = 30, .box_h = 29, .ofs_x = 0, .ofs_y = -3},
    {.bitmap_index = 28171, .adv_w = 512, .box_w = 30, .box_h = 31, .ofs_x = 1, .ofs_y = -3},
    {.bitmap_index = 28288, .adv_w = 512, .box_w = 30, .box_h = 31, .ofs_x = 1, .ofs_y = -3},
    {.bitmap_index = 28405, .adv_w = 512, .box_w = 30, .box_h = 31, .ofs_x = 0, .ofs_y = -3},
    {.bitmap_index = 28522, .adv_w = 512, .box_w = 30, .box_h = 31, .ofs_x = 1, .ofs_y = -3},
    {.bitmap_index = 28639, .adv_w = 512, .box_w = 30, .box_h = 29, .ofs_x = 1, .ofs_y = -3},
    {.bitmap_index = 28748, .adv_w = 512, .box_w = 30, .box_h = 30, .ofs_x = 1, .ofs_y = -3},
    {.bitmap_index = 28861, .adv_w = 512, .box_w = 30, .box_h = 30, .ofs_x = 1, .ofs_y = -3},
    {.bitmap_index = 28974, .adv_w = 512, .box_w = 30, .box_h = 30, .ofs_x = 1, .ofs_y = -3},
    {.bitmap_index = 29087, .adv_w = 512, .box_w = 29, .box_h = 29, .ofs_x = 1, .ofs_y = -3},
    {.bitmap_index = 29193, .adv_w = 512, .box_w = 31, .box_h = 31, .ofs_x = 1, .ofs_y = -3},
    {.bitmap_index = 29314, .adv_w = 512, .box_w = 30, .box_h = 30, .ofs_x = 0, .ofs_y = -4},
    {.bitmap_index = 29427, .adv_w = 512, .box_w = 30, .box_h = 30, .ofs_x = 1, .ofs_y = -3},
    {.bitmap_index = 29540, .adv_w = 512, .box_w = 30, .box_h = 30, .ofs_x = 1, .ofs_y = -3},
    {.bitmap_index = 29653, .adv_w = 512, .box_w = 31, .box_h = 30, .ofs_x = 1, .ofs_y = -3},
    {.bitmap_index = 29770, .adv_w = 512, .box_w = 32, .box_h = 30, .ofs_x = 0, .ofs_y = -3},
    {.bitmap_index = 29890, .adv_w = 512, .box_w = 30, .box_h = 30, .ofs_x = 1, .ofs_y = -3},
    {.bitmap_index = 30003, .adv_w = 512, .box_w = 30, .box_h = 30, .ofs_x = 1, .ofs_y = -3},
    {.bitmap_index = 30116, .adv_w = 512, .box_w = 30, .box_h = 30, .ofs_x = 1, .ofs_y = -3},
    {.bitmap_index = 30229, .adv_w = 512, .box_w = 30, .box_h = 29, .ofs_x = 1, .ofs_y = -3},
    {.bitmap_index = 30338, .adv_w = 512, .box_w = 28, .box_h = 30, .ofs_x = 3, .ofs_y = -3},
    {.bitmap_index = 30443, .adv_w = 512, .box_w = 31, .box_h = 30, .ofs_x = 0, .ofs_y = -3},
    {.bitmap_index = 30560, .adv_w = 512, .box_w = 31, .box_h = 30, .ofs_x = 0, .ofs_y = -3},
    {.bitmap_index = 30677, .adv_w = 512, .box_w = 30, .box_h = 30, .ofs_x = 1, .ofs_y = -3},
    {.bitmap_index = 30790, .adv_w = 512, .box_w = 30, .box_h = 30, .ofs_x = 1, .ofs_y = -3},
    {.bitmap_index = 30903, .adv_w = 512, .box_w = 30, .box_h = 30, .ofs_x = 1, .ofs_y = -3},
    {.bitmap_index = 31016, .adv_w = 512, .box_w = 31, .box_h = 30, .ofs_x = 1, .ofs_y = -3},
    {.bitmap_index = 31133, .adv_w = 512, .box_w = 30, .box_h = 31, .ofs_x = 1, .ofs_y = -3},
    {.bitmap_index = 31250, .adv_w = 512, .box_w = 31, .box_h = 31, .ofs_x = 1, .ofs_y = -3},
    {.bitmap_index = 31371, .adv_w = 512, .box_w = 30, .box_h = 30, .ofs_x = 1, .ofs_y = -3},
    {.bitmap_index = 31484, .adv_w = 512, .box_w = 30, .box_h = 30, .ofs_x = 1, .ofs_y = -3},
    {.bitmap_index = 31597, .adv_w = 512, .box_w = 30, .box_h = 31, .ofs_x = 1, .ofs_y = -4},
    {.bitmap_index = 31714, .adv_w = 512, .box_w = 31, .box_h = 29, .ofs_x = 1, .ofs_y = -3},
    {.bitmap_index = 31827, .adv_w = 512, .box_w = 30, .box_h = 30, .ofs_x = 1, .ofs_y = -3},
    {.bitmap_index = 31940, .adv_w = 512, .box_w = 30, .box_h = 31, .ofs_x = 1, .ofs_y = -3},
    {.bitmap_index = 32057, .adv_w = 512, .box_w = 31, .box_h = 30, .ofs_x = 1, .ofs_y = -3},
    {.bitmap_index = 32174, .adv_w = 512, .box_w = 31, .box_h = 29, .ofs_x = 1, .ofs_y = -3},
    {.bitmap_index = 32287, .adv_w = 512, .box_w = 30, .box_h = 30, .ofs_x = 1, .ofs_y = -3},
    {.bitmap_index = 32400, .adv_w = 512, .box_w = 30, .box_h = 30, .ofs_x = 1, .ofs_y = -3},
    {.bitmap_index = 32513, .adv_w = 512, .box_w = 26, .box_h = 26, .ofs_x = 4, .ofs_y = -1},
    {.bitmap_index = 32598, .adv_w = 512, .box_w = 30, .box_h = 31, .ofs_x = 2, .ofs_y = -3},
    {.bitmap_index = 32715, .adv_w = 512, .box_w = 31, .box_h = 31, .ofs_x = 0, .ofs_y = -3},
    {.bitmap_index = 32836, .adv_w = 512, .box_w = 28, .box_h = 30, .ofs_x = 2, .ofs_y = -3},
    {.bitmap_index = 32941, .adv_w = 512, .box_w = 31, .box_h = 31, .ofs_x = 0, .ofs_y = -3},
    {.bitmap_index = 33062, .adv_w = 512, .box_w = 30, .box_h = 30, .ofs_x = 1, .ofs_y = -3},
    {.bitmap_index = 33175, .adv_w = 512, .box_w = 29, .box_h = 29, .ofs_x = 1, .ofs_y = -3},
    {.bitmap_index = 33281, .adv_w = 512, .box_w = 31, .box_h = 29, .ofs_x = 1, .ofs_y = -3},
    {.bitmap_index = 33394, .adv_w = 512, .box_w = 31, .box_h = 31, .ofs_x = 1, .ofs_y = -3},
    {.bitmap_index = 33515, .adv_w = 512, .box_w = 28, .box_h = 29, .ofs_x = 3, .ofs_y = -3},
    {.bitmap_index = 33617, .adv_w = 512, .box_w = 30, .box_h = 30, .ofs_x = 0, .ofs_y = -3},
    {.bitmap_index = 33730, .adv_w = 512, .box_w = 27, .box_h = 29, .ofs_x = 3, .ofs_y = -3},
    {.bitmap_index = 33828, .adv_w = 512, .box_w = 30, .box_h = 30, .ofs_x = 1, .ofs_y = -3},
    {.bitmap_index = 33941, .adv_w = 512, .box_w = 29, .box_h = 29, .ofs_x = 1, .ofs_y = -3},
    {.bitmap_index = 34047, .adv_w = 512, .box_w = 29, .box_h = 30, .ofs_x = 2, .ofs_y = -3},
    {.bitmap_index = 34156, .adv_w = 512, .box_w = 30, .box_h = 30, .ofs_x = 2, .ofs_y = -3},
    {.bitmap_index = 34269, .adv_w = 512, .box_w = 31, .box_h = 30, .ofs_x = 1, .ofs_y = -3},
    {.bitmap_index = 34386, .adv_w = 512, .box_w = 30, .box_h = 29, .ofs_x = 1, .ofs_y = -3},
    {.bitmap_index = 34495, .adv_w = 512, .box_w = 30, .box_h = 30, .ofs_x = 2, .ofs_y = -3},
    {.bitmap_index = 34608, .adv_w = 512, .box_w = 29, .box_h = 29, .ofs_x = 3, .ofs_y = -3},
    {.bitmap_index = 34714, .adv_w = 512, .box_w = 29, .box_h = 30, .ofs_x = 1, .ofs_y = -3},
    {.bitmap_index = 34823, .adv_w = 512, .box_w = 31, .box_h = 30, .ofs_x = 1, .ofs_y = -3},
    {.bitmap_index = 34940, .adv_w = 512, .box_w = 28, .box_h = 29, .ofs_x = 2, .ofs_y = -3},
    {.bitmap_index = 35042, .adv_w = 512, .box_w = 30, .box_h = 29, .ofs_x = 1, .ofs_y = -3},
    {.bitmap_index = 35151, .adv_w = 512, .box_w = 30, .box_h = 30, .ofs_x = 1, .ofs_y = -3},
    {.bitmap_index = 35264, .adv_w = 512, .box_w = 28, .box_h = 26, .ofs_x = 3, .ofs_y = -2},
    {.bitmap_index = 35355, .adv_w = 512, .box_w = 27, .box_h = 29, .ofs_x = 3, .ofs_y = -3},
    {.bitmap_index = 35453, .adv_w = 512, .box_w = 29, .box_h = 29, .ofs_x = 2, .ofs_y = -3},
    {.bitmap_index = 35559, .adv_w = 512, .box_w = 29, .box_h = 29, .ofs_x = 2, .ofs_y = -3},
    {.bitmap_index = 35665, .adv_w = 512, .box_w = 28, .box_h = 29, .ofs_x = 3, .ofs_y = -3},
    {.bitmap_index = 35767, .adv_w = 512, .box_w = 28, .box_h = 29, .ofs_x = 2, .ofs_y = -3},
    {.bitmap_index = 35869, .adv_w = 512, .box_w = 28, .box_h = 30, .ofs_x = 3, .ofs_y = -3},
    {.bitmap_index = 35974, .adv_w = 512, .box_w = 30, .box_h = 30, .ofs_x = 1, .ofs_y = -2},
    {.bitmap_index = 36087, .adv_w = 512, .box_w = 29, .box_h = 31, .ofs_x = 1, .ofs_y = -3},
    {.bitmap_index = 36200, .adv_w = 512, .box_w = 31, .box_h = 29, .ofs_x = 0, .ofs_y = -2},
    {.bitmap_index = 36313, .adv_w = 512, .box_w = 30, .box_h = 30, .ofs_x = 1, .ofs_y = -3},
    {.bitmap_index = 36426, .adv_w = 512, .box_w = 31, .box_h = 29, .ofs_x = 0, .ofs_y = -2},
    {.bitmap_index = 36539, .adv_w = 512, .box_w = 31, .box_h = 30, .ofs_x = 1, .ofs_y = -3},
    {.bitmap_index = 36656, .adv_w = 512, .box_w = 31, .box_h = 29, .ofs_x = 1, .ofs_y = -3},
    {.bitmap_index = 36769, .adv_w = 512, .box_w = 31, .box_h = 30, .ofs_x = 0, .ofs_y = -3},
    {.bitmap_index = 36886, .adv_w = 512, .box_w = 32, .box_h = 30, .ofs_x = 0, .ofs_y = -2},
    {.bitmap_index = 37006, .adv_w = 512, .box_w = 31, .box_h = 31, .ofs_x = 0, .ofs_y = -3},
    {.bitmap_index = 37127, .adv_w = 512, .box_w = 31, .box_h = 32, .ofs_x = 1, .ofs_y = -4},
    {.bitmap_index = 37251, .adv_w = 512, .box_w = 30, .box_h = 28, .ofs_x = 1, .ofs_y = -2},
    {.bitmap_index = 37356, .adv_w = 512, .box_w = 30, .box_h = 31, .ofs_x = 1, .ofs_y = -3},
    {.bitmap_index = 37473, .adv_w = 512, .box_w = 31, .box_h = 30, .ofs_x = 0, .ofs_y = -3},
    {.bitmap_index = 37590, .adv_w = 512, .box_w = 31, .box_h = 30, .ofs_x = 0, .ofs_y = -3},
    {.bitmap_index = 37707, .adv_w = 512, .box_w = 31, .box_h = 30, .ofs_x = 1, .ofs_y = -3},
    {.bitmap_index = 37824, .adv_w = 512, .box_w = 28, .box_h = 30, .ofs_x = 2, .ofs_y = -3},
    {.bitmap_index = 37929, .adv_w = 512, .box_w = 31, .box_h = 30, .ofs_x = 0, .ofs_y = -3},
    {.bitmap_index = 38046, .adv_w = 512, .box_w = 30, .box_h = 31, .ofs_x = 1, .ofs_y = -4},
    {.bitmap_index = 38163, .adv_w = 512, .box_w = 30, .box_h = 30, .ofs_x = 1, .ofs_y = -3},
    {.bitmap_index = 38276, .adv_w = 512, .box_w = 31, .box_h = 31, .ofs_x = 1, .ofs_y = -3},
    {.bitmap_index = 38397, .adv_w = 512, .box_w = 31, .box_h = 30, .ofs_x = 1, .ofs_y = -3},
    {.bitmap_index = 38514, .adv_w = 512, .box_w = 31, .box_h = 30, .ofs_x = 1, .ofs_y = -3},
    {.bitmap_index = 38631, .adv_w = 512, .box_w = 31, .box_h = 30, .ofs_x = 1, .ofs_y = -3},
    {.bitmap_index = 38748, .adv_w = 512, .box_w = 31, .box_h = 30, .ofs_x = 1, .ofs_y = -3},
    {.bitmap_index = 38865, .adv_w = 512, .box_w = 30, .box_h = 30, .ofs_x = 1, .ofs_y = -3},
    {.bitmap_index = 38978, .adv_w = 512, .box_w = 31, .box_h = 30, .ofs_x = 0, .ofs_y = -3},
    {.bitmap_index = 39095, .adv_w = 512, .box_w = 30, .box_h = 30, .ofs_x = 1, .ofs_y = -3},
    {.bitmap_index = 39208, .adv_w = 512, .box_w = 31, .box_h = 30, .ofs_x = 1, .ofs_y = -3},
    {.bitmap_index = 39325, .adv_w = 512, .box_w = 31, .box_h = 30, .ofs_x = 1, .ofs_y = -3},
    {.bitmap_index = 39442, .adv_w = 512, .box_w = 31, .box_h = 30, .ofs_x = 1, .ofs_y = -3},
    {.bitmap_index = 39559, .adv_w = 512, .box_w = 31, .box_h = 31, .ofs_x = 1, .ofs_y = -3},
    {.bitmap_index = 39680, .adv_w = 512, .box_w = 30, .box_h = 30, .ofs_x = 1, .ofs_y = -3},
    {.bitmap_index = 39793, .adv_w = 512, .box_w = 31, .box_h = 31, .ofs_x = 1, .ofs_y = -4},
    {.bitmap_index = 39914, .adv_w = 512, .box_w = 32, .box_h = 30, .ofs_x = 0, .ofs_y = -3},
    {.bitmap_index = 40034, .adv_w = 512, .box_w = 31, .box_h = 31, .ofs_x = 1, .ofs_y = -3},
    {.bitmap_index = 40155, .adv_w = 512, .box_w = 30, .box_h = 30, .ofs_x = 1, .ofs_y = -3},
    {.bitmap_index = 40268, .adv_w = 512, .box_w = 30, .box_h = 29, .ofs_x = 1, .ofs_y = -3},
    {.bitmap_index = 40377, .adv_w = 512, .box_w = 30, .box_h = 31, .ofs_x = 1, .ofs_y = -4},
    {.bitmap_index = 40494, .adv_w = 512, .box_w = 31, .box_h = 31, .ofs_x = 1, .ofs_y = -3},
    {.bitmap_index = 40615, .adv_w = 512, .box_w = 30, .box_h = 30, .ofs_x = 1, .ofs_y = -3},
    {.bitmap_index = 40728, .adv_w = 512, .box_w = 30, .box_h = 30, .ofs_x = 1, .ofs_y = -3},
    {.bitmap_index = 40841, .adv_w = 512, .box_w = 31, .box_h = 29, .ofs_x = 0, .ofs_y = -3},
    {.bitmap_index = 40954, .adv_w = 512, .box_w = 29, .box_h = 29, .ofs_x = 1, .ofs_y = -2},
    {.bitmap_index = 41060, .adv_w = 512, .box_w = 30, .box_h = 30, .ofs_x = 1, .ofs_y = -3},
    {.bitmap_index = 41173, .adv_w = 512, .box_w = 30, .box_h = 30, .ofs_x = 1, .ofs_y = -3},
    {.bitmap_index = 41286, .adv_w = 512, .box_w = 30, .box_h = 30, .ofs_x = 1, .ofs_y = -3},
    {.bitmap_index = 41399, .adv_w = 512, .box_w = 30, .box_h = 31, .ofs_x = 1, .ofs_y = -3},
    {.bitmap_index = 41516, .adv_w = 512, .box_w = 30, .box_h = 30, .ofs_x = 1, .ofs_y = -3},
    {.bitmap_index = 41629, .adv_w = 512, .box_w = 30, .box_h = 30, .ofs_x = 1, .ofs_y = -3},
    {.bitmap_index = 41742, .adv_w = 512, .box_w = 29, .box_h = 29, .ofs_x = 1, .ofs_y = -3},
    {.bitmap_index = 41848, .adv_w = 512, .box_w = 30, .box_h = 30, .ofs_x = 1, .ofs_y = -3},
    {.bitmap_index = 41961, .adv_w = 512, .box_w = 30, .box_h = 28, .ofs_x = 1, .ofs_y = -2},
    {.bitmap_index = 42066, .adv_w = 512, .box_w = 30, .box_h = 30, .ofs_x = 1, .ofs_y = -3},
    {.bitmap_index = 42179, .adv_w = 512, .box_w = 30, .box_h = 29, .ofs_x = 1, .ofs_y = -3},
    {.bitmap_index = 42288, .adv_w = 512, .box_w = 30, .box_h = 30, .ofs_x = 1, .ofs_y = -3},
    {.bitmap_index = 42401, .adv_w = 512, .box_w = 30, .box_h = 30, .ofs_x = 1, .ofs_y = -3},
    {.bitmap_index = 42514, .adv_w = 512, .box_w = 30, .box_h = 30, .ofs_x = 1, .ofs_y = -3},
    {.bitmap_index = 42627, .adv_w = 512, .box_w = 30, .box_h = 30, .ofs_x = 1, .ofs_y = -3},
    {.bitmap_index = 42740, .adv_w = 512, .box_w = 31, .box_h = 30, .ofs_x = 0, .ofs_y = -3},
    {.bitmap_index = 42857, .adv_w = 512, .box_w = 31, .box_h = 30, .ofs_x = 1, .ofs_y = -3},
    {.bitmap_index = 42974, .adv_w = 512, .box_w = 30, .box_h = 30, .ofs_x = 1, .ofs_y = -3},
    {.bitmap_index = 43087, .adv_w = 512, .box_w = 32, .box_h = 31, .ofs_x = 0, .ofs_y = -3},
    {.bitmap_index = 43211, .adv_w = 512, .box_w = 31, .box_h = 30, .ofs_x = 1, .ofs_y = -3},
    {.bitmap_index = 43328, .adv_w = 512, .box_w = 30, .box_h = 30, .ofs_x = 1, .ofs_y = -3},
    {.bitmap_index = 43441, .adv_w = 512, .box_w = 29, .box_h = 30, .ofs_x = 1, .ofs_y = -3},
    {.bitmap_index = 43550, .adv_w = 512, .box_w = 29, .box_h = 30, .ofs_x = 1, .ofs_y = -3},
    {.bitmap_index = 43659, .adv_w = 512, .box_w = 31, .box_h = 30, .ofs_x = 1, .ofs_y = -3},
    {.bitmap_index = 43776, .adv_w = 512, .box_w = 30, .box_h = 29, .ofs_x = 1, .ofs_y = -3},
    {.bitmap_index = 43885, .adv_w = 512, .box_w = 31, .box_h = 29, .ofs_x = 0, .ofs_y = -3},
    {.bitmap_index = 43998, .adv_w = 512, .box_w = 31, .box_h = 31, .ofs_x = 0, .ofs_y = -4},
    {.bitmap_index = 44119, .adv_w = 512, .box_w = 30, .box_h = 30, .ofs_x = 1, .ofs_y = -3},
    {.bitmap_index = 44232, .adv_w = 512, .box_w = 27, .box_h = 29, .ofs_x = 2, .ofs_y = -3},
    {.bitmap_index = 44330, .adv_w = 512, .box_w = 29, .box_h = 30, .ofs_x = 3, .ofs_y = -3},
    {.bitmap_index = 44439, .adv_w = 512, .box_w = 28, .box_h = 28, .ofs_x = 1, .ofs_y = -3},
    {.bitmap_index = 44537, .adv_w = 512, .box_w = 29, .box_h = 29, .ofs_x = 1, .ofs_y = -3},
    {.bitmap_index = 44643, .adv_w = 512, .box_w = 31, .box_h = 26, .ofs_x = 0, .ofs_y = -1},
    {.bitmap_index = 44744, .adv_w = 512, .box_w = 30, .box_h = 29, .ofs_x = 1, .ofs_y = -2},
    {.bitmap_index = 44853, .adv_w = 512, .box_w = 30, .box_h = 30, .ofs_x = 1, .ofs_y = -3},
    {.bitmap_index = 44966, .adv_w = 512, .box_w = 30, .box_h = 30, .ofs_x = 1, .ofs_y = -3},
    {.bitmap_index = 45079, .adv_w = 512, .box_w = 30, .box_h = 30, .ofs_x = 1, .ofs_y = -3},
    {.bitmap_index = 45192, .adv_w = 512, .box_w = 30, .box_h = 30, .ofs_x = 1, .ofs_y = -3},
    {.bitmap_index = 45305, .adv_w = 512, .box_w = 31, .box_h = 31, .ofs_x = 1, .ofs_y = -3},
    {.bitmap_index = 45426, .adv_w = 512, .box_w = 30, .box_h = 30, .ofs_x = 2, .ofs_y = -3},
    {.bitmap_index = 45539, .adv_w = 512, .box_w = 30, .box_h = 30, .ofs_x = 2, .ofs_y = -3},
    {.bitmap_index = 45652, .adv_w = 512, .box_w = 30, .box_h = 30, .ofs_x = 1, .ofs_y = -3},
    {.bitmap_index = 45765, .adv_w = 512, .box_w = 30, .box_h = 31, .ofs_x = 2, .ofs_y = -3},
    {.bitmap_index = 45882, .adv_w = 512, .box_w = 30, .box_h = 30, .ofs_x = 1, .ofs_y = -3},
    {.bitmap_index = 45995, .adv_w = 512, .box_w = 30, .box_h = 31, .ofs_x = 1, .ofs_y = -3},
    {.bitmap_index = 46112, .adv_w = 512, .box_w = 30, .box_h = 30, .ofs_x = 1, .ofs_y = -3},
    {.bitmap_index = 46225, .adv_w = 512, .box_w = 31, .box_h = 30, .ofs_x = 0, .ofs_y = -3},
    {.bitmap_index = 46342, .adv_w = 512, .box_w = 30, .box_h = 30, .ofs_x = 1, .ofs_y = -3},
    {.bitmap_index = 46455, .adv_w = 512, .box_w = 31, .box_h = 29, .ofs_x = 0, .ofs_y = -3},
    {.bitmap_index = 46568, .adv_w = 512, .box_w = 30, .box_h = 30, .ofs_x = 1, .ofs_y = -4},
    {.bitmap_index = 46681, .adv_w = 512, .box_w = 30, .box_h = 30, .ofs_x = 1, .ofs_y = -4},
    {.bitmap_index = 46794, .adv_w = 512, .box_w = 30, .box_h = 30, .ofs_x = 1, .ofs_y = -3},
    {.bitmap_index = 46907, .adv_w = 512, .box_w = 32, .box_h = 31, .ofs_x = 1, .ofs_y = -3},
    {.bitmap_index = 47031, .adv_w = 512, .box_w = 31, .box_h = 29, .ofs_x = 1, .ofs_y = -2},
    {.bitmap_index = 47144, .adv_w = 512, .box_w = 26, .box_h = 30, .ofs_x = 3, .ofs_y = -3},
    {.bitmap_index = 47242, .adv_w = 512, .box_w = 29, .box_h = 30, .ofs_x = 1, .ofs_y = -3},
    {.bitmap_index = 47351, .adv_w = 512, .box_w = 30, .box_h = 30, .ofs_x = 1, .ofs_y = -3},
    {.bitmap_index = 47464, .adv_w = 512, .box_w = 30, .box_h = 31, .ofs_x = 1, .ofs_y = -3},
    {.bitmap_index = 47581, .adv_w = 512, .box_w = 26, .box_h = 30, .ofs_x = 3, .ofs_y = -3},
    {.bitmap_index = 47679, .adv_w = 512, .box_w = 31, .box_h = 30, .ofs_x = 1, .ofs_y = -3},
    {.bitmap_index = 47796, .adv_w = 512, .box_w = 31, .box_h = 30, .ofs_x = 1, .ofs_y = -3},
    {.bitmap_index = 47913, .adv_w = 512, .box_w = 31, .box_h = 30, .ofs_x = 0, .ofs_y = -3},
    {.bitmap_index = 48030, .adv_w = 512, .box_w = 31, .box_h = 30, .ofs_x = 1, .ofs_y = -3},
    {.bitmap_index = 48147, .adv_w = 512, .box_w = 30, .box_h = 31, .ofs_x = 1, .ofs_y = -3},
    {.bitmap_index = 48264, .adv_w = 512, .box_w = 31, .box_h = 31, .ofs_x = 1, .ofs_y = -3},
    {.bitmap_index = 48385, .adv_w = 512, .box_w = 31, .box_h = 30, .ofs_x = 1, .ofs_y = -3},
    {.bitmap_index = 48502, .adv_w = 512, .box_w = 31, .box_h = 30, .ofs_x = 1, .ofs_y = -3},
    {.bitmap_index = 48619, .adv_w = 512, .box_w = 30, .box_h = 31, .ofs_x = 1, .ofs_y = -3},
    {.bitmap_index = 48736, .adv_w = 512, .box_w = 31, .box_h = 31, .ofs_x = 1, .ofs_y = -3},
    {.bitmap_index = 48857, .adv_w = 512, .box_w = 31, .box_h = 30, .ofs_x = 1, .ofs_y = -3},
    {.bitmap_index = 48974, .adv_w = 512, .box_w = 31, .box_h = 30, .ofs_x = 1, .ofs_y = -3},
    {.bitmap_index = 49091, .adv_w = 512, .box_w = 31, .box_h = 30, .ofs_x = 1, .ofs_y = -3},
    {.bitmap_index = 49208, .adv_w = 512, .box_w = 31, .box_h = 28, .ofs_x = 0, .ofs_y = -2},
    {.bitmap_index = 49317, .adv_w = 512, .box_w = 30, .box_h = 29, .ofs_x = 1, .ofs_y = -2},
    {.bitmap_index = 49426, .adv_w = 512, .box_w = 30, .box_h = 30, .ofs_x = 1, .ofs_y = -2},
    {.bitmap_index = 49539, .adv_w = 512, .box_w = 31, .box_h = 30, .ofs_x = 0, .ofs_y = -3},
    {.bitmap_index = 49656, .adv_w = 512, .box_w = 30, .box_h = 29, .ofs_x = 1, .ofs_y = -2},
    {.bitmap_index = 49765, .adv_w = 512, .box_w = 31, .box_h = 29, .ofs_x = 1, .ofs_y = -2},
    {.bitmap_index = 49878, .adv_w = 512, .box_w = 30, .box_h = 28, .ofs_x = 1, .ofs_y = -2},
    {.bitmap_index = 49983, .adv_w = 512, .box_w = 30, .box_h = 28, .ofs_x = 1, .ofs_y = -2},
    {.bitmap_index = 50088, .adv_w = 512, .box_w = 32, .box_h = 31, .ofs_x = 0, .ofs_y = -3},
    {.bitmap_index = 50212, .adv_w = 512, .box_w = 30, .box_h = 29, .ofs_x = 1, .ofs_y = -2},
    {.bitmap_index = 50321, .adv_w = 512, .box_w = 29, .box_h = 30, .ofs_x = 1, .ofs_y = -2},
    {.bitmap_index = 50430, .adv_w = 512, .box_w = 30, .box_h = 30, .ofs_x = 1, .ofs_y = -2},
    {.bitmap_index = 50543, .adv_w = 512, .box_w = 31, .box_h = 30, .ofs_x = 0, .ofs_y = -3},
    {.bitmap_index = 50660, .adv_w = 512, .box_w = 29, .box_h = 30, .ofs_x = 1, .ofs_y = -3},
    {.bitmap_index = 50769, .adv_w = 512, .box_w = 31, .box_h = 30, .ofs_x = 1, .ofs_y = -3},
    {.bitmap_index = 50886, .adv_w = 512, .box_w = 31, .box_h = 31, .ofs_x = 0, .ofs_y = -3},
    {.bitmap_index = 51007, .adv_w = 512, .box_w = 30, .box_h = 30, .ofs_x = 1, .ofs_y = -2},
    {.bitmap_index = 51120, .adv_w = 512, .box_w = 32, .box_h = 30, .ofs_x = 1, .ofs_y = -3},
    {.bitmap_index = 51240, .adv_w = 512, .box_w = 31, .box_h = 29, .ofs_x = 1, .ofs_y = -2},
    {.bitmap_index = 51353, .adv_w = 512, .box_w = 31, .box_h = 30, .ofs_x = 0, .ofs_y = -3},
    {.bitmap_index = 51470, .adv_w = 512, .box_w = 31, .box_h = 30, .ofs_x = 0, .ofs_y = -3},
    {.bitmap_index = 51587, .adv_w = 512, .box_w = 30, .box_h = 30, .ofs_x = 1, .ofs_y = -3},
    {.bitmap_index = 51700, .adv_w = 512, .box_w = 30, .box_h = 31, .ofs_x = 1, .ofs_y = -3},
    {.bitmap_index = 51817, .adv_w = 512, .box_w = 31, .box_h = 30, .ofs_x = 0, .ofs_y = -3},
    {.bitmap_index = 51934, .adv_w = 512, .box_w = 31, .box_h = 31, .ofs_x = 1, .ofs_y = -3},
    {.bitmap_index = 52055, .adv_w = 512, .box_w = 29, .box_h = 30, .ofs_x = 1, .ofs_y = -3},
    {.bitmap_index = 52164, .adv_w = 512, .box_w = 30, .box_h = 30, .ofs_x = 1, .ofs_y = -3},
    {.bitmap_index = 52277, .adv_w = 512, .box_w = 31, .box_h = 31, .ofs_x = 0, .ofs_y = -3},
    {.bitmap_index = 52398, .adv_w = 512, .box_w = 31, .box_h = 32, .ofs_x = 1, .ofs_y = -4},
    {.bitmap_index = 52522, .adv_w = 512, .box_w = 31, .box_h = 31, .ofs_x = 1, .ofs_y = -4},
    {.bitmap_index = 52643, .adv_w = 512, .box_w = 30, .box_h = 30, .ofs_x = 1, .ofs_y = -3},
    {.bitmap_index = 52756, .adv_w = 512, .box_w = 32, .box_h = 30, .ofs_x = 0, .ofs_y = -3},
    {.bitmap_index = 52876, .adv_w = 512, .box_w = 30, .box_h = 30, .ofs_x = 1, .ofs_y = -3},
    {.bitmap_index = 52989, .adv_w = 512, .box_w = 31, .box_h = 31, .ofs_x = 0, .ofs_y = -4},
    {.bitmap_index = 53110, .adv_w = 512, .box_w = 31, .box_h = 31, .ofs_x = 1, .ofs_y = -3},
    {.bitmap_index = 53231, .adv_w = 512, .box_w = 31, .box_h = 30, .ofs_x = 0, .ofs_y = -3},
    {.bitmap_index = 53348, .adv_w = 512, .box_w = 31, .box_h = 31, .ofs_x = 0, .ofs_y = -3},
    {.bitmap_index = 53469, .adv_w = 512, .box_w = 30, .box_h = 31, .ofs_x = 1, .ofs_y = -3},
    {.bitmap_index = 53586, .adv_w = 512, .box_w = 31, .box_h = 31, .ofs_x = 0, .ofs_y = -3},
    {.bitmap_index = 53707, .adv_w = 512, .box_w = 31, .box_h = 31, .ofs_x = 1, .ofs_y = -3},
    {.bitmap_index = 53828, .adv_w = 512, .box_w = 31, .box_h = 31, .ofs_x = 1, .ofs_y = -3},
    {.bitmap_index = 53949, .adv_w = 512, .box_w = 31, .box_h = 31, .ofs_x = 0, .ofs_y = -3},
    {.bitmap_index = 54070, .adv_w = 512, .box_w = 31, .box_h = 31, .ofs_x = 0, .ofs_y = -3},
    {.bitmap_index = 54191, .adv_w = 512, .box_w = 31, .box_h = 31, .ofs_x = 1, .ofs_y = -3},
    {.bitmap_index = 54312, .adv_w = 512, .box_w = 31, .box_h = 31, .ofs_x = 0, .ofs_y = -3},
    {.bitmap_index = 54433, .adv_w = 512, .box_w = 31, .box_h = 30, .ofs_x = 1, .ofs_y = -3},
    {.bitmap_index = 54550, .adv_w = 512, .box_w = 31, .box_h = 29, .ofs_x = 1, .ofs_y = -3},
    {.bitmap_index = 54663, .adv_w = 512, .box_w = 31, .box_h = 30, .ofs_x = 1, .ofs_y = -3},
    {.bitmap_index = 54780, .adv_w = 512, .box_w = 31, .box_h = 31, .ofs_x = 0, .ofs_y = -3},
    {.bitmap_index = 54901, .adv_w = 512, .box_w = 31, .box_h = 30, .ofs_x = 0, .ofs_y = -3},
    {.bitmap_index = 55018, .adv_w = 512, .box_w = 30, .box_h = 31, .ofs_x = 1, .ofs_y = -3},
    {.bitmap_index = 55135, .adv_w = 512, .box_w = 30, .box_h = 30, .ofs_x = 1, .ofs_y = -3},
    {.bitmap_index = 55248, .adv_w = 512, .box_w = 31, .box_h = 30, .ofs_x = 1, .ofs_y = -3},
    {.bitmap_index = 55365, .adv_w = 512, .box_w = 31, .box_h = 31, .ofs_x = 1, .ofs_y = -4},
    {.bitmap_index = 55486, .adv_w = 512, .box_w = 31, .box_h = 30, .ofs_x = 0, .ofs_y = -3},
    {.bitmap_index = 55603, .adv_w = 512, .box_w = 32, .box_h = 31, .ofs_x = 0, .ofs_y = -4},
    {.bitmap_index = 55727, .adv_w = 512, .box_w = 31, .box_h = 30, .ofs_x = 0, .ofs_y = -3},
    {.bitmap_index = 55844, .adv_w = 512, .box_w = 30, .box_h = 31, .ofs_x = 1, .ofs_y = -4},
    {.bitmap_index = 55961, .adv_w = 512, .box_w = 32, .box_h = 31, .ofs_x = 0, .ofs_y = -3},
    {.bitmap_index = 56085, .adv_w = 512, .box_w = 30, .box_h = 31, .ofs_x = 2, .ofs_y = -3},
    {.bitmap_index = 56202, .adv_w = 512, .box_w = 30, .box_h = 30, .ofs_x = 1, .ofs_y = -3},
    {.bitmap_index = 56315, .adv_w = 512, .box_w = 30, .box_h = 31, .ofs_x = 1, .ofs_y = -3},
    {.bitmap_index = 56432, .adv_w = 512, .box_w = 31, .box_h = 31, .ofs_x = 1, .ofs_y = -3},
    {.bitmap_index = 56553, .adv_w = 512, .box_w = 31, .box_h = 31, .ofs_x = 1, .ofs_y = -3},
    {.bitmap_index = 56674, .adv_w = 512, .box_w = 32, .box_h = 31, .ofs_x = 0, .ofs_y = -3},
    {.bitmap_index = 56798, .adv_w = 512, .box_w = 22, .box_h = 28, .ofs_x = 6, .ofs_y = -3},
    {.bitmap_index = 56875, .adv_w = 512, .box_w = 30, .box_h = 29, .ofs_x = 1, .ofs_y = -3},
    {.bitmap_index = 56984, .adv_w = 512, .box_w = 30, .box_h = 30, .ofs_x = 1, .ofs_y = -3},
    {.bitmap_index = 57097, .adv_w = 512, .box_w = 29, .box_h = 30, .ofs_x = 2, .ofs_y = -3},
    {.bitmap_index = 57206, .adv_w = 512, .box_w = 29, .box_h = 30, .ofs_x = 1, .ofs_y = -3},
    {.bitmap_index = 57315, .adv_w = 512, .box_w = 29, .box_h = 31, .ofs_x = 2, .ofs_y = -3},
    {.bitmap_index = 57428, .adv_w = 512, .box_w = 30, .box_h = 29, .ofs_x = 1, .ofs_y = -2},
    {.bitmap_index = 57537, .adv_w = 512, .box_w = 30, .box_h = 30, .ofs_x = 2, .ofs_y = -3},
    {.bitmap_index = 57650, .adv_w = 512, .box_w = 31, .box_h = 30, .ofs_x = 1, .ofs_y = -3},
    {.bitmap_index = 57767, .adv_w = 512, .box_w = 29, .box_h = 30, .ofs_x = 2, .ofs_y = -3},
    {.bitmap_index = 57876, .adv_w = 512, .box_w = 31, .box_h = 29, .ofs_x = 0, .ofs_y = -2},
    {.bitmap_index = 57989, .adv_w = 512, .box_w = 30, .box_h = 29, .ofs_x = 2, .ofs_y = -3},
    {.bitmap_index = 58098, .adv_w = 512, .box_w = 30, .box_h = 30, .ofs_x = 2, .ofs_y = -3},
    {.bitmap_index = 58211, .adv_w = 512, .box_w = 30, .box_h = 30, .ofs_x = 1, .ofs_y = -3},
    {.bitmap_index = 58324, .adv_w = 512, .box_w = 30, .box_h = 30, .ofs_x = 1, .ofs_y = -3},
    {.bitmap_index = 58437, .adv_w = 512, .box_w = 29, .box_h = 30, .ofs_x = 2, .ofs_y = -3},
    {.bitmap_index = 58546, .adv_w = 512, .box_w = 31, .box_h = 29, .ofs_x = 1, .ofs_y = -3},
    {.bitmap_index = 58659, .adv_w = 512, .box_w = 30, .box_h = 30, .ofs_x = 1, .ofs_y = -3},
    {.bitmap_index = 58772, .adv_w = 512, .box_w = 30, .box_h = 30, .ofs_x = 2, .ofs_y = -3},
    {.bitmap_index = 58885, .adv_w = 512, .box_w = 30, .box_h = 30, .ofs_x = 2, .ofs_y = -3},
    {.bitmap_index = 58998, .adv_w = 512, .box_w = 31, .box_h = 30, .ofs_x = 1, .ofs_y = -3},
    {.bitmap_index = 59115, .adv_w = 512, .box_w = 30, .box_h = 30, .ofs_x = 2, .ofs_y = -3},
    {.bitmap_index = 59228, .adv_w = 512, .box_w = 27, .box_h = 29, .ofs_x = 3, .ofs_y = -3},
    {.bitmap_index = 59326, .adv_w = 512, .box_w = 30, .box_h = 30, .ofs_x = 1, .ofs_y = -3},
    {.bitmap_index = 59439, .adv_w = 512, .box_w = 30, .box_h = 30, .ofs_x = 1, .ofs_y = -3},
    {.bitmap_index = 59552, .adv_w = 512, .box_w = 30, .box_h = 30, .ofs_x = 1, .ofs_y = -3},
    {.bitmap_index = 59665, .adv_w = 512, .box_w = 31, .box_h = 30, .ofs_x = 1, .ofs_y = -3},
    {.bitmap_index = 59782, .adv_w = 512, .box_w = 26, .box_h = 29, .ofs_x = 1, .ofs_y = -3},
    {.bitmap_index = 59877, .adv_w = 512, .box_w = 30, .box_h = 31, .ofs_x = 1, .ofs_y = -3},
    {.bitmap_index = 59994, .adv_w = 512, .box_w = 31, .box_h = 30, .ofs_x = 1, .ofs_y = -3},
    {.bitmap_index = 60111, .adv_w = 512, .box_w = 30, .box_h = 30, .ofs_x = 1, .ofs_y = -3},
    {.bitmap_index = 60224, .adv_w = 512, .box_w = 31, .box_h = 29, .ofs_x = 0, .ofs_y = -3},
    {.bitmap_index = 60337, .adv_w = 512, .box_w = 30, .box_h = 31, .ofs_x = 1, .ofs_y = -3},
    {.bitmap_index = 60454, .adv_w = 512, .box_w = 31, .box_h = 30, .ofs_x = 1, .ofs_y = -3},
    {.bitmap_index = 60571, .adv_w = 512, .box_w = 31, .box_h = 30, .ofs_x = 1, .ofs_y = -3},
    {.bitmap_index = 60688, .adv_w = 512, .box_w = 31, .box_h = 31, .ofs_x = 1, .ofs_y = -3},
    {.bitmap_index = 60809, .adv_w = 512, .box_w = 31, .box_h = 30, .ofs_x = 1, .ofs_y = -3},
    {.bitmap_index = 60926, .adv_w = 512, .box_w = 31, .box_h = 30, .ofs_x = 0, .ofs_y = -3},
    {.bitmap_index = 61043, .adv_w = 512, .box_w = 32, .box_h = 31, .ofs_x = 0, .ofs_y = -3},
    {.bitmap_index = 61167, .adv_w = 512, .box_w = 31, .box_h = 31, .ofs_x = 1, .ofs_y = -3},
    {.bitmap_index = 61288, .adv_w = 512, .box_w = 30, .box_h = 31, .ofs_x = 1, .ofs_y = -3},
    {.bitmap_index = 61405, .adv_w = 512, .box_w = 31, .box_h = 30, .ofs_x = 1, .ofs_y = -3},
    {.bitmap_index = 61522, .adv_w = 512, .box_w = 31, .box_h = 31, .ofs_x = 1, .ofs_y = -3},
    {.bitmap_index = 61643, .adv_w = 512, .box_w = 30, .box_h = 30, .ofs_x = 1, .ofs_y = -3},
    {.bitmap_index = 61756, .adv_w = 512, .box_w = 30, .box_h = 31, .ofs_x = 1, .ofs_y = -3},
    {.bitmap_index = 61873, .adv_w = 512, .box_w = 31, .box_h = 30, .ofs_x = 0, .ofs_y = -3},
    {.bitmap_index = 61990, .adv_w = 512, .box_w = 30, .box_h = 29, .ofs_x = 0, .ofs_y = -3},
    {.bitmap_index = 62099, .adv_w = 512, .box_w = 31, .box_h = 30, .ofs_x = 1, .ofs_y = -3},
    {.bitmap_index = 62216, .adv_w = 512, .box_w = 30, .box_h = 30, .ofs_x = 0, .ofs_y = -2},
    {.bitmap_index = 62329, .adv_w = 512, .box_w = 31, .box_h = 31, .ofs_x = 0, .ofs_y = -3},
    {.bitmap_index = 62450, .adv_w = 512, .box_w = 31, .box_h = 31, .ofs_x = 0, .ofs_y = -3},
    {.bitmap_index = 62571, .adv_w = 512, .box_w = 30, .box_h = 30, .ofs_x = 1, .ofs_y = -3},
    {.bitmap_index = 62684, .adv_w = 512, .box_w = 31, .box_h = 29, .ofs_x = 0, .ofs_y = -3},
    {.bitmap_index = 62797, .adv_w = 512, .box_w = 32, .box_h = 29, .ofs_x = 0, .ofs_y = -3},
    {.bitmap_index = 62913, .adv_w = 512, .box_w = 30, .box_h = 30, .ofs_x = 1, .ofs_y = -3},
    {.bitmap_index = 63026, .adv_w = 512, .box_w = 30, .box_h = 30, .ofs_x = 1, .ofs_y = -3},
    {.bitmap_index = 63139, .adv_w = 512, .box_w = 31, .box_h = 30, .ofs_x = 0, .ofs_y = -3},
    {.bitmap_index = 63256, .adv_w = 512, .box_w = 31, .box_h = 30, .ofs_x = 0, .ofs_y = -3},
    {.bitmap_index = 63373, .adv_w = 512, .box_w = 31, .box_h = 30, .ofs_x = 0, .ofs_y = -3},
    {.bitmap_index = 63490, .adv_w = 512, .box_w = 31, .box_h = 30, .ofs_x = 1, .ofs_y = -3},
    {.bitmap_index = 63607, .adv_w = 512, .box_w = 30, .box_h = 29, .ofs_x = 1, .ofs_y = -3},
    {.bitmap_index = 63716, .adv_w = 512, .box_w = 31, .box_h = 30, .ofs_x = 1, .ofs_y = -3},
    {.bitmap_index = 63833, .adv_w = 512, .box_w = 31, .box_h = 31, .ofs_x = 1, .ofs_y = -3},
    {.bitmap_index = 63954, .adv_w = 512, .box_w = 32, .box_h = 30, .ofs_x = 0, .ofs_y = -3},
    {.bitmap_index = 64074, .adv_w = 512, .box_w = 30, .box_h = 30, .ofs_x = 1, .ofs_y = -3},
    {.bitmap_index = 64187, .adv_w = 512, .box_w = 31, .box_h = 31, .ofs_x = 1, .ofs_y = -3},
    {.bitmap_index = 64308, .adv_w = 512, .box_w = 31, .box_h = 30, .ofs_x = 0, .ofs_y = -3},
    {.bitmap_index = 64425, .adv_w = 512, .box_w = 31, .box_h = 30, .ofs_x = 1, .ofs_y = -3},
    {.bitmap_index = 64542, .adv_w = 512, .box_w = 32, .box_h = 30, .ofs_x = 0, .ofs_y = -3},
    {.bitmap_index = 64662, .adv_w = 512, .box_w = 31, .box_h = 31, .ofs_x = 1, .ofs_y = -3},
    {.bitmap_index = 64783, .adv_w = 512, .box_w = 31, .box_h = 29, .ofs_x = 1, .ofs_y = -2},
    {.bitmap_index = 64896, .adv_w = 512, .box_w = 30, .box_h = 29, .ofs_x = 1, .ofs_y = -2},
    {.bitmap_index = 65005, .adv_w = 512, .box_w = 30, .box_h = 30, .ofs_x = 1, .ofs_y = -3},
    {.bitmap_index = 65118, .adv_w = 512, .box_w = 31, .box_h = 31, .ofs_x = 0, .ofs_y = -3},
    {.bitmap_index = 65239, .adv_w = 512, .box_w = 31, .box_h = 30, .ofs_x = 0, .ofs_y = -3},
    {.bitmap_index = 65356, .adv_w = 512, .box_w = 30, .box_h = 30, .ofs_x = 1, .ofs_y = -3},
    {.bitmap_index = 65469, .adv_w = 512, .box_w = 31, .box_h = 31, .ofs_x = 1, .ofs_y = -3},
    {.bitmap_index = 65590, .adv_w = 512, .box_w = 31, .box_h = 30, .ofs_x = 1, .ofs_y = -3},
    {.bitmap_index = 65707, .adv_w = 512, .box_w = 30, .box_h = 29, .ofs_x = 1, .ofs_y = -3},
    {.bitmap_index = 65816, .adv_w = 512, .box_w = 31, .box_h = 31, .ofs_x = 1, .ofs_y = -3},
    {.bitmap_index = 65937, .adv_w = 512, .box_w = 31, .box_h = 30, .ofs_x = 1, .ofs_y = -3},
    {.bitmap_index = 66054, .adv_w = 512, .box_w = 31, .box_h = 29, .ofs_x = 0, .ofs_y = -2},
    {.bitmap_index = 66167, .adv_w = 512, .box_w = 30, .box_h = 30, .ofs_x = 1, .ofs_y = -3},
    {.bitmap_index = 66280, .adv_w = 512, .box_w = 30, .box_h = 29, .ofs_x = 1, .ofs_y = -3},
    {.bitmap_index = 66389, .adv_w = 512, .box_w = 31, .box_h = 32, .ofs_x = 1, .ofs_y = -4},
    {.bitmap_index = 66513, .adv_w = 512, .box_w = 30, .box_h = 30, .ofs_x = 1, .ofs_y = -4},
    {.bitmap_index = 66626, .adv_w = 512, .box_w = 30, .box_h = 30, .ofs_x = 1, .ofs_y = -3},
    {.bitmap_index = 66739, .adv_w = 512, .box_w = 29, .box_h = 30, .ofs_x = 2, .ofs_y = -3},
    {.bitmap_index = 66848, .adv_w = 512, .box_w = 31, .box_h = 29, .ofs_x = 0, .ofs_y = -3},
    {.bitmap_index = 66961, .adv_w = 512, .box_w = 31, .box_h = 29, .ofs_x = 0, .ofs_y = -3},
    {.bitmap_index = 67074, .adv_w = 512, .box_w = 31, .box_h = 30, .ofs_x = 0, .ofs_y = -3},
    {.bitmap_index = 67191, .adv_w = 512, .box_w = 31, .box_h = 29, .ofs_x = 1, .ofs_y = -3},
    {.bitmap_index = 67304, .adv_w = 512, .box_w = 31, .box_h = 31, .ofs_x = 0, .ofs_y = -3},
    {.bitmap_index = 67425, .adv_w = 512, .box_w = 30, .box_h = 30, .ofs_x = 1, .ofs_y = -3},
    {.bitmap_index = 67538, .adv_w = 512, .box_w = 31, .box_h = 30, .ofs_x = 0, .ofs_y = -4},
    {.bitmap_index = 67655, .adv_w = 512, .box_w = 30, .box_h = 30, .ofs_x = 1, .ofs_y = -3},
    {.bitmap_index = 67768, .adv_w = 512, .box_w = 30, .box_h = 29, .ofs_x = 1, .ofs_y = -3},
    {.bitmap_index = 67877, .adv_w = 512, .box_w = 31, .box_h = 30, .ofs_x = 1, .ofs_y = -3},
    {.bitmap_index = 67994, .adv_w = 512, .box_w = 32, .box_h = 30, .ofs_x = 0, .ofs_y = -3},
    {.bitmap_index = 68114, .adv_w = 512, .box_w = 30, .box_h = 30, .ofs_x = 1, .ofs_y = -3},
    {.bitmap_index = 68227, .adv_w = 512, .box_w = 32, .box_h = 31, .ofs_x = 0, .ofs_y = -3},
    {.bitmap_index = 68351, .adv_w = 512, .box_w = 30, .box_h = 30, .ofs_x = 1, .ofs_y = -3},
    {.bitmap_index = 68464, .adv_w = 512, .box_w = 32, .box_h = 31, .ofs_x = 0, .ofs_y = -3},
    {.bitmap_index = 68588, .adv_w = 512, .box_w = 30, .box_h = 30, .ofs_x = 1, .ofs_y = -3},
    {.bitmap_index = 68701, .adv_w = 512, .box_w = 31, .box_h = 31, .ofs_x = 1, .ofs_y = -3},
    {.bitmap_index = 68822, .adv_w = 512, .box_w = 31, .box_h = 30, .ofs_x = 1, .ofs_y = -3},
    {.bitmap_index = 68939, .adv_w = 512, .box_w = 31, .box_h = 30, .ofs_x = 1, .ofs_y = -3},
    {.bitmap_index = 69056, .adv_w = 512, .box_w = 30, .box_h = 30, .ofs_x = 1, .ofs_y = -3},
    {.bitmap_index = 69169, .adv_w = 512, .box_w = 31, .box_h = 30, .ofs_x = 0, .ofs_y = -3},
    {.bitmap_index = 69286, .adv_w = 512, .box_w = 30, .box_h = 30, .ofs_x = 1, .ofs_y = -3},
    {.bitmap_index = 69399, .adv_w = 512, .box_w = 32, .box_h = 30, .ofs_x = 0, .ofs_y = -3},
    {.bitmap_index = 69519, .adv_w = 512, .box_w = 31, .box_h = 30, .ofs_x = 1, .ofs_y = -3},
    {.bitmap_index = 69636, .adv_w = 512, .box_w = 31, .box_h = 30, .ofs_x = 1, .ofs_y = -3},
    {.bitmap_index = 69753, .adv_w = 512, .box_w = 31, .box_h = 30, .ofs_x = 1, .ofs_y = -3},
    {.bitmap_index = 69870, .adv_w = 512, .box_w = 31, .box_h = 29, .ofs_x = 0, .ofs_y = -3},
    {.bitmap_index = 69983, .adv_w = 512, .box_w = 31, .box_h = 29, .ofs_x = 0, .ofs_y = -3},
    {.bitmap_index = 70096, .adv_w = 512, .box_w = 31, .box_h = 30, .ofs_x = 0, .ofs_y = -3},
    {.bitmap_index = 70213, .adv_w = 512, .box_w = 31, .box_h = 30, .ofs_x = 0, .ofs_y = -3},
    {.bitmap_index = 70330, .adv_w = 512, .box_w = 32, .box_h = 30, .ofs_x = 0, .ofs_y = -3},
    {.bitmap_index = 70450, .adv_w = 512, .box_w = 30, .box_h = 30, .ofs_x = 1, .ofs_y = -3},
    {.bitmap_index = 70563, .adv_w = 512, .box_w = 31, .box_h = 29, .ofs_x = 0, .ofs_y = -3},
    {.bitmap_index = 70676, .adv_w = 512, .box_w = 30, .box_h = 30, .ofs_x = 1, .ofs_y = -3},
    {.bitmap_index = 70789, .adv_w = 512, .box_w = 31, .box_h = 30, .ofs_x = 1, .ofs_y = -3},
    {.bitmap_index = 70906, .adv_w = 512, .box_w = 31, .box_h = 30, .ofs_x = 0, .ofs_y = -3},
    {.bitmap_index = 71023, .adv_w = 512, .box_w = 31, .box_h = 30, .ofs_x = 0, .ofs_y = -3},
    {.bitmap_index = 71140, .adv_w = 512, .box_w = 31, .box_h = 30, .ofs_x = 0, .ofs_y = -3},
    {.bitmap_index = 71257, .adv_w = 512, .box_w = 30, .box_h = 30, .ofs_x = 1, .ofs_y = -3},
    {.bitmap_index = 71370, .adv_w = 512, .box_w = 31, .box_h = 31, .ofs_x = 1, .ofs_y = -4},
    {.bitmap_index = 71491, .adv_w = 512, .box_w = 31, .box_h = 30, .ofs_x = 1, .ofs_y = -3},
    {.bitmap_index = 71608, .adv_w = 512, .box_w = 31, .box_h = 31, .ofs_x = 1, .ofs_y = -3},
    {.bitmap_index = 71729, .adv_w = 512, .box_w = 31, .box_h = 30, .ofs_x = 0, .ofs_y = -3},
    {.bitmap_index = 71846, .adv_w = 512, .box_w = 30, .box_h = 29, .ofs_x = 1, .ofs_y = -3},
    {.bitmap_index = 71955, .adv_w = 512, .box_w = 30, .box_h = 30, .ofs_x = 0, .ofs_y = -3},
    {.bitmap_index = 72068, .adv_w = 512, .box_w = 30, .box_h = 30, .ofs_x = 1, .ofs_y = -3},
    {.bitmap_index = 72181, .adv_w = 512, .box_w = 31, .box_h = 30, .ofs_x = 1, .ofs_y = -3},
    {.bitmap_index = 72298, .adv_w = 512, .box_w = 31, .box_h = 30, .ofs_x = 1, .ofs_y = -3},
    {.bitmap_index = 72415, .adv_w = 512, .box_w = 31, .box_h = 30, .ofs_x = 0, .ofs_y = -3},
    {.bitmap_index = 72532, .adv_w = 512, .box_w = 31, .box_h = 29, .ofs_x = 1, .ofs_y = -3},
    {.bitmap_index = 72645, .adv_w = 512, .box_w = 32, .box_h = 30, .ofs_x = 1, .ofs_y = -3},
    {.bitmap_index = 72765, .adv_w = 512, .box_w = 32, .box_h = 29, .ofs_x = 0, .ofs_y = -3},
    {.bitmap_index = 72881, .adv_w = 512, .box_w = 31, .box_h = 31, .ofs_x = 1, .ofs_y = -3},
    {.bitmap_index = 73002, .adv_w = 512, .box_w = 31, .box_h = 30, .ofs_x = 1, .ofs_y = -3},
    {.bitmap_index = 73119, .adv_w = 512, .box_w = 30, .box_h = 31, .ofs_x = 1, .ofs_y = -3},
    {.bitmap_index = 73236, .adv_w = 512, .box_w = 31, .box_h = 30, .ofs_x = 1, .ofs_y = -3},
    {.bitmap_index = 73353, .adv_w = 512, .box_w = 32, .box_h = 31, .ofs_x = 0, .ofs_y = -3},
    {.bitmap_index = 73477, .adv_w = 512, .box_w = 31, .box_h = 29, .ofs_x = 0, .ofs_y = -2},
    {.bitmap_index = 73590, .adv_w = 512, .box_w = 30, .box_h = 30, .ofs_x = 1, .ofs_y = -3},
    {.bitmap_index = 73703, .adv_w = 512, .box_w = 31, .box_h = 28, .ofs_x = 0, .ofs_y = -1},
    {.bitmap_index = 73812, .adv_w = 512, .box_w = 30, .box_h = 31, .ofs_x = 1, .ofs_y = -3},
    {.bitmap_index = 73929, .adv_w = 512, .box_w = 29, .box_h = 31, .ofs_x = 1, .ofs_y = -3},
    {.bitmap_index = 74042, .adv_w = 512, .box_w = 26, .box_h = 28, .ofs_x = 3, .ofs_y = -2},
    {.bitmap_index = 74133, .adv_w = 512, .box_w = 27, .box_h = 29, .ofs_x = 4, .ofs_y = -3},
    {.bitmap_index = 74231, .adv_w = 512, .box_w = 26, .box_h = 30, .ofs_x = 3, .ofs_y = -3},
    {.bitmap_index = 74329, .adv_w = 512, .box_w = 29, .box_h = 29, .ofs_x = 1, .ofs_y = -3},
    {.bitmap_index = 74435, .adv_w = 512, .box_w = 30, .box_h = 30, .ofs_x = 2, .ofs_y = -3},
    {.bitmap_index = 74548, .adv_w = 512, .box_w = 29, .box_h = 31, .ofs_x = 1, .ofs_y = -3},
    {.bitmap_index = 74661, .adv_w = 512, .box_w = 31, .box_h = 30, .ofs_x = 0, .ofs_y = -3},
    {.bitmap_index = 74778, .adv_w = 512, .box_w = 30, .box_h = 30, .ofs_x = 0, .ofs_y = -3},
    {.bitmap_index = 74891, .adv_w = 512, .box_w = 32, .box_h = 31, .ofs_x = 0, .ofs_y = -3},
    {.bitmap_index = 75015, .adv_w = 512, .box_w = 30, .box_h = 31, .ofs_x = 1, .ofs_y = -4},
    {.bitmap_index = 75132, .adv_w = 512, .box_w = 31, .box_h = 31, .ofs_x = 1, .ofs_y = -4},
    {.bitmap_index = 75253, .adv_w = 512, .box_w = 31, .box_h = 30, .ofs_x = 0, .ofs_y = -3},
    {.bitmap_index = 75370, .adv_w = 512, .box_w = 31, .box_h = 30, .ofs_x = 0, .ofs_y = -3},
    {.bitmap_index = 75487, .adv_w = 512, .box_w = 31, .box_h = 30, .ofs_x = 1, .ofs_y = -3},
    {.bitmap_index = 75604, .adv_w = 512, .box_w = 26, .box_h = 30, .ofs_x = 4, .ofs_y = -3},
    {.bitmap_index = 75702, .adv_w = 512, .box_w = 29, .box_h = 30, .ofs_x = 2, .ofs_y = -3},
    {.bitmap_index = 75811, .adv_w = 512, .box_w = 29, .box_h = 31, .ofs_x = 2, .ofs_y = -3},
    {.bitmap_index = 75924, .adv_w = 512, .box_w = 29, .box_h = 31, .ofs_x = 2, .ofs_y = -3},
    {.bitmap_index = 76037, .adv_w = 512, .box_w = 30, .box_h = 26, .ofs_x = 0, .ofs_y = -1},
    {.bitmap_index = 76135, .adv_w = 512, .box_w = 30, .box_h = 29, .ofs_x = 1, .ofs_y = -2},
    {.bitmap_index = 76244, .adv_w = 512, .box_w = 22, .box_h = 29, .ofs_x = 6, .ofs_y = -3},
    {.bitmap_index = 76324, .adv_w = 512, .box_w = 29, .box_h = 30, .ofs_x = 2, .ofs_y = -3},
    {.bitmap_index = 76433, .adv_w = 512, .box_w = 30, .box_h = 30, .ofs_x = 1, .ofs_y = -3},
    {.bitmap_index = 76546, .adv_w = 512, .box_w = 30, .box_h = 30, .ofs_x = 1, .ofs_y = -3},
    {.bitmap_index = 76659, .adv_w = 512, .box_w = 30, .box_h = 30, .ofs_x = 2, .ofs_y = -4},
    {.bitmap_index = 76772, .adv_w = 512, .box_w = 30, .box_h = 30, .ofs_x = 1, .ofs_y = -3},
    {.bitmap_index = 76885, .adv_w = 512, .box_w = 31, .box_h = 29, .ofs_x = 1, .ofs_y = -3},
    {.bitmap_index = 76998, .adv_w = 512, .box_w = 31, .box_h = 29, .ofs_x = 1, .ofs_y = -2},
    {.bitmap_index = 77111, .adv_w = 512, .box_w = 31, .box_h = 30, .ofs_x = 1, .ofs_y = -3},
    {.bitmap_index = 77228, .adv_w = 512, .box_w = 32, .box_h = 31, .ofs_x = 0, .ofs_y = -4},
    {.bitmap_index = 77352, .adv_w = 512, .box_w = 31, .box_h = 30, .ofs_x = 1, .ofs_y = -3},
    {.bitmap_index = 77469, .adv_w = 512, .box_w = 30, .box_h = 30, .ofs_x = 1, .ofs_y = -3},
    {.bitmap_index = 77582, .adv_w = 512, .box_w = 31, .box_h = 30, .ofs_x = 1, .ofs_y = -3},
    {.bitmap_index = 77699, .adv_w = 512, .box_w = 30, .box_h = 30, .ofs_x = 1, .ofs_y = -3},
    {.bitmap_index = 77812, .adv_w = 512, .box_w = 31, .box_h = 31, .ofs_x = 0, .ofs_y = -3},
    {.bitmap_index = 77933, .adv_w = 512, .box_w = 31, .box_h = 30, .ofs_x = 1, .ofs_y = -3},
    {.bitmap_index = 78050, .adv_w = 512, .box_w = 31, .box_h = 30, .ofs_x = 0, .ofs_y = -3},
    {.bitmap_index = 78167, .adv_w = 512, .box_w = 31, .box_h = 31, .ofs_x = 0, .ofs_y = -3},
    {.bitmap_index = 78288, .adv_w = 512, .box_w = 31, .box_h = 31, .ofs_x = 0, .ofs_y = -3},
    {.bitmap_index = 78409, .adv_w = 512, .box_w = 30, .box_h = 30, .ofs_x = 1, .ofs_y = -3},
    {.bitmap_index = 78522, .adv_w = 512, .box_w = 31, .box_h = 31, .ofs_x = 1, .ofs_y = -3},
    {.bitmap_index = 78643, .adv_w = 512, .box_w = 30, .box_h = 30, .ofs_x = 1, .ofs_y = -3},
    {.bitmap_index = 78756, .adv_w = 512, .box_w = 31, .box_h = 30, .ofs_x = 1, .ofs_y = -3},
    {.bitmap_index = 78873, .adv_w = 512, .box_w = 32, .box_h = 30, .ofs_x = 1, .ofs_y = -3},
    {.bitmap_index = 78993, .adv_w = 512, .box_w = 32, .box_h = 30, .ofs_x = 0, .ofs_y = -3},
    {.bitmap_index = 79113, .adv_w = 512, .box_w = 31, .box_h = 30, .ofs_x = 0, .ofs_y = -3},
    {.bitmap_index = 79230, .adv_w = 512, .box_w = 31, .box_h = 30, .ofs_x = 0, .ofs_y = -3},
    {.bitmap_index = 79347, .adv_w = 512, .box_w = 31, .box_h = 30, .ofs_x = 0, .ofs_y = -3},
    {.bitmap_index = 79464, .adv_w = 512, .box_w = 32, .box_h = 30, .ofs_x = 0, .ofs_y = -3},
    {.bitmap_index = 79584, .adv_w = 512, .box_w = 31, .box_h = 30, .ofs_x = 0, .ofs_y = -3},
    {.bitmap_index = 79701, .adv_w = 512, .box_w = 31, .box_h = 30, .ofs_x = 1, .ofs_y = -3},
    {.bitmap_index = 79818, .adv_w = 512, .box_w = 30, .box_h = 29, .ofs_x = 1, .ofs_y = -1},
    {.bitmap_index = 79927, .adv_w = 512, .box_w = 31, .box_h = 30, .ofs_x = 1, .ofs_y = -2},
    {.bitmap_index = 80044, .adv_w = 512, .box_w = 30, .box_h = 28, .ofs_x = 1, .ofs_y = -1},
    {.bitmap_index = 80149, .adv_w = 512, .box_w = 30, .box_h = 31, .ofs_x = 1, .ofs_y = -3},
    {.bitmap_index = 80266, .adv_w = 512, .box_w = 31, .box_h = 30, .ofs_x = 1, .ofs_y = -3},
    {.bitmap_index = 80383, .adv_w = 512, .box_w = 31, .box_h = 30, .ofs_x = 1, .ofs_y = -3},
    {.bitmap_index = 80500, .adv_w = 512, .box_w = 31, .box_h = 31, .ofs_x = 1, .ofs_y = -3},
    {.bitmap_index = 80621, .adv_w = 512, .box_w = 30, .box_h = 30, .ofs_x = 1, .ofs_y = -3},
    {.bitmap_index = 80734, .adv_w = 512, .box_w = 31, .box_h = 30, .ofs_x = 0, .ofs_y = -3},
    {.bitmap_index = 80851, .adv_w = 512, .box_w = 31, .box_h = 31, .ofs_x = 1, .ofs_y = -3},
    {.bitmap_index = 80972, .adv_w = 512, .box_w = 30, .box_h = 31, .ofs_x = 1, .ofs_y = -3},
    {.bitmap_index = 81089, .adv_w = 512, .box_w = 31, .box_h = 31, .ofs_x = 0, .ofs_y = -3},
    {.bitmap_index = 81210, .adv_w = 512, .box_w = 31, .box_h = 30, .ofs_x = 0, .ofs_y = -3},
    {.bitmap_index = 81327, .adv_w = 512, .box_w = 30, .box_h = 31, .ofs_x = 1, .ofs_y = -3},
    {.bitmap_index = 81444, .adv_w = 512, .box_w = 31, .box_h = 31, .ofs_x = 1, .ofs_y = -3},
    {.bitmap_index = 81565, .adv_w = 512, .box_w = 32, .box_h = 30, .ofs_x = 0, .ofs_y = -3},
    {.bitmap_index = 81685, .adv_w = 512, .box_w = 30, .box_h = 30, .ofs_x = 1, .ofs_y = -3},
    {.bitmap_index = 81798, .adv_w = 512, .box_w = 31, .box_h = 30, .ofs_x = 1, .ofs_y = -3},
    {.bitmap_index = 81915, .adv_w = 512, .box_w = 31, .box_h = 30, .ofs_x = 1, .ofs_y = -3},
    {.bitmap_index = 82032, .adv_w = 512, .box_w = 31, .box_h = 30, .ofs_x = 1, .ofs_y = -3},
    {.bitmap_index = 82149, .adv_w = 512, .box_w = 30, .box_h = 30, .ofs_x = 1, .ofs_y = -3},
    {.bitmap_index = 82262, .adv_w = 512, .box_w = 31, .box_h = 30, .ofs_x = 1, .ofs_y = -3},
    {.bitmap_index = 82379, .adv_w = 512, .box_w = 30, .box_h = 30, .ofs_x = 1, .ofs_y = -3},
    {.bitmap_index = 82492, .adv_w = 512, .box_w = 31, .box_h = 29, .ofs_x = 1, .ofs_y = -3},
    {.bitmap_index = 82605, .adv_w = 512, .box_w = 32, .box_h = 31, .ofs_x = 1, .ofs_y = -3},
    {.bitmap_index = 82729, .adv_w = 512, .box_w = 31, .box_h = 30, .ofs_x = 1, .ofs_y = -3},
    {.bitmap_index = 82846, .adv_w = 512, .box_w = 31, .box_h = 30, .ofs_x = 1, .ofs_y = -3},
    {.bitmap_index = 82963, .adv_w = 512, .box_w = 31, .box_h = 31, .ofs_x = 1, .ofs_y = -3},
    {.bitmap_index = 83084, .adv_w = 512, .box_w = 31, .box_h = 30, .ofs_x = 1, .ofs_y = -3},
    {.bitmap_index = 83201, .adv_w = 512, .box_w = 31, .box_h = 30, .ofs_x = 1, .ofs_y = -3},
    {.bitmap_index = 83318, .adv_w = 512, .box_w = 31, .box_h = 30, .ofs_x = 1, .ofs_y = -3},
    {.bitmap_index = 83435, .adv_w = 512, .box_w = 31, .box_h = 30, .ofs_x = 1, .ofs_y = -3},
    {.bitmap_index = 83552, .adv_w = 512, .box_w = 32, .box_h = 30, .ofs_x = 0, .ofs_y = -3},
    {.bitmap_index = 83672, .adv_w = 512, .box_w = 31, .box_h = 31, .ofs_x = 1, .ofs_y = -3},
    {.bitmap_index = 83793, .adv_w = 512, .box_w = 32, .box_h = 30, .ofs_x = 0, .ofs_y = -3},
    {.bitmap_index = 83913, .adv_w = 512, .box_w = 31, .box_h = 30, .ofs_x = 1, .ofs_y = -3},
    {.bitmap_index = 84030, .adv_w = 512, .box_w = 31, .box_h = 31, .ofs_x = 0, .ofs_y = -3},
    {.bitmap_index = 84151, .adv_w = 512, .box_w = 32, .box_h = 30, .ofs_x = 1, .ofs_y = -3},
    {.bitmap_index = 84271, .adv_w = 512, .box_w = 30, .box_h = 30, .ofs_x = 1, .ofs_y = -3},
    {.bitmap_index = 84384, .adv_w = 512, .box_w = 31, .box_h = 30, .ofs_x = 1, .ofs_y = -3},
    {.bitmap_index = 84501, .adv_w = 512, .box_w = 29, .box_h = 29, .ofs_x = 1, .ofs_y = -3},
    {.bitmap_index = 84607, .adv_w = 512, .box_w = 30, .box_h = 31, .ofs_x = 0, .ofs_y = -3},
    {.bitmap_index = 84724, .adv_w = 512, .box_w = 31, .box_h = 30, .ofs_x = 0, .ofs_y = -3},
    {.bitmap_index = 84841, .adv_w = 512, .box_w = 30, .box_h = 30, .ofs_x = 1, .ofs_y = -3},
    {.bitmap_index = 84954, .adv_w = 512, .box_w = 28, .box_h = 29, .ofs_x = 3, .ofs_y = -3},
    {.bitmap_index = 85056, .adv_w = 512, .box_w = 31, .box_h = 30, .ofs_x = 1, .ofs_y = -3},
    {.bitmap_index = 85173, .adv_w = 512, .box_w = 27, .box_h = 30, .ofs_x = 3, .ofs_y = -3},
    {.bitmap_index = 85275, .adv_w = 512, .box_w = 28, .box_h = 31, .ofs_x = 1, .ofs_y = -3},
    {.bitmap_index = 85384, .adv_w = 512, .box_w = 29, .box_h = 31, .ofs_x = 2, .ofs_y = -3},
    {.bitmap_index = 85497, .adv_w = 512, .box_w = 29, .box_h = 30, .ofs_x = 1, .ofs_y = -3},
    {.bitmap_index = 85606, .adv_w = 512, .box_w = 30, .box_h = 30, .ofs_x = 1, .ofs_y = -3},
    {.bitmap_index = 85719, .adv_w = 512, .box_w = 31, .box_h = 30, .ofs_x = 0, .ofs_y = -3},
    {.bitmap_index = 85836, .adv_w = 512, .box_w = 31, .box_h = 30, .ofs_x = 0, .ofs_y = -3},
    {.bitmap_index = 85953, .adv_w = 512, .box_w = 30, .box_h = 30, .ofs_x = 1, .ofs_y = -3},
    {.bitmap_index = 86066, .adv_w = 512, .box_w = 30, .box_h = 31, .ofs_x = 1, .ofs_y = -3},
    {.bitmap_index = 86183, .adv_w = 512, .box_w = 31, .box_h = 30, .ofs_x = 1, .ofs_y = -3},
    {.bitmap_index = 86300, .adv_w = 512, .box_w = 23, .box_h = 30, .ofs_x = 6, .ofs_y = -3},
    {.bitmap_index = 86387, .adv_w = 512, .box_w = 30, .box_h = 30, .ofs_x = 1, .ofs_y = -3},
    {.bitmap_index = 86500, .adv_w = 512, .box_w = 30, .box_h = 31, .ofs_x = 1, .ofs_y = -4},
    {.bitmap_index = 86617, .adv_w = 512, .box_w = 31, .box_h = 30, .ofs_x = 1, .ofs_y = -3},
    {.bitmap_index = 86734, .adv_w = 512, .box_w = 29, .box_h = 29, .ofs_x = 2, .ofs_y = -3},
    {.bitmap_index = 86840, .adv_w = 512, .box_w = 30, .box_h = 29, .ofs_x = 1, .ofs_y = -2},
    {.bitmap_index = 86949, .adv_w = 512, .box_w = 30, .box_h = 30, .ofs_x = 1, .ofs_y = -3},
    {.bitmap_index = 87062, .adv_w = 512, .box_w = 30, .box_h = 30, .ofs_x = 1, .ofs_y = -3},
    {.bitmap_index = 87175, .adv_w = 512, .box_w = 31, .box_h = 30, .ofs_x = 0, .ofs_y = -3},
    {.bitmap_index = 87292, .adv_w = 512, .box_w = 30, .box_h = 31, .ofs_x = 1, .ofs_y = -4},
    {.bitmap_index = 87409, .adv_w = 512, .box_w = 31, .box_h = 30, .ofs_x = 0, .ofs_y = -3},
    {.bitmap_index = 87526, .adv_w = 512, .box_w = 30, .box_h = 30, .ofs_x = 1, .ofs_y = -3},
    {.bitmap_index = 87639, .adv_w = 512, .box_w = 30, .box_h = 30, .ofs_x = 1, .ofs_y = -3},
    {.bitmap_index = 87752, .adv_w = 512, .box_w = 30, .box_h = 31, .ofs_x = 1, .ofs_y = -3},
    {.bitmap_index = 87869, .adv_w = 512, .box_w = 31, .box_h = 31, .ofs_x = 1, .ofs_y = -3},
    {.bitmap_index = 87990, .adv_w = 512, .box_w = 30, .box_h = 30, .ofs_x = 1, .ofs_y = -3},
    {.bitmap_index = 88103, .adv_w = 512, .box_w = 30, .box_h = 30, .ofs_x = 1, .ofs_y = -3},
    {.bitmap_index = 88216, .adv_w = 512, .box_w = 31, .box_h = 30, .ofs_x = 1, .ofs_y = -3},
    {.bitmap_index = 88333, .adv_w = 512, .box_w = 30, .box_h = 30, .ofs_x = 1, .ofs_y = -3},
    {.bitmap_index = 88446, .adv_w = 512, .box_w = 30, .box_h = 30, .ofs_x = 1, .ofs_y = -3},
    {.bitmap_index = 88559, .adv_w = 512, .box_w = 32, .box_h = 30, .ofs_x = 0, .ofs_y = -3},
    {.bitmap_index = 88679, .adv_w = 512, .box_w = 30, .box_h = 31, .ofs_x = 1, .ofs_y = -4},
    {.bitmap_index = 88796, .adv_w = 512, .box_w = 31, .box_h = 30, .ofs_x = 1, .ofs_y = -3},
    {.bitmap_index = 88913, .adv_w = 512, .box_w = 31, .box_h = 30, .ofs_x = 0, .ofs_y = -3},
    {.bitmap_index = 89030, .adv_w = 512, .box_w = 30, .box_h = 30, .ofs_x = 1, .ofs_y = -3},
    {.bitmap_index = 89143, .adv_w = 512, .box_w = 32, .box_h = 30, .ofs_x = 0, .ofs_y = -3},
    {.bitmap_index = 89263, .adv_w = 512, .box_w = 30, .box_h = 30, .ofs_x = 1, .ofs_y = -3},
    {.bitmap_index = 89376, .adv_w = 512, .box_w = 29, .box_h = 30, .ofs_x = 1, .ofs_y = -3},
    {.bitmap_index = 89485, .adv_w = 512, .box_w = 30, .box_h = 30, .ofs_x = 1, .ofs_y = -3},
    {.bitmap_index = 89598, .adv_w = 512, .box_w = 32, .box_h = 30, .ofs_x = 0, .ofs_y = -3},
    {.bitmap_index = 89718, .adv_w = 512, .box_w = 30, .box_h = 29, .ofs_x = 1, .ofs_y = -3},
    {.bitmap_index = 89827, .adv_w = 512, .box_w = 31, .box_h = 30, .ofs_x = 1, .ofs_y = -3},
    {.bitmap_index = 89944, .adv_w = 512, .box_w = 28, .box_h = 30, .ofs_x = 0, .ofs_y = -3},
    {.bitmap_index = 90049, .adv_w = 512, .box_w = 31, .box_h = 30, .ofs_x = 1, .ofs_y = -3},
    {.bitmap_index = 90166, .adv_w = 512, .box_w = 30, .box_h = 30, .ofs_x = 1, .ofs_y = -3},
    {.bitmap_index = 90279, .adv_w = 512, .box_w = 29, .box_h = 31, .ofs_x = 1, .ofs_y = -3},
    {.bitmap_index = 90392, .adv_w = 512, .box_w = 30, .box_h = 30, .ofs_x = 1, .ofs_y = -3},
    {.bitmap_index = 90505, .adv_w = 512, .box_w = 31, .box_h = 30, .ofs_x = 0, .ofs_y = -3},
    {.bitmap_index = 90622, .adv_w = 512, .box_w = 30, .box_h = 30, .ofs_x = 0, .ofs_y = -3},
    {.bitmap_index = 90735, .adv_w = 512, .box_w = 31, .box_h = 30, .ofs_x = 0, .ofs_y = -3},
    {.bitmap_index = 90852, .adv_w = 512, .box_w = 30, .box_h = 30, .ofs_x = 1, .ofs_y = -3},
    {.bitmap_index = 90965, .adv_w = 512, .box_w = 31, .box_h = 30, .ofs_x = 1, .ofs_y = -3},
    {.bitmap_index = 91082, .adv_w = 512, .box_w = 31, .box_h = 30, .ofs_x = 1, .ofs_y = -3},
    {.bitmap_index = 91199, .adv_w = 512, .box_w = 30, .box_h = 30, .ofs_x = 1, .ofs_y = -3},
    {.bitmap_index = 91312, .adv_w = 512, .box_w = 30, .box_h = 30, .ofs_x = 1, .ofs_y = -3},
    {.bitmap_index = 91425, .adv_w = 512, .box_w = 31, .box_h = 30, .ofs_x = 1, .ofs_y = -3},
    {.bitmap_index = 91542, .adv_w = 512, .box_w = 31, .box_h = 30, .ofs_x = 1, .ofs_y = -3},
    {.bitmap_index = 91659, .adv_w = 512, .box_w = 31, .box_h = 30, .ofs_x = 1, .ofs_y = -3},
    {.bitmap_index = 91776, .adv_w = 512, .box_w = 31, .box_h = 30, .ofs_x = 1, .ofs_y = -3},
    {.bitmap_index = 91893, .adv_w = 512, .box_w = 30, .box_h = 30, .ofs_x = 1, .ofs_y = -3},
    {.bitmap_index = 92006, .adv_w = 512, .box_w = 31, .box_h = 31, .ofs_x = 1, .ofs_y = -3},
    {.bitmap_index = 92127, .adv_w = 512, .box_w = 31, .box_h = 30, .ofs_x = 1, .ofs_y = -3},
    {.bitmap_index = 92244, .adv_w = 512, .box_w = 31, .box_h = 30, .ofs_x = 1, .ofs_y = -3},
    {.bitmap_index = 92361, .adv_w = 512, .box_w = 31, .box_h = 31, .ofs_x = 1, .ofs_y = -3},
    {.bitmap_index = 92482, .adv_w = 512, .box_w = 31, .box_h = 30, .ofs_x = 1, .ofs_y = -3},
    {.bitmap_index = 92599, .adv_w = 512, .box_w = 30, .box_h = 30, .ofs_x = 1, .ofs_y = -3},
    {.bitmap_index = 92712, .adv_w = 512, .box_w = 31, .box_h = 30, .ofs_x = 1, .ofs_y = -3},
    {.bitmap_index = 92829, .adv_w = 512, .box_w = 31, .box_h = 30, .ofs_x = 1, .ofs_y = -3},
    {.bitmap_index = 92946, .adv_w = 512, .box_w = 31, .box_h = 30, .ofs_x = 1, .ofs_y = -3},
    {.bitmap_index = 93063, .adv_w = 512, .box_w = 30, .box_h = 30, .ofs_x = 1, .ofs_y = -3},
    {.bitmap_index = 93176, .adv_w = 512, .box_w = 30, .box_h = 30, .ofs_x = 1, .ofs_y = -3},
    {.bitmap_index = 93289, .adv_w = 512, .box_w = 29, .box_h = 30, .ofs_x = 1, .ofs_y = -3},
    {.bitmap_index = 93398, .adv_w = 512, .box_w = 32, .box_h = 30, .ofs_x = 1, .ofs_y = -3},
    {.bitmap_index = 93518, .adv_w = 512, .box_w = 29, .box_h = 29, .ofs_x = 1, .ofs_y = -3},
    {.bitmap_index = 93624, .adv_w = 512, .box_w = 32, .box_h = 30, .ofs_x = 0, .ofs_y = -3},
    {.bitmap_index = 93744, .adv_w = 512, .box_w = 29, .box_h = 30, .ofs_x = 1, .ofs_y = -3},
    {.bitmap_index = 93853, .adv_w = 512, .box_w = 27, .box_h = 30, .ofs_x = 2, .ofs_y = -3},
    {.bitmap_index = 93955, .adv_w = 512, .box_w = 30, .box_h = 30, .ofs_x = 1, .ofs_y = -3},
    {.bitmap_index = 94068, .adv_w = 512, .box_w = 31, .box_h = 30, .ofs_x = 1, .ofs_y = -3},
    {.bitmap_index = 94185, .adv_w = 512, .box_w = 30, .box_h = 30, .ofs_x = 1, .ofs_y = -3},
    {.bitmap_index = 94298, .adv_w = 512, .box_w = 31, .box_h = 30, .ofs_x = 0, .ofs_y = -3},
    {.bitmap_index = 94415, .adv_w = 512, .box_w = 30, .box_h = 30, .ofs_x = 1, .ofs_y = -3},
    {.bitmap_index = 94528, .adv_w = 512, .box_w = 31, .box_h = 31, .ofs_x = 1, .ofs_y = -3},
    {.bitmap_index = 94649, .adv_w = 512, .box_w = 31, .box_h = 31, .ofs_x = 1, .ofs_y = -4},
    {.bitmap_index = 94770, .adv_w = 512, .box_w = 30, .box_h = 30, .ofs_x = 1, .ofs_y = -3},
    {.bitmap_index = 94883, .adv_w = 512, .box_w = 30, .box_h = 29, .ofs_x = 1, .ofs_y = -3},
    {.bitmap_index = 94992, .adv_w = 512, .box_w = 30, .box_h = 30, .ofs_x = 1, .ofs_y = -3},
    {.bitmap_index = 95105, .adv_w = 512, .box_w = 31, .box_h = 30, .ofs_x = 0, .ofs_y = -3},
    {.bitmap_index = 95222, .adv_w = 512, .box_w = 30, .box_h = 29, .ofs_x = 1, .ofs_y = -3},
    {.bitmap_index = 95331, .adv_w = 512, .box_w = 32, .box_h = 30, .ofs_x = 0, .ofs_y = -3},
    {.bitmap_index = 95451, .adv_w = 512, .box_w = 30, .box_h = 29, .ofs_x = 2, .ofs_y = -3},
    {.bitmap_index = 95560, .adv_w = 512, .box_w = 31, .box_h = 30, .ofs_x = 1, .ofs_y = -3},
    {.bitmap_index = 95677, .adv_w = 512, .box_w = 31, .box_h = 31, .ofs_x = 0, .ofs_y = -3},
    {.bitmap_index = 95798, .adv_w = 512, .box_w = 31, .box_h = 29, .ofs_x = 0, .ofs_y = -3},
    {.bitmap_index = 95911, .adv_w = 512, .box_w = 30, .box_h = 30, .ofs_x = 1, .ofs_y = -3},
    {.bitmap_index = 96024, .adv_w = 512, .box_w = 31, .box_h = 31, .ofs_x = 1, .ofs_y = -3},
    {.bitmap_index = 96145, .adv_w = 512, .box_w = 32, .box_h = 31, .ofs_x = 0, .ofs_y = -3},
    {.bitmap_index = 96269, .adv_w = 512, .box_w = 30, .box_h = 30, .ofs_x = 1, .ofs_y = -3},
    {.bitmap_index = 96382, .adv_w = 512, .box_w = 30, .box_h = 31, .ofs_x = 1, .ofs_y = -3},
    {.bitmap_index = 96499, .adv_w = 512, .box_w = 31, .box_h = 30, .ofs_x = 1, .ofs_y = -3},
    {.bitmap_index = 96616, .adv_w = 512, .box_w = 30, .box_h = 29, .ofs_x = 1, .ofs_y = -3},
    {.bitmap_index = 96725, .adv_w = 512, .box_w = 30, .box_h = 29, .ofs_x = 1, .ofs_y = -3},
    {.bitmap_index = 96834, .adv_w = 512, .box_w = 31, .box_h = 31, .ofs_x = 1, .ofs_y = -3},
    {.bitmap_index = 96955, .adv_w = 512, .box_w = 31, .box_h = 31, .ofs_x = 1, .ofs_y = -3},
    {.bitmap_index = 97076, .adv_w = 512, .box_w = 30, .box_h = 30, .ofs_x = 1, .ofs_y = -3},
    {.bitmap_index = 97189, .adv_w = 512, .box_w = 30, .box_h = 30, .ofs_x = 1, .ofs_y = -3},
    {.bitmap_index = 97302, .adv_w = 512, .box_w = 31, .box_h = 29, .ofs_x = 1, .ofs_y = -3},
    {.bitmap_index = 97415, .adv_w = 512, .box_w = 31, .box_h = 30, .ofs_x = 1, .ofs_y = -3},
    {.bitmap_index = 97532, .adv_w = 512, .box_w = 31, .box_h = 29, .ofs_x = 1, .ofs_y = -3},
    {.bitmap_index = 97645, .adv_w = 512, .box_w = 31, .box_h = 30, .ofs_x = 1, .ofs_y = -3},
    {.bitmap_index = 97762, .adv_w = 512, .box_w = 31, .box_h = 30, .ofs_x = 1, .ofs_y = -3},
    {.bitmap_index = 97879, .adv_w = 512, .box_w = 31, .box_h = 31, .ofs_x = 1, .ofs_y = -3},
    {.bitmap_index = 98000, .adv_w = 512, .box_w = 31, .box_h = 30, .ofs_x = 1, .ofs_y = -3},
    {.bitmap_index = 98117, .adv_w = 512, .box_w = 31, .box_h = 30, .ofs_x = 0, .ofs_y = -3},
    {.bitmap_index = 98234, .adv_w = 512, .box_w = 31, .box_h = 30, .ofs_x = 0, .ofs_y = -3},
    {.bitmap_index = 98351, .adv_w = 512, .box_w = 30, .box_h = 30, .ofs_x = 1, .ofs_y = -3},
    {.bitmap_index = 98464, .adv_w = 512, .box_w = 31, .box_h = 30, .ofs_x = 1, .ofs_y = -3},
    {.bitmap_index = 98581, .adv_w = 512, .box_w = 30, .box_h = 31, .ofs_x = 1, .ofs_y = -3},
    {.bitmap_index = 98698, .adv_w = 512, .box_w = 31, .box_h = 30, .ofs_x = 1, .ofs_y = -3},
    {.bitmap_index = 98815, .adv_w = 512, .box_w = 31, .box_h = 30, .ofs_x = 1, .ofs_y = -3},
    {.bitmap_index = 98932, .adv_w = 512, .box_w = 31, .box_h = 31, .ofs_x = 1, .ofs_y = -3},
    {.bitmap_index = 99053, .adv_w = 512, .box_w = 31, .box_h = 31, .ofs_x = 1, .ofs_y = -3},
    {.bitmap_index = 99174, .adv_w = 512, .box_w = 30, .box_h = 29, .ofs_x = 1, .ofs_y = -3},
    {.bitmap_index = 99283, .adv_w = 512, .box_w = 30, .box_h = 30, .ofs_x = 1, .ofs_y = -3},
    {.bitmap_index = 99396, .adv_w = 512, .box_w = 31, .box_h = 30, .ofs_x = 1, .ofs_y = -3},
    {.bitmap_index = 99513, .adv_w = 512, .box_w = 31, .box_h = 30, .ofs_x = 1, .ofs_y = -3},
    {.bitmap_index = 99630, .adv_w = 512, .box_w = 31, .box_h = 30, .ofs_x = 1, .ofs_y = -3},
    {.bitmap_index = 99747, .adv_w = 512, .box_w = 31, .box_h = 30, .ofs_x = 1, .ofs_y = -3},
    {.bitmap_index = 99864, .adv_w = 512, .box_w = 32, .box_h = 30, .ofs_x = 0, .ofs_y = -3},
    {.bitmap_index = 99984, .adv_w = 512, .box_w = 30, .box_h = 31, .ofs_x = 1, .ofs_y = -3},
    {.bitmap_index = 100101, .adv_w = 512, .box_w = 31, .box_h = 31, .ofs_x = 1, .ofs_y = -3},
    {.bitmap_index = 100222, .adv_w = 512, .box_w = 30, .box_h = 31, .ofs_x = 1, .ofs_y = -3},
    {.bitmap_index = 100339, .adv_w = 512, .box_w = 31, .box_h = 31, .ofs_x = 1, .ofs_y = -3},
    {.bitmap_index = 100460, .adv_w = 512, .box_w = 30, .box_h = 30, .ofs_x = 0, .ofs_y = -2},
    {.bitmap_index = 100573, .adv_w = 512, .box_w = 30, .box_h = 29, .ofs_x = 1, .ofs_y = -3},
    {.bitmap_index = 100682, .adv_w = 512, .box_w = 30, .box_h = 30, .ofs_x = 1, .ofs_y = -3},
    {.bitmap_index = 100795, .adv_w = 512, .box_w = 31, .box_h = 31, .ofs_x = 1, .ofs_y = -3},
    {.bitmap_index = 100916, .adv_w = 512, .box_w = 32, .box_h = 31, .ofs_x = 0, .ofs_y = -3},
    {.bitmap_index = 101040, .adv_w = 512, .box_w = 31, .box_h = 30, .ofs_x = 1, .ofs_y = -3},
    {.bitmap_index = 101157, .adv_w = 512, .box_w = 31, .box_h = 30, .ofs_x = 1, .ofs_y = -4},
    {.bitmap_index = 101274, .adv_w = 512, .box_w = 32, .box_h = 30, .ofs_x = 0, .ofs_y = -3},
    {.bitmap_index = 101394, .adv_w = 512, .box_w = 30, .box_h = 30, .ofs_x = 1, .ofs_y = -3},
    {.bitmap_index = 101507, .adv_w = 512, .box_w = 28, .box_h = 29, .ofs_x = 3, .ofs_y = -3},
    {.bitmap_index = 101609, .adv_w = 512, .box_w = 29, .box_h = 29, .ofs_x = 3, .ofs_y = -3},
    {.bitmap_index = 101715, .adv_w = 512, .box_w = 28, .box_h = 29, .ofs_x = 3, .ofs_y = -3},
    {.bitmap_index = 101817, .adv_w = 512, .box_w = 29, .box_h = 29, .ofs_x = 3, .ofs_y = -3},
    {.bitmap_index = 101923, .adv_w = 512, .box_w = 30, .box_h = 29, .ofs_x = 2, .ofs_y = -3},
    {.bitmap_index = 102032, .adv_w = 512, .box_w = 30, .box_h = 29, .ofs_x = 2, .ofs_y = -3},
    {.bitmap_index = 102141, .adv_w = 512, .box_w = 30, .box_h = 29, .ofs_x = 1, .ofs_y = -3},
    {.bitmap_index = 102250, .adv_w = 512, .box_w = 30, .box_h = 29, .ofs_x = 2, .ofs_y = -3},
    {.bitmap_index = 102359, .adv_w = 512, .box_w = 30, .box_h = 30, .ofs_x = 1, .ofs_y = -3},
    {.bitmap_index = 102472, .adv_w = 512, .box_w = 29, .box_h = 29, .ofs_x = 2, .ofs_y = -3},
    {.bitmap_index = 102578, .adv_w = 512, .box_w = 30, .box_h = 30, .ofs_x = 2, .ofs_y = -3},
    {.bitmap_index = 102691, .adv_w = 512, .box_w = 30, .box_h = 30, .ofs_x = 1, .ofs_y = -3},
    {.bitmap_index = 102804, .adv_w = 512, .box_w = 30, .box_h = 30, .ofs_x = 1, .ofs_y = -3},
    {.bitmap_index = 102917, .adv_w = 512, .box_w = 31, .box_h = 30, .ofs_x = 0, .ofs_y = -3},
    {.bitmap_index = 103034, .adv_w = 512, .box_w = 31, .box_h = 29, .ofs_x = 1, .ofs_y = -3},
    {.bitmap_index = 103147, .adv_w = 512, .box_w = 31, .box_h = 31, .ofs_x = 1, .ofs_y = -3},
    {.bitmap_index = 103268, .adv_w = 512, .box_w = 30, .box_h = 30, .ofs_x = 1, .ofs_y = -3},
    {.bitmap_index = 103381, .adv_w = 512, .box_w = 30, .box_h = 30, .ofs_x = 1, .ofs_y = -3},
    {.bitmap_index = 103494, .adv_w = 512, .box_w = 31, .box_h = 30, .ofs_x = 1, .ofs_y = -3},
    {.bitmap_index = 103611, .adv_w = 512, .box_w = 30, .box_h = 31, .ofs_x = 1, .ofs_y = -3},
    {.bitmap_index = 103728, .adv_w = 512, .box_w = 31, .box_h = 29, .ofs_x = 1, .ofs_y = -2},
    {.bitmap_index = 103841, .adv_w = 512, .box_w = 30, .box_h = 30, .ofs_x = 1, .ofs_y = -3},
    {.bitmap_index = 103954, .adv_w = 512, .box_w = 31, .box_h = 30, .ofs_x = 1, .ofs_y = -3},
    {.bitmap_index = 104071, .adv_w = 512, .box_w = 31, .box_h = 31, .ofs_x = 1, .ofs_y = -3},
    {.bitmap_index = 104192, .adv_w = 512, .box_w = 31, .box_h = 30, .ofs_x = 1, .ofs_y = -3},
    {.bitmap_index = 104309, .adv_w = 512, .box_w = 29, .box_h = 30, .ofs_x = 1, .ofs_y = -3},
    {.bitmap_index = 104418, .adv_w = 512, .box_w = 30, .box_h = 30, .ofs_x = 1, .ofs_y = -3},
    {.bitmap_index = 104531, .adv_w = 512, .box_w = 31, .box_h = 30, .ofs_x = 1, .ofs_y = -3},
    {.bitmap_index = 104648, .adv_w = 512, .box_w = 30, .box_h = 30, .ofs_x = 1, .ofs_y = -3},
    {.bitmap_index = 104761, .adv_w = 512, .box_w = 30, .box_h = 30, .ofs_x = 1, .ofs_y = -3},
    {.bitmap_index = 104874, .adv_w = 512, .box_w = 29, .box_h = 31, .ofs_x = 3, .ofs_y = -3},
    {.bitmap_index = 104987, .adv_w = 512, .box_w = 31, .box_h = 30, .ofs_x = 0, .ofs_y = -3},
    {.bitmap_index = 105104, .adv_w = 512, .box_w = 30, .box_h = 31, .ofs_x = 1, .ofs_y = -3},
    {.bitmap_index = 105221, .adv_w = 512, .box_w = 31, .box_h = 30, .ofs_x = 0, .ofs_y = -3},
    {.bitmap_index = 105338, .adv_w = 512, .box_w = 31, .box_h = 30, .ofs_x = 1, .ofs_y = -3},
    {.bitmap_index = 105455, .adv_w = 512, .box_w = 31, .box_h = 30, .ofs_x = 1, .ofs_y = -3},
    {.bitmap_index = 105572, .adv_w = 512, .box_w = 30, .box_h = 31, .ofs_x = 1, .ofs_y = -4},
    {.bitmap_index = 105689, .adv_w = 512, .box_w = 30, .box_h = 30, .ofs_x = 1, .ofs_y = -3},
    {.bitmap_index = 105802, .adv_w = 512, .box_w = 31, .box_h = 29, .ofs_x = 1, .ofs_y = -3},
    {.bitmap_index = 105915, .adv_w = 512, .box_w = 29, .box_h = 29, .ofs_x = 1, .ofs_y = -3},
    {.bitmap_index = 106021, .adv_w = 512, .box_w = 31, .box_h = 30, .ofs_x = 1, .ofs_y = -3},
    {.bitmap_index = 106138, .adv_w = 512, .box_w = 31, .box_h = 30, .ofs_x = 1, .ofs_y = -3},
    {.bitmap_index = 106255, .adv_w = 512, .box_w = 31, .box_h = 29, .ofs_x = 1, .ofs_y = -3},
    {.bitmap_index = 106368, .adv_w = 512, .box_w = 30, .box_h = 30, .ofs_x = 1, .ofs_y = -3},
    {.bitmap_index = 106481, .adv_w = 512, .box_w = 30, .box_h = 29, .ofs_x = 1, .ofs_y = -3},
    {.bitmap_index = 106590, .adv_w = 512, .box_w = 31, .box_h = 30, .ofs_x = 1, .ofs_y = -3},
    {.bitmap_index = 106707, .adv_w = 512, .box_w = 31, .box_h = 29, .ofs_x = 1, .ofs_y = -3},
    {.bitmap_index = 106820, .adv_w = 512, .box_w = 31, .box_h = 30, .ofs_x = 1, .ofs_y = -4},
    {.bitmap_index = 106937, .adv_w = 512, .box_w = 30, .box_h = 31, .ofs_x = 2, .ofs_y = -3},
    {.bitmap_index = 107054, .adv_w = 512, .box_w = 30, .box_h = 30, .ofs_x = 1, .ofs_y = -3},
    {.bitmap_index = 107167, .adv_w = 512, .box_w = 30, .box_h = 31, .ofs_x = 1, .ofs_y = -4},
    {.bitmap_index = 107284, .adv_w = 512, .box_w = 30, .box_h = 30, .ofs_x = 1, .ofs_y = -3},
    {.bitmap_index = 107397, .adv_w = 512, .box_w = 30, .box_h = 30, .ofs_x = 1, .ofs_y = -3},
    {.bitmap_index = 107510, .adv_w = 512, .box_w = 30, .box_h = 30, .ofs_x = 1, .ofs_y = -3},
    {.bitmap_index = 107623, .adv_w = 512, .box_w = 30, .box_h = 29, .ofs_x = 1, .ofs_y = -3},
    {.bitmap_index = 107732, .adv_w = 512, .box_w = 30, .box_h = 30, .ofs_x = 1, .ofs_y = -3},
    {.bitmap_index = 107845, .adv_w = 512, .box_w = 15, .box_h = 24, .ofs_x = 9, .ofs_y = 0},
    {.bitmap_index = 107890, .adv_w = 512, .box_w = 17, .box_h = 25, .ofs_x = 8, .ofs_y = 0}
};

/*---------------------
 *  CHARACTER MAPPING
 *--------------------*/

static const uint16_t unicode_list_1[] = {
    0x0, 0x1, 0x4, 0xb, 0xc, 0x40, 0x41, 0x42,
    0x43, 0x45, 0x46, 0x47
};

static const uint8_t glyph_id_ofs_list_4[] = {
    0, 0, 0, 1, 2, 0, 0, 0,
    0, 0, 0, 0, 0, 0, 0, 0,
    0, 0, 3, 4, 5, 6, 0, 7,
    8, 9, 0, 10, 11, 12, 13, 14,
    15, 16, 17, 18, 19, 20, 21, 22,
    23, 24, 25, 26, 27, 28, 29, 0,
    30, 31, 32, 0, 33, 34, 0, 35,
    36, 37, 38, 39, 40, 0, 41, 42,
    43, 44, 45, 46, 47, 48, 49, 50,
    51, 0, 52, 53, 54, 55, 56, 57,
    58, 59, 60, 61, 62, 63, 64, 0,
    65, 66, 67, 68, 69, 70, 71
};

static const uint16_t unicode_list_5[] = {
    0x0, 0x4, 0x7, 0xd, 0x1d11, 0x1d14, 0x1d18, 0x1d19,
    0x1d1a, 0x1d1b, 0x1d1c, 0x1d1e, 0x1d27, 0x1d32, 0x1d37, 0x1d3e,
    0x1d4c, 0x1d56, 0x1d60, 0x1d68, 0x1d6e, 0x1d99, 0x1d9a, 0x1d9c,
    0x1d9d, 0x1da5, 0x1db2, 0x1db5, 0x1dbd, 0x1dcb, 0x1ddb, 0x1ddc,
    0x1de6, 0x1de7, 0x1de9, 0x1df4, 0x1df5, 0x1df6, 0x1dff, 0x1e07,
    0x1e0c, 0x1e12, 0x1e22, 0x1e2b, 0x1e2e, 0x1e49, 0x1e4d, 0x1e5e,
    0x1e5f, 0x1e60, 0x1e64, 0x1e66, 0x1e6a, 0x1e6d, 0x1e90, 0x1e9c,
    0x1eac, 0x1eb2, 0x1ed0, 0x1ed3, 0x1ef2, 0x1eff, 0x1f1c, 0x1f2a,
    0x1f30, 0x1f35, 0x1f6d, 0x1f85, 0x1faa, 0x1fde, 0x1fe6, 0x2015,
    0x203b, 0x2054, 0x2055, 0x2059, 0x205a, 0x206b, 0x2076, 0x2079,
    0x207c, 0x207d, 0x207e, 0x2088, 0x2096, 0x2097, 0x209b, 0x20aa,
    0x20bd, 0x20c8, 0x20de, 0x20ee, 0x20f7, 0x210b, 0x2117, 0x2118,
    0x211b, 0x2128, 0x212e, 0x2135, 0x2136, 0x213a, 0x2147, 0x2149,
    0x214c, 0x2158, 0x215b, 0x215e, 0x2183, 0x21ac, 0x21b0, 0x21b1,
    0x21bb, 0x21da, 0x21e6, 0x21ea, 0x21ee, 0x21f5, 0x2227, 0x2228,
    0x224c, 0x2252, 0x2254, 0x2259, 0x225b, 0x2263, 0x2265, 0x2268,
    0x2269, 0x2282, 0x22ab, 0x22b0, 0x22c4, 0x22cc, 0x22d3, 0x22dc,
    0x22de, 0x22e7, 0x22e8, 0x22f4, 0x22f5, 0x2300, 0x2301, 0x2304,
    0x2308, 0x2309, 0x2315, 0x2319, 0x231d, 0x231e, 0x2322, 0x235b,
    0x2379, 0x2384, 0x238d, 0x238e, 0x239d, 0x23c3, 0x23d2, 0x23f2,
    0x2457, 0x2460, 0x249a, 0x24c7, 0x25ec, 0x25ef, 0x25f1, 0x2601,
    0x2604, 0x260e, 0x2623, 0x2630, 0x2639, 0x2641, 0x265b, 0x269c,
    0x270b, 0x2742, 0x2745, 0x277a, 0x27a8, 0x27db, 0x27fc, 0x2801,
    0x2803, 0x281a, 0x2820, 0x2826, 0x2827, 0x282b, 0x282d, 0x2838,
    0x283a, 0x283b, 0x283c, 0x2842, 0x2858, 0x2862, 0x2884, 0x288e,
    0x28ca, 0x28cc, 0x28da, 0x28dc, 0x2929, 0x296b, 0x29dd, 0x2a1a,
    0x2a61, 0x2a68, 0x2a69, 0x2a74, 0x2a77, 0x2a7c, 0x2a96, 0x2a98,
    0x2a99, 0x2a9a, 0x2a9d, 0x2aaa, 0x2aab, 0x2ab0, 0x2ab3, 0x2ab5,
    0x2ac4, 0x2ac7, 0x2ad0, 0x2ad5, 0x2ad7, 0x2add, 0x2ae3, 0x2aee,
    0x2b0b, 0x2b0f, 0x2b15, 0x2b1f, 0x2b20, 0x2b22, 0x2b42, 0x2b51,
    0x2b5b, 0x2b5c, 0x2b76, 0x2b82, 0x2c07, 0x2cee, 0x2cef, 0x2cf6,
    0x2cf7, 0x2cff, 0x2d13, 0x2d14, 0x2d3e, 0x2d40, 0x2d41, 0x2d44,
    0x2d49, 0x2d56, 0x2d84, 0x2d85, 0x2d89, 0x2d94, 0x2da8, 0x2dad,
    0x2db7, 0x2db8, 0x2dbc, 0x2e0b, 0x2e20, 0x2e26, 0x2e30, 0x2e42,
    0x2e48, 0x2e64, 0x2e73, 0x2e82, 0x2e8a, 0x2e8d, 0x2e91, 0x2e96,
    0x2e9c, 0x2e9d, 0x2ea3, 0x2ea4, 0x2ea8, 0x2eb2, 0x2eba, 0x2ed4,
    0x2ed6, 0x2ee9, 0x2eea, 0x2f06, 0x2f23, 0x2f2e, 0x2f36, 0x2f38,
    0x2f80, 0x2fbb, 0x2fc3, 0x2fd6, 0x3020, 0x302c, 0x3030, 0x305c,
    0x3074, 0x3109, 0x3121, 0x3137, 0x314c, 0x3150, 0x3151, 0x315c,
    0x315e, 0x3164, 0x3166, 0x3191, 0x31a6, 0x31cd, 0x31d6, 0x31ec,
    0x31f2, 0x31fe, 0x3212, 0x3218, 0x322a, 0x3266, 0x3279, 0x3299,
    0x32ac, 0x32b2, 0x32b3, 0x32b6, 0x32e0, 0x32e1, 0x32ec, 0x330b,
    0x334b, 0x3440, 0x344a, 0x3450, 0x3456, 0x3468, 0x346a, 0x3481,
    0x3498, 0x34aa, 0x34be, 0x34c1, 0x34ca, 0x34ce, 0x34d6, 0x34e0,
    0x34f6, 0x34fa, 0x3518, 0x351f, 0x3524, 0x3525, 0x3530, 0x3531,
    0x3536, 0x3539, 0x354d, 0x3553, 0x357a, 0x357f, 0x3580, 0x3585,
    0x3598, 0x35a2, 0x35a7, 0x35a8, 0x35d8, 0x35ed, 0x3603, 0x3605,
    0x3609, 0x3610, 0x3611, 0x3619, 0x361a, 0x361e, 0x362e, 0x3630,
    0x3639, 0x363b, 0x363c, 0x363d, 0x363e, 0x364b, 0x3661, 0x3662,
    0x3670, 0x3672, 0x3676, 0x3680, 0x3682, 0x36a8, 0x36ad, 0x3702,
    0x370c, 0x3710, 0x3732, 0x373b, 0x374a, 0x374d, 0x3754, 0x3759,
    0x37c1, 0x37ff, 0x382d, 0x387e, 0x388e, 0x38dc, 0x38e9, 0x3932,
    0x393b, 0x395c, 0x3970, 0x3a32, 0x3a43, 0x3a5d, 0x3a73, 0x3a74,
    0x3a7a, 0x3a80, 0x3a84, 0x3a8c, 0x3a9c, 0x3ac6, 0x3ade, 0x3adf,
    0x3ae5, 0x3aec, 0x3b20, 0x3b22, 0x3b28, 0x3b45, 0x3b48, 0x3b53,
    0x3b6b, 0x3b71, 0x3b8b, 0x3b99, 0x3bca, 0x3bcc, 0x3bd2, 0x3bdb,
    0x3be6, 0x3bf3, 0x3bf4, 0x3bf9, 0x3c04, 0x3c1c, 0x3c28, 0x3c4c,
    0x3c4f, 0x3c52, 0x3c56, 0x3c85, 0x3c88, 0x3c99, 0x3ccd, 0x3d02,
    0x3d08, 0x3d18, 0x3d19, 0x3d1a, 0x3d2c, 0x3d32, 0x3d3a, 0x3d40,
    0x3d67, 0x3da7, 0x3e33, 0x3ed4, 0x3f7c, 0x3f8e, 0x3fca, 0x4032,
    0x4047, 0x406a, 0x40c2, 0x4147, 0x4158, 0x416c, 0x417a, 0x418a,
    0x41bd, 0x41c0, 0x41c7, 0x41fd, 0x41fe, 0x423c, 0x4250, 0x430f,
    0x4314, 0x4317, 0x4429, 0x4430, 0x4434, 0x4439, 0x4441, 0x4442,
    0x4444, 0x4448, 0x444b, 0x444c, 0x445d, 0x446a, 0x447b, 0x4481,
    0x44c3, 0x44d6, 0x44ec, 0x458b, 0x458e, 0x458f, 0x4595, 0x4597,
    0x45d0, 0x45e8, 0x45ff, 0x4605, 0x4609, 0x4630, 0x4631, 0x4651,
    0x46f6, 0x46fe, 0x4704, 0x4713, 0x4725, 0x4745, 0x47cb, 0x484b,
    0x484d, 0x484f, 0x4867, 0x486e, 0x486f, 0x487e, 0x4892, 0x48d1,
    0x48d2, 0x48dc, 0x48e2, 0x48e9, 0x490c, 0x491c, 0x493f, 0x495e,
    0x4987, 0x498b, 0x49a4, 0x49dc, 0x4a22, 0x4a37, 0x4a3d, 0x4a57,
    0x4a5a, 0x4a65, 0x4a67, 0x4aa8, 0x4ab2, 0x4ad1, 0x4b32, 0x4b84,
    0x4be7, 0x4c11, 0x4c15, 0x4c2a, 0x4c41, 0x4c4a, 0x4c53, 0x4c55,
    0x4c5d, 0x4c61, 0x4c72, 0x4c77, 0x4c86, 0x4cab, 0x4ce2, 0x4ce3,
    0x4ceb, 0x4cf1, 0x4cfa, 0x4d05, 0x4d4f, 0x4d65, 0x4d81, 0x4e7f,
    0x4e9f, 0x4ee3, 0x4f14, 0x4f16, 0x4f44, 0x4f6f, 0x4f88, 0x4f9a,
    0x4fba, 0x4fc3, 0x4fdd, 0x5009, 0x500e, 0x5042, 0x5066, 0x5081,
    0x50ae, 0x50fb, 0x513b, 0x513d, 0x514a, 0x5180, 0x5183, 0x51c2,
    0x51f6, 0x51f7, 0x5202, 0x5247, 0x5288, 0x52e4, 0x52ed, 0x534e,
    0x535a, 0x5446, 0x5495, 0x54bd, 0x575d, 0x5764, 0x5779, 0x57e0,
    0x57ed, 0x580e, 0x5818, 0x5890, 0x5892, 0x589c, 0x58a0, 0x58ab,
    0x58bb, 0x58e3, 0x58f4, 0x58f7, 0x5911, 0x5919, 0x591f, 0x5929,
    0x593b, 0x593e, 0x5944, 0x5966, 0x5977, 0x5982, 0x5984, 0x599d,
    0x599e, 0x59a6, 0x59a9, 0x59af, 0x59bd, 0x59be, 0x59c1, 0x59c3,
    0x59d0, 0x59d8, 0x5a09, 0x5a2e, 0x5a81, 0x5b72, 0x5bb1, 0x5bb2,
    0x5bb8, 0x5bba, 0x5bbd, 0x5bc8, 0x5bc9, 0x5bcc, 0x5bd0, 0x5bd4,
    0x5bd8, 0x5bfb, 0x5c75, 0x5c81, 0x5c88, 0x5c9b, 0x5cb4, 0x5cc4,
    0x5d00, 0x5dbc, 0x5ddb, 0x5df3, 0x5e0e, 0x5e1a, 0x5e3b, 0x5e49,
    0x5eac, 0x5eaf, 0x5ec3, 0x5ecb, 0x5ecd, 0x5ee2, 0x5ee5, 0x5efc,
    0x5f0e, 0x5f11, 0x5f12, 0x5f14, 0x5f2b, 0x5f30, 0x5f31, 0x5f34,
    0x5f3f, 0x5f42, 0x5f43, 0x5f56, 0x5f5b, 0x5f5c, 0x5f5f, 0x5f64,
    0x5f65, 0x5f66, 0x5f71, 0x5f89, 0x5fbb, 0x5ff9, 0x6006, 0x600e,
    0x605e, 0x6063, 0x6065, 0x6089, 0x60de, 0x60df, 0x60e0, 0x60e2,
    0x6155, 0x616c, 0x6191, 0x6243, 0x6488, 0x649a, 0x649c, 0x64a4,
    0x64b3, 0x655e, 0x6561, 0x6573, 0x6575, 0x658e, 0x659f, 0x65ac,
    0x65ad, 0x65b4, 0x65d7, 0x65e2, 0x65f3, 0x65f4, 0x65f9, 0x65fb,
    0x6603, 0x660c, 0x6618, 0x6663, 0x666a, 0x666f, 0x6673, 0x667a,
    0x6685, 0x6704, 0x6710, 0x6714, 0x673e, 0x674d, 0x675d, 0x6765,
    0x6769, 0x676f, 0x67b9, 0x67ec, 0x67f0, 0x6800, 0x6803, 0x6839,
    0x68a7, 0x68d5, 0x68d6, 0x6923, 0x6924, 0x69e9, 0x69fb, 0x6a6b,
    0x6bf6, 0x6da8, 0x6dd5, 0x6de3, 0x6e4c, 0xce22, 0xce23
};

/*Collect the unicode lists and glyph_id offsets*/
static const lv_font_fmt_txt_cmap_t cmaps[] =
{
    {
        .range_start = 32, .range_length = 95, .glyph_id_start = 1,
        .unicode_list = NULL, .glyph_id_ofs_list = NULL, .list_length = 0, .type = LV_FONT_FMT_TXT_CMAP_FORMAT0_TINY
    },
    {
        .range_start = 12289, .range_length = 72, .glyph_id_start = 96,
        .unicode_list = unicode_list_1, .glyph_id_ofs_list = NULL, .list_length = 12, .type = LV_FONT_FMT_TXT_CMAP_SPARSE_TINY
    },
    {
        .range_start = 12362, .range_length = 24, .glyph_id_start = 108,
        .unicode_list = NULL, .glyph_id_ofs_list = NULL, .list_length = 0, .type = LV_FONT_FMT_TXT_CMAP_FORMAT0_TINY
    },
    {
        .range_start = 12387, .range_length = 43, .glyph_id_start = 132,
        .unicode_list = NULL, .glyph_id_ofs_list = NULL, .list_length = 0, .type = LV_FONT_FMT_TXT_CMAP_FORMAT0_TINY
    },
    {
        .range_start = 12431, .range_length = 95, .glyph_id_start = 175,
        .unicode_list = NULL, .glyph_id_ofs_list = glyph_id_ofs_list_4, .list_length = 95, .type = LV_FONT_FMT_TXT_CMAP_FORMAT0_FULL
    },
    {
        .range_start = 12527, .range_length = 52772, .glyph_id_start = 247,
        .unicode_list = unicode_list_5, .glyph_id_ofs_list = NULL, .list_length = 799, .type = LV_FONT_FMT_TXT_CMAP_SPARSE_TINY
    }
};



/*--------------------
 *  ALL CUSTOM DATA
 *--------------------*/

#if LVGL_VERSION_MAJOR == 8
/*Store all the custom data of the font*/
static  lv_font_fmt_txt_glyph_cache_t cache;
#endif

#if LVGL_VERSION_MAJOR >= 8
static const lv_font_fmt_txt_dsc_t font_dsc = {
#else
static lv_font_fmt_txt_dsc_t font_dsc = {
#endif
    .glyph_bitmap = glyph_bitmap,
    .glyph_dsc = glyph_dsc,
    .cmaps = cmaps,
    .kern_dsc = NULL,
    .kern_scale = 0,
    .cmap_num = 6,
    .bpp = 1,
    .kern_classes = 0,
    .bitmap_format = 0,
#if LVGL_VERSION_MAJOR == 8
    .cache = &cache
#endif
};



/*-----------------
 *  PUBLIC FONT
 *----------------*/

/*Initialize a public general font descriptor*/
#if LVGL_VERSION_MAJOR >= 8
const lv_font_t ui_font_NotoSerifJPEB32 = {
#else
lv_font_t ui_font_NotoSerifJPEB32 = {
#endif
    .get_glyph_dsc = lv_font_get_glyph_dsc_fmt_txt,    /*Function pointer to get glyph's data*/
    .get_glyph_bitmap = lv_font_get_bitmap_fmt_txt,    /*Function pointer to get glyph's bitmap*/
    .line_height = 37,          /*The maximum line height required by the font*/
    .base_line = 9,             /*Baseline measured from the bottom of the line*/
#if !(LVGL_VERSION_MAJOR == 6 && LVGL_VERSION_MINOR == 0)
    .subpx = LV_FONT_SUBPX_NONE,
#endif
#if LV_VERSION_CHECK(7, 4, 0) || LVGL_VERSION_MAJOR >= 8
    .underline_position = -2,
    .underline_thickness = 2,
#endif
    .dsc = &font_dsc,          /*The custom font data. Will be accessed by `get_glyph_bitmap/dsc` */
#if LV_VERSION_CHECK(8, 2, 0) || LVGL_VERSION_MAJOR >= 9
    .fallback = NULL,
#endif
    .user_data = NULL,
};



#endif /*#if UI_FONT_NOTOSERIFJPEB32*/

